image_path,variant,hardware_source,A_union,RRA_K,RRA_clean,RRA_clean_cutoff_tie,RRA_clean_tie_min,RRA_clean_tie_max,RRA_clean_tie_width,RRA_adv,RRA_adv_cutoff_tie,RRA_adv_tie_min,RRA_adv_tie_max,RRA_adv_tie_width
train/attack/digital_1/huawei/arabic-024_03.jpg,digital_1,huawei,0.1126489817078248,712942,0.7622513472344173,False,0.7622513472344173,0.7622513472344173,0.0,0.0,True,0.0,0.0,0.0
train/attack/digital_1/iphone15pro/arabic-024_03.jpg,digital_1,iphone15pro,0.106607520497036,516003,0.7472340277091413,False,0.7472340277091413,0.7472340277091413,0.0,0.00013372015278980936,True,0.00013372015278980936,0.00013372015278980936,0.0
train/attack/digital_1/scan/arabic-024_03.jpg,digital_1,scan,0.1150910290512783,286776,0.30976441543225375,False,0.30976441543225375,0.30976441543225375,0.0,0.0,True,0.0,0.0,0.0
train/attack/digital_2/huawei/arabic-024_03.jpg,digital_2,huawei,0.0681998918924214,431629,0.43088624721693863,True,0.43088624721693863,0.43088624721693863,0.0,0.0,True,0.0,0.0,0.0
train/attack/digital_2/iphone15pro/arabic-024_03.jpg,digital_2,iphone15pro,0.0680354496869145,329306,0.41411635378644784,False,0.41411635378644784,0.41411635378644784,0.0,0.0,True,0.0,0.0,0.0
train/attack/digital_2/scan/arabic-024_03.jpg,digital_2,scan,0.066430097618845,165526,0.11622343317666106,False,0.11622343317666106,0.11622343317666106,0.0,0.0,False,0.0,0.0,0.0
train/attack/digital_1/huawei/arabic-120_03.jpg,digital_1,huawei,0.140649739959318,878707,0.8263289128230457,False,0.8263289128230457,0.8263289128230457,0.0,0.0,True,0.0,0.0,0.0
train/attack/digital_1/iphone15pro/arabic-120_03.jpg,digital_1,iphone15pro,0.1316499362730906,632975,0.8221367352581066,False,0.8221367352581066,0.8221367352581066,0.0,0.0,True,0.0,0.0,0.0
train/attack/digital_1/scan/arabic-120_03.jpg,digital_1,scan,0.1560983726740428,388374,0.1676734281903526,False,0.1676734281903526,0.1676734281903526,0.0,0.0,False,0.0,0.0,0.0
train/attack/digital_2/huawei/arabic-120_03.jpg,digital_2,huawei,0.0833346672036294,520632,0.6587666528373208,False,0.6587666528373208,0.6587666528373208,0.0,0.0,False,0.0,0.0,0.0
train/attack/digital_2/iphone15pro/arabic-120_03.jpg,digital_2,iphone15pro,0.0811207783002386,390030,0.6900264082250084,False,0.6900264082250084,0.6900264082250084,0.0,0.0,True,0.0,0.0,0.0
train/attack/digital_2/scan/arabic-120_03.jpg,digital_2,scan,0.086442246166411,215069,0.12026372931477805,False,0.12026372931477805,0.12026372931477805,0.0,0.027135477451422568,False,0.027135477451422568,0.027135477451422568,0.0
train/attack/digital_1/huawei/arabic-NF-1048.jpg,digital_1,huawei,0.1906034895221423,1097513,0.7053574764034686,False,0.7053574764034686,0.7053574764034686,0.0,0.0,True,0.0,0.0,0.0
train/attack/digital_1/iphone15pro/arabic-NF-1048.jpg,digital_1,iphone15pro,0.2035797698567025,859014,0.6760518454879665,True,0.6760518454879665,0.6760518454879665,0.0,1.9790131476320525e-05,False,1.9790131476320525e-05,1.9790131476320525e-05,0.0
train/attack/digital_1/scan/arabic-NF-1048.jpg,digital_1,scan,0.2026376366775369,507048,0.21633257600858302,False,0.21633257600858302,0.21633257600858302,0.0,5.916599611871066e-06,False,5.916599611871066e-06,5.916599611871066e-06,0.0
train/attack/digital_2/huawei/arabic-NF-1048.jpg,digital_2,huawei,0.1083646587977447,623974,0.634111357203986,False,0.634111357203986,0.634111357203986,0.0,0.0,True,0.0,0.0,0.0
train/attack/digital_2/iphone15pro/arabic-NF-1048.jpg,digital_2,iphone15pro,0.1065844777102744,449738,0.7304119287229454,False,0.7304119287229454,0.7304119287229454,0.0,0.0,True,0.0,0.0,0.0
train/attack/digital_2/scan/arabic-NF-1048.jpg,digital_2,scan,0.1035064582134407,258998,0.11702406968393578,False,0.11702406968393578,0.11702406968393578,0.0,0.033621881250048266,False,0.033621881250048266,0.033621881250048266,0.0
train/attack/digital_1/huawei/arabic-NF-1098.jpg,digital_1,huawei,0.2023320963310998,1163830,0.8115721368241066,False,0.8115721368241066,0.8115721368241066,0.0,0.0,False,0.0,0.0,0.0
train/attack/digital_1/iphone15pro/arabic-NF-1098.jpg,digital_1,iphone15pro,0.2156452872830967,909892,0.7996575417741886,False,0.7996575417741886,0.7996575417741886,0.0,0.0,True,0.0,0.0,0.0
train/attack/digital_1/scan/arabic-NF-1098.jpg,digital_1,scan,0.2027920673076923,506169,0.40633661879727917,False,0.40633661879727917,0.40633661879727917,0.0,0.0007783961483220031,False,0.0007783961483220031,0.0007783961483220031,0.0
train/attack/digital_2/huawei/arabic-NF-1098.jpg,digital_2,huawei,0.1150655467467583,661866,0.7313942701392729,False,0.7313942701392729,0.7313942701392729,0.0,0.0,True,0.0,0.0,0.0
train/attack/digital_2/iphone15pro/arabic-NF-1098.jpg,digital_2,iphone15pro,0.1208403959622618,509873,0.7459386945376594,False,0.7459386945376594,0.7459386945376594,0.0,0.0,False,0.0,0.0,0.0
train/attack/digital_2/scan/arabic-NF-1098.jpg,digital_2,scan,0.118676282051282,296216,0.4327011370081292,False,0.4327011370081292,0.4327011370081292,0.0,0.0005941610176357793,False,0.0005941610176357793,0.0005941610176357793,0.0
train/attack/digital_1/huawei/arabic-NM-1090.jpg,digital_1,huawei,0.2210172862016018,1390618,0.7553469033192437,False,0.7553469033192437,0.7553469033192437,0.0,0.0001236860158576978,True,0.0001236860158576978,0.0001236860158576978,0.0
train/attack/digital_1/iphone15pro/arabic-NM-1090.jpg,digital_1,iphone15pro,0.188700122475152,922276,0.8089281299741076,False,0.8089281299741076,0.8089281299741076,0.0,4.6623787239394716e-05,True,4.6623787239394716e-05,4.6623787239394716e-05,0.0
train/attack/digital_1/scan/arabic-NM-1090.jpg,digital_1,scan,0.2229966612527352,555096,0.247654459769121,True,0.247654459769121,0.2476562612593137,1.8014901926877158e-06,0.008477812846786862,False,0.008477812846786862,0.008477812846786862,0.0
train/attack/digital_2/huawei/arabic-NM-1090.jpg,digital_2,huawei,0.1418178015310803,892303,0.6909861336339785,False,0.6909861336339785,0.6909861336339785,0.0,0.0,True,0.0,0.0,0.0
train/attack/digital_2/iphone15pro/arabic-NM-1090.jpg,digital_2,iphone15pro,0.1144369273427311,559313,0.767019540042874,False,0.767019540042874,0.767019540042874,0.0,0.0,False,0.0,0.0,0.0
train/attack/digital_2/scan/arabic-NM-1090.jpg,digital_2,scan,0.1295346362388455,322445,0.33067344818496175,False,0.33067344818496175,0.33067344818496175,0.0,0.0,False,0.0,0.0,0.0
train/attack/digital_1/huawei/chinese-001_03.jpg,digital_1,huawei,0.1371429857553459,859155,0.8245357356937921,False,0.8245357356937921,0.8245357356937921,0.0,1.9786883624025932e-05,True,1.9786883624025932e-05,1.9786883624025932e-05,0.0
train/attack/digital_1/iphone15pro/chinese-001_03.jpg,digital_1,iphone15pro,0.1391454915901345,682254,0.8908280493775046,False,0.8908280493775046,0.8908280493775046,0.0,7.182075883761766e-05,True,7.182075883761766e-05,7.182075883761766e-05,0.0
train/attack/digital_1/scan/chinese-001_03.jpg,digital_1,scan,0.1386161605429561,344429,0.31337082533700705,False,0.31337082533700705,0.31337082533700705,0.0,0.0,False,0.0,0.0,0.0
train/attack/digital_2/iphone15pro/chinese-001_03.jpg,digital_2,iphone15pro,0.0891793689275772,436632,0.6174787922094579,False,0.6174787922094579,0.6174787922094579,0.0,0.0,False,0.0,0.0,0.0
train/attack/digital_1/huawei/chinese-113_03.jpg,digital_1,huawei,0.1310651632150456,821804,0.8051822575699316,False,0.8051822575699316,0.8051822575699316,0.0,0.0,True,0.0,0.0,0.0
train/attack/digital_1/iphone15pro/chinese-113_03.jpg,digital_1,iphone15pro,0.1273081150671954,628911,0.8097489151883176,False,0.8097489151883176,0.8097489151883176,0.0,0.0,True,0.0,0.0,0.0
train/attack/digital_1/scan/chinese-113_03.jpg,digital_1,scan,0.1327722613065326,330271,0.15399777758265182,False,0.15399777758265182,0.15399777758265182,0.0,0.0,False,0.0,0.0,0.0
train/attack/digital_2/huawei/chinese-113_03.jpg,digital_2,huawei,0.0765421293184867,479934,0.6473181729154426,False,0.6473181729154426,0.6473181729154426,0.0,0.0,True,0.0,0.0,0.0
train/attack/digital_2/iphone15pro/chinese-113_03.jpg,digital_2,iphone15pro,0.0759124870700212,375013,0.5800252257921725,False,0.5800252257921725,0.5800252257921725,0.0,0.0,True,0.0,0.0,0.0
train/attack/digital_2/scan/chinese-113_03.jpg,digital_2,scan,0.0749419095477386,186418,0.004264609640699932,False,0.004264609640699932,0.004264609640699932,0.0,0.0,False,0.0,0.0,0.0
train/attack/digital_1/huawei/chinese-142_03.jpg,digital_1,huawei,0.1390081891109408,873606,0.8053962541466061,False,0.8053962541466061,0.8053962541466061,0.0,0.0,True,0.0,0.0,0.0
train/attack/digital_1/iphone15pro/chinese-142_03.jpg,digital_1,iphone15pro,0.1371790073323157,672919,0.6927223038731259,False,0.6927223038731259,0.6927223038731259,0.0,0.0,False,0.0,0.0,0.0
train/attack/digital_1/scan/chinese-142_03.jpg,digital_1,scan,0.1385302605210421,345633,0.2053362960134015,False,0.2053362960134015,0.2053362960134015,0.0,0.0,True,0.0,0.0,0.0
train/attack/digital_2/huawei/chinese-142_03.jpg,digital_2,huawei,0.0856289973928187,538141,0.657390906844117,False,0.657390906844117,0.657390906844117,0.0,0.0,True,0.0,0.0,0.0
train/attack/digital_2/iphone15pro/chinese-142_03.jpg,digital_2,iphone15pro,0.0852143185643273,418011,0.6169191719835124,False,0.6169191719835124,0.6169191719835124,0.0,0.0,True,0.0,0.0,0.0
train/attack/digital_2/scan/chinese-142_03.jpg,digital_2,scan,0.08257875751503,206034,0.36062979896521935,True,0.3606249453973616,0.36062979896521935,4.853567857732166e-06,0.0,True,0.0,0.0,0.0
train/attack/digital_1/huawei/chinese-NF-1050.jpg,digital_1,huawei,0.3060802101923458,1926366,0.8454603123186352,False,0.8454603123186352,0.8454603123186352,0.0,0.0,False,0.0,0.0,0.0
train/attack/digital_1/iphone15pro/chinese-NF-1050.jpg,digital_1,iphone15pro,0.2933641570372962,1448942,0.8835150061217081,False,0.8835150061217081,0.8835150061217081,0.0,0.0,False,0.0,0.0,0.0
train/attack/digital_1/scan/chinese-NF-1050.jpg,digital_1,scan,0.3081663931217159,765877,0.43532838823988707,False,0.43532838823988707,0.43532838823988707,0.0,0.0022444857333488275,False,0.0022444857333488275,0.0022444857333488275,0.0
train/attack/digital_2/huawei/chinese-NF-1050.jpg,digital_2,huawei,0.1823724622096127,1147791,0.7938405162612358,False,0.7938405162612358,0.7938405162612358,0.0,0.0,True,0.0,0.0,0.0
train/attack/digital_2/iphone15pro/chinese-NF-1050.jpg,digital_2,iphone15pro,0.1979843921591494,977856,0.822547491655213,False,0.822547491655213,0.822547491655213,0.0,0.0,False,0.0,0.0,0.0
train/attack/digital_2/scan/chinese-NF-1050.jpg,digital_2,scan,0.1828009903145371,454310,0.11448570359446193,False,0.11448570359446193,0.11448570359446193,0.0,7.263762629041844e-05,False,7.263762629041844e-05,7.263762629041844e-05,0.0
train/attack/digital_1/huawei/chinese-NF-1085.jpg,digital_1,huawei,0.219599510293683,1404486,0.7908266796536242,False,0.7908266796536242,0.7908266796536242,0.0,0.0,True,0.0,0.0,0.0
train/attack/digital_1/iphone15pro/chinese-NF-1085.jpg,digital_1,iphone15pro,0.2154191702379636,1058458,0.7469668139878956,False,0.7469668139878956,0.7469668139878956,0.0,0.0,False,0.0,0.0,0.0
train/attack/digital_1/scan/chinese-NF-1085.jpg,digital_1,scan,0.2231458564342107,556636,0.17345266924884484,False,0.17345266924884484,0.17345266924884484,0.0,0.0,False,0.0,0.0,0.0
train/attack/digital_2/huawei/chinese-NF-1085.jpg,digital_2,huawei,0.1133282361347599,724810,0.7271105531104703,False,0.7271105531104703,0.7271105531104703,0.0,0.0,True,0.0,0.0,0.0
train/attack/digital_2/iphone15pro/chinese-NF-1085.jpg,digital_2,iphone15pro,0.1237888169304002,608234,0.650905736936771,False,0.650905736936771,0.650905736936771,0.0,0.0,True,0.0,0.0,0.0
train/attack/digital_2/scan/chinese-NF-1085.jpg,digital_2,scan,0.1171235529129354,292164,0.15621363343875358,False,0.15621363343875358,0.15621363343875358,0.0,0.0,True,0.0,0.0,0.0
train/attack/digital_1/huawei/chinese-NM-1092.jpg,digital_1,huawei,0.2203435078324944,1417992,0.6735947734542931,False,0.6735947734542931,0.6735947734542931,0.0,0.0,True,0.0,0.0,0.0
train/attack/digital_1/iphone15pro/chinese-NM-1092.jpg,digital_1,iphone15pro,0.2190223063666594,1082820,0.7463105594651004,False,0.7463105594651004,0.7463105594651004,0.0,0.0,True,0.0,0.0,0.0
train/attack/digital_1/scan/chinese-NM-1092.jpg,digital_1,scan,0.2213790943650202,549965,0.5218041148073059,False,0.5218041148073059,0.5218041148073059,0.0,0.0,False,0.0,0.0,0.0
train/attack/digital_2/huawei/chinese-NM-1092.jpg,digital_2,huawei,0.1218431885035359,784106,0.6915289514427896,False,0.6915289514427896,0.6915289514427896,0.0,0.0,True,0.0,0.0,0.0
train/attack/digital_2/iphone15pro/chinese-NM-1092.jpg,digital_2,iphone15pro,0.1243715462349409,614878,0.6592885092652526,False,0.6592885092652526,0.6592885092652526,0.0,0.0,False,0.0,0.0,0.0
train/attack/digital_2/scan/chinese-NM-1092.jpg,digital_2,scan,0.125120156118422,310832,0.5495540999639676,False,0.5495540999639676,0.5495540999639676,0.0,0.0,True,0.0,0.0,0.0
train/attack/digital_1/huawei/french-019_03.jpg,digital_1,huawei,0.1153187386836598,735624,0.6185075527715246,False,0.6185075527715246,0.6185075527715246,0.0,0.0,True,0.0,0.0,0.0
train/attack/digital_1/iphone15pro/french-019_03.jpg,digital_1,iphone15pro,0.1106564644304401,543544,0.861985414244293,False,0.861985414244293,0.861985414244293,0.0,0.0,True,0.0,0.0,0.0
train/attack/digital_1/scan/french-019_03.jpg,digital_1,scan,0.1155538569099614,286923,0.1795499140884488,False,0.1795499140884488,0.1795499140884488,0.0,0.0,True,0.0,0.0,0.0
train/attack/digital_2/huawei/french-019_03.jpg,digital_2,huawei,0.0725056238781636,462517,0.3475093888440857,True,0.3475072267613947,0.3475093888440857,2.162082690992939e-06,0.0,True,0.0,0.0,0.0
train/attack/digital_2/iphone15pro/french-019_03.jpg,digital_2,iphone15pro,0.0674835784645546,331479,0.7219582537656986,False,0.7219582537656986,0.7219582537656986,0.0,0.0,True,0.0,0.0,0.0
train/attack/digital_1/huawei/french-114_03.jpg,digital_1,huawei,0.1352058042488619,855366,0.7669804504738322,False,0.7669804504738322,0.7669804504738322,0.0,0.0,True,0.0,0.0,0.0
train/attack/digital_1/iphone15pro/french-114_03.jpg,digital_1,iphone15pro,0.134435451869067,671121,0.8505396195320963,False,0.8505396195320963,0.8505396195320963,0.0,0.0,True,0.0,0.0,0.0
train/attack/digital_1/scan/french-114_03.jpg,digital_1,scan,0.1367510776942355,341023,0.2316588617190043,False,0.2316588617190043,0.2316588617190043,0.0,0.0,False,0.0,0.0,0.0
train/attack/digital_2/huawei/french-114_03.jpg,digital_2,huawei,0.0815402124430956,515856,0.6388255637232095,False,0.6388255637232095,0.6388255637232095,0.0,0.0,True,0.0,0.0,0.0
train/attack/digital_2/iphone15pro/french-114_03.jpg,digital_2,iphone15pro,0.0807328636218954,403030,0.6970597722253926,False,0.6970597722253926,0.6970597722253926,0.0,0.0,True,0.0,0.0,0.0
train/attack/digital_2/scan/french-114_03.jpg,digital_2,scan,0.0769756390977443,191958,0.3110263703518478,False,0.3110263703518478,0.3110263703518478,0.0,0.0,True,0.0,0.0,0.0
train/attack/digital_1/huawei/french-124_03.jpg,digital_1,huawei,0.1245351150320013,783292,0.8271551349943571,False,0.8271551349943571,0.8271551349943571,0.0,0.0,True,0.0,0.0,0.0
train/attack/digital_1/iphone15pro/french-124_03.jpg,digital_1,iphone15pro,0.1163375753809812,573655,0.863916465471407,False,0.863916465471407,0.863916465471407,0.0,0.0,True,0.0,0.0,0.0
train/attack/digital_1/scan/french-124_03.jpg,digital_1,scan,0.1247932213506275,311110,0.17148596959274853,False,0.17148596959274853,0.17148596959274853,0.0,0.0,True,0.0,0.0,0.0
train/attack/digital_2/huawei/french-124_03.jpg,digital_2,huawei,0.074632321143299,469417,0.6697541844458126,False,0.6697541844458126,0.6697541844458126,0.0,0.0,True,0.0,0.0,0.0
train/attack/digital_2/iphone15pro/french-124_03.jpg,digital_2,iphone15pro,0.0732509665476362,361197,0.598784043056836,False,0.598784043056836,0.598784043056836,0.0,0.0,True,0.0,0.0,0.0
train/attack/digital_2/scan/french-124_03.jpg,digital_2,scan,0.0798245811077719,199003,0.07566217594709627,False,0.07566217594709627,0.07566217594709627,0.0,0.0,True,0.0,0.0,0.0
train/attack/digital_1/huawei/french-128_03.jpg,digital_1,huawei,0.1141760016166176,718695,0.8265230730699392,False,0.8265230730699392,0.8265230730699392,0.0,0.0,True,0.0,0.0,0.0
train/attack/digital_1/iphone15pro/french-128_03.jpg,digital_1,iphone15pro,0.1084587044518235,542851,0.893759060957795,False,0.893759060957795,0.893759060957795,0.0,0.0,True,0.0,0.0,0.0
train/attack/digital_1/scan/french-128_03.jpg,digital_1,scan,0.106532106343087,264894,0.19817360906626802,False,0.19817360906626802,0.19817360906626802,0.0,0.0,True,0.0,0.0,0.0
train/attack/digital_2/huawei/french-128_03.jpg,digital_2,huawei,0.0649684556218131,408952,0.5852936285921087,True,0.5852911833173575,0.5852936285921087,2.4452747511283235e-06,0.0,True,0.0,0.0,0.0
train/attack/digital_2/iphone15pro/french-128_03.jpg,digital_2,iphone15pro,0.0673601537619327,337147,0.8200458553687264,False,0.8200458553687264,0.8200458553687264,0.0,0.0,True,0.0,0.0,0.0
train/attack/digital_2/scan/french-128_03.jpg,digital_2,scan,0.0704720416260811,175230,0.13821263482280433,False,0.13821263482280433,0.13821263482280433,0.0,0.0,True,0.0,0.0,0.0
train/attack/digital_1/huawei/french-NF-1047.jpg,digital_1,huawei,0.1850059757620048,1166550,0.6660571771462861,False,0.6660571771462861,0.6660571771462861,0.0,0.0016793107882216794,True,0.0016793107882216794,0.0016793107882216794,0.0
train/attack/digital_1/iphone15pro/french-NF-1047.jpg,digital_1,iphone15pro,0.1806649081979426,900618,0.7573066494340552,False,0.7573066494340552,0.7573066494340552,0.0,3.331046015069652e-06,True,3.331046015069652e-06,3.331046015069652e-06,0.0
train/attack/digital_1/scan/french-NF-1047.jpg,digital_1,scan,0.1838394127888915,458037,0.37256378851490163,True,0.37256378851490163,0.37256378851490163,0.0,0.0,True,0.0,0.0,0.0
train/attack/digital_2/huawei/french-NF-1047.jpg,digital_2,huawei,0.1030749165169554,649936,0.6330007877698727,True,0.6330007877698727,0.6330023263829054,1.5386130327588177e-06,0.0,True,0.0,0.0,0.0
train/attack/digital_2/scan/french-NF-1047.jpg,digital_2,scan,0.1085985745167782,270574,0.10258931013327223,False,0.10258931013327223,0.10258931013327223,0.0,0.0,True,0.0,0.0,0.0
train/attack/digital_1/huawei/french-NF-1082.jpg,digital_1,huawei,0.1476369946070216,933213,0.6569647015204461,False,0.6569647015204461,0.6569647015204461,0.0,0.00011144293960757083,True,0.00011144293960757083,0.00011144293960757083,0.0
train/attack/digital_1/iphone15pro/french-NF-1082.jpg,digital_1,iphone15pro,0.1506948798798348,753442,0.7905518938418618,False,0.7905518938418618,0.7905518938418618,0.0,0.0,False,0.0,0.0,0.0
train/attack/digital_1/scan/french-NF-1082.jpg,digital_1,scan,0.1538136497846954,381847,0.29377473176429303,False,0.29377473176429303,0.29377473176429303,0.0,0.0004006840436090895,False,0.0004006840436090895,0.0004006840436090895,0.0
train/attack/digital_2/huawei/french-NF-1082.jpg,digital_2,huawei,0.089562453518013,566124,0.4877412015742134,True,0.48773943517674573,0.4877482671640842,8.831987338475678e-06,0.0,True,0.0,0.0,0.0
train/attack/digital_2/iphone15pro/french-NF-1082.jpg,digital_2,iphone15pro,0.0930766022938986,465363,0.7738904897896911,False,0.7738904897896911,0.7738904897896911,0.0,0.0,True,0.0,0.0,0.0
train/attack/digital_2/scan/french-NF-1082.jpg,digital_2,scan,0.0876641974115116,217629,0.18416663220434776,False,0.18416663220434776,0.18416663220434776,0.0,0.0,False,0.0,0.0,0.0
train/attack/digital_1/huawei/indian-014_03.jpg,digital_1,huawei,0.1127939590877196,728524,0.9202167670522865,False,0.9202167670522865,0.9202167670522865,0.0,0.0,True,0.0,0.0,0.0
train/attack/digital_1/iphone15pro/indian-014_03.jpg,digital_1,iphone15pro,0.0728205748763177,362271,0.8735477032387357,False,0.8735477032387357,0.8735477032387357,0.0,0.0,True,0.0,0.0,0.0
train/attack/digital_1/scan/indian-014_03.jpg,digital_1,scan,0.1113066717770811,277627,0.16777907047945625,False,0.16777907047945625,0.16777907047945625,0.0,0.0,True,0.0,0.0,0.0
train/attack/digital_2/huawei/indian-014_03.jpg,digital_2,huawei,0.0660901281520112,426869,0.7139871951348071,False,0.7139871951348071,0.7139871951348071,0.0,0.0,True,0.0,0.0,0.0
train/attack/digital_2/iphone15pro/indian-014_03.jpg,digital_2,iphone15pro,0.0621504915531019,309189,0.5582443101145255,False,0.5582443101145255,0.5582443101145255,0.0,0.0,True,0.0,0.0,0.0
train/attack/digital_2/scan/indian-014_03.jpg,digital_2,scan,0.0666440012300275,166227,0.3761302315508311,False,0.3761302315508311,0.3761302315508311,0.0,0.0,True,0.0,0.0,0.0
train/attack/digital_1/huawei/indian-021_03.jpg,digital_1,huawei,0.0780103691146939,496089,0.8427197539151241,False,0.8427197539151241,0.8427197539151241,0.0,0.0,False,0.0,0.0,0.0
train/attack/digital_1/iphone15pro/indian-021_03.jpg,digital_1,iphone15pro,0.0757909573236416,376412,0.9404296356120421,False,0.9404296356120421,0.9404296356120421,0.0,0.0,True,0.0,0.0,0.0
train/attack/digital_1/scan/indian-021_03.jpg,digital_1,scan,0.0796769946077343,198237,0.6279302047549146,False,0.6279302047549146,0.6279302047549146,0.0,0.0,True,0.0,0.0,0.0
train/attack/digital_2/huawei/indian-021_03.jpg,digital_2,huawei,0.0652741588264061,415096,0.6721095842889355,False,0.6721095842889355,0.6721095842889355,0.0,0.0,True,0.0,0.0,0.0
train/attack/digital_2/iphone15pro/indian-021_03.jpg,digital_2,iphone15pro,0.0479060495927674,237923,0.7759737394030842,False,0.7759737394030842,0.7759737394030842,0.0,0.0,True,0.0,0.0,0.0
train/attack/digital_2/scan/indian-021_03.jpg,digital_2,scan,0.0470111028581901,116964,0.5176806538764064,False,0.5176806538764064,0.5176806538764064,0.0,0.000333435929003796,False,0.000333435929003796,0.000333435929003796,0.0
train/attack/digital_1/huawei/indian-NF-1061.jpg,digital_1,huawei,0.2113882142316476,1348872,0.8410716509794851,False,0.8410716509794851,0.8410716509794851,0.0,1.4827203767295933e-06,False,1.4827203767295933e-06,1.4827203767295933e-06,0.0
train/attack/digital_1/iphone15pro/indian-NF-1061.jpg,digital_1,iphone15pro,0.1839827204129148,918232,0.7868055132036348,False,0.7868055132036348,0.7868055132036348,0.0,0.0,True,0.0,0.0,0.0
train/attack/digital_1/scan/indian-NF-1061.jpg,digital_1,scan,0.1944612735691556,483386,0.5228513030993864,False,0.5228513030993864,0.5228513030993864,0.0,0.0,False,0.0,0.0,0.0
train/attack/digital_2/huawei/indian-NF-1061.jpg,digital_2,huawei,0.1091611087760605,696559,0.7811613947992919,False,0.7811613947992919,0.7811613947992919,0.0,1.5791914252776863e-05,True,1.5791914252776863e-05,1.5791914252776863e-05,0.0
train/attack/digital_2/iphone15pro/indian-NF-1061.jpg,digital_2,iphone15pro,0.1110433873120063,554202,0.7049198667633823,False,0.7049198667633823,0.7049198667633823,0.0,0.0,False,0.0,0.0,0.0
train/attack/digital_2/scan/indian-NF-1061.jpg,digital_2,scan,0.1142306005784927,283951,0.5648404126064004,False,0.5648404126064004,0.5648404126064004,0.0,0.0,True,0.0,0.0,0.0
train/attack/digital_1/huawei/persian-144_03.jpg,digital_1,huawei,0.1037799610356372,596082,0.6672689327978365,False,0.6672689327978365,0.6672689327978365,0.0,0.0,True,0.0,0.0,0.0
train/attack/digital_1/iphone15pro/persian-144_03.jpg,digital_1,iphone15pro,0.1040187809351999,439139,0.824504314123774,False,0.824504314123774,0.824504314123774,0.0,0.0,True,0.0,0.0,0.0
train/attack/digital_1/scan/persian-144_03.jpg,digital_1,scan,0.1038296226390868,258770,0.3725084051474282,False,0.3725084051474282,0.3725084051474282,0.0,0.0,True,0.0,0.0,0.0
train/attack/digital_2/huawei/persian-144_03.jpg,digital_2,huawei,0.0631865118538366,362925,0.635544533994627,False,0.635544533994627,0.635544533994627,0.0,0.0,False,0.0,0.0,0.0
train/attack/digital_2/iphone15pro/persian-144_03.jpg,digital_2,iphone15pro,0.0635580975373117,268325,0.6148923879623591,False,0.6148923879623591,0.6148923879623591,0.0,0.0,True,0.0,0.0,0.0
train/attack/digital_2/scan/persian-144_03.jpg,digital_2,scan,0.0629646392665922,156924,0.5337424485738319,False,0.5337424485738319,0.5337424485738319,0.0,0.0,False,0.0,0.0,0.0
train/attack/digital_1/huawei/persian-NF-1018.jpg,digital_1,huawei,0.1581057708928694,993315,0.8566980263058547,False,0.8566980263058547,0.8566980263058547,0.0,0.0,False,0.0,0.0,0.0
train/attack/digital_1/iphone15pro/persian-NF-1018.jpg,digital_1,iphone15pro,0.1575068374149087,789790,0.8005482470023677,False,0.8005482470023677,0.8005482470023677,0.0,0.0,True,0.0,0.0,0.0
train/attack/digital_1/scan/persian-NF-1018.jpg,digital_1,scan,0.1657619929472375,412997,0.7474872698833164,False,0.7474872698833164,0.7474872698833164,0.0,0.0,True,0.0,0.0,0.0
train/attack/digital_2/huawei/persian-NF-1018.jpg,digital_2,huawei,0.0892637090579406,560808,0.7199736808319425,True,0.7199736808319425,0.7199754639734098,1.7831414673707968e-06,0.0,True,0.0,0.0,0.0
train/attack/digital_2/iphone15pro/persian-NF-1018.jpg,digital_2,iphone15pro,0.0906381760086408,454489,0.7083361753529789,False,0.7083361753529789,0.7083361753529789,0.0,0.0,True,0.0,0.0,0.0
train/attack/digital_2/scan/persian-NF-1018.jpg,digital_2,scan,0.0907370883313144,226072,0.6961897094730882,False,0.6961897094730882,0.6961897094730882,0.0,4.8657065005838845e-05,False,4.8657065005838845e-05,4.8657065005838845e-05,0.0
train/attack/digital_1/huawei/persian-NF-1097.jpg,digital_1,huawei,0.1585717078071751,1007577,0.8923417267365175,False,0.8923417267365175,0.8923417267365175,0.0,0.0,True,0.0,0.0,0.0
train/attack/digital_1/iphone15pro/persian-NF-1097.jpg,digital_1,iphone15pro,0.1499983885263073,744652,0.8720476141875668,False,0.8720476141875668,0.8720476141875668,0.0,0.0,True,0.0,0.0,0.0
train/attack/digital_1/scan/persian-NF-1097.jpg,digital_1,scan,0.1534711978782328,382259,0.838441998749539,False,0.838441998749539,0.838441998749539,0.0,0.0,True,0.0,0.0,0.0
train/attack/digital_2/huawei/persian-NF-1097.jpg,digital_2,huawei,0.0818405125023646,520021,0.7199574632562916,False,0.7199574632562916,0.7199574632562916,0.0,0.0,True,0.0,0.0,0.0
train/attack/digital_2/iphone15pro/persian-NF-1097.jpg,digital_2,iphone15pro,0.0883552896623962,438631,0.6307237746534102,False,0.6307237746534102,0.6307237746534102,0.0,0.0,True,0.0,0.0,0.0
train/attack/digital_2/scan/persian-NF-1097.jpg,digital_2,scan,0.0919809824655505,229102,0.6478075267784655,False,0.6478075267784655,0.6478075267784655,0.0,0.0,True,0.0,0.0,0.0
train/attack/digital_1/huawei/persian-NM-1035.jpg,digital_1,huawei,0.2224868395634115,1400471,0.8118304484705503,True,0.8118304484705503,0.8118304484705503,0.0,0.0,False,0.0,0.0,0.0
train/attack/digital_1/iphone15pro/persian-NM-1035.jpg,digital_1,iphone15pro,0.2181341008156118,1122481,0.6965890736680621,True,0.6965890736680621,0.6965890736680621,0.0,0.0,False,0.0,0.0,0.0
train/attack/digital_1/scan/persian-NM-1035.jpg,digital_1,scan,0.2207223112802722,548830,0.5531968004664468,True,0.5531968004664468,0.5531968004664468,0.0,0.0,False,0.0,0.0,0.0
train/attack/digital_2/huawei/persian-NM-1035.jpg,digital_2,huawei,0.1329424918787841,836823,0.7027328359760666,False,0.7027328359760666,0.7027328359760666,0.0,0.0,True,0.0,0.0,0.0
train/attack/digital_2/iphone15pro/persian-NM-1035.jpg,digital_2,iphone15pro,0.1125103238933272,578959,0.6798667954034742,False,0.6798667954034742,0.6798667954034742,0.0,0.0,True,0.0,0.0,0.0
train/attack/digital_2/scan/persian-NM-1035.jpg,digital_2,scan,0.1285299362401559,319592,0.5285144809632281,False,0.5285144809632281,0.5285144809632281,0.0,0.0,False,0.0,0.0,0.0
train/attack/digital_1/huawei/portugal-013_03.jpg,digital_1,huawei,0.1154264138398286,658299,0.6891063179497462,False,0.6891063179497462,0.6891063179497462,0.0,0.0,True,0.0,0.0,0.0
train/attack/digital_1/iphone15pro/portugal-013_03.jpg,digital_1,iphone15pro,0.1173070543760647,500030,0.9057696538207708,False,0.9057696538207708,0.9057696538207708,0.0,0.0,True,0.0,0.0,0.0
train/attack/digital_1/scan/portugal-013_03.jpg,digital_1,scan,0.1198284297158895,297835,0.40948176003491865,False,0.40948176003491865,0.40948176003491865,0.0,0.0,False,0.0,0.0,0.0
train/attack/digital_2/huawei/portugal-013_03.jpg,digital_2,huawei,0.0711350766377846,405697,0.20853987088886533,False,0.20853987088886533,0.20853987088886533,0.0,0.0,True,0.0,0.0,0.0
train/attack/digital_2/iphone15pro/portugal-013_03.jpg,digital_2,iphone15pro,0.0692445456665385,295160,0.710021683154899,False,0.710021683154899,0.710021683154899,0.0,0.0,True,0.0,0.0,0.0
train/attack/digital_2/scan/portugal-013_03.jpg,digital_2,scan,0.0715482363392331,177834,0.2163365835554506,False,0.2163365835554506,0.2163365835554506,0.0,0.0,False,0.0,0.0,0.0
train/attack/digital_1/huawei/portugal-017_03.jpg,digital_1,huawei,0.1141477568063923,724908,0.7073932140354362,False,0.7073932140354362,0.7073932140354362,0.0,0.0,True,0.0,0.0,0.0
train/attack/digital_1/iphone15pro/portugal-017_03.jpg,digital_1,iphone15pro,0.1078184742309491,557773,0.8797736713681014,False,0.8797736713681014,0.8797736713681014,0.0,0.0,False,0.0,0.0,0.0
train/attack/digital_1/scan/portugal-017_03.jpg,digital_1,scan,0.1080461847389558,269035,0.5534112661921311,False,0.5534112661921311,0.5534112661921311,0.0,0.0,True,0.0,0.0,0.0
train/attack/digital_2/huawei/portugal-017_03.jpg,digital_2,huawei,0.0677120673900511,430013,0.3691260496775679,False,0.3691260496775679,0.3691260496775679,0.0,0.0,True,0.0,0.0,0.0
train/attack/digital_2/iphone15pro/portugal-017_03.jpg,digital_2,iphone15pro,0.061514982815478,318233,0.5823468967706051,False,0.5823468967706051,0.5823468967706051,0.0,0.0,False,0.0,0.0,0.0
train/attack/digital_2/scan/portugal-017_03.jpg,digital_2,scan,0.0636425702811245,158470,0.41049409982962076,False,0.41049409982962076,0.41049409982962076,0.0,0.0,True,0.0,0.0,0.0
train/attack/digital_1/huawei/portugal-029_03.jpg,digital_1,huawei,0.1047810617201954,662604,0.8605803768163186,False,0.8605803768163186,0.8605803768163186,0.0,0.0,True,0.0,0.0,0.0
train/attack/digital_1/iphone15pro/portugal-029_03.jpg,digital_1,iphone15pro,0.1028646101998005,523460,0.8359817369044436,False,0.8359817369044436,0.8359817369044436,0.0,0.0,True,0.0,0.0,0.0
train/attack/digital_1/scan/portugal-029_03.jpg,digital_1,scan,0.1094160120836191,271792,0.6643793783481485,False,0.6643793783481485,0.6643793783481485,0.0,0.0,True,0.0,0.0,0.0
train/attack/digital_2/huawei/portugal-029_03.jpg,digital_2,huawei,0.0652739693533848,412773,0.4681846923127239,False,0.4681846923127239,0.4681846923127239,0.0,0.0,True,0.0,0.0,0.0
train/attack/digital_2/iphone15pro/portugal-029_03.jpg,digital_2,iphone15pro,0.0666008361458686,338920,0.4807270152248318,False,0.4807270152248318,0.4807270152248318,0.0,0.0,True,0.0,0.0,0.0
train/attack/digital_2/scan/portugal-029_03.jpg,digital_2,scan,0.0663310821473544,164768,0.4834251796465333,False,0.4834251796465333,0.4834251796465333,0.0,0.0,True,0.0,0.0,0.0
train/attack/digital_1/huawei/portugal-119_03.jpg,digital_1,huawei,0.1281994128957546,812688,0.716475449372945,False,0.716475449372945,0.716475449372945,0.0,0.0,True,0.0,0.0,0.0
train/attack/digital_1/iphone15pro/portugal-119_03.jpg,digital_1,iphone15pro,0.1267850137575674,652192,0.7831068151709926,False,0.7831068151709926,0.7831068151709926,0.0,0.0,True,0.0,0.0,0.0
train/attack/digital_1/scan/portugal-119_03.jpg,digital_1,scan,0.1348052466275358,335128,0.40196879998090285,False,0.40196879998090285,0.40196879998090285,0.0,1.1935737986679716e-05,True,1.1935737986679716e-05,1.1935737986679716e-05,0.0
train/attack/digital_2/huawei/portugal-119_03.jpg,digital_2,huawei,0.0718675035481332,455586,0.24676570395051647,False,0.24676570395051647,0.24676570395051647,0.0,0.0,True,0.0,0.0,0.0
train/attack/digital_2/iphone15pro/portugal-119_03.jpg,digital_2,iphone15pro,0.0723900376316222,372380,0.45967560019335085,True,0.45967560019335085,0.45967560019335085,0.0,0.0,True,0.0,0.0,0.0
train/attack/digital_2/scan/portugal-119_03.jpg,digital_2,scan,0.0763020028833281,189688,0.42890957783307326,False,0.42890957783307326,0.42890957783307326,0.0,0.0,True,0.0,0.0,0.0
train/attack/digital_1/huawei/portugal-NF-1060.jpg,digital_1,huawei,0.1689203519802423,1075200,0.6979175967261905,False,0.6979175967261905,0.6979175967261905,0.0,0.0,True,0.0,0.0,0.0
train/attack/digital_1/iphone15pro/portugal-NF-1060.jpg,digital_1,iphone15pro,0.1774234323339354,913068,0.8281398537677369,False,0.8281398537677369,0.8281398537677369,0.0,0.0,False,0.0,0.0,0.0
train/attack/digital_1/scan/portugal-NF-1060.jpg,digital_1,scan,0.1785425101214575,444528,0.4267582694453443,False,0.4267582694453443,0.4267582694453443,0.0,0.0,False,0.0,0.0,0.0
train/attack/digital_2/huawei/portugal-NF-1060.jpg,digital_2,huawei,0.0907428442152791,577590,0.4091310445125435,True,0.4091310445125435,0.4091327758444571,1.7313319136125216e-06,0.0,True,0.0,0.0,0.0
train/attack/digital_2/iphone15pro/portugal-NF-1060.jpg,digital_2,iphone15pro,0.0992791859727394,510917,0.5286396812006647,False,0.5286396812006647,0.5286396812006647,0.0,0.0,True,0.0,0.0,0.0
train/attack/digital_2/scan/portugal-NF-1060.jpg,digital_2,scan,0.1016367039393355,253051,0.39717685367771716,False,0.39717685367771716,0.39717685367771716,0.0,0.0,True,0.0,0.0,0.0
train/attack/digital_1/huawei/portugal-NF-1066.jpg,digital_1,huawei,0.1491678589046347,854854,0.7298813598579407,False,0.7298813598579407,0.7298813598579407,0.0,0.0,True,0.0,0.0,0.0
train/attack/digital_1/iphone15pro/portugal-NF-1066.jpg,digital_1,iphone15pro,0.1523191518702132,648378,0.8887577925222633,False,0.8887577925222633,0.8887577925222633,0.0,0.0,True,0.0,0.0,0.0
train/attack/digital_1/scan/portugal-NF-1066.jpg,digital_1,scan,0.1552118659409358,385821,0.268593466918597,False,0.268593466918597,0.268593466918597,0.0,0.0,True,0.0,0.0,0.0
train/attack/digital_2/huawei/portugal-NF-1066.jpg,digital_2,huawei,0.0900150571846711,515860,0.48883999534757494,False,0.48883999534757494,0.48883999534757494,0.0,0.0,True,0.0,0.0,0.0
train/attack/digital_2/iphone15pro/portugal-NF-1066.jpg,digital_2,iphone15pro,0.0902150418151871,384019,0.6297084258851775,False,0.6297084258851775,0.6297084258851775,0.0,0.0,True,0.0,0.0,0.0
train/attack/digital_2/scan/portugal-NF-1066.jpg,digital_2,scan,0.0923331603487048,229519,0.1888819661988768,False,0.1888819661988768,0.1888819661988768,0.0,0.0,True,0.0,0.0,0.0
train/attack/digital_1/huawei/portugal-NF-1109.jpg,digital_1,huawei,0.1918350260308754,1222161,0.843369245132188,False,0.843369245132188,0.843369245132188,0.0,0.0,True,0.0,0.0,0.0
train/attack/digital_1/iphone15pro/portugal-NF-1109.jpg,digital_1,iphone15pro,0.1839658434797489,945991,0.879311748209021,False,0.879311748209021,0.879311748209021,0.0,0.0,True,0.0,0.0,0.0
train/attack/digital_1/scan/portugal-NF-1109.jpg,digital_1,scan,0.1882718796992481,469503,0.3039320302532678,False,0.3039320302532678,0.3039320302532678,0.0,0.0,True,0.0,0.0,0.0
train/attack/digital_2/huawei/portugal-NF-1109.jpg,digital_2,huawei,0.1051387434357741,669828,0.6531422992171124,False,0.6531422992171124,0.6531422992171124,0.0,0.0,True,0.0,0.0,0.0
train/attack/digital_2/iphone15pro/portugal-NF-1109.jpg,digital_2,iphone15pro,0.0962407214018875,494890,0.6599082624421588,True,0.6599062417911051,0.6599082624421588,2.020651053702416e-06,0.0,True,0.0,0.0,0.0
train/attack/digital_2/scan/portugal-NF-1109.jpg,digital_2,scan,0.1114782957393483,277999,0.4403109363702747,False,0.4403109363702747,0.4403109363702747,0.0,0.0,True,0.0,0.0,0.0
train/attack/digital_1/huawei/russian-062_03.jpg,digital_1,huawei,0.1316142336519614,832258,0.2957604492837558,False,0.2957604492837558,0.2957604492837558,0.0,0.0,True,0.0,0.0,0.0
train/attack/digital_1/iphone15pro/russian-062_03.jpg,digital_1,iphone15pro,0.1265277634620764,644466,0.5671455127190573,False,0.5671455127190573,0.5671455127190573,0.0,0.0,True,0.0,0.0,0.0
train/attack/digital_1/scan/russian-062_03.jpg,digital_1,scan,0.1241901867740723,308956,0.5872680899545566,False,0.5872680899545566,0.5872680899545566,0.0,0.0,True,0.0,0.0,0.0
train/attack/digital_2/huawei/russian-062_03.jpg,digital_2,huawei,0.0749775637249514,474118,0.29656963034518835,False,0.29656963034518835,0.29656963034518835,0.0,0.0,True,0.0,0.0,0.0
train/attack/digital_2/iphone15pro/russian-062_03.jpg,digital_2,iphone15pro,0.0706225121356245,359714,0.4291965283530805,False,0.4291965283530805,0.4291965283530805,0.0,0.0,False,0.0,0.0,0.0
train/attack/digital_1/huawei/russian-132_03.jpg,digital_1,huawei,0.0984589079014384,622471,0.6870761850752887,False,0.6870761850752887,0.6870761850752887,0.0,0.0,True,0.0,0.0,0.0
train/attack/digital_1/iphone15pro/russian-132_03.jpg,digital_1,iphone15pro,0.0917355455163409,464379,0.6745438531888823,False,0.6745438531888823,0.6745438531888823,0.0,2.1534134833831848e-05,True,2.1534134833831848e-05,2.1534134833831848e-05,0.0
train/attack/digital_1/scan/russian-132_03.jpg,digital_1,scan,0.0941042855913369,233992,0.18847652911210638,True,0.18847652911210638,0.18847652911210638,0.0,0.0,False,0.0,0.0,0.0
train/attack/digital_2/huawei/russian-132_03.jpg,digital_2,huawei,0.0579642336297519,366458,0.527531122256848,False,0.527531122256848,0.527531122256848,0.0,0.0,False,0.0,0.0,0.0
train/attack/digital_2/iphone15pro/russian-132_03.jpg,digital_2,iphone15pro,0.0538336583929078,272514,0.24639101110401668,False,0.24639101110401668,0.24639101110401668,0.0,0.0,True,0.0,0.0,0.0
train/attack/digital_2/scan/russian-132_03.jpg,digital_2,scan,0.0538857953169854,133988,0.13780338537779502,False,0.13780338537779502,0.13780338537779502,0.0,0.0,False,0.0,0.0,0.0
train/attack/digital_1/huawei/russian-NF-1089.jpg,digital_1,huawei,0.2090417060506791,1356138,0.829933236882972,True,0.829933236882972,0.829933236882972,0.0,0.0002337520222868174,False,0.0002337520222868174,0.0002337520222868174,0.0
train/attack/digital_1/iphone15pro/russian-NF-1089.jpg,digital_1,iphone15pro,0.2151239079096214,1093850,0.6691648763541619,False,0.6691648763541619,0.6691648763541619,0.0,0.0,False,0.0,0.0,0.0
train/attack/digital_1/scan/russian-NF-1089.jpg,digital_1,scan,0.2143292270204413,531972,0.6371857917333995,False,0.6371857917333995,0.6371857917333995,0.0,0.0,False,0.0,0.0,0.0
train/attack/digital_2/iphone15pro/russian-NF-1089.jpg,digital_2,iphone15pro,0.1102183315423549,560432,0.6085930139606589,False,0.6085930139606589,0.6085930139606589,0.0,0.0,False,0.0,0.0,0.0
train/attack/digital_2/scan/russian-NF-1089.jpg,digital_2,scan,0.1232353168694037,305874,0.7768067897238732,False,0.7768067897238732,0.7768067897238732,0.0,4.903980070224995e-05,False,4.903980070224995e-05,4.903980070224995e-05,0.0
train/attack/digital_1/huawei/russian-NF-1099.jpg,digital_1,huawei,0.2448859055661294,1414269,0.6437205368992744,False,0.6437205368992744,0.6437205368992744,0.0,2.1212371903789165e-06,False,2.1212371903789165e-06,2.1212371903789165e-06,0.0
train/attack/digital_1/iphone15pro/russian-NF-1099.jpg,digital_1,iphone15pro,0.2399426740853144,1024632,0.7898123423824358,True,0.7898123423824358,0.7898133183425854,9.7596014958512e-07,7.026913077085236e-05,False,7.026913077085236e-05,7.026913077085236e-05,0.0
train/attack/digital_1/scan/russian-NF-1099.jpg,digital_1,scan,0.2371059649122807,591283,0.3351812922069466,False,0.3351812922069466,0.3351812922069466,0.0,0.00024184696668092944,False,0.00024184696668092944,0.00024184696668092944,0.0
train/attack/digital_2/huawei/russian-NF-1099.jpg,digital_2,huawei,0.1530044936847383,883634,0.6557432149509865,False,0.6557432149509865,0.6557432149509865,0.0,0.0,False,0.0,0.0,0.0
train/attack/digital_2/iphone15pro/russian-NF-1099.jpg,digital_2,iphone15pro,0.1492883437306806,637509,0.7296979336762305,False,0.7296979336762305,0.7296979336762305,0.0,0.0,True,0.0,0.0,0.0
train/attack/digital_2/scan/russian-NF-1099.jpg,digital_2,scan,0.1512701754385965,377230,0.1893698804442913,True,0.1893698804442913,0.1893698804442913,0.0,0.0,False,0.0,0.0,0.0
train/attack/digital_1/huawei/turkiye-032_03.jpg,digital_1,huawei,0.1115929600295745,705150,0.7635850528256399,False,0.7635850528256399,0.7635850528256399,0.0,0.0,True,0.0,0.0,0.0
train/attack/digital_1/iphone15pro/turkiye-032_03.jpg,digital_1,iphone15pro,0.1161249395724193,588527,0.6953920550798859,False,0.6953920550798859,0.6953920550798859,0.0,0.0,False,0.0,0.0,0.0
train/attack/digital_1/scan/turkiye-032_03.jpg,digital_1,scan,0.115060747648607,287824,0.5040684585024181,False,0.5040684585024181,0.5040684585024181,0.0,0.0,True,0.0,0.0,0.0
train/attack/digital_2/huawei/turkiye-032_03.jpg,digital_2,huawei,0.0668453145753556,422392,0.4957219833708972,True,0.4957219833708972,0.495724350839978,2.3674690808328513e-06,0.0,True,0.0,0.0,0.0
train/attack/digital_1/huawei/turkiye-101_03.jpg,digital_1,huawei,0.1214986576478873,773242,0.6810933705101379,False,0.6810933705101379,0.6810933705101379,0.0,0.0,True,0.0,0.0,0.0
train/attack/digital_1/iphone15pro/turkiye-101_03.jpg,digital_1,iphone15pro,0.1122336059886364,566131,0.6878831931125482,False,0.6878831931125482,0.6878831931125482,0.0,0.0,True,0.0,0.0,0.0
train/attack/digital_1/scan/turkiye-101_03.jpg,digital_1,scan,0.1214453469341392,303643,0.5911613309050431,False,0.5911613309050431,0.5911613309050431,0.0,0.0,False,0.0,0.0,0.0
train/attack/digital_2/huawei/turkiye-101_03.jpg,digital_2,huawei,0.0632709332607607,402669,0.5792623718240043,False,0.5792623718240043,0.5792623718240043,0.0,0.0,True,0.0,0.0,0.0
train/attack/digital_2/iphone15pro/turkiye-101_03.jpg,digital_2,iphone15pro,0.063969057654107,322674,0.48338570817605386,False,0.48338570817605386,0.48338570817605386,0.0,0.0,True,0.0,0.0,0.0
train/attack/digital_1/huawei/turkiye-104_03.jpg,digital_1,huawei,0.0877012127390093,556303,0.6842835648917945,False,0.6842835648917945,0.6842835648917945,0.0,0.0,True,0.0,0.0,0.0
train/attack/digital_1/iphone15pro/turkiye-104_03.jpg,digital_1,iphone15pro,0.0886719512857892,445422,0.7977513459146607,False,0.7977513459146607,0.7977513459146607,0.0,0.0,True,0.0,0.0,0.0
train/attack/digital_1/scan/turkiye-104_03.jpg,digital_1,scan,0.0843060590886329,210449,0.236052440258685,False,0.236052440258685,0.236052440258685,0.0,0.0,True,0.0,0.0,0.0
train/attack/digital_2/iphone15pro/turkiye-104_03.jpg,digital_2,iphone15pro,0.0494935855362367,248619,0.6247712363093729,False,0.6247712363093729,0.6247712363093729,0.0,0.0,True,0.0,0.0,0.0
train/attack/digital_2/scan/turkiye-104_03.jpg,digital_2,scan,0.0500815222834251,125016,0.34845939719715874,False,0.34845939719715874,0.34845939719715874,0.0,0.0,True,0.0,0.0,0.0
train/attack/digital_1/huawei/turkiye-115_03.jpg,digital_1,huawei,0.1015532894002974,659130,0.6865322470529334,False,0.6865322470529334,0.6865322470529334,0.0,0.0,True,0.0,0.0,0.0
train/attack/digital_1/iphone15pro/turkiye-115_03.jpg,digital_1,iphone15pro,0.1009762912141796,504524,0.7764942797567608,False,0.7764942797567608,0.7764942797567608,0.0,0.0,True,0.0,0.0,0.0
train/attack/digital_1/scan/turkiye-115_03.jpg,digital_1,scan,0.1005272099022099,250665,0.42404005345780227,False,0.42404005345780227,0.42404005345780227,0.0,0.0,False,0.0,0.0,0.0
train/attack/digital_2/huawei/turkiye-115_03.jpg,digital_2,huawei,0.0570729393986642,370431,0.6653330849739898,True,0.6653330849739898,0.6653357845320721,2.699558082297493e-06,0.0,True,0.0,0.0,0.0
train/attack/digital_1/huawei/turkiye-NF-1002.jpg,digital_1,huawei,0.1482848984771573,934788,0.7300970915330535,False,0.7300970915330535,0.7300970915330535,0.0,0.0,True,0.0,0.0,0.0
train/attack/digital_1/iphone15pro/turkiye-NF-1002.jpg,digital_1,iphone15pro,0.1446800712064581,730243,0.7545255483448661,False,0.7545255483448661,0.7545255483448661,0.0,0.0,True,0.0,0.0,0.0
train/attack/digital_1/scan/turkiye-NF-1002.jpg,digital_1,scan,0.1426886101354741,355473,0.3644383680335778,False,0.3644383680335778,0.3644383680335778,0.0,0.0,False,0.0,0.0,0.0
train/attack/digital_2/huawei/turkiye-NF-1002.jpg,digital_2,huawei,0.0814045050761421,513174,0.5113528744636322,False,0.5113528744636322,0.5113528744636322,0.0,0.0,False,0.0,0.0,0.0
train/attack/digital_2/iphone15pro/turkiye-NF-1002.jpg,digital_2,iphone15pro,0.0811204813667518,409439,0.6597857067841608,False,0.6597857067841608,0.6597857067841608,0.0,0.0,True,0.0,0.0,0.0
train/attack/digital_2/scan/turkiye-NF-1002.jpg,digital_2,scan,0.0832232814851982,207330,0.3280615443978199,False,0.3280615443978199,0.3280615443978199,0.0,0.0,False,0.0,0.0,0.0
train/attack/digital_1/huawei/turkiye-NM-1055.jpg,digital_1,huawei,0.1161434003020617,740705,0.5915917943040752,False,0.5915917943040752,0.5915917943040752,0.0,0.0,True,0.0,0.0,0.0
train/attack/digital_1/iphone15pro/turkiye-NM-1055.jpg,digital_1,iphone15pro,0.1116346809675707,566142,0.7615916148245493,False,0.7615916148245493,0.7615916148245493,0.0,0.0,True,0.0,0.0,0.0
train/attack/digital_1/scan/turkiye-NM-1055.jpg,digital_1,scan,0.1131973852174108,281636,0.2767721456063855,True,0.2767721456063855,0.2767721456063855,0.0,0.0,False,0.0,0.0,0.0
train/attack/digital_2/huawei/turkiye-NM-1055.jpg,digital_2,huawei,0.0680904316171342,434247,0.47857555722895034,False,0.47857555722895034,0.47857555722895034,0.0,0.0,True,0.0,0.0,0.0
train/attack/digital_2/iphone15pro/turkiye-NM-1055.jpg,digital_2,iphone15pro,0.0662983120376875,336224,0.48754996668887407,False,0.48754996668887407,0.48754996668887407,0.0,0.0,False,0.0,0.0,0.0
train/attack/digital_2/scan/turkiye-NM-1055.jpg,digital_2,scan,0.067685875608117,168403,0.49240215435592005,True,0.49239621621942603,0.49240215435592005,5.938136494021418e-06,0.0,False,0.0,0.0,0.0
train/attack/digital_1/huawei/ukraine-025_03.jpg,digital_1,huawei,0.1011308518267998,654566,0.6045685232657975,False,0.6045685232657975,0.6045685232657975,0.0,0.0,True,0.0,0.0,0.0
train/attack/digital_1/iphone15pro/ukraine-025_03.jpg,digital_1,iphone15pro,0.1028079720905552,519244,0.6271695002734745,False,0.6271695002734745,0.6271695002734745,0.0,0.0,True,0.0,0.0,0.0
train/attack/digital_1/scan/ukraine-025_03.jpg,digital_1,scan,0.104002211764423,259563,0.18824331665144878,False,0.18824331665144878,0.18824331665144878,0.0,0.0,False,0.0,0.0,0.0
train/attack/digital_2/huawei/ukraine-025_03.jpg,digital_2,huawei,0.0539383289151306,349114,0.5281713136683146,False,0.5281713136683146,0.5281713136683146,0.0,0.0,True,0.0,0.0,0.0
train/attack/digital_2/scan/ukraine-025_03.jpg,digital_2,scan,0.0570442893805256,142368,0.006883569341425039,False,0.006883569341425039,0.006883569341425039,0.0,0.0,False,0.0,0.0,0.0
train/attack/digital_1/huawei/ukraine-NF-1068.jpg,digital_1,huawei,0.1479949022939677,940626,0.738131839859838,False,0.738131839859838,0.738131839859838,0.0,0.0,True,0.0,0.0,0.0
train/attack/digital_1/iphone15pro/ukraine-NF-1068.jpg,digital_1,iphone15pro,0.1422928265192119,723925,0.8061884863763511,False,0.8061884863763511,0.8061884863763511,0.0,0.0,False,0.0,0.0,0.0
train/attack/digital_1/scan/ukraine-NF-1068.jpg,digital_1,scan,0.1443014233595396,359456,0.5909151606872608,False,0.5909151606872608,0.5909151606872608,0.0,0.0,False,0.0,0.0,0.0
train/attack/digital_2/huawei/ukraine-NF-1068.jpg,digital_2,huawei,0.0759600679694137,482787,0.5672128702719833,False,0.5672128702719833,0.5672128702719833,0.0,0.0,True,0.0,0.0,0.0
train/attack/digital_2/scan/ukraine-NF-1068.jpg,digital_2,scan,0.0751555193720774,187213,0.6263881247562937,False,0.6263881247562937,0.6263881247562937,0.0,0.0,True,0.0,0.0,0.0
train/attack/digital_1/huawei/ukraine-NF-1073.jpg,digital_1,huawei,0.2221150128299764,1390169,0.8128479343158997,False,0.8128479343158997,0.8128479343158997,0.0,0.0,False,0.0,0.0,0.0
train/attack/digital_1/iphone15pro/ukraine-NF-1073.jpg,digital_1,iphone15pro,0.2282390625817708,1155733,0.4165045040679811,True,0.41650363881623176,0.4165045040679811,8.652517493601408e-07,0.0,True,0.0,0.0,0.0
train/attack/digital_1/scan/ukraine-NF-1073.jpg,digital_1,scan,0.2291845500448455,571358,0.19641975784009325,False,0.19641975784009325,0.19641975784009325,0.0,8.75108075847367e-06,False,8.75108075847367e-06,8.75108075847367e-06,0.0
train/attack/digital_2/huawei/ukraine-NF-1073.jpg,digital_2,huawei,0.1263495441603635,790794,0.7186865353050226,False,0.7186865353050226,0.7186865353050226,0.0,0.0,True,0.0,0.0,0.0
train/attack/digital_2/iphone15pro/ukraine-NF-1073.jpg,digital_2,iphone15pro,0.1341915340477655,679505,0.679225318430328,False,0.679225318430328,0.679225318430328,0.0,0.0,False,0.0,0.0,0.0
train/attack/digital_2/scan/ukraine-NF-1073.jpg,digital_2,scan,0.1371413764277955,341894,0.42417532919559864,False,0.42417532919559864,0.42417532919559864,0.0,2.6323948358263087e-05,False,2.6323948358263087e-05,2.6323948358263087e-05,0.0
train/attack/digital_1/huawei/ukraine-NF-1106.jpg,digital_1,huawei,0.1281237861347471,804161,0.6755289052814051,False,0.6755289052814051,0.6755289052814051,0.0,0.0,False,0.0,0.0,0.0
train/attack/digital_1/iphone15pro/ukraine-NF-1106.jpg,digital_1,iphone15pro,0.1268556029546495,638037,0.8455481421923807,False,0.8455481421923807,0.8455481421923807,0.0,0.0,False,0.0,0.0,0.0
train/attack/digital_1/scan/ukraine-NF-1106.jpg,digital_1,scan,0.1340045769164632,333539,0.47343788882259646,False,0.47343788882259646,0.47343788882259646,0.0,0.0,True,0.0,0.0,0.0
train/attack/digital_2/huawei/ukraine-NF-1106.jpg,digital_2,huawei,0.0709286063209737,445179,0.5260760278449792,False,0.5260760278449792,0.5260760278449792,0.0,0.0,True,0.0,0.0,0.0
train/attack/digital_2/scan/ukraine-NF-1106.jpg,digital_2,scan,0.0688477998499002,171363,0.5065620933340336,False,0.5065620933340336,0.5065620933340336,0.0,0.0,True,0.0,0.0,0.0
train/attack/digital_1/huawei/usa-034_03.jpg,digital_1,huawei,0.1485644692682851,936733,0.8792601520390548,False,0.8792601520390548,0.8792601520390548,0.0,0.0,False,0.0,0.0,0.0
train/attack/digital_1/iphone15pro/usa-034_03.jpg,digital_1,iphone15pro,0.1453522417548411,732741,0.7652390135122779,False,0.7652390135122779,0.7652390135122779,0.0,0.0,True,0.0,0.0,0.0
train/attack/digital_1/scan/usa-034_03.jpg,digital_1,scan,0.1520160561966884,378710,0.42743788122838056,False,0.42743788122838056,0.42743788122838056,0.0,0.0,False,0.0,0.0,0.0
train/attack/digital_2/huawei/usa-034_03.jpg,digital_2,huawei,0.0830091976040838,523392,0.6869784024211298,False,0.6869784024211298,0.6869784024211298,0.0,0.0,True,0.0,0.0,0.0
train/attack/digital_2/iphone15pro/usa-034_03.jpg,digital_2,iphone15pro,0.0867240346429577,437188,0.7371679918021538,False,0.7371679918021538,0.7371679918021538,0.0,0.0,True,0.0,0.0,0.0
train/attack/digital_2/scan/usa-034_03.jpg,digital_2,scan,0.0877812343201204,218685,0.11221620138555456,False,0.11221620138555456,0.11221620138555456,0.0,0.0,False,0.0,0.0,0.0
train/attack/digital_1/huawei/usa-067_03.jpg,digital_1,huawei,0.141950561069922,823957,0.7768633557333696,False,0.7768633557333696,0.7768633557333696,0.0,5.5828156080960536e-05,True,5.5828156080960536e-05,5.5828156080960536e-05,0.0
train/attack/digital_1/iphone15pro/usa-067_03.jpg,digital_1,iphone15pro,0.1414311816112143,598428,0.8149000380998215,False,0.8149000380998215,0.8149000380998215,0.0,0.0013368358432426291,False,0.0013368358432426291,0.0013368358432426291,0.0
train/attack/digital_1/scan/usa-067_03.jpg,digital_1,scan,0.1380853331278969,344144,0.6534938862801618,False,0.6534938862801618,0.6534938862801618,0.0,0.0,True,0.0,0.0,0.0
train/attack/digital_2/huawei/usa-067_03.jpg,digital_2,huawei,0.0800077870148082,464408,0.6661060963635425,False,0.6661060963635425,0.6661060963635425,0.0,0.0,False,0.0,0.0,0.0
train/attack/digital_2/iphone15pro/usa-067_03.jpg,digital_2,iphone15pro,0.0823032351578063,348244,0.7038455795361873,False,0.7038455795361873,0.7038455795361873,0.0,0.0009619691940133929,True,0.0009619691940133929,0.0009619691940133929,0.0
train/attack/digital_1/huawei/usa-NF-1036.jpg,digital_1,huawei,0.1951423583544242,1245685,0.8859486948947768,False,0.8859486948947768,0.8859486948947768,0.0,0.0,True,0.0,0.0,0.0
train/attack/digital_1/iphone15pro/usa-NF-1036.jpg,digital_1,iphone15pro,0.196717333650002,993934,0.8259673177494683,False,0.8259673177494683,0.8259673177494683,0.0,0.0,False,0.0,0.0,0.0
train/attack/digital_1/scan/usa-NF-1036.jpg,digital_1,scan,0.198380716462649,493721,0.7925508536197569,False,0.7925508536197569,0.7925508536197569,0.0,0.0,False,0.0,0.0,0.0
train/attack/digital_2/huawei/usa-NF-1036.jpg,digital_2,huawei,0.1044358646428555,666663,0.7317070243886341,False,0.7317070243886341,0.7317070243886341,0.0,0.0,True,0.0,0.0,0.0
train/attack/digital_2/iphone15pro/usa-NF-1036.jpg,digital_2,iphone15pro,0.1040432648537386,525689,0.7492376671377944,False,0.7492376671377944,0.7492376671377944,0.0,0.0,True,0.0,0.0,0.0
train/attack/digital_1/huawei/usa-NF-1065.jpg,digital_1,huawei,0.2406313111906388,1390232,0.7894430569861721,False,0.7894430569861721,0.7894430569861721,0.0,1.0789566058039234e-05,False,1.0789566058039234e-05,1.0789566058039234e-05,0.0
train/attack/digital_1/iphone15pro/usa-NF-1065.jpg,digital_1,iphone15pro,0.2492403824574955,1062840,0.7505532347295925,True,0.7505532347295925,0.7505532347295925,0.0,7.527003123706296e-05,False,7.527003123706296e-05,7.527003123706296e-05,0.0
train/attack/digital_1/scan/usa-NF-1065.jpg,digital_1,scan,0.2443355986119144,608337,0.5579275960528457,False,0.5579275960528457,0.5579275960528457,0.0,0.000473421804032962,False,0.000473421804032962,0.000473421804032962,0.0
train/attack/digital_2/huawei/usa-NF-1065.jpg,digital_2,huawei,0.1368529222997883,790659,0.6812064366560047,False,0.6812064366560047,0.6812064366560047,0.0,0.0,True,0.0,0.0,0.0
train/attack/digital_2/iphone15pro/usa-NF-1065.jpg,digital_2,iphone15pro,0.128742305039705,548998,0.7556876345633318,False,0.7556876345633318,0.7556876345633318,0.0,0.0,True,0.0,0.0,0.0
train/attack/digital_1/huawei/usa-NF-1076.jpg,digital_1,huawei,0.2972139934147665,1871953,0.8441301677980163,False,0.8441301677980163,0.8441301677980163,0.0,0.0,False,0.0,0.0,0.0
train/attack/digital_1/iphone15pro/usa-NF-1076.jpg,digital_1,iphone15pro,0.2993500322770688,1528419,0.9187094638315803,False,0.9187094638315803,0.9187094638315803,0.0,0.0,False,0.0,0.0,0.0
train/attack/digital_1/scan/usa-NF-1076.jpg,digital_1,scan,0.3037368008476954,757895,0.6121507596698751,False,0.6121507596698751,0.6121507596698751,0.0,0.0013102078784000422,False,0.0013102078784000422,0.0013102078784000422,0.0
train/attack/digital_2/huawei/usa-NF-1076.jpg,digital_2,huawei,0.1800104599089219,1133766,0.7235417184851195,False,0.7235417184851195,0.7235417184851195,0.0,0.0,True,0.0,0.0,0.0
train/attack/digital_2/iphone15pro/usa-NF-1076.jpg,digital_2,iphone15pro,0.1887086273784752,963507,0.8257988784720817,False,0.8257988784720817,0.8257988784720817,0.0,0.0,False,0.0,0.0,0.0
train/attack/digital_2/scan/usa-NF-1076.jpg,digital_2,scan,0.1849035522090896,461378,0.5995669494427562,False,0.5995669494427562,0.5995669494427562,0.0,0.0,False,0.0,0.0,0.0
train/attack/digital_1/huawei/usa-NM-1038.jpg,digital_1,huawei,0.1844486418687431,1056885,0.7538388755635665,False,0.7538388755635665,0.7538388755635665,0.0,2.365441840881458e-05,True,2.365441840881458e-05,2.365441840881458e-05,0.0
train/attack/digital_1/iphone15pro/usa-NM-1038.jpg,digital_1,iphone15pro,0.1920068610634648,822759,0.7257191960221645,False,0.7257191960221645,0.7257191960221645,0.0,0.00020905271166890912,False,0.00020905271166890912,0.00020905271166890912,0.0
train/attack/digital_1/scan/usa-NM-1038.jpg,digital_1,scan,0.1908230807827396,475388,0.5248449687413229,False,0.5248449687413229,0.5248449687413229,0.0,2.5242538726261497e-05,False,2.5242538726261497e-05,2.5242538726261497e-05,0.0
train/attack/digital_2/iphone15pro/usa-NM-1038.jpg,digital_2,iphone15pro,0.1035159449714705,443571,0.5096320543948996,True,0.5096275455338605,0.5096320543948996,4.508861039087542e-06,0.0,False,0.0,0.0,0.0
train/attack/digital_2/scan/usa-NM-1038.jpg,digital_2,scan,0.1035648770697441,258006,0.06394812523739758,False,0.06394812523739758,0.06394812523739758,0.0,0.0,True,0.0,0.0,0.0
test/attack/digital_3/huawei/arabic-003_03.jpg,digital_3,huawei,0.038594238228781,219807,0.4764770912664292,False,0.4764770912664292,0.4764770912664292,0.0,0.07256820756390833,True,0.07256820756390833,0.07256820756390833,0.0
test/attack/digital_3/huawei/arabic-01_0002_000-c7338db1_1.jpg,digital_3,huawei,0.0429927795201834,278327,0.44398136005489947,False,0.44398136005489947,0.44398136005489947,0.0,0.08556482123545327,True,0.08556482123545327,0.08556841413157905,3.5928961257813974e-06
test/attack/digital_3/huawei/arabic-01_0076_000-fd5000df_1.jpg,digital_3,huawei,0.0435004972386846,275750,0.37955394378966456,False,0.37955394378966456,0.37955394378966456,0.0,0.0,True,0.0,0.0,0.0
test/attack/digital_3/huawei/arabic-01_0095_000-18471808_1.jpg,digital_3,huawei,0.0432960820436358,271797,0.40242166028322607,False,0.40242166028322607,0.40242166028322607,0.0,0.05769011431325585,True,0.05769011431325585,0.05769011431325585,0.0
test/attack/digital_3/huawei/arabic-024_03.jpg,digital_3,huawei,0.0465500931365276,294610,0.4401955127117206,False,0.4401955127117206,0.4401955127117206,0.0,0.11470418519398527,False,0.11470418519398527,0.11470418519398527,0.0
test/attack/digital_3/huawei/arabic-120_03.jpg,digital_3,huawei,0.0433926681524914,271095,0.3889042586547151,True,0.3889042586547151,0.3889079473985134,3.6887437983024185e-06,0.02085984617938361,False,0.02085984617938361,0.02085984617938361,0.0
test/attack/digital_3/huawei/arabic-131_03.jpg,digital_3,huawei,0.0473843265771096,295324,0.4102511140306917,False,0.4102511140306917,0.4102511140306917,0.0,0.01527136297761103,True,0.01527136297761103,0.01527136297761103,0.0
test/attack/digital_3/huawei/arabic-139_03.jpg,digital_3,huawei,0.0447562010536607,255150,0.5051185577111503,False,0.5051185577111503,0.5051185577111503,0.0,0.0,True,0.0,0.0,0.0
test/attack/digital_3/huawei/arabic-173_03.jpg,digital_3,huawei,0.0446625442938474,284549,0.4008483600364085,False,0.4008483600364085,0.4008483600364085,0.0,0.0,True,0.0,0.0,0.0
test/attack/digital_3/huawei/arabic-NF-1003.jpg,digital_3,huawei,0.0436327545484887,273227,0.42186899537747,False,0.42186899537747,0.42186899537747,0.0,0.006445190263041354,True,0.006445190263041354,0.006445190263041354,0.0
test/attack/digital_3/huawei/arabic-NF-1037.jpg,digital_3,huawei,0.0375317423289989,215032,0.4361629896945571,False,0.4361629896945571,0.4361629896945571,0.0,0.049155474534022844,True,0.049155474534022844,0.049155474534022844,0.0
test/attack/digital_3/huawei/arabic-NF-1045.jpg,digital_3,huawei,0.0443399439135989,279022,0.39253535563503955,False,0.39253535563503955,0.39253535563503955,0.0,0.0,True,0.0,0.0,0.0
test/attack/digital_3/huawei/arabic-NF-1048.jpg,digital_3,huawei,0.0361119432729053,207936,0.43741824407510005,False,0.43741824407510005,0.43741824407510005,0.0,0.11320310095413974,True,0.11320310095413974,0.11320791012619268,4.809172052935851e-06
test/attack/digital_3/huawei/arabic-NF-1049.jpg,digital_3,huawei,0.0410135261337236,256473,0.5078975174774732,False,0.5078975174774732,0.5078975174774732,0.0,0.0008421939151489631,True,0.0008421939151489631,0.0008421939151489631,0.0
test/attack/digital_3/huawei/arabic-NF-1098.jpg,digital_3,huawei,0.0319084685569284,183540,0.46575133485888637,False,0.46575133485888637,0.46575133485888637,0.0,0.0,True,0.0,0.0,0.0
test/attack/digital_3/huawei/arabic-NF-1100.jpg,digital_3,huawei,0.0430503871239966,270986,0.4090764836559822,False,0.4090764836559822,0.4090764836559822,0.0,0.0,True,0.0,0.0,0.0
test/attack/digital_3/huawei/arabic-NM-1090.jpg,digital_3,huawei,0.0381098101256266,239783,0.36375806458339416,False,0.36375806458339416,0.36375806458339416,0.0,0.0016598340999987489,True,0.0016598340999987489,0.0016598340999987489,0.0
test/attack/digital_3/huawei/chinese-01_0003_000-98e8eaef_0.jpg,digital_3,huawei,0.0288688356809867,179510,0.47039162163667764,False,0.47039162163667764,0.47039162163667764,0.0,0.0,True,0.0,0.0,0.0
test/attack/digital_3/huawei/chinese-01_0012_000-48c56e4b_0.jpg,digital_3,huawei,0.032047103387592,200678,0.4330419876618264,False,0.4330419876618264,0.4330419876618264,0.0,0.0,True,0.0,0.0,0.0
test/attack/digital_3/huawei/chinese-01_0019_000-06d51424_0.jpg,digital_3,huawei,0.0331422721217863,208024,0.5068357497211861,False,0.5068357497211861,0.5068357497211861,0.0,0.031674229896550395,True,0.031674229896550395,0.031674229896550395,0.0
test/attack/digital_3/huawei/chinese-01_0028_000-611e103a_0.jpg,digital_3,huawei,0.0346653435619505,217984,0.4542259982384028,False,0.4542259982384028,0.4542259982384028,0.0,0.0,True,0.0,0.0,0.0
test/attack/digital_3/huawei/chinese-01_0034_000-9b26d58c_0.jpg,digital_3,huawei,0.0315944619533687,181350,0.4143479459608492,False,0.4143479459608492,0.4143479459608492,0.0,0.0,True,0.0,0.0,0.0
test/attack/digital_3/huawei/chinese-01_0084_000-ba83f345_1.jpg,digital_3,huawei,0.0289165673955091,180599,0.5747650872928421,False,0.5747650872928421,0.5747650872928421,0.0,0.0,True,0.0,0.0,0.0
test/attack/digital_3/huawei/chinese-01_0086_000-5a7ac9e6_1.jpg,digital_3,huawei,0.0325993335572852,204760,0.456597968353194,False,0.456597968353194,0.456597968353194,0.0,0.0,True,0.0,0.0,0.0
test/attack/digital_3/huawei/chinese-039_03.jpg,digital_3,huawei,0.0288436297372378,181078,0.38740763648814325,False,0.38740763648814325,0.38740763648814325,0.0,0.0,True,0.0,0.0,0.0
test/attack/digital_3/huawei/chinese-064_03.jpg,digital_3,huawei,0.0304516260977979,193565,0.06462945263864851,True,0.06462945263864851,0.06462945263864851,0.0,0.0,True,0.0,0.0,0.0
test/attack/digital_3/huawei/chinese-081_03.jpg,digital_3,huawei,0.0292082902426439,184653,0.4376045880651817,False,0.4376045880651817,0.4376045880651817,0.0,0.0,True,0.0,0.0,0.0
test/attack/digital_3/huawei/chinese-099_03.jpg,digital_3,huawei,0.0314364395027689,196884,0.4226244895471445,False,0.4226244895471445,0.4226244895471445,0.0,0.0,True,0.0,0.0,0.0
test/attack/digital_3/huawei/chinese-102_03.jpg,digital_3,huawei,0.0297821935474053,187893,0.4632157664202498,False,0.4632157664202498,0.4632157664202498,0.0,0.0,True,0.0,0.0,0.0
test/attack/digital_3/huawei/chinese-107_03.jpg,digital_3,huawei,0.0302027764582571,193986,0.4574608476900395,False,0.4574608476900395,0.4574608476900395,0.0,0.039806996381182146,True,0.039801841369995775,0.039806996381182146,5.155011186371017e-06
test/attack/digital_3/huawei/chinese-113_03.jpg,digital_3,huawei,0.0304110207754337,190683,0.3783294787684272,False,0.3783294787684272,0.3783294787684272,0.0,0.0,True,0.0,0.0,0.0
test/attack/digital_3/huawei/chinese-142_03.jpg,digital_3,huawei,0.0308552779707107,193912,0.42881822682453896,False,0.42881822682453896,0.42881822682453896,0.0,0.0,True,0.0,0.0,0.0
test/attack/digital_3/huawei/chinese-NF-1023.jpg,digital_3,huawei,0.0313521270851686,198585,0.5326938086965279,False,0.5326938086965279,0.5326938086965279,0.0,0.0,True,0.0,0.0,0.0
test/attack/digital_3/huawei/chinese-NF-1050.jpg,digital_3,huawei,0.0323186938482893,203403,0.4984783901909018,False,0.4984783901909018,0.4984783901909018,0.0,0.04792947989950984,True,0.04792947989950984,0.04792947989950984,0.0
test/attack/digital_3/huawei/chinese-NF-1059.jpg,digital_3,huawei,0.0280274315872732,160165,0.543452065057909,False,0.543452065057909,0.543452065057909,0.0,0.0,True,0.0,0.0,0.0
test/attack/digital_3/huawei/chinese-NF-1085.jpg,digital_3,huawei,0.0313843584800341,200724,0.4113708375680038,False,0.4113708375680038,0.4113708375680038,0.0,0.05251489607620414,True,0.05251489607620414,0.05251489607620414,0.0
test/attack/digital_3/huawei/chinese-NF-1088.jpg,digital_3,huawei,0.0275875621347789,157796,0.5202793480189611,False,0.5202793480189611,0.5202793480189611,0.0,0.0,True,0.0,0.0,0.0
test/attack/digital_3/huawei/chinese-NF-1101.jpg,digital_3,huawei,0.0266561743893687,151925,0.4677768635840053,False,0.4677768635840053,0.4677768635840053,0.0,0.0,True,0.0,0.0,0.0
test/attack/digital_3/huawei/chinese-NM-1092.jpg,digital_3,huawei,0.0306832396583257,197458,0.3746518246918332,False,0.3746518246918332,0.3746518246918332,0.0,0.0026739863667210244,True,0.0026739863667210244,0.0026739863667210244,0.0
test/attack/digital_3/huawei/french-019_03.jpg,digital_3,huawei,0.0315053181900126,200974,0.5234756734702001,False,0.5234756734702001,0.5234756734702001,0.0,0.0,True,0.0,0.0,0.0
test/attack/digital_3/huawei/french-01_0006_000-f9f1aca7_0.jpg,digital_3,huawei,0.0256754677849442,162225,0.49647711511789183,False,0.49647711511789183,0.49647711511789183,0.0,0.03370010787486516,True,0.03370010787486516,0.03370010787486516,0.0
test/attack/digital_3/huawei/french-01_0029_000-d00491e2_1.jpg,digital_3,huawei,0.029224756268283,186381,0.42593933931033745,False,0.42593933931033745,0.42593933931033745,0.0,0.0038630547105123376,True,0.0038630547105123376,0.0038630547105123376,0.0
test/attack/digital_3/huawei/french-01_0070_000-a4a25cda_0.jpg,digital_3,huawei,0.0300313433923755,194464,0.4568763370083923,False,0.4568763370083923,0.4568763370083923,0.0,0.0,True,0.0,0.0,0.0
test/attack/digital_3/huawei/french-033_03.jpg,digital_3,huawei,0.0319662266421691,203352,0.46534580431960343,False,0.46534580431960343,0.46534580431960343,0.0,0.0,True,0.0,0.0,0.0
test/attack/digital_3/huawei/french-044_03.jpg,digital_3,huawei,0.0274806431279576,175260,0.4230571722013009,False,0.4230571722013009,0.4230571722013009,0.0,0.0,True,0.0,0.0,0.0
test/attack/digital_3/huawei/french-068_03.jpg,digital_3,huawei,0.0299339670973985,189306,0.5126409094270652,False,0.5126409094270652,0.5126409094270652,0.0,0.12201937603668135,True,0.12201937603668135,0.12201937603668135,0.0
test/attack/digital_3/huawei/french-090_03.jpg,digital_3,huawei,0.0298806760376768,170496,0.4634184966216216,False,0.4634184966216216,0.4634184966216216,0.0,0.08322189376876876,True,0.08322189376876876,0.08322189376876876,0.0
test/attack/digital_3/huawei/french-097_03.jpg,digital_3,huawei,0.0327814882975708,211597,0.5012641956171401,False,0.5012641956171401,0.5012641956171401,0.0,0.031678142884823506,True,0.031678142884823506,0.031678142884823506,0.0
test/attack/digital_3/huawei/french-100_03.jpg,digital_3,huawei,0.0307568930979175,194103,0.5245926132002081,False,0.5245926132002081,0.5245926132002081,0.0,0.0,True,0.0,0.0,0.0
test/attack/digital_3/huawei/french-114_03.jpg,digital_3,huawei,0.0307027693474962,194238,0.49592252803261977,False,0.49592252803261977,0.49592252803261977,0.0,0.15820797166362915,True,0.15820797166362915,0.15820797166362915,0.0
test/attack/digital_3/huawei/french-118_03.jpg,digital_3,huawei,0.0313822594580027,197964,0.5213069042856276,False,0.5213069042856276,0.5213069042856276,0.0,0.0,True,0.0,0.0,0.0
test/attack/digital_3/huawei/french-124_03.jpg,digital_3,huawei,0.0345859153209804,217536,0.4862045822300677,False,0.4862045822300677,0.4862045822300677,0.0,0.15010848779052663,False,0.15010848779052663,0.15010848779052663,0.0
test/attack/digital_3/huawei/french-128_03.jpg,digital_3,huawei,0.0304135719623602,191442,0.5516762256976003,False,0.5516762256976003,0.5516762256976003,0.0,0.0,True,0.0,0.0,0.0
test/attack/digital_3/huawei/french-135_03.jpg,digital_3,huawei,0.0333696399953556,211241,0.4141620234708224,False,0.4141620234708224,0.4141620234708224,0.0,0.059126779365748124,True,0.059126779365748124,0.059126779365748124,0.0
test/attack/digital_3/huawei/french-NF-1020.jpg,digital_3,huawei,0.029839616298469,187551,0.3867854610212689,False,0.3867854610212689,0.3867854610212689,0.0,0.0,True,0.0,0.0,0.0
test/attack/digital_3/huawei/french-NF-1056.jpg,digital_3,huawei,0.0349088145896656,220512,0.48672634595849656,False,0.48672634595849656,0.48672634595849656,0.0,0.12697721665941084,False,0.12697721665941084,0.12697721665941084,0.0
test/attack/digital_3/huawei/french-NF-1063.jpg,digital_3,huawei,0.0341780288579625,215820,0.4024001482717079,False,0.4024001482717079,0.4024001482717079,0.0,0.056185710314150684,True,0.056185710314150684,0.056185710314150684,0.0
test/attack/digital_3/huawei/french-NF-1082.jpg,digital_3,huawei,0.0286758560397987,181260,0.41311375924086946,False,0.41311375924086946,0.41311375924086946,0.0,0.05978152929493545,False,0.05978152929493545,0.05978152929493545,0.0
test/attack/digital_3/huawei/french-NF-1095.jpg,digital_3,huawei,0.0293925136557556,167499,0.44990716362485744,False,0.44990716362485744,0.44990716362485744,0.0,0.0,True,0.0,0.0,0.0
test/attack/digital_3/huawei/french-NF-1110.jpg,digital_3,huawei,0.0292485504254988,185349,0.42282396991621213,False,0.42282396991621213,0.42282396991621213,0.0,0.004920447372254504,True,0.004920447372254504,0.004920447372254504,0.0
test/attack/digital_3/huawei/french-NM-1070.jpg,digital_3,huawei,0.0316755000307946,199035,0.38071695932876126,False,0.38071695932876126,0.38071695932876126,0.0,0.0,True,0.0,0.0,0.0
test/attack/digital_3/huawei/indian-012_03.jpg,digital_3,huawei,0.036714691487045,231657,0.45103320857992635,True,0.45103320857992635,0.45103752530681135,4.316726885000843e-06,0.03342441627060697,False,0.03342441627060697,0.03342441627060697,0.0
test/attack/digital_3/huawei/indian-014_03.jpg,digital_3,huawei,0.0345186140285361,222952,0.48689403997272956,False,0.48689403997272956,0.48689403997272956,0.0,0.19356632817826258,False,0.19356632817826258,0.19356632817826258,0.0
test/attack/digital_3/huawei/indian-01_0004_000-2423feb1_0.jpg,digital_3,huawei,0.033413639500596,213032,0.5275967929700702,False,0.5275967929700702,0.5275967929700702,0.0,0.02429212512674152,True,0.02429212512674152,0.02429212512674152,0.0
test/attack/digital_3/huawei/indian-01_0005_000-59069fdd_1.jpg,digital_3,huawei,0.0364817178324254,230502,0.4717356031617947,False,0.4717356031617947,0.4717356031617947,0.0,0.016173395458607735,False,0.016173395458607735,0.016173395458607735,0.0
test/attack/digital_3/huawei/indian-01_0062_000-c236043f_0.jpg,digital_3,huawei,0.0349068703277103,220293,0.5252459224759751,False,0.5252459224759751,0.5252459224759751,0.0,0.016954692159986927,True,0.016954692159986927,0.016954692159986927,0.0
test/attack/digital_3/huawei/indian-01_0068_000-1b9539d8_0.jpg,digital_3,huawei,0.0332514279035853,210822,0.5729620248361177,False,0.5729620248361177,0.5729620248361177,0.0,0.016245932587680603,True,0.016245932587680603,0.016245932587680603,0.0
test/attack/digital_3/huawei/indian-01_0071_000-73870eac_1.jpg,digital_3,huawei,0.0315825281005017,201099,0.4933589923371076,False,0.4933589923371076,0.4933589923371076,0.0,0.04830953908274034,False,0.04830953908274034,0.04830953908274034,0.0
test/attack/digital_3/huawei/indian-01_0087_000-7edaffe9_0.jpg,digital_3,huawei,0.0370899328433857,234171,0.5032860601867866,False,0.5032860601867866,0.5032860601867866,0.0,0.0,True,0.0,0.0,0.0
test/attack/digital_3/huawei/indian-01_0089_000-f38cdec4_1.jpg,digital_3,huawei,0.0321532507185579,203811,0.45391563752692443,False,0.45391563752692443,0.45391563752692443,0.0,0.01636810574502848,True,0.01636810574502848,0.01636810574502848,0.0
test/attack/digital_3/huawei/indian-021_03.jpg,digital_3,huawei,0.0342544034142283,217833,0.4865057176828121,True,0.4865057176828121,0.4865103083554833,4.5906726712230395e-06,0.007551656544233427,True,0.007551656544233427,0.007551656544233427,0.0
test/attack/digital_3/huawei/indian-037_03.jpg,digital_3,huawei,0.0413908430400184,236874,0.5191705294798078,False,0.5191705294798078,0.5191705294798078,0.0,0.0,True,0.0,0.0,0.0
test/attack/digital_3/huawei/indian-038_03.jpg,digital_3,huawei,0.0336514157507597,213282,0.4029641507487739,False,0.4029641507487739,0.4029641507487739,0.0,0.0,True,0.0,0.0,0.0
test/attack/digital_3/huawei/indian-094_03.jpg,digital_3,huawei,0.0334856156736912,209718,0.4963951592138014,False,0.4963951592138014,0.4963951592138014,0.0,0.06659895669422748,True,0.06659895669422748,0.06659895669422748,0.0
test/attack/digital_3/huawei/indian-108_03.jpg,digital_3,huawei,0.0350020110616338,220170,0.4086660307943862,False,0.4086660307943862,0.4086660307943862,0.0,0.05006585820048145,False,0.05006585820048145,0.05006585820048145,0.0
test/attack/digital_3/huawei/indian-NF-1006.jpg,digital_3,huawei,0.034085623586114,216111,0.5812892448787892,False,0.5812892448787892,0.5812892448787892,0.0,0.006015427257289078,True,0.006015427257289078,0.006015427257289078,0.0
test/attack/digital_3/huawei/indian-NF-1025.jpg,digital_3,huawei,0.0306553481537066,176481,0.4508587326681059,False,0.4508587326681059,0.4508587326681059,0.0,0.036836826627228994,True,0.036836826627228994,0.036836826627228994,0.0
test/attack/digital_3/huawei/indian-NF-1039.jpg,digital_3,huawei,0.0345765815676797,220686,0.3678212482894248,False,0.3678212482894248,0.3678212482894248,0.0,0.0165030858323591,False,0.0165030858323591,0.0165030858323591,0.0
test/attack/digital_3/huawei/indian-NF-1061.jpg,digital_3,huawei,0.0349279691735707,222876,0.43099301853945693,False,0.43099301853945693,0.43099301853945693,0.0,0.12026418277427807,True,0.12025969597444319,0.12026418277427807,4.486799834876876e-06
test/attack/digital_3/huawei/indian-NF-1075.jpg,digital_3,huawei,0.0339966778870932,215496,0.43360433604336046,False,0.43360433604336046,0.43360433604336046,0.0,0.0,True,0.0,0.0,0.0
test/attack/digital_3/huawei/indian-NF-1096.jpg,digital_3,huawei,0.0349409610803787,221862,0.4924051888110627,False,0.4924051888110627,0.4924051888110627,0.0,0.0377441833211636,True,0.0377441833211636,0.0377441833211636,0.0
test/attack/digital_3/huawei/persian-01_0064_000-daacc8f3_0.jpg,digital_3,huawei,0.0263816216451211,169914,0.42894052285273726,False,0.42894052285273726,0.42894052285273726,0.0,0.06832868392245489,True,0.06832868392245489,0.06832868392245489,0.0
test/attack/digital_3/huawei/persian-01_0065_000-763dd95b_0.jpg,digital_3,huawei,0.0299046587725699,190548,0.3865010391082562,False,0.3865010391082562,0.3865010391082562,0.0,0.04533240968155006,True,0.04533240968155006,0.04533240968155006,0.0
test/attack/digital_3/huawei/persian-01_0092_000-fad05fcd_1.jpg,digital_3,huawei,0.0258428961266897,167092,0.4231441361645082,False,0.4231441361645082,0.4231441361645082,0.0,0.07082924376989921,False,0.07082924376989921,0.07082924376989921,0.0
test/attack/digital_3/huawei/persian-01_0096_000-75b0e83b_0.jpg,digital_3,huawei,0.0265546281058487,168330,0.5058456603101051,False,0.5058456603101051,0.5058456603101051,0.0,0.1172518267688469,True,0.1172518267688469,0.1172518267688469,0.0
test/attack/digital_3/huawei/persian-01_0200_000-78393150_0.jpg,digital_3,huawei,0.0260577975236799,166218,0.5116232898964012,False,0.5116232898964012,0.5116232898964012,0.0,0.0,True,0.0,0.0,0.0
test/attack/digital_3/huawei/persian-045_03.jpg,digital_3,huawei,0.0287762413853191,180330,0.41212776576276827,False,0.41212776576276827,0.41212776576276827,0.0,0.0,True,0.0,0.0,0.0
test/attack/digital_3/huawei/persian-069_03.jpg,digital_3,huawei,0.0276305239898989,175067,0.41760583091045145,False,0.41760583091045145,0.41760583091045145,0.0,0.0,True,0.0,0.0,0.0
test/attack/digital_3/huawei/persian-087_03.jpg,digital_3,huawei,0.0260482779917307,164657,0.4552797633869195,False,0.4552797633869195,0.4552797633869195,0.0,0.0,True,0.0,0.0,0.0
test/attack/digital_3/huawei/persian-144_03.jpg,digital_3,huawei,0.0260822708667394,149809,0.41438765361226626,False,0.41438765361226626,0.41438765361226626,0.0,0.0,True,0.0,0.0,0.0
test/attack/digital_3/huawei/persian-NF-1034.jpg,digital_3,huawei,0.0282078370501773,178093,0.4059564384900024,False,0.4059564384900024,0.4059564384900024,0.0,0.013099897244697995,False,0.013099897244697995,0.013099897244697995,0.0
test/attack/digital_3/huawei/persian-NF-1079.jpg,digital_3,huawei,0.0266253913632132,169911,0.4508301404853129,False,0.4508301404853129,0.4508301404853129,0.0,0.09263673334863547,False,0.09263673334863547,0.09263673334863547,0.0
test/attack/digital_3/huawei/persian-NF-1097.jpg,digital_3,huawei,0.0229252772786232,145669,0.4285400462692817,False,0.4285400462692817,0.4285400462692817,0.0,0.0,True,0.0,0.0,0.0
test/attack/digital_3/huawei/persian-NM-1010.jpg,digital_3,huawei,0.0294647916835323,185622,0.3723211688269709,False,0.3723211688269709,0.3723211688269709,0.0,0.04587818254301753,True,0.04587818254301753,0.04587818254301753,0.0
test/attack/digital_3/huawei/persian-NM-1035.jpg,digital_3,huawei,0.0270468895362137,170250,0.45238766519823786,True,0.45238766519823786,0.45238766519823786,0.0,0.030138032305433188,True,0.030138032305433188,0.030138032305433188,0.0
test/attack/digital_3/huawei/persian-NM-1074.jpg,digital_3,huawei,0.0303118819924499,191041,0.4441612009987385,False,0.4441612009987385,0.4441612009987385,0.0,0.008992833998984512,True,0.008992833998984512,0.008992833998984512,0.0
test/attack/digital_3/huawei/portugal-004_03.jpg,digital_3,huawei,0.0340888994389051,216273,0.5141372247113601,False,0.5141372247113601,0.5141372247113601,0.0,0.0,True,0.0,0.0,0.0
test/attack/digital_3/huawei/portugal-017_03.jpg,digital_3,huawei,0.0341990715539024,217185,0.4959182263968506,False,0.4959182263968506,0.4959182263968506,0.0,0.0,True,0.0,0.0,0.0
test/attack/digital_3/huawei/portugal-01_0014_000-6f7ea414_0.jpg,digital_3,huawei,0.0317338158512145,202212,0.5494085415306708,False,0.5494085415306708,0.5494085415306708,0.0,0.015671671315253297,False,0.015671671315253297,0.015671671315253297,0.0
test/attack/digital_3/huawei/portugal-026_03.jpg,digital_3,huawei,0.039356104996925,247336,0.5244040495520264,False,0.5244040495520264,0.5244040495520264,0.0,0.0,True,0.0,0.0,0.0
test/attack/digital_3/huawei/portugal-029_03.jpg,digital_3,huawei,0.0372123914796717,235320,0.49912884582695904,False,0.49912884582695904,0.49912884582695904,0.0,0.04987676355600884,True,0.04987676355600884,0.04987676355600884,0.0
test/attack/digital_3/huawei/portugal-042_03.jpg,digital_3,huawei,0.0345320112664454,217323,0.5036282399930058,True,0.5036282399930058,0.5036282399930058,0.0,9.202891548524547e-06,True,9.202891548524547e-06,9.202891548524547e-06,0.0
test/attack/digital_3/huawei/portugal-061_03.jpg,digital_3,huawei,0.0341393082909703,215330,0.600905586773789,False,0.600905586773789,0.600905586773789,0.0,0.0,True,0.0,0.0,0.0
test/attack/digital_3/huawei/portugal-066_03.jpg,digital_3,huawei,0.0332999391776979,214892,0.4148176758557787,False,0.4148176758557787,0.4148176758557787,0.0,0.024198201887459747,True,0.024198201887459747,0.024198201887459747,0.0
test/attack/digital_3/huawei/portugal-070_03.jpg,digital_3,huawei,0.0298194650408606,170237,0.5285572466620065,False,0.5285572466620065,0.5285572466620065,0.0,0.0,True,0.0,0.0,0.0
test/attack/digital_3/huawei/portugal-105_03.jpg,digital_3,huawei,0.0386236634419551,242742,0.586598116518773,False,0.586598116518773,0.586598116518773,0.0,0.0,True,0.0,0.0,0.0
test/attack/digital_3/huawei/portugal-119_03.jpg,digital_3,huawei,0.035953154703341,227916,0.5508301303989189,False,0.5508301303989189,0.5508301303989189,0.0,0.04329665315291599,False,0.04329665315291599,0.04329665315291599,0.0
test/attack/digital_3/huawei/portugal-125_03.jpg,digital_3,huawei,0.0341108547506609,194398,0.5134106317966234,False,0.5134106317966234,0.5134106317966234,0.0,0.2116791325013632,False,0.2116791325013632,0.2116791325013632,0.0
test/attack/digital_3/huawei/portugal-NF-1022.jpg,digital_3,huawei,0.0344290463983157,216456,0.40921480578038955,False,0.40921480578038955,0.40921480578038955,0.0,0.18716967882618177,False,0.18716967882618177,0.18716967882618177,0.0
test/attack/digital_3/huawei/portugal-NF-1024.jpg,digital_3,huawei,0.0324247445056745,205797,0.5949600820225757,False,0.5949600820225757,0.5949600820225757,0.0,0.025758392979489498,True,0.025758392979489498,0.025758392979489498,0.0
test/attack/digital_3/huawei/portugal-NF-1060.jpg,digital_3,huawei,0.0387352654227015,246555,0.42324836243434527,False,0.42324836243434527,0.42324836243434527,0.0,0.09047474194398816,True,0.09047474194398816,0.09047474194398816,0.0
test/attack/digital_3/huawei/portugal-NF-1066.jpg,digital_3,huawei,0.032073600649401,183808,0.5508084522980501,False,0.5508084522980501,0.5508084522980501,0.0,0.0,True,0.0,0.0,0.0
test/attack/digital_3/huawei/portugal-NF-1105.jpg,digital_3,huawei,0.0370206336703602,237726,0.4966474007891438,False,0.4966474007891438,0.4966474007891438,0.0,0.0,True,0.0,0.0,0.0
test/attack/digital_3/huawei/portugal-NF-1109.jpg,digital_3,huawei,0.0333230992940396,212298,0.619577198089478,False,0.619577198089478,0.619577198089478,0.0,0.0,True,0.0,0.0,0.0
test/attack/digital_3/huawei/portugal-NM-1102.jpg,digital_3,huawei,0.037914391645148,244733,0.6005360944376116,False,0.6005360944376116,0.6005360944376116,0.0,0.01380279733423772,False,0.01380279733423772,0.01380279733423772,0.0
test/attack/digital_3/huawei/russian-002_03.jpg,digital_3,huawei,0.029969158463927,188085,0.5621873089294733,False,0.5621873089294733,0.5621873089294733,0.0,0.0861472206715049,True,0.0861472206715049,0.0861472206715049,0.0
test/attack/digital_3/huawei/russian-01_0030_000-0bc18d73_0.jpg,digital_3,huawei,0.0211209126989879,134041,0.5994136122529674,False,0.5994136122529674,0.5994136122529674,0.0,0.0,True,0.0,0.0,0.0
test/attack/digital_3/huawei/russian-01_0201_000-2ea0ec28_0.jpg,digital_3,huawei,0.0290184214678246,183189,0.5801876750241554,False,0.5801876750241554,0.5801876750241554,0.0,0.0,True,0.0,0.0,0.0
test/attack/digital_3/huawei/russian-027_03.jpg,digital_3,huawei,0.0200899152275253,127155,0.415650190712123,False,0.415650190712123,0.415650190712123,0.0,0.0,False,0.0,0.0,0.0
test/attack/digital_3/huawei/russian-062_03.jpg,digital_3,huawei,0.0272508822299166,172320,0.41431058495821727,False,0.41431058495821727,0.41431058495821727,0.0,0.1979456824512535,True,0.1979456824512535,0.1979456824512535,0.0
test/attack/digital_3/huawei/russian-082_03.jpg,digital_3,huawei,0.0286097139453698,181716,0.5438321336591164,False,0.5438321336591164,0.5438321336591164,0.0,0.0,True,0.0,0.0,0.0
test/attack/digital_3/huawei/russian-123_03.jpg,digital_3,huawei,0.0268017372433607,169989,0.4898081640576743,False,0.4898081640576743,0.4898081640576743,0.0,0.004241450917412303,False,0.004241450917412303,0.004241450917412303,0.0
test/attack/digital_3/huawei/russian-132_03.jpg,digital_3,huawei,0.0211210128216078,133530,0.4124765970193964,False,0.4124765970193964,0.4124765970193964,0.0,0.0,True,0.0,0.0,0.0
test/attack/digital_3/huawei/russian-NF-1013.jpg,digital_3,huawei,0.0201583552918066,126840,0.5425260170293282,False,0.5425260170293282,0.5425260170293282,0.0,0.03620309050772627,True,0.03620309050772627,0.03620309050772627,0.0
test/attack/digital_3/huawei/russian-NF-1028.jpg,digital_3,huawei,0.0287459922499983,184820,0.4267124770046532,False,0.4267124770046532,0.4267124770046532,0.0,0.0,True,0.0,0.0,0.0
test/attack/digital_3/huawei/russian-NF-1069.jpg,digital_3,huawei,0.0197398308146066,124318,0.43276114480606187,False,0.43276114480606187,0.43276114480606187,0.0,0.0,True,0.0,0.0,0.0
test/attack/digital_3/huawei/russian-NF-1089.jpg,digital_3,huawei,0.0218979733650008,142061,0.35989469312478445,False,0.35989469312478445,0.35989469312478445,0.0,0.0,False,0.0,0.0,0.0
test/attack/digital_3/huawei/russian-NM-1027.jpg,digital_3,huawei,0.0272816475619508,173160,0.5224070224070224,False,0.5224070224070224,0.5224070224070224,0.0,0.06388888888888888,False,0.06388888888888888,0.06388888888888888,0.0
test/attack/digital_3/huawei/turkiye-008_03.jpg,digital_3,huawei,0.026432371189538,165804,0.4147427082579431,False,0.4147427082579431,0.4147427082579431,0.0,0.2442944681672336,False,0.2442944681672336,0.2442944681672336,0.0
test/attack/digital_3/huawei/turkiye-01_0035_000-d4764bf3_0.jpg,digital_3,huawei,0.0266159851250849,169284,0.4835838000047258,False,0.4835838000047258,0.4835838000047258,0.0,0.1335448122681411,False,0.1335448122681411,0.1335448122681411,0.0
test/attack/digital_3/huawei/turkiye-01_0081_000-e5c4342a_1.jpg,digital_3,huawei,0.0247197314762133,155541,0.47544377366739315,False,0.47544377366739315,0.47544377366739315,0.0,0.12559389485730452,False,0.12559389485730452,0.12559389485730452,0.0
test/attack/digital_3/huawei/turkiye-01_0085_000-65296866_0.jpg,digital_3,huawei,0.0257920154092579,163470,0.5204012968740441,False,0.5204012968740441,0.5204012968740441,0.0,0.03887563467302869,True,0.03887563467302869,0.03887563467302869,0.0
test/attack/digital_3/huawei/turkiye-01_0088_000-3739c168_0.jpg,digital_3,huawei,0.0274832987752514,173490,0.4208715199723327,False,0.4208715199723327,0.4208715199723327,0.0,0.10711280189059888,True,0.10711280189059888,0.10711280189059888,0.0
test/attack/digital_3/huawei/turkiye-01_0090_000-6238b878_0.jpg,digital_3,huawei,0.0236845599393019,149838,0.4960757618227686,False,0.4960757618227686,0.4960757618227686,0.0,0.0,True,0.0,0.0,0.0
test/attack/digital_3/huawei/turkiye-01_0093_000-330a7661_0.jpg,digital_3,huawei,0.0254396257725627,146019,0.40394058307480535,False,0.40394058307480535,0.40394058307480535,0.0,0.0888514508385895,True,0.0888514508385895,0.0888514508385895,0.0
test/attack/digital_3/huawei/turkiye-031_03.jpg,digital_3,huawei,0.0272462880759222,171948,0.5507246376811594,False,0.5507246376811594,0.5507246376811594,0.0,0.07601135226929072,True,0.07601135226929072,0.07601135226929072,0.0
test/attack/digital_3/huawei/turkiye-032_03.jpg,digital_3,huawei,0.0263486938567454,166496,0.5090032192965597,False,0.5090032192965597,0.5090032192965597,0.0,0.10244690563136652,True,0.10244690563136652,0.10244690563136652,0.0
test/attack/digital_3/huawei/turkiye-036_03.jpg,digital_3,huawei,0.0265496838960551,167271,0.4682700527885886,False,0.4682700527885886,0.4682700527885886,0.0,0.07463337936641737,False,0.07463337936641737,0.07463337936641737,0.0
test/attack/digital_3/huawei/turkiye-041_03.jpg,digital_3,huawei,0.0245453597299654,155325,0.48393368742958315,False,0.48393368742958315,0.48393368742958315,0.0,0.0,True,0.0,0.0,0.0
test/attack/digital_3/huawei/turkiye-086_03.jpg,digital_3,huawei,0.0258319390455632,163902,0.46052519188295443,True,0.46052519188295443,0.46052519188295443,0.0,0.0,True,0.0,0.0,0.0
test/attack/digital_3/huawei/turkiye-092_03.jpg,digital_3,huawei,0.0248504591550581,142095,0.3995355220099229,False,0.3995355220099229,0.3995355220099229,0.0,0.0,True,0.0,0.0,0.0
test/attack/digital_3/huawei/turkiye-101_03.jpg,digital_3,huawei,0.0259097684202984,164895,0.423657479001789,False,0.423657479001789,0.423657479001789,0.0,0.038909609145213624,True,0.038909609145213624,0.038909609145213624,0.0
test/attack/digital_3/huawei/turkiye-104_03.jpg,digital_3,huawei,0.0263083301356642,166878,0.4249152075168686,False,0.4249152075168686,0.4249152075168686,0.0,0.1574503529524563,False,0.1574503529524563,0.1574503529524563,0.0
test/attack/digital_3/huawei/turkiye-115_03.jpg,digital_3,huawei,0.0251389572796111,163164,0.41533058762962416,False,0.41533058762962416,0.41533058762962416,0.0,0.0,True,0.0,0.0,0.0
test/attack/digital_3/huawei/turkiye-121_03.jpg,digital_3,huawei,0.0237800645123949,137227,0.4358325985411034,False,0.4358325985411034,0.4358325985411034,0.0,0.0,True,0.0,0.0,0.0
test/attack/digital_3/huawei/turkiye-126_03.jpg,digital_3,huawei,0.0253356574841722,160972,0.5140148597271575,False,0.5140148597271575,0.5140148597271575,0.0,0.0,True,0.0,0.0,0.0
test/attack/digital_3/huawei/turkiye-127_03.jpg,digital_3,huawei,0.0265313096945053,169086,0.3793986492080953,False,0.3793986492080953,0.3793986492080953,0.0,0.039920513821369005,True,0.039920513821369005,0.039920513821369005,0.0
test/attack/digital_3/huawei/turkiye-NF-1008.jpg,digital_3,huawei,0.0253086064504956,146442,0.4044399830649677,False,0.4044399830649677,0.4044399830649677,0.0,0.0,True,0.0,0.0,0.0
test/attack/digital_3/huawei/turkiye-NF-1103.jpg,digital_3,huawei,0.0248615832711073,155420,0.48163685497361985,False,0.48163685497361985,0.48163685497361985,0.0,0.0,True,0.0,0.0,0.0
test/attack/digital_3/huawei/turkiye-NM-1011.jpg,digital_3,huawei,0.0250931373279033,144908,0.47906947856571064,False,0.47906947856571064,0.47906947856571064,0.0,0.059589532669003784,False,0.059589532669003784,0.059589532669003784,0.0
test/attack/digital_3/huawei/turkiye-NM-1019.jpg,digital_3,huawei,0.024671976174582,140998,0.44277223790408377,False,0.44277223790408377,0.44277223790408377,0.0,0.09590206953290117,True,0.09590206953290117,0.09590916183208273,7.09229918155474e-06
test/attack/digital_3/huawei/turkiye-NM-1033.jpg,digital_3,huawei,0.0267338270333413,169446,0.47939756618627766,False,0.47939756618627766,0.47939756618627766,0.0,0.0,True,0.0,0.0,0.0
test/attack/digital_3/huawei/turkiye-NM-1055.jpg,digital_3,huawei,0.0262052364059669,167124,0.480188363131567,False,0.480188363131567,0.480188363131567,0.0,0.05318206840429861,True,0.05317608482324501,0.05318206840429861,5.9835810535951994e-06
test/attack/digital_3/huawei/ukraine-006_03.jpg,digital_3,huawei,0.0251717438750439,160002,0.38689516381045236,False,0.38689516381045236,0.38689516381045236,0.0,0.0,True,0.0,0.0,0.0
test/attack/digital_3/huawei/ukraine-007_03.jpg,digital_3,huawei,0.0255352497863854,162035,0.5068534575863239,False,0.5068534575863239,0.5068534575863239,0.0,0.0,True,0.0,0.0,0.0
test/attack/digital_3/huawei/ukraine-01_0018_000-aad4322e_0.jpg,digital_3,huawei,0.0233019134305154,146316,0.5112906312365019,False,0.5112906312365019,0.5112906312365019,0.0,0.16031739522676947,False,0.16031739522676947,0.16031739522676947,0.0
test/attack/digital_3/huawei/ukraine-01_0073_000-d23bdbae_1.jpg,digital_3,huawei,0.0224949107196162,142801,0.47552888285096045,False,0.47552888285096045,0.47552888285096045,0.0,0.09006239452104677,True,0.09006239452104677,0.09006239452104677,0.0
test/attack/digital_3/huawei/ukraine-01_0077_000-a3228552_1.jpg,digital_3,huawei,0.0230105369172877,145035,0.436618747198952,False,0.436618747198952,0.436618747198952,0.0,0.0,True,0.0,0.0,0.0
test/attack/digital_3/huawei/ukraine-01_0083_000-21b44038_0.jpg,digital_3,huawei,0.0250683544782826,158982,0.4343950887521858,False,0.4343950887521858,0.4343950887521858,0.0,0.0,True,0.0,0.0,0.0
test/attack/digital_3/huawei/ukraine-025_03.jpg,digital_3,huawei,0.023371926557822,151274,0.35631370889908376,False,0.35631370889908376,0.35631370889908376,0.0,0.1075267395586816,True,0.1075267395586816,0.1075267395586816,0.0
test/attack/digital_3/huawei/ukraine-NF-1005.jpg,digital_3,huawei,0.0233401692035433,148138,0.48971229529222754,False,0.48971229529222754,0.48971229529222754,0.0,0.0,True,0.0,0.0,0.0
test/attack/digital_3/huawei/ukraine-NF-1015.jpg,digital_3,huawei,0.0246264204683642,156946,0.38550201980298954,False,0.38550201980298954,0.38550201980298954,0.0,0.0,True,0.0,0.0,0.0
test/attack/digital_3/huawei/ukraine-NF-1021.jpg,digital_3,huawei,0.0241509867362695,153505,0.4760431256310869,False,0.4760431256310869,0.4760431256310869,0.0,0.05263672193088173,True,0.05263672193088173,0.05263672193088173,0.0
test/attack/digital_3/huawei/ukraine-NF-1068.jpg,digital_3,huawei,0.0234217565058686,148864,0.5336481620808254,False,0.5336481620808254,0.5336481620808254,0.0,0.0,True,0.0,0.0,0.0
test/attack/digital_3/huawei/ukraine-NF-1073.jpg,digital_3,huawei,0.0230666359897615,144369,0.44948707825087103,False,0.44948707825087103,0.44948707825087103,0.0,0.0,True,0.0,0.0,0.0
test/attack/digital_3/huawei/ukraine-NF-1077.jpg,digital_3,huawei,0.0278687216031328,175266,0.39816621592322526,False,0.39816621592322526,0.39816621592322526,0.0,0.07803567149361541,True,0.07803567149361541,0.07803567149361541,0.0
test/attack/digital_3/huawei/ukraine-NF-1084.jpg,digital_3,huawei,0.0231591186265031,146600,0.5398772169167804,False,0.5398772169167804,0.5398772169167804,0.0,0.0,True,0.0,0.0,0.0
test/attack/digital_3/huawei/ukraine-NF-1087.jpg,digital_3,huawei,0.0252946674203761,159165,0.4724593974806019,False,0.4724593974806019,0.4724593974806019,0.0,0.0,True,0.0,0.0,0.0
test/attack/digital_3/huawei/ukraine-NM-1007.jpg,digital_3,huawei,0.0216045612954524,124172,0.4038430564056309,False,0.4038430564056309,0.4038430564056309,0.0,0.0,True,0.0,0.0,0.0
test/attack/digital_3/huawei/usa-011_03.jpg,digital_3,huawei,0.0287451895181821,182067,0.3754716670236781,False,0.3754716670236781,0.3754716670236781,0.0,0.0,True,0.0,0.0,0.0
test/attack/digital_3/huawei/usa-016_03.jpg,digital_3,huawei,0.0288589393138015,186824,0.2700241938937182,False,0.2700241938937182,0.2700241938937182,0.0,0.0,True,0.0,0.0,0.0
test/attack/digital_3/huawei/usa-01_0038_000-0ee87df5_0.jpg,digital_3,huawei,0.0306471613031523,199576,0.3941055036677757,False,0.3941055036677757,0.3941055036677757,0.0,0.0,True,0.0,0.0,0.0
test/attack/digital_3/huawei/usa-01_0080_000-0c832328_1.jpg,digital_3,huawei,0.0297907306182544,188092,0.5399910682006678,False,0.5399910682006678,0.5399910682006678,0.0,0.0,True,0.0,0.0,0.0
test/attack/digital_3/huawei/usa-043_03.jpg,digital_3,huawei,0.0287010405023237,180972,0.4480251088566187,False,0.4480251088566187,0.4480251088566187,0.0,0.0,True,0.0,0.0,0.0
test/attack/digital_3/huawei/usa-063_03.jpg,digital_3,huawei,0.0252148753691963,163229,0.3390512715265057,False,0.3390512715265057,0.3390512715265057,0.0,0.0,True,0.0,0.0,0.0
test/attack/digital_3/huawei/usa-067_03.jpg,digital_3,huawei,0.0258639150250623,150128,0.4238050197165086,False,0.4238050197165086,0.4238050197165086,0.0,0.09555179580091655,True,0.09555179580091655,0.09555179580091655,0.0
test/attack/digital_3/huawei/usa-117_03.jpg,digital_3,huawei,0.0252106152660795,159120,0.3759049773755656,False,0.3759049773755656,0.3759049773755656,0.0,0.0,True,0.0,0.0,0.0
test/attack/digital_3/huawei/usa-136_03.jpg,digital_3,huawei,0.026165624413887,169642,0.3879345916695158,False,0.3879345916695158,0.3879345916695158,0.0,0.0,True,0.0,0.0,0.0
test/attack/digital_3/huawei/usa-137_03.jpg,digital_3,huawei,0.028598761132964,183675,0.45989927861712265,False,0.45989927861712265,0.45989927861712265,0.0,0.0,True,0.0,0.0,0.0
test/attack/digital_3/huawei/usa-NF-1004.jpg,digital_3,huawei,0.026845995933617,171954,0.11698477499796457,True,0.1169789594891657,0.11698477499796457,5.8155087988703835e-06,0.054154017935029136,False,0.054154017935029136,0.054154017935029136,0.0
test/attack/digital_3/huawei/usa-NF-1036.jpg,digital_3,huawei,0.0315843989505391,201618,0.38572944875953535,False,0.38572944875953535,0.38572944875953535,0.0,0.0,True,0.0,0.0,0.0
test/attack/digital_3/huawei/usa-NF-1046.jpg,digital_3,huawei,0.0287549939026697,186164,0.3337165080251821,False,0.3337165080251821,0.3337165080251821,0.0,0.0,True,0.0,0.0,0.0
test/attack/digital_3/huawei/usa-NF-1065.jpg,digital_3,huawei,0.0247987169394866,143273,0.4520181750923063,False,0.4520181750923063,0.4520181750923063,0.0,0.08931899241308551,True,0.08931899241308551,0.08931899241308551,0.0
test/attack/digital_3/huawei/usa-NF-1071.jpg,digital_3,huawei,0.0282190189912385,180584,0.37092987197093874,False,0.37092987197093874,0.37092987197093874,0.0,0.0,True,0.0,0.0,0.0
test/attack/digital_3/huawei/usa-NF-1076.jpg,digital_3,huawei,0.0327000759248398,205956,0.45256268329157684,False,0.45256268329157684,0.45256268329157684,0.0,0.0,True,0.0,0.0,0.0
test/attack/digital_3/huawei/usa-NF-1093.jpg,digital_3,huawei,0.0279408574927924,162566,0.42260989382773767,False,0.42260989382773767,0.42260989382773767,0.0,0.0,True,0.0,0.0,0.0
test/attack/digital_3/huawei/usa-NF-1094.jpg,digital_3,huawei,0.0273292091004866,174321,0.4141038658566667,False,0.4141038658566667,0.4141038658566667,0.0,0.0,True,0.0,0.0,0.0
test/attack/digital_3/huawei/usa-NM-1052.jpg,digital_3,huawei,0.0332253451407874,214050,0.5114272366269563,False,0.5114272366269563,0.5114272366269563,0.0,0.0,True,0.0,0.0,0.0
test/attack/digital_3/iphone15pro/arabic-003_03.jpg,digital_3,iphone15pro,0.0427677444602646,179774,0.49776942160712895,False,0.49776942160712895,0.49776942160712895,0.0,0.004961785352720638,True,0.004961785352720638,0.004961785352720638,0.0
test/attack/digital_3/iphone15pro/arabic-01_0002_000-c7338db1_1.jpg,digital_3,iphone15pro,0.0358762436485048,175844,0.5032415095198016,False,0.5032415095198016,0.5032415095198016,0.0,0.0,True,0.0,0.0,0.0
test/attack/digital_3/iphone15pro/arabic-01_0076_000-fd5000df_1.jpg,digital_3,iphone15pro,0.0371097855359957,180787,0.6570549873608169,False,0.6570549873608169,0.6570549873608169,0.0,0.0,True,0.0,0.0,0.0
test/attack/digital_3/iphone15pro/arabic-024_03.jpg,digital_3,iphone15pro,0.0370244113274377,179206,0.5797462138544468,False,0.5797462138544468,0.5797462138544468,0.0,0.0,True,0.0,0.0,0.0
test/attack/digital_3/iphone15pro/arabic-112_03.jpg,digital_3,iphone15pro,0.0348152229191388,170872,0.6384779249964886,False,0.6384779249964886,0.6384779249964886,0.0,0.0,True,0.0,0.0,0.0
test/attack/digital_3/iphone15pro/arabic-173_03.jpg,digital_3,iphone15pro,0.0377441721554952,187042,0.6601886207375883,False,0.6601886207375883,0.6601886207375883,0.0,0.0,True,0.0,0.0,0.0
test/attack/digital_3/iphone15pro/arabic-NF-1003.jpg,digital_3,iphone15pro,0.0369647019997185,182794,0.5602536188277515,False,0.5602536188277515,0.5602536188277515,0.0,0.02139019880302417,False,0.02139019880302417,0.02139019880302417,0.0
test/attack/digital_3/iphone15pro/arabic-NF-1012.jpg,digital_3,iphone15pro,0.0358530534083116,176142,0.5918122878132416,False,0.5918122878132416,0.5918122878132416,0.0,0.0,True,0.0,0.0,0.0
test/attack/digital_3/iphone15pro/arabic-NF-1030.jpg,digital_3,iphone15pro,0.0351009648293621,172298,0.5448351112607227,False,0.5448351112607227,0.5448351112607227,0.0,0.0,True,0.0,0.0,0.0
test/attack/digital_3/iphone15pro/arabic-NF-1045.jpg,digital_3,iphone15pro,0.038071394479958,186496,0.5811599176389842,False,0.5811599176389842,0.5811599176389842,0.0,0.0,True,0.0,0.0,0.0
test/attack/digital_3/iphone15pro/arabic-NF-1048.jpg,digital_3,iphone15pro,0.0397801184724893,167854,0.503145590811062,False,0.503145590811062,0.503145590811062,0.0,0.0,True,0.0,0.0,0.0
test/attack/digital_3/iphone15pro/arabic-NF-1098.jpg,digital_3,iphone15pro,0.0349514811612668,147474,0.6079851363630199,False,0.6079851363630199,0.6079851363630199,0.0,0.0,True,0.0,0.0,0.0
test/attack/digital_3/iphone15pro/arabic-NF-1100.jpg,digital_3,iphone15pro,0.0364128473475279,177584,0.591100549599063,False,0.591100549599063,0.591100549599063,0.0,0.07097486260023425,True,0.07097486260023425,0.07098049373817461,5.631137940359521e-06
test/attack/digital_3/iphone15pro/arabic-NM-1064.jpg,digital_3,iphone15pro,0.0419476749581766,207916,0.7070066757729083,False,0.7070066757729083,0.7070066757729083,0.0,0.0,True,0.0,0.0,0.0
test/attack/digital_3/iphone15pro/arabic-NM-1090.jpg,digital_3,iphone15pro,0.0326627685767961,159640,0.5245865697820096,False,0.5245865697820096,0.5245865697820096,0.0,0.0,True,0.0,0.0,0.0
test/attack/digital_3/iphone15pro/chinese-001_03.jpg,digital_3,iphone15pro,0.0266101318126844,130474,0.41499455830280363,False,0.41499455830280363,0.41499455830280363,0.0,0.0,True,0.0,0.0,0.0
test/attack/digital_3/iphone15pro/chinese-01_0003_000-98e8eaef_0.jpg,digital_3,iphone15pro,0.0250652048258719,122722,0.4773227294209677,False,0.4773227294209677,0.4773227294209677,0.0,0.0,True,0.0,0.0,0.0
test/attack/digital_3/iphone15pro/chinese-01_0012_000-48c56e4b_0.jpg,digital_3,iphone15pro,0.0276693634110084,137180,0.4557296982067357,False,0.4557296982067357,0.4557296982067357,0.0,0.0,True,0.0,0.0,0.0
test/attack/digital_3/iphone15pro/chinese-01_0022_000-3b9715ed_0.jpg,digital_3,iphone15pro,0.0274349626788242,134061,0.531392425836,False,0.531392425836,0.531392425836,0.0,0.0,True,0.0,0.0,0.0
test/attack/digital_3/iphone15pro/chinese-01_0084_000-ba83f345_1.jpg,digital_3,iphone15pro,0.0256099105009676,124600,0.45548154093097915,False,0.45548154093097915,0.45548154093097915,0.0,0.0,True,0.0,0.0,0.0
test/attack/digital_3/iphone15pro/chinese-01_0086_000-5a7ac9e6_1.jpg,digital_3,iphone15pro,0.0279447306883416,136806,0.43515635279154424,False,0.43515635279154424,0.43515635279154424,0.0,0.004685467011680774,True,0.004685467011680774,0.004685467011680774,0.0
test/attack/digital_3/iphone15pro/chinese-020_03.jpg,digital_3,iphone15pro,0.0244248602326717,120449,0.47520527360127524,False,0.47520527360127524,0.47520527360127524,0.0,0.0,True,0.0,0.0,0.0
test/attack/digital_3/iphone15pro/chinese-064_03.jpg,digital_3,iphone15pro,0.0260661708604059,129821,0.5549795487632971,False,0.5549795487632971,0.5549795487632971,0.0,0.0,True,0.0,0.0,0.0
test/attack/digital_3/iphone15pro/chinese-099_03.jpg,digital_3,iphone15pro,0.0270507222629191,134710,0.502100809145572,False,0.502100809145572,0.502100809145572,0.0,0.0,True,0.0,0.0,0.0
test/attack/digital_3/iphone15pro/chinese-102_03.jpg,digital_3,iphone15pro,0.0260630976322764,128455,0.46399128099334397,False,0.46399128099334397,0.46399128099334397,0.0,0.0,True,0.0,0.0,0.0
test/attack/digital_3/iphone15pro/chinese-107_03.jpg,digital_3,iphone15pro,0.0263152213143536,129199,0.4160481118274909,False,0.4160481118274909,0.4160481118274909,0.0,0.0,True,0.0,0.0,0.0
test/attack/digital_3/iphone15pro/chinese-113_03.jpg,digital_3,iphone15pro,0.0263761444675885,130300,0.4918188795088258,False,0.4918188795088258,0.4918188795088258,0.0,0.0,True,0.0,0.0,0.0
test/attack/digital_3/iphone15pro/chinese-NF-1042.jpg,digital_3,iphone15pro,0.0265422132466586,120074,0.4616819627896131,False,0.4616819627896131,0.4616819627896131,0.0,0.0,True,0.0,0.0,0.0
test/attack/digital_3/iphone15pro/chinese-NF-1050.jpg,digital_3,iphone15pro,0.027539270662248,136018,0.5247026128894705,False,0.5247026128894705,0.5247026128894705,0.0,0.0,True,0.0,0.0,0.0
test/attack/digital_3/iphone15pro/chinese-NF-1072.jpg,digital_3,iphone15pro,0.0264882057148884,130585,0.45364322089060766,False,0.45364322089060766,0.45364322089060766,0.0,0.0,True,0.0,0.0,0.0
test/attack/digital_3/iphone15pro/chinese-NF-1085.jpg,digital_3,iphone15pro,0.0272765886344121,134023,0.38141960708236644,False,0.38141960708236644,0.38141960708236644,0.0,0.0,True,0.0,0.0,0.0
test/attack/digital_3/iphone15pro/chinese-NF-1088.jpg,digital_3,iphone15pro,0.0302681422633841,128244,0.41767256167929884,False,0.41767256167929884,0.41767256167929884,0.0,0.0,True,0.0,0.0,0.0
test/attack/digital_3/iphone15pro/chinese-NF-1101.jpg,digital_3,iphone15pro,0.0293998217292265,124677,0.43770703497838415,False,0.43770703497838415,0.43770703497838415,0.0,0.0,True,0.0,0.0,0.0
test/attack/digital_3/iphone15pro/chinese-NM-1092.jpg,digital_3,iphone15pro,0.0268349959950484,132669,0.45960246930330373,False,0.45960246930330373,0.45960246930330373,0.0,0.0,True,0.0,0.0,0.0
test/attack/digital_3/iphone15pro/french-019_03.jpg,digital_3,iphone15pro,0.0270334151398769,132788,0.5572491490194897,False,0.5572491490194897,0.5572491490194897,0.0,0.0,True,0.0,0.0,0.0
test/attack/digital_3/iphone15pro/french-01_0006_000-f9f1aca7_0.jpg,digital_3,iphone15pro,0.0255421499322406,128070,0.5743109237135942,True,0.5743109237135942,0.5743109237135942,0.0,0.006324666198172874,True,0.006324666198172874,0.006324666198172874,0.0
test/attack/digital_3/iphone15pro/french-01_0029_000-d00491e2_1.jpg,digital_3,iphone15pro,0.0249550124594751,124560,0.5022800256904303,False,0.5022800256904303,0.5022800256904303,0.0,0.0,True,0.0,0.0,0.0
test/attack/digital_3/iphone15pro/french-01_0094_000-51fbbc37_0.jpg,digital_3,iphone15pro,0.0244238242299811,120328,0.40626454358087893,False,0.40626454358087893,0.40626454358087893,0.0,0.00378133102852204,True,0.00378133102852204,0.00378133102852204,0.0
test/attack/digital_3/iphone15pro/french-033_03.jpg,digital_3,iphone15pro,0.0264967511448917,132612,0.6528217657527222,False,0.6528217657527222,0.6528217657527222,0.0,0.003747775465267095,True,0.003747775465267095,0.003747775465267095,0.0
test/attack/digital_3/iphone15pro/french-044_03.jpg,digital_3,iphone15pro,0.023767747962465,119070,0.49358360628201897,False,0.49358360628201897,0.49358360628201897,0.0,0.02307886117409927,True,0.023070462753002435,0.023087259595196103,1.679684219366845e-05
test/attack/digital_3/iphone15pro/french-068_03.jpg,digital_3,iphone15pro,0.0253771983573013,126900,0.545839243498818,False,0.545839243498818,0.545839243498818,0.0,0.00764381402679275,True,0.00764381402679275,0.00764381402679275,0.0
test/attack/digital_3/iphone15pro/french-091_03.jpg,digital_3,iphone15pro,0.0262115028095943,131319,0.5370890731729605,False,0.5370890731729605,0.5370890731729605,0.0,0.037412712554923504,True,0.037412712554923504,0.03742032759920499,7.6150442814837405e-06
test/attack/digital_3/iphone15pro/french-118_03.jpg,digital_3,iphone15pro,0.026163739674781,131120,0.5520439292251372,False,0.5520439292251372,0.5520439292251372,0.0,0.024191580231848687,True,0.024191580231848687,0.024191580231848687,0.0
test/attack/digital_3/iphone15pro/french-124_03.jpg,digital_3,iphone15pro,0.0281446665877096,138780,0.5207162415333622,False,0.5207162415333622,0.5207162415333622,0.0,0.0,True,0.0,0.0,0.0
test/attack/digital_3/iphone15pro/french-135_03.jpg,digital_3,iphone15pro,0.0269561357733671,134823,0.5745236346914102,False,0.5745236346914102,0.5745236346914102,0.0,0.014218642219799292,True,0.014218642219799292,0.014218642219799292,0.0
test/attack/digital_3/iphone15pro/french-NF-1020.jpg,digital_3,iphone15pro,0.0252068091646695,124511,0.48658351470954375,False,0.48658351470954375,0.48658351470954375,0.0,0.014705528025636289,True,0.014705528025636289,0.014705528025636289,0.0
test/attack/digital_3/iphone15pro/french-NF-1047.jpg,digital_3,iphone15pro,0.0261820466481672,130518,0.5468441134556153,False,0.5468441134556153,0.5468441134556153,0.0,0.0007815014021054568,True,0.0007815014021054568,0.0007815014021054568,0.0
test/attack/digital_3/iphone15pro/french-NF-1063.jpg,digital_3,iphone15pro,0.0282186948853615,140800,0.5813920454545455,False,0.5813920454545455,0.5813920454545455,0.0,7.102272727272727e-06,True,7.102272727272727e-06,7.102272727272727e-06,0.0
test/attack/digital_3/iphone15pro/french-NF-1110.jpg,digital_3,iphone15pro,0.0244530749519538,122148,0.6076726593967974,False,0.6076726593967974,0.6076726593967974,0.0,0.0014818089530733208,True,0.0014818089530733208,0.0014818089530733208,0.0
test/attack/digital_3/iphone15pro/french-NM-1070.jpg,digital_3,iphone15pro,0.0269277555919434,133039,0.4915776576793271,False,0.4915776576793271,0.4915776576793271,0.0,0.00962123888483828,True,0.00962123888483828,0.00962123888483828,0.0
test/attack/digital_3/iphone15pro/indian-012_03.jpg,digital_3,iphone15pro,0.0309503400147887,152442,0.5695018433240183,False,0.5695018433240183,0.5695018433240183,0.0,0.0,True,0.0,0.0,0.0
test/attack/digital_3/iphone15pro/indian-01_0005_000-59069fdd_1.jpg,digital_3,iphone15pro,0.0306636938089905,153343,0.6170741409780688,False,0.6170741409780688,0.6170741409780688,0.0,0.0,True,0.0,0.0,0.0
test/attack/digital_3/iphone15pro/indian-01_0062_000-c236043f_0.jpg,digital_3,iphone15pro,0.0297323507371475,148390,0.6065974796145293,False,0.6065974796145293,0.6065974796145293,0.0,0.0,True,0.0,0.0,0.0
test/attack/digital_3/iphone15pro/indian-01_0071_000-73870eac_1.jpg,digital_3,iphone15pro,0.0274359841696714,137236,0.575300941443936,False,0.575300941443936,0.575300941443936,0.0,0.0,True,0.0,0.0,0.0
test/attack/digital_3/iphone15pro/indian-01_0082_000-1b935c0e_0.jpg,digital_3,iphone15pro,0.0351470108823489,148674,0.486715901906184,False,0.486715901906184,0.486715901906184,0.0,0.0,True,0.0,0.0,0.0
test/attack/digital_3/iphone15pro/indian-01_0087_000-7edaffe9_0.jpg,digital_3,iphone15pro,0.0317377971408544,155575,0.5571267877229632,False,0.5571267877229632,0.5571267877229632,0.0,0.0,True,0.0,0.0,0.0
test/attack/digital_3/iphone15pro/indian-037_03.jpg,digital_3,iphone15pro,0.035893786332442,152116,0.47311262457598147,False,0.47311262457598147,0.47311262457598147,0.0,0.0,True,0.0,0.0,0.0
test/attack/digital_3/iphone15pro/indian-094_03.jpg,digital_3,iphone15pro,0.0287836389341806,143450,0.5512861624259324,False,0.5512861624259324,0.5512861624259324,0.0,0.0,True,0.0,0.0,0.0
test/attack/digital_3/iphone15pro/indian-108_03.jpg,digital_3,iphone15pro,0.0296227478335034,147820,0.5664456771749425,False,0.5664456771749425,0.5664456771749425,0.0,0.003903396022189149,True,0.003903396022189149,0.003903396022189149,0.0
test/attack/digital_3/iphone15pro/indian-NF-1006.jpg,digital_3,iphone15pro,0.0290730082672583,145255,0.5531995456266565,False,0.5531995456266565,0.5531995456266565,0.0,0.0,True,0.0,0.0,0.0
test/attack/digital_3/iphone15pro/indian-NF-1025.jpg,digital_3,iphone15pro,0.0323431188840308,135926,0.3489398643379486,False,0.3489398643379486,0.3489398643379486,0.0,0.0,True,0.0,0.0,0.0
test/attack/digital_3/iphone15pro/indian-NF-1061.jpg,digital_3,iphone15pro,0.0289777713660571,144624,0.5036854187410111,False,0.5036854187410111,0.5036854187410111,0.0,0.0,True,0.0,0.0,0.0
test/attack/digital_3/iphone15pro/indian-NF-1096.jpg,digital_3,iphone15pro,0.0302016370165572,150955,0.6128316385677851,False,0.6128316385677851,0.6128316385677851,0.0,0.01962836606935842,False,0.01962836606935842,0.01962836606935842,0.0
test/attack/digital_3/iphone15pro/persian-010_03.jpg,digital_3,iphone15pro,0.0241646390794804,120818,0.41582380108924166,False,0.41582380108924166,0.41582380108924166,0.0,0.0,True,0.0,0.0,0.0
test/attack/digital_3/iphone15pro/persian-01_0064_000-daacc8f3_0.jpg,digital_3,iphone15pro,0.0232740565934142,116573,0.5015741209370952,False,0.5015741209370952,0.5015741209370952,0.0,0.0,True,0.0,0.0,0.0
test/attack/digital_3/iphone15pro/persian-01_0200_000-78393150_0.jpg,digital_3,iphone15pro,0.0224036165823981,112565,0.5106027628481322,False,0.5106027628481322,0.5106027628481322,0.0,0.09423888420023986,False,0.09423888420023986,0.09423888420023986,0.0
test/attack/digital_3/iphone15pro/persian-045_03.jpg,digital_3,iphone15pro,0.0245490856298353,122340,0.504234101683832,False,0.504234101683832,0.504234101683832,0.0,0.0,True,0.0,0.0,0.0
test/attack/digital_3/iphone15pro/persian-087_03.jpg,digital_3,iphone15pro,0.0228585880787284,113880,0.49375658587987353,False,0.49375658587987353,0.49375658587987353,0.0,0.0,True,0.0,0.0,0.0
test/attack/digital_3/iphone15pro/persian-122_03.jpg,digital_3,iphone15pro,0.0256405035800332,128452,0.5055429265406534,False,0.5055429265406534,0.5055429265406534,0.0,0.0,True,0.0,0.0,0.0
test/attack/digital_3/iphone15pro/persian-144_03.jpg,digital_3,iphone15pro,0.0259002948555662,109344,0.5462302458296752,False,0.5462302458296752,0.5462302458296752,0.0,0.0,True,0.0,0.0,0.0
test/attack/digital_3/iphone15pro/persian-NF-1034.jpg,digital_3,iphone15pro,0.0245437117508296,122637,0.5100173683309278,False,0.5100173683309278,0.5100173683309278,0.0,0.14446700424831005,False,0.14446700424831005,0.14446700424831005,0.0
test/attack/digital_3/iphone15pro/persian-NF-1043.jpg,digital_3,iphone15pro,0.0231116980952997,114936,0.4819725760423192,False,0.4819725760423192,0.4819725760423192,0.0,0.0,True,0.0,0.0,0.0
test/attack/digital_3/iphone15pro/persian-NF-1097.jpg,digital_3,iphone15pro,0.0224593102892595,111497,0.49151098235826973,False,0.49151098235826973,0.49151098235826973,0.0,0.0,True,0.0,0.0,0.0
test/attack/digital_3/iphone15pro/persian-NF-1108.jpg,digital_3,iphone15pro,0.023570137889051,117084,0.46925284411191964,False,0.46925284411191964,0.46925284411191964,0.0,0.0025024768542243176,False,0.0025024768542243176,0.0025024768542243176,0.0
test/attack/digital_3/iphone15pro/persian-NM-1010.jpg,digital_3,iphone15pro,0.0247765763888332,123648,0.5864389233954451,False,0.5864389233954451,0.5864389233954451,0.0,0.0,True,0.0,0.0,0.0
test/attack/digital_3/iphone15pro/persian-NM-1035.jpg,digital_3,iphone15pro,0.0231970352693345,119368,0.48508813082233093,False,0.48508813082233093,0.48508813082233093,0.0,0.0,True,0.0,0.0,0.0
test/attack/digital_3/iphone15pro/persian-NM-1074.jpg,digital_3,iphone15pro,0.0259869873358893,134202,0.5414896946394242,False,0.5414896946394242,0.5414896946394242,0.0,0.0,True,0.0,0.0,0.0
test/attack/digital_3/iphone15pro/portugal-004_03.jpg,digital_3,iphone15pro,0.0299150242783581,152832,0.47564646147403683,False,0.47564646147403683,0.47564646147403683,0.0,0.0,True,0.0,0.0,0.0
test/attack/digital_3/iphone15pro/portugal-01_0014_000-6f7ea414_0.jpg,digital_3,iphone15pro,0.0272609105860316,141523,0.5161422524960607,False,0.5161422524960607,0.5161422524960607,0.0,0.0,True,0.0,0.0,0.0
test/attack/digital_3/iphone15pro/portugal-026_03.jpg,digital_3,iphone15pro,0.0330691467414989,171037,0.5069721756111251,False,0.5069721756111251,0.5069721756111251,0.0,0.0,True,0.0,0.0,0.0
test/attack/digital_3/iphone15pro/portugal-042_03.jpg,digital_3,iphone15pro,0.0289223959096364,150434,0.5480343539359454,False,0.5480343539359454,0.5480343539359454,0.0,0.0,True,0.0,0.0,0.0
test/attack/digital_3/iphone15pro/portugal-105_03.jpg,digital_3,iphone15pro,0.0325662806661783,167823,0.6096601776872062,False,0.6096601776872062,0.6096601776872062,0.0,0.0,True,0.0,0.0,0.0
test/attack/digital_3/iphone15pro/portugal-119_03.jpg,digital_3,iphone15pro,0.0299511399321705,154071,0.5336370893938509,False,0.5336370893938509,0.5336370893938509,0.0,0.0,True,0.0,0.0,0.0
test/attack/digital_3/iphone15pro/portugal-125_03.jpg,digital_3,iphone15pro,0.032932048883742,139743,0.4752509964720952,False,0.4752509964720952,0.4752509964720952,0.0,0.0,True,0.0,0.0,0.0
test/attack/digital_3/iphone15pro/portugal-143_03.jpg,digital_3,iphone15pro,0.0336740553685217,143724,0.4992555175196905,False,0.4992555175196905,0.4992555175196905,0.0,0.0,True,0.0,0.0,0.0
test/attack/digital_3/iphone15pro/portugal-NF-1016.jpg,digital_3,iphone15pro,0.0318710343444262,164613,0.5182458250563443,False,0.5182458250563443,0.5182458250563443,0.0,0.0,True,0.0,0.0,0.0
test/attack/digital_3/iphone15pro/portugal-NF-1024.jpg,digital_3,iphone15pro,0.0284365334423153,146955,0.5314688169847913,False,0.5314688169847913,0.5314688169847913,0.0,0.0,True,0.0,0.0,0.0
test/attack/digital_3/iphone15pro/portugal-NF-1041.jpg,digital_3,iphone15pro,0.0298166251238612,153523,0.5993173661275509,False,0.5993173661275509,0.5993173661275509,0.0,0.0,True,0.0,0.0,0.0
test/attack/digital_3/iphone15pro/portugal-NF-1066.jpg,digital_3,iphone15pro,0.037066445963981,157781,0.5530957466361602,False,0.5530957466361602,0.5530957466361602,0.0,0.0,True,0.0,0.0,0.0
test/attack/digital_3/iphone15pro/portugal-NF-1083.jpg,digital_3,iphone15pro,0.0392038088100567,166976,0.4896212629359908,False,0.4896212629359908,0.4896212629359908,0.0,0.0,True,0.0,0.0,0.0
test/attack/digital_3/iphone15pro/portugal-NF-1086.jpg,digital_3,iphone15pro,0.028299848481867,143817,0.5263077383063198,False,0.5263077383063198,0.5263077383063198,0.0,0.0,True,0.0,0.0,0.0
test/attack/digital_3/iphone15pro/portugal-NF-1105.jpg,digital_3,iphone15pro,0.0309622836224857,159013,0.5669033349474571,False,0.5669033349474571,0.5669033349474571,0.0,0.0,True,0.0,0.0,0.0
test/attack/digital_3/iphone15pro/portugal-NF-1109.jpg,digital_3,iphone15pro,0.0290618236128046,149442,0.5300517926687277,False,0.5300517926687277,0.5300517926687277,0.0,0.0,True,0.0,0.0,0.0
test/attack/digital_3/iphone15pro/portugal-NM-1091.jpg,digital_3,iphone15pro,0.0304070593925666,154650,0.4862010992563854,False,0.4862010992563854,0.4862010992563854,0.0,0.0,True,0.0,0.0,0.0
test/attack/digital_3/iphone15pro/portugal-NM-1102.jpg,digital_3,iphone15pro,0.0309541458123389,158437,0.5541824195105941,False,0.5541824195105941,0.5541824195105941,0.0,0.0,True,0.0,0.0,0.0
test/attack/digital_3/iphone15pro/russian-002_03.jpg,digital_3,iphone15pro,0.0253614157527417,129426,0.5460031214748196,False,0.5460031214748196,0.5460031214748196,0.0,0.0,True,0.0,0.0,0.0
test/attack/digital_3/iphone15pro/russian-01_0001_000-ff703650_1.jpg,digital_3,iphone15pro,0.0233627579450842,119720,0.5421483461409956,False,0.5421483461409956,0.5421483461409956,0.0,0.0,True,0.0,0.0,0.0
test/attack/digital_3/iphone15pro/russian-01_0030_000-0bc18d73_0.jpg,digital_3,iphone15pro,0.0185161357187693,94688,0.5012356370395404,False,0.5012356370395404,0.5012356370395404,0.0,0.0,True,0.0,0.0,0.0
test/attack/digital_3/iphone15pro/russian-062_03.jpg,digital_3,iphone15pro,0.0236859904092981,120644,0.4930042107357183,False,0.4930042107357183,0.4930042107357183,0.0,0.0,True,0.0,0.0,0.0
test/attack/digital_3/iphone15pro/russian-082_03.jpg,digital_3,iphone15pro,0.0239828706415058,122033,0.6154810584022354,False,0.6154810584022354,0.6154810584022354,0.0,0.0,True,0.0,0.0,0.0
test/attack/digital_3/iphone15pro/russian-123_03.jpg,digital_3,iphone15pro,0.0230106295795657,116047,0.49143881358415126,False,0.49143881358415126,0.49143881358415126,0.0,0.0,True,0.0,0.0,0.0
test/attack/digital_3/iphone15pro/russian-132_03.jpg,digital_3,iphone15pro,0.0185312601426785,93808,0.3918429131843766,False,0.3918429131843766,0.3918429131843766,0.0,0.0,True,0.0,0.0,0.0
test/attack/digital_3/iphone15pro/russian-141_03.jpg,digital_3,iphone15pro,0.0223382306564022,113262,0.585642139464251,False,0.585642139464251,0.585642139464251,0.0,0.0,True,0.0,0.0,0.0
test/attack/digital_3/iphone15pro/russian-NF-1013.jpg,digital_3,iphone15pro,0.0177311024302692,88715,0.5630502169869808,False,0.5630502169869808,0.5630502169869808,0.0,0.0,True,0.0,0.0,0.0
test/attack/digital_3/iphone15pro/russian-NF-1028.jpg,digital_3,iphone15pro,0.0238418968278386,120887,0.5133140867090754,False,0.5133140867090754,0.5133140867090754,0.0,0.0,True,0.0,0.0,0.0
test/attack/digital_3/iphone15pro/russian-NF-1069.jpg,digital_3,iphone15pro,0.0173290574935198,88783,0.7114762961377741,False,0.7114762961377741,0.7114762961377741,0.0,0.0,True,0.0,0.0,0.0
test/attack/digital_3/iphone15pro/russian-NF-1081.jpg,digital_3,iphone15pro,0.0265784958805452,135336,0.6205665898208902,False,0.6205665898208902,0.6205665898208902,0.0,0.0,True,0.0,0.0,0.0
test/attack/digital_3/iphone15pro/russian-NF-1099.jpg,digital_3,iphone15pro,0.0285941100432754,122106,0.6999410348385828,False,0.6999410348385828,0.6999410348385828,0.0,0.0,True,0.0,0.0,0.0
test/attack/digital_3/iphone15pro/turkiye-01_0035_000-d4764bf3_0.jpg,digital_3,iphone15pro,0.0234185417531202,119300,0.5143503772003353,False,0.5143503772003353,0.5143503772003353,0.0,0.03347862531433361,True,0.03347862531433361,0.03347862531433361,0.0
test/attack/digital_3/iphone15pro/turkiye-01_0074_000-c54807ec_1.jpg,digital_3,iphone15pro,0.0227354380544628,114856,0.5350874138051125,False,0.5350874138051125,0.5350874138051125,0.0,0.0,True,0.0,0.0,0.0
test/attack/digital_3/iphone15pro/turkiye-01_0079_000-01a48f56_0.jpg,digital_3,iphone15pro,0.0229183826719026,115916,0.5921701922081507,False,0.5921701922081507,0.5921701922081507,0.0,0.0,True,0.0,0.0,0.0
test/attack/digital_3/iphone15pro/turkiye-01_0081_000-e5c4342a_1.jpg,digital_3,iphone15pro,0.021848400098481,110572,0.48202076475056976,False,0.48202076475056976,0.48202076475056976,0.0,0.0,True,0.0,0.0,0.0
test/attack/digital_3/iphone15pro/turkiye-01_0088_000-3739c168_0.jpg,digital_3,iphone15pro,0.0241632202922525,122696,0.5429435352415727,False,0.5429435352415727,0.5429435352415727,0.0,0.0,True,0.0,0.0,0.0
test/attack/digital_3/iphone15pro/turkiye-01_0090_000-6238b878_0.jpg,digital_3,iphone15pro,0.0212735111693812,108000,0.5204722222222222,False,0.5204722222222222,0.5204722222222222,0.0,0.0,True,0.0,0.0,0.0
test/attack/digital_3/iphone15pro/turkiye-01_0093_000-330a7661_0.jpg,digital_3,iphone15pro,0.0229291123007523,97552,0.5398556667213383,False,0.5398556667213383,0.5398556667213383,0.0,0.0,True,0.0,0.0,0.0
test/attack/digital_3/iphone15pro/turkiye-031_03.jpg,digital_3,iphone15pro,0.0236133750038406,119892,0.5535398525339472,False,0.5535398525339472,0.5535398525339472,0.0,0.0,True,0.0,0.0,0.0
test/attack/digital_3/iphone15pro/turkiye-036_03.jpg,digital_3,iphone15pro,0.0237293805605779,119168,0.5927681928034372,False,0.5927681928034372,0.5927681928034372,0.0,0.0,True,0.0,0.0,0.0
test/attack/digital_3/iphone15pro/turkiye-041_03.jpg,digital_3,iphone15pro,0.0216242627257486,108917,0.5369134294921821,False,0.5369134294921821,0.5369134294921821,0.0,0.0,True,0.0,0.0,0.0
test/attack/digital_3/iphone15pro/turkiye-083_03.jpg,digital_3,iphone15pro,0.0221843942424947,112482,0.5608186198680678,False,0.5608186198680678,0.5608186198680678,0.0,0.0,True,0.0,0.0,0.0
test/attack/digital_3/iphone15pro/turkiye-115_03.jpg,digital_3,iphone15pro,0.0226180135535959,113010,0.619254933191753,False,0.619254933191753,0.619254933191753,0.0,0.0,True,0.0,0.0,0.0
test/attack/digital_3/iphone15pro/turkiye-129_03.jpg,digital_3,iphone15pro,0.0228061915943079,115777,0.6260915380429619,False,0.6260915380429619,0.6260915380429619,0.0,0.0,True,0.0,0.0,0.0
test/attack/digital_3/iphone15pro/turkiye-138_03.jpg,digital_3,iphone15pro,0.0229941782028316,98173,0.48318784187098285,False,0.48318784187098285,0.48318784187098285,0.0,0.0,True,0.0,0.0,0.0
test/attack/digital_3/iphone15pro/turkiye-NF-1008.jpg,digital_3,iphone15pro,0.0250868990194495,106736,0.4073321091290661,False,0.4073321091290661,0.4073321091290661,0.0,0.0,True,0.0,0.0,0.0
test/attack/digital_3/iphone15pro/turkiye-NF-1054.jpg,digital_3,iphone15pro,0.0241221828068908,102204,0.531437125748503,False,0.531437125748503,0.531437125748503,0.0,0.0,True,0.0,0.0,0.0
test/attack/digital_3/iphone15pro/turkiye-NF-1103.jpg,digital_3,iphone15pro,0.0222597211451722,112522,0.604646202520396,False,0.604646202520396,0.604646202520396,0.0,0.0,True,0.0,0.0,0.0
test/attack/digital_3/iphone15pro/turkiye-NM-1011.jpg,digital_3,iphone15pro,0.0251785304560302,106444,0.524238097027545,False,0.524238097027545,0.524238097027545,0.0,0.0,True,0.0,0.0,0.0
test/attack/digital_3/iphone15pro/turkiye-NM-1019.jpg,digital_3,iphone15pro,0.024684071216567,105138,0.5574958625806083,False,0.5574958625806083,0.5574958625806083,0.0,0.0,True,0.0,0.0,0.0
test/attack/digital_3/iphone15pro/turkiye-NM-1033.jpg,digital_3,iphone15pro,0.0234809027777777,119020,0.62166022517224,False,0.62166022517224,0.62166022517224,0.0,0.0,True,0.0,0.0,0.0
test/attack/digital_3/iphone15pro/ukraine-006_03.jpg,digital_3,iphone15pro,0.0223263840195097,112716,0.48245147095354696,False,0.48245147095354696,0.48245147095354696,0.0,0.0,True,0.0,0.0,0.0
test/attack/digital_3/iphone15pro/ukraine-007_03.jpg,digital_3,iphone15pro,0.02255274284046,114483,0.3951853113562712,False,0.3951853113562712,0.3951853113562712,0.0,0.0,True,0.0,0.0,0.0
test/attack/digital_3/iphone15pro/ukraine-01_0083_000-21b44038_0.jpg,digital_3,iphone15pro,0.0217256883399569,110291,0.4516959679393604,False,0.4516959679393604,0.4516959679393604,0.0,0.0,True,0.0,0.0,0.0
test/attack/digital_3/iphone15pro/ukraine-01_0091_000-2d8a528b_1.jpg,digital_3,iphone15pro,0.0211573040545135,106392,0.4723099481163997,False,0.4723099481163997,0.4723099481163997,0.0,0.0,True,0.0,0.0,0.0
test/attack/digital_3/iphone15pro/ukraine-025_03.jpg,digital_3,iphone15pro,0.020876248856576,105438,0.6016142187826021,False,0.6016142187826021,0.6016142187826021,0.0,0.0,True,0.0,0.0,0.0
test/attack/digital_3/iphone15pro/ukraine-103_03.jpg,digital_3,iphone15pro,0.0230517495594634,116662,0.42782568445594965,False,0.42782568445594965,0.42782568445594965,0.0,0.0,True,0.0,0.0,0.0
test/attack/digital_3/iphone15pro/ukraine-NF-1021.jpg,digital_3,iphone15pro,0.0213464604968415,107550,0.4511576011157601,False,0.4511576011157601,0.4511576011157601,0.0,0.0,True,0.0,0.0,0.0
test/attack/digital_3/iphone15pro/ukraine-NF-1032.jpg,digital_3,iphone15pro,0.0225815761007203,115024,0.4838381555153707,False,0.4838381555153707,0.4838381555153707,0.0,0.0,True,0.0,0.0,0.0
test/attack/digital_3/iphone15pro/ukraine-NF-1057.jpg,digital_3,iphone15pro,0.0227828024901985,96789,0.6317350112099516,False,0.6317350112099516,0.6317350112099516,0.0,0.0,True,0.0,0.0,0.0
test/attack/digital_3/iphone15pro/ukraine-NF-1068.jpg,digital_3,iphone15pro,0.0204168117915579,103872,0.589764325323475,False,0.589764325323475,0.589764325323475,0.0,0.0,True,0.0,0.0,0.0
test/attack/digital_3/iphone15pro/ukraine-NF-1073.jpg,digital_3,iphone15pro,0.0201824951937271,102198,0.4322002387522261,False,0.4322002387522261,0.4322002387522261,0.0,0.0,True,0.0,0.0,0.0
test/attack/digital_3/iphone15pro/ukraine-NF-1077.jpg,digital_3,iphone15pro,0.0236999102911958,120575,0.5136388140161725,False,0.5136388140161725,0.5136388140161725,0.0,0.0,True,0.0,0.0,0.0
test/attack/digital_3/iphone15pro/ukraine-NF-1087.jpg,digital_3,iphone15pro,0.0221383537639422,112238,0.4700903437338513,False,0.4700903437338513,0.4700903437338513,0.0,0.0,True,0.0,0.0,0.0
test/attack/digital_3/iphone15pro/ukraine-NM-1007.jpg,digital_3,iphone15pro,0.0235633700600382,100002,0.48166036679266416,False,0.48166036679266416,0.48166036679266416,0.0,0.0,True,0.0,0.0,0.0
test/attack/digital_3/iphone15pro/usa-011_03.jpg,digital_3,iphone15pro,0.0251289051490215,127316,0.5153633478902887,False,0.5153633478902887,0.5153633478902887,0.0,0.0,True,0.0,0.0,0.0
test/attack/digital_3/iphone15pro/usa-016_03.jpg,digital_3,iphone15pro,0.0253380494943534,128004,0.530116246367301,False,0.530116246367301,0.530116246367301,0.0,0.08560669979063154,True,0.08560669979063154,0.08560669979063154,0.0
test/attack/digital_3/iphone15pro/usa-01_0038_000-0ee87df5_0.jpg,digital_3,iphone15pro,0.0268801810403747,136313,0.5410782537248832,False,0.5410782537248832,0.5410782537248832,0.0,0.0,True,0.0,0.0,0.0
test/attack/digital_3/iphone15pro/usa-034_03.jpg,digital_3,iphone15pro,0.0246434338264757,124231,0.43320105287730115,False,0.43320105287730115,0.43320105287730115,0.0,0.0,True,0.0,0.0,0.0
test/attack/digital_3/iphone15pro/usa-043_03.jpg,digital_3,iphone15pro,0.0250265913131659,125715,0.5733762876347294,False,0.5733762876347294,0.5733762876347294,0.0,0.07385753490036988,False,0.07385753490036988,0.07385753490036988,0.0
test/attack/digital_3/iphone15pro/usa-067_03.jpg,digital_3,iphone15pro,0.0283343074391353,119889,0.3738624894694259,False,0.3738624894694259,0.3738624894694259,0.0,0.0,True,0.0,0.0,0.0
test/attack/digital_3/iphone15pro/usa-117_03.jpg,digital_3,iphone15pro,0.0226713956840289,114464,0.5208624545708694,False,0.5208624545708694,0.5208624545708694,0.0,0.0,True,0.0,0.0,0.0
test/attack/digital_3/iphone15pro/usa-134_03.jpg,digital_3,iphone15pro,0.0253634087000908,127997,0.4399243732274975,False,0.4399243732274975,0.4399243732274975,0.0,0.0,True,0.0,0.0,0.0
test/attack/digital_3/iphone15pro/usa-136_03.jpg,digital_3,iphone15pro,0.0231224283674393,116185,0.5797478159831303,False,0.5797478159831303,0.5797478159831303,0.0,0.0,True,0.0,0.0,0.0
test/attack/digital_3/iphone15pro/usa-NF-1017.jpg,digital_3,iphone15pro,0.0246322326681432,124011,0.5266629573183024,False,0.5266629573183024,0.5266629573183024,0.0,0.0,True,0.0,0.0,0.0
test/attack/digital_3/iphone15pro/usa-NF-1044.jpg,digital_3,iphone15pro,0.0245232845344481,123631,0.5326495781802298,False,0.5326495781802298,0.5326495781802298,0.0,0.0,True,0.0,0.0,0.0
test/attack/digital_3/iphone15pro/usa-NF-1046.jpg,digital_3,iphone15pro,0.0254091798472437,129238,0.5439421841873133,False,0.5439421841873133,0.5439421841873133,0.0,0.0,True,0.0,0.0,0.0
test/attack/digital_3/iphone15pro/usa-NF-1076.jpg,digital_3,iphone15pro,0.0277475071448268,141673,0.6304447565873526,False,0.6304447565873526,0.6304447565873526,0.0,0.0,True,0.0,0.0,0.0
test/attack/digital_3/iphone15pro/usa-NF-1093.jpg,digital_3,iphone15pro,0.0248532146894715,106314,0.5751641364260587,False,0.5751641364260587,0.5751641364260587,0.0,0.0,True,0.0,0.0,0.0
test/attack/digital_3/iphone15pro/usa-NF-1094.jpg,digital_3,iphone15pro,0.0239863101335625,122228,0.48969139640671533,False,0.48969139640671533,0.48969139640671533,0.0,0.0,True,0.0,0.0,0.0
test/attack/digital_3/iphone15pro/usa-NM-1038.jpg,digital_3,iphone15pro,0.0285373566236099,122284,0.3650518465212129,False,0.3650518465212129,0.3650518465212129,0.0,0.0,True,0.0,0.0,0.0
test/attack/digital_3/scan/arabic-01_0076_000-fd5000df_1.jpg,digital_3,scan,0.0418124765743352,104082,0.42521281297438557,False,0.42521281297438557,0.42521281297438557,0.0,0.0,True,0.0,0.0,0.0
test/attack/digital_3/scan/arabic-01_0095_000-18471808_1.jpg,digital_3,scan,0.0375,93525,0.4696391339214114,False,0.4696391339214114,0.4696391339214114,0.0,0.0,True,0.0,0.0,0.0
test/attack/digital_3/scan/arabic-024_03.jpg,digital_3,scan,0.0411809937826379,102612,0.5643199625774763,False,0.5643199625774763,0.5643199625774763,0.0,0.0,True,0.0,0.0,0.0
test/attack/digital_3/scan/arabic-112_03.jpg,digital_3,scan,0.035954874543381,89411,0.49898782029056826,False,0.49898782029056826,0.49898782029056826,0.0,0.0,True,0.0,0.0,0.0
test/attack/digital_3/scan/arabic-120_03.jpg,digital_3,scan,0.0412691599062382,102678,0.4321568398293695,False,0.4321568398293695,0.4321568398293695,0.0,0.0,True,0.0,0.0,0.0
test/attack/digital_3/scan/arabic-131_03.jpg,digital_3,scan,0.0470839725049829,117310,0.5036910749296735,False,0.5036910749296735,0.5036910749296735,0.0,0.0,True,0.0,0.0,0.0
test/attack/digital_3/scan/arabic-139_03.jpg,digital_3,scan,0.0374589861089325,93376,0.5251991946538725,False,0.5251991946538725,0.5251991946538725,0.0,0.0,True,0.0,0.0,0.0
test/attack/digital_3/scan/arabic-173_03.jpg,digital_3,scan,0.0435801284010273,109092,0.3994060059399406,False,0.3994060059399406,0.3994060059399406,0.0,0.0,True,0.0,0.0,0.0
test/attack/digital_3/scan/arabic-NF-1003.jpg,digital_3,scan,0.0369863299861323,92068,0.4316157622626754,False,0.4316157622626754,0.4316157622626754,0.0,0.0,True,0.0,0.0,0.0
test/attack/digital_3/scan/arabic-NF-1012.jpg,digital_3,scan,0.0351389200946723,87268,0.5603886877205848,False,0.5603886877205848,0.5603886877205848,0.0,0.0,True,0.0,0.0,0.0
test/attack/digital_3/scan/arabic-NF-1037.jpg,digital_3,scan,0.0375676156926156,93675,0.4917000266880171,False,0.4917000266880171,0.4917000266880171,0.0,0.0,True,0.0,0.0,0.0
test/attack/digital_3/scan/arabic-NF-1045.jpg,digital_3,scan,0.0384647595802974,96450,0.4835251425609124,False,0.4835251425609124,0.4835251425609124,0.0,0.0,True,0.0,0.0,0.0
test/attack/digital_3/scan/arabic-NF-1053.jpg,digital_3,scan,0.0432556450255565,107426,0.4520879489136708,False,0.4520879489136708,0.4520879489136708,0.0,0.0,True,0.0,0.0,0.0
test/attack/digital_3/scan/arabic-NM-1029.jpg,digital_3,scan,0.0428,106893,0.48911528350780686,False,0.48911528350780686,0.48911528350780686,0.0,0.0,True,0.0,0.0,0.0
test/attack/digital_3/scan/arabic-NM-1064.jpg,digital_3,scan,0.041745968527145,104187,0.5515851305825102,False,0.5515851305825102,0.5515851305825102,0.0,0.0,True,0.0,0.0,0.0
test/attack/digital_3/scan/arabic-NM-1090.jpg,digital_3,scan,0.0370214887414196,92156,0.42787230348539435,False,0.42787230348539435,0.42787230348539435,0.0,0.0,True,0.0,0.0,0.0
test/attack/digital_3/scan/chinese-001_03.jpg,digital_3,scan,0.0264250022537315,65660,0.434876637222053,False,0.434876637222053,0.434876637222053,0.0,0.0,True,0.0,0.0,0.0
test/attack/digital_3/scan/chinese-018_03.jpg,digital_3,scan,0.0265952916257535,66196,0.4674904828086289,False,0.4674904828086289,0.4674904828086289,0.0,0.0,True,0.0,0.0,0.0
test/attack/digital_3/scan/chinese-01_0003_000-98e8eaef_0.jpg,digital_3,scan,0.0279379282207121,69503,0.4646993654950146,False,0.4646993654950146,0.4646993654950146,0.0,0.0,True,0.0,0.0,0.0
test/attack/digital_3/scan/chinese-01_0007_000-08f07a73_0.jpg,digital_3,scan,0.0285591154264081,71305,0.4277399901830166,False,0.4277399901830166,0.4277399901830166,0.0,0.0,True,0.0,0.0,0.0
test/attack/digital_3/scan/chinese-01_0012_000-48c56e4b_0.jpg,digital_3,scan,0.0311971085117863,77821,0.39333855900078385,False,0.39333855900078385,0.39333855900078385,0.0,0.0,True,0.0,0.0,0.0
test/attack/digital_3/scan/chinese-01_0019_000-06d51424_0.jpg,digital_3,scan,0.0318429738937037,79376,0.46670278169723844,False,0.46670278169723844,0.46670278169723844,0.0,0.0,True,0.0,0.0,0.0
test/attack/digital_3/scan/chinese-01_0028_000-611e103a_0.jpg,digital_3,scan,0.0335806733824797,83524,0.4374551027249653,False,0.4374551027249653,0.4374551027249653,0.0,0.0,True,0.0,0.0,0.0
test/attack/digital_3/scan/chinese-01_0034_000-9b26d58c_0.jpg,digital_3,scan,0.0274802297978733,68474,0.45224464760346994,False,0.45224464760346994,0.45224464760346994,0.0,0.0,True,0.0,0.0,0.0
test/attack/digital_3/scan/chinese-01_0084_000-ba83f345_1.jpg,digital_3,scan,0.0253316664280216,63158,0.40680515532474115,False,0.40680515532474115,0.40680515532474115,0.0,0.0,True,0.0,0.0,0.0
test/attack/digital_3/scan/chinese-01_0086_000-5a7ac9e6_1.jpg,digital_3,scan,0.0312825169569909,77925,0.4839396855951235,False,0.4839396855951235,0.4839396855951235,0.0,0.0,True,0.0,0.0,0.0
test/attack/digital_3/scan/chinese-020_03.jpg,digital_3,scan,0.0244145706504004,60902,0.49193786739351747,False,0.49193786739351747,0.49193786739351747,0.0,0.0,True,0.0,0.0,0.0
test/attack/digital_3/scan/chinese-039_03.jpg,digital_3,scan,0.025250242790796,63024,0.49420855547093173,False,0.49420855547093173,0.49420855547093173,0.0,0.0,True,0.0,0.0,0.0
test/attack/digital_3/scan/chinese-064_03.jpg,digital_3,scan,0.0291880555149931,72758,0.45395695318727836,False,0.45395695318727836,0.45395695318727836,0.0,0.0,True,0.0,0.0,0.0
test/attack/digital_3/scan/chinese-096_03.jpg,digital_3,scan,0.0276013775445808,68886,0.43180036582179254,False,0.43180036582179254,0.43180036582179254,0.0,0.0,True,0.0,0.0,0.0
test/attack/digital_3/scan/chinese-NF-1023.jpg,digital_3,scan,0.0304214230221442,75848,0.35650247864149354,False,0.35650247864149354,0.35650247864149354,0.0,0.0,True,0.0,0.0,0.0
test/attack/digital_3/scan/chinese-NF-1042.jpg,digital_3,scan,0.0268528292038377,67085,0.3919803234702243,False,0.3919803234702243,0.3919803234702243,0.0,0.0013863009614667958,True,0.0013863009614667958,0.0013863009614667958,0.0
test/attack/digital_3/scan/chinese-NF-1050.jpg,digital_3,scan,0.0311841243872398,77501,0.4317363646920685,False,0.4317363646920685,0.4317363646920685,0.0,0.0,True,0.0,0.0,0.0
test/attack/digital_3/scan/chinese-NF-1059.jpg,digital_3,scan,0.0309679037111334,77064,0.46277120315581854,False,0.46277120315581854,0.46277120315581854,0.0,0.0,True,0.0,0.0,0.0
test/attack/digital_3/scan/chinese-NF-1088.jpg,digital_3,scan,0.0305189597892083,75924,0.4871977240398293,False,0.4871977240398293,0.4871977240398293,0.0,0.0,True,0.0,0.0,0.0
test/attack/digital_3/scan/french-019_03.jpg,digital_3,scan,0.0306348227000625,76067,0.5484638542337676,False,0.5484638542337676,0.5484638542337676,0.0,0.0,True,0.0,0.0,0.0
test/attack/digital_3/scan/french-01_0006_000-f9f1aca7_0.jpg,digital_3,scan,0.0295511022044088,73730,0.46096568560965684,False,0.46096568560965684,0.46096568560965684,0.0,0.0,True,0.0,0.0,0.0
test/attack/digital_3/scan/french-01_0070_000-a4a25cda_0.jpg,digital_3,scan,0.0257501637070991,64176,0.47767078035402644,False,0.47767078035402644,0.47767078035402644,0.0,0.0,True,0.0,0.0,0.0
test/attack/digital_3/scan/french-01_0094_000-51fbbc37_0.jpg,digital_3,scan,0.0248246693547222,61888,0.4335573940020683,False,0.4335573940020683,0.4335573940020683,0.0,0.0,True,0.0,0.0,0.0
test/attack/digital_3/scan/french-022_03.jpg,digital_3,scan,0.0265215120004736,65847,0.4947529879873039,False,0.4947529879873039,0.4947529879873039,0.0,0.0,True,0.0,0.0,0.0
test/attack/digital_3/scan/french-068_03.jpg,digital_3,scan,0.0288457372116349,71898,0.4588583827088375,False,0.4588583827088375,0.4588583827088375,0.0,0.0,True,0.0,0.0,0.0
test/attack/digital_3/scan/french-090_03.jpg,digital_3,scan,0.0261082613585858,65088,0.44648783185840707,False,0.44648783185840707,0.44648783185840707,0.0,0.0,True,0.0,0.0,0.0
test/attack/digital_3/scan/french-091_03.jpg,digital_3,scan,0.0310180742709282,77127,0.5455806656553477,False,0.5455806656553477,0.5455806656553477,0.0,0.0,True,0.0,0.0,0.0
test/attack/digital_3/scan/french-097_03.jpg,digital_3,scan,0.0322286351887231,80297,0.5781536047423939,False,0.5781536047423939,0.5781536047423939,0.0,0.0,True,0.0,0.0,0.0
test/attack/digital_3/scan/french-100_03.jpg,digital_3,scan,0.0297581789350692,74165,0.5089867188026698,False,0.5089867188026698,0.5089867188026698,0.0,0.0,True,0.0,0.0,0.0
test/attack/digital_3/scan/french-118_03.jpg,digital_3,scan,0.0266314505514637,66286,0.601544820927496,False,0.601544820927496,0.601544820927496,0.0,0.0,True,0.0,0.0,0.0
test/attack/digital_3/scan/french-124_03.jpg,digital_3,scan,0.0332947720902172,83004,0.366295600212038,False,0.366295600212038,0.366295600212038,0.0,0.0,True,0.0,0.0,0.0
test/attack/digital_3/scan/french-128_03.jpg,digital_3,scan,0.0300174782567429,74639,0.46694087541365775,False,0.46694087541365775,0.46694087541365775,0.0,0.0,True,0.0,0.0,0.0
test/attack/digital_3/scan/french-135_03.jpg,digital_3,scan,0.02811514786213,70014,0.5769560373639557,False,0.5769560373639557,0.5769560373639557,0.0,0.0,True,0.0,0.0,0.0
test/attack/digital_3/scan/french-NF-1047.jpg,digital_3,scan,0.030089431853666,74968,0.5380295592786255,False,0.5380295592786255,0.5380295592786255,0.0,0.0,True,0.0,0.0,0.0
test/attack/digital_3/scan/french-NF-1056.jpg,digital_3,scan,0.0290901468481792,72442,0.5512271886474697,False,0.5512271886474697,0.5512271886474697,0.0,0.0,True,0.0,0.0,0.0
test/attack/digital_3/scan/french-NF-1082.jpg,digital_3,scan,0.0283750850946413,70442,0.5304363873825275,False,0.5304363873825275,0.5304363873825275,0.0,0.0,True,0.0,0.0,0.0
test/attack/digital_3/scan/french-NF-1095.jpg,digital_3,scan,0.028637181915616,71314,0.5535238522590235,False,0.5535238522590235,0.5535238522590235,0.0,0.0,True,0.0,0.0,0.0
test/attack/digital_3/scan/french-NF-1110.jpg,digital_3,scan,0.0289158106826484,72015,0.3946261195584253,False,0.3946261195584253,0.3946261195584253,0.0,0.0,True,0.0,0.0,0.0
test/attack/digital_3/scan/french-NM-1070.jpg,digital_3,scan,0.0308649298597194,77008,0.4529659256181176,False,0.4529659256181176,0.4529659256181176,0.0,0.0,True,0.0,0.0,0.0
test/attack/digital_3/scan/french-NM-1104.jpg,digital_3,scan,0.0253767360408106,63296,0.34784188574317493,False,0.34784188574317493,0.34784188574317493,0.0,0.0,True,0.0,0.0,0.0
test/attack/digital_3/scan/indian-012_03.jpg,digital_3,scan,0.0351860995556159,88008,0.18950549950004544,True,0.18950549950004544,0.18950549950004544,0.0,0.0,True,0.0,0.0,0.0
test/attack/digital_3/scan/indian-01_0005_000-59069fdd_1.jpg,digital_3,scan,0.0354552028177555,88160,0.5088588929219601,False,0.5088588929219601,0.5088588929219601,0.0,0.0,True,0.0,0.0,0.0
test/attack/digital_3/scan/indian-01_0068_000-1b9539d8_0.jpg,digital_3,scan,0.0286482980614475,71556,0.5786516853932584,False,0.5786516853932584,0.5786516853932584,0.0,0.0,True,0.0,0.0,0.0
test/attack/digital_3/scan/indian-01_0071_000-73870eac_1.jpg,digital_3,scan,0.0309400698157991,76987,0.4498551703534363,False,0.4498551703534363,0.4498551703534363,0.0,0.0,True,0.0,0.0,0.0
test/attack/digital_3/scan/indian-01_0087_000-7edaffe9_0.jpg,digital_3,scan,0.0355476542924374,88540,0.5007567201264965,False,0.5007567201264965,0.5007567201264965,0.0,0.0,True,0.0,0.0,0.0
test/attack/digital_3/scan/indian-01_0089_000-f38cdec4_1.jpg,digital_3,scan,0.0278215132273301,69144,0.482225500404952,False,0.482225500404952,0.482225500404952,0.0,0.0,True,0.0,0.0,0.0
test/attack/digital_3/scan/indian-01_0097_000-b71b0c19_0.jpg,digital_3,scan,0.0323524095296627,80541,0.5085608572031636,False,0.5085608572031636,0.5085608572031636,0.0,0.0,True,0.0,0.0,0.0
test/attack/digital_3/scan/indian-021_03.jpg,digital_3,scan,0.0294958858653187,73386,0.42732946338538685,False,0.42732946338538685,0.42732946338538685,0.0,0.0,True,0.0,0.0,0.0
test/attack/digital_3/scan/indian-108_03.jpg,digital_3,scan,0.0300577211885862,75174,0.2557400164950648,False,0.2557400164950648,0.2557400164950648,0.0,0.0,True,0.0,0.0,0.0
test/attack/digital_3/scan/indian-NF-1006.jpg,digital_3,scan,0.0329671962243817,82105,0.4757322940137629,False,0.4757322940137629,0.4757322940137629,0.0,0.0,True,0.0,0.0,0.0
test/attack/digital_3/scan/indian-NF-1061.jpg,digital_3,scan,0.0340594664832225,84664,0.4579868657280544,False,0.4579868657280544,0.4579868657280544,0.0,0.0,True,0.0,0.0,0.0
test/attack/digital_3/scan/indian-NF-1075.jpg,digital_3,scan,0.0331429802476519,82460,0.4805360174630124,False,0.4805360174630124,0.4805360174630124,0.0,0.0,True,0.0,0.0,0.0
test/attack/digital_3/scan/indian-NF-1096.jpg,digital_3,scan,0.0343495192892783,85804,0.4732879586033285,False,0.4732879586033285,0.4732879586033285,0.0,0.0,True,0.0,0.0,0.0
test/attack/digital_3/scan/indian-NM-1058.jpg,digital_3,scan,0.0306244615084428,76278,0.4854610765882692,False,0.4854610765882692,0.4854610765882692,0.0,0.0,True,0.0,0.0,0.0
test/attack/digital_3/scan/persian-010_03.jpg,digital_3,scan,0.0274537896197719,68524,0.44699667269861654,False,0.44699667269861654,0.44699667269861654,0.0,0.0,True,0.0,0.0,0.0
test/attack/digital_3/scan/persian-01_0064_000-daacc8f3_0.jpg,digital_3,scan,0.0234172067484504,58274,0.5340460582764183,False,0.5340460582764183,0.5340460582764183,0.0,0.0,True,0.0,0.0,0.0
test/attack/digital_3/scan/persian-01_0065_000-763dd95b_0.jpg,digital_3,scan,0.0261802220111093,65202,0.3904788196681083,False,0.3904788196681083,0.3904788196681083,0.0,0.0,True,0.0,0.0,0.0
test/attack/digital_3/scan/persian-01_0092_000-fad05fcd_1.jpg,digital_3,scan,0.0252860923276774,62912,0.42394137843336727,False,0.42394137843336727,0.42394137843336727,0.0,0.0,True,0.0,0.0,0.0
test/attack/digital_3/scan/persian-045_03.jpg,digital_3,scan,0.0247027128021842,61479,0.49857674978447925,False,0.49857674978447925,0.49857674978447925,0.0,0.0,True,0.0,0.0,0.0
test/attack/digital_3/scan/persian-069_03.jpg,digital_3,scan,0.0265275827482447,66120,0.4703720508166969,False,0.4703720508166969,0.4703720508166969,0.0,0.0,True,0.0,0.0,0.0
test/attack/digital_3/scan/persian-122_03.jpg,digital_3,scan,0.028782329317269,71668,0.36438856951498577,False,0.36438856951498577,0.36438856951498577,0.0,0.0,True,0.0,0.0,0.0
test/attack/digital_3/scan/persian-144_03.jpg,digital_3,scan,0.0257276941052604,64120,0.5644728633811603,False,0.5644728633811603,0.5644728633811603,0.0,0.0,True,0.0,0.0,0.0
test/attack/digital_3/scan/persian-NF-1001.jpg,digital_3,scan,0.0246478126681428,61613,0.5015662279064483,False,0.5015662279064483,0.5015662279064483,0.0,0.0,True,0.0,0.0,0.0
test/attack/digital_3/scan/persian-NF-1018.jpg,digital_3,scan,0.0236519598989526,58929,0.4817661932155645,False,0.4817661932155645,0.4817661932155645,0.0,0.0,True,0.0,0.0,0.0
test/attack/digital_3/scan/persian-NM-1074.jpg,digital_3,scan,0.0294404069182541,73160,0.4388326954620011,False,0.4388326954620011,0.4388326954620011,0.0,0.0,True,0.0,0.0,0.0
test/attack/digital_3/scan/portugal-013_03.jpg,digital_3,scan,0.0363558896517095,90363,0.525392029923752,False,0.525392029923752,0.525392029923752,0.0,0.0,True,0.0,0.0,0.0
test/attack/digital_3/scan/portugal-017_03.jpg,digital_3,scan,0.0292550200803212,72845,0.5261582812821745,False,0.5261582812821745,0.5261582812821745,0.0,0.0,True,0.0,0.0,0.0
test/attack/digital_3/scan/portugal-01_0014_000-6f7ea414_0.jpg,digital_3,scan,0.0308971432158925,77266,0.43210467734838093,False,0.43210467734838093,0.43210467734838093,0.0,0.0,True,0.0,0.0,0.0
test/attack/digital_3/scan/portugal-042_03.jpg,digital_3,scan,0.0336139701158452,83976,0.4394350766885777,False,0.4394350766885777,0.4394350766885777,0.0,0.0,True,0.0,0.0,0.0
test/attack/digital_3/scan/portugal-061_03.jpg,digital_3,scan,0.0299127377779063,74468,0.5758849438685073,False,0.5758849438685073,0.5758849438685073,0.0,0.0,False,0.0,0.0,0.0
test/attack/digital_3/scan/portugal-070_03.jpg,digital_3,scan,0.0332813627254509,83037,0.4688632778159134,False,0.4688632778159134,0.4688632778159134,0.0,0.0,True,0.0,0.0,0.0
test/attack/digital_3/scan/portugal-125_03.jpg,digital_3,scan,0.0339366470383786,84460,0.49011366327255507,False,0.49011366327255507,0.49011366327255507,0.0,0.0,True,0.0,0.0,0.0
test/attack/digital_3/scan/portugal-143_03.jpg,digital_3,scan,0.0347605179749695,86476,0.5721703131504695,False,0.5721703131504695,0.5721703131504695,0.0,0.0,True,0.0,0.0,0.0
test/attack/digital_3/scan/portugal-172_03.jpg,digital_3,scan,0.0347762377188978,86862,0.5246713177223642,False,0.5246713177223642,0.5246713177223642,0.0,0.0,False,0.0,0.0,0.0
test/attack/digital_3/scan/portugal-NF-1022.jpg,digital_3,scan,0.0333729907097059,82891,0.5206958535908602,True,0.5206958535908602,0.5206958535908602,0.0,0.0,True,0.0,0.0,0.0
test/attack/digital_3/scan/portugal-NF-1026.jpg,digital_3,scan,0.0289103825594216,72499,0.5016069187161202,False,0.5016069187161202,0.5016069187161202,0.0,0.0,True,0.0,0.0,0.0
test/attack/digital_3/scan/portugal-NF-1060.jpg,digital_3,scan,0.032460960092539,80820,0.574696857213561,False,0.574696857213561,0.574696857213561,0.0,0.0,True,0.0,0.0,0.0
test/attack/digital_3/scan/portugal-NF-1066.jpg,digital_3,scan,0.0373051408617852,92732,0.5772656688090411,False,0.5772656688090411,0.5772656688090411,0.0,0.0,True,0.0,0.0,0.0
test/attack/digital_3/scan/portugal-NF-1086.jpg,digital_3,scan,0.028961252293355,72092,0.3947456028408145,False,0.3947456028408145,0.3947456028408145,0.0,0.0,True,0.0,0.0,0.0
test/attack/digital_3/scan/portugal-NF-1105.jpg,digital_3,scan,0.0361246292106963,90302,0.4715510176961751,False,0.4715510176961751,0.4715510176961751,0.0,0.0,True,0.0,0.0,0.0
test/attack/digital_3/scan/portugal-NM-1091.jpg,digital_3,scan,0.0305351583104969,75949,0.43169758653833495,False,0.43169758653833495,0.43169758653833495,0.0,0.0,True,0.0,0.0,0.0
test/attack/digital_3/scan/russian-002_03.jpg,digital_3,scan,0.0255755030517138,63664,0.3285687358632822,False,0.3285687358632822,0.3285687358632822,0.0,0.0,True,0.0,0.0,0.0
test/attack/digital_3/scan/russian-01_0001_000-ff703650_1.jpg,digital_3,scan,0.0261479396984924,65043,0.3108558953307812,False,0.3108558953307812,0.3108558953307812,0.0,0.0,True,0.0,0.0,0.0
test/attack/digital_3/scan/russian-01_0030_000-0bc18d73_0.jpg,digital_3,scan,0.020286243318466,50518,0.5175383031790649,False,0.5175383031790649,0.5175383031790649,0.0,0.0,True,0.0,0.0,0.0
test/attack/digital_3/scan/russian-01_0075_000-9bed189a_0.jpg,digital_3,scan,0.0214473122952732,53297,0.4794641349419292,False,0.4794641349419292,0.4794641349419292,0.0,0.0,True,0.0,0.0,0.0
test/attack/digital_3/scan/russian-123_03.jpg,digital_3,scan,0.0259911911911911,64913,0.27632369479149016,False,0.27632369479149016,0.27632369479149016,0.0,0.0,True,0.0,0.0,0.0
test/attack/digital_3/scan/russian-NF-1013.jpg,digital_3,scan,0.0176137313932095,43810,0.41013467244921253,False,0.41013467244921253,0.41013467244921253,0.0,0.0,True,0.0,0.0,0.0
test/attack/digital_3/scan/russian-NF-1069.jpg,digital_3,scan,0.0174682730923694,43496,0.6013426521979033,False,0.6013426521979033,0.6013426521979033,0.0,0.0,True,0.0,0.0,0.0
test/attack/digital_3/scan/russian-NF-1080.jpg,digital_3,scan,0.0264723424306423,65956,0.6161986779064831,False,0.6161986779064831,0.6161986779064831,0.0,0.0,True,0.0,0.0,0.0
test/attack/digital_3/scan/russian-NF-1081.jpg,digital_3,scan,0.0263259803390988,65670,0.36237246840261916,False,0.36237246840261916,0.36237246840261916,0.0,0.0,True,0.0,0.0,0.0
test/attack/digital_3/scan/russian-NF-1099.jpg,digital_3,scan,0.0285850626566416,71284,0.29017731889344034,False,0.29017731889344034,0.29017731889344034,0.0,0.0,True,0.0,0.0,0.0
test/attack/digital_3/scan/turkiye-008_03.jpg,digital_3,scan,0.0258691375210721,64298,0.4451149335904694,True,0.4451149335904694,0.4451149335904694,0.0,0.0,True,0.0,0.0,0.0
test/attack/digital_3/scan/turkiye-01_0074_000-c54807ec_1.jpg,digital_3,scan,0.0225391063866562,56072,0.4985554287344842,False,0.4985554287344842,0.4985554287344842,0.0,0.0,True,0.0,0.0,0.0
test/attack/digital_3/scan/turkiye-01_0078_000-cfc6a96f_1.jpg,digital_3,scan,0.0226839611717935,56421,0.49809468105847116,False,0.49809468105847116,0.49809468105847116,0.0,0.0,True,0.0,0.0,0.0
test/attack/digital_3/scan/turkiye-01_0081_000-e5c4342a_1.jpg,digital_3,scan,0.0240915507938656,59796,0.4910027426583718,False,0.4910027426583718,0.4910027426583718,0.0,0.0,True,0.0,0.0,0.0
test/attack/digital_3/scan/turkiye-01_0085_000-65296866_0.jpg,digital_3,scan,0.0229052611691317,57223,0.47224018314314176,False,0.47224018314314176,0.47224018314314176,0.0,0.0,True,0.0,0.0,0.0
test/attack/digital_3/scan/turkiye-01_0088_000-3739c168_0.jpg,digital_3,scan,0.0264952982888854,66000,0.46315151515151515,False,0.46315151515151515,0.46315151515151515,0.0,0.0,True,0.0,0.0,0.0
test/attack/digital_3/scan/turkiye-01_0090_000-6238b878_0.jpg,digital_3,scan,0.0231048356048356,57612,0.5674859404290773,False,0.5674859404290773,0.5674859404290773,0.0,0.0,True,0.0,0.0,0.0
test/attack/digital_3/scan/turkiye-01_0093_000-330a7661_0.jpg,digital_3,scan,0.0251500499699058,62762,0.4244765941174596,False,0.4244765941174596,0.4244765941174596,0.0,0.0,True,0.0,0.0,0.0
test/attack/digital_3/scan/turkiye-036_03.jpg,digital_3,scan,0.0258586466165413,64485,0.4826238660153524,False,0.4826238660153524,0.4826238660153524,0.0,0.0,True,0.0,0.0,0.0
test/attack/digital_3/scan/turkiye-092_03.jpg,digital_3,scan,0.0222894847383092,55451,0.519990622351265,False,0.519990622351265,0.519990622351265,0.0,0.0,True,0.0,0.0,0.0
test/attack/digital_3/scan/turkiye-101_03.jpg,digital_3,scan,0.0246463945118956,61622,0.5110837038719938,False,0.5110837038719938,0.5110837038719938,0.0,0.0,True,0.0,0.0,0.0
test/attack/digital_3/scan/turkiye-104_03.jpg,digital_3,scan,0.0230982473710565,57659,0.5064777398151199,False,0.5064777398151199,0.5064777398151199,0.0,0.0,True,0.0,0.0,0.0
test/attack/digital_3/scan/turkiye-115_03.jpg,digital_3,scan,0.0227258508508508,56667,0.5462085517144016,False,0.5462085517144016,0.5462085517144016,0.0,0.0,True,0.0,0.0,0.0
test/attack/digital_3/scan/turkiye-126_03.jpg,digital_3,scan,0.0248701300792584,61778,0.4315452102690278,False,0.4315452102690278,0.4315452102690278,0.0,0.0,True,0.0,0.0,0.0
test/attack/digital_3/scan/turkiye-127_03.jpg,digital_3,scan,0.0257735485750992,64035,0.4776138049504177,False,0.4776138049504177,0.4776138049504177,0.0,0.0,True,0.0,0.0,0.0
test/attack/digital_3/scan/turkiye-129_03.jpg,digital_3,scan,0.0248328657314629,61958,0.447706510862197,False,0.447706510862197,0.447706510862197,0.0,0.0,True,0.0,0.0,0.0
test/attack/digital_3/scan/turkiye-138_03.jpg,digital_3,scan,0.0253774436090225,63285,0.452919333175318,False,0.452919333175318,0.452919333175318,0.0,0.0,True,0.0,0.0,0.0
test/attack/digital_3/scan/turkiye-NF-1002.jpg,digital_3,scan,0.021955243351731,54696,0.42845911949685533,False,0.42845911949685533,0.42845911949685533,0.0,0.0,True,0.0,0.0,0.0
test/attack/digital_3/scan/turkiye-NM-1011.jpg,digital_3,scan,0.0225583975952692,56210,0.4591887564490304,False,0.4591887564490304,0.4591887564490304,0.0,0.0,True,0.0,0.0,0.0
test/attack/digital_3/scan/turkiye-NM-1019.jpg,digital_3,scan,0.0245248830643462,61110,0.41404025527736865,False,0.41404025527736865,0.41404025527736865,0.0,0.0,True,0.0,0.0,0.0
test/attack/digital_3/scan/turkiye-NM-1033.jpg,digital_3,scan,0.025681462861839,63998,0.4084658895590487,False,0.4084658895590487,0.4084658895590487,0.0,0.0,True,0.0,0.0,0.0
test/attack/digital_3/scan/ukraine-006_03.jpg,digital_3,scan,0.024869790093171,61740,0.4593132491091675,False,0.4593132491091675,0.4593132491091675,0.0,0.0,True,0.0,0.0,0.0
test/attack/digital_3/scan/ukraine-007_03.jpg,digital_3,scan,0.0228698737294681,57054,0.5373681074070179,False,0.5373681074070179,0.5373681074070179,0.0,0.0,True,0.0,0.0,0.0
test/attack/digital_3/scan/ukraine-01_0018_000-aad4322e_0.jpg,digital_3,scan,0.0205474967028314,51148,0.4484437319152264,False,0.4484437319152264,0.4484437319152264,0.0,0.0,True,0.0,0.0,0.0
test/attack/digital_3/scan/ukraine-01_0073_000-d23bdbae_1.jpg,digital_3,scan,0.0200529263655516,49952,0.5980941704035875,False,0.5980941704035875,0.5980941704035875,0.0,0.0,True,0.0,0.0,0.0
test/attack/digital_3/scan/ukraine-01_0077_000-a3228552_1.jpg,digital_3,scan,0.0228925366973619,57014,0.4476970568632266,False,0.4476970568632266,0.4476970568632266,0.0,0.0,True,0.0,0.0,0.0
test/attack/digital_3/scan/ukraine-01_0083_000-21b44038_0.jpg,digital_3,scan,0.0241343952354866,60137,0.41187621597352714,False,0.41187621597352714,0.41187621597352714,0.0,0.0,True,0.0,0.0,0.0
test/attack/digital_3/scan/ukraine-01_0091_000-2d8a528b_1.jpg,digital_3,scan,0.0212327802916038,52790,0.40814548209888235,False,0.40814548209888235,0.40814548209888235,0.0,0.0,True,0.0,0.0,0.0
test/attack/digital_3/scan/ukraine-030_03.jpg,digital_3,scan,0.0244480438914822,60888,0.39963539613716986,False,0.39963539613716986,0.39963539613716986,0.0,0.0,True,0.0,0.0,0.0
test/attack/digital_3/scan/ukraine-103_03.jpg,digital_3,scan,0.0235748792270531,58560,0.6289446721311476,False,0.6289446721311476,0.6289446721311476,0.0,0.0,True,0.0,0.0,0.0
test/attack/digital_3/scan/ukraine-NF-1021.jpg,digital_3,scan,0.0238885872297637,59393,0.4020170727190073,False,0.4020170727190073,0.4020170727190073,0.0,0.0,True,0.0,0.0,0.0
test/attack/digital_3/scan/ukraine-NF-1032.jpg,digital_3,scan,0.0250579869804707,62551,0.42026506370801425,False,0.42026506370801425,0.42026506370801425,0.0,0.0,True,0.0,0.0,0.0
test/attack/digital_3/scan/ukraine-NF-1057.jpg,digital_3,scan,0.0227391260673028,56592,0.4600120158326265,False,0.4600120158326265,0.4600120158326265,0.0,0.0,True,0.0,0.0,0.0
test/attack/digital_3/scan/ukraine-NF-1068.jpg,digital_3,scan,0.0209272712090848,52130,0.5351045463264915,False,0.5351045463264915,0.5351045463264915,0.0,0.0,True,0.0,0.0,0.0
test/attack/digital_3/scan/ukraine-NF-1073.jpg,digital_3,scan,0.0221997237068211,55344,0.4729871350101185,False,0.4729871350101185,0.4729871350101185,0.0,0.0,True,0.0,0.0,0.0
test/attack/digital_3/scan/ukraine-NF-1077.jpg,digital_3,scan,0.0264650131367034,65746,0.4564079944027013,False,0.4564079944027013,0.4564079944027013,0.0,0.0,True,0.0,0.0,0.0
test/attack/digital_3/scan/ukraine-NF-1084.jpg,digital_3,scan,0.0205946776507092,51214,0.5098801109071738,False,0.5098801109071738,0.5098801109071738,0.0,0.0,False,0.0,0.0,0.0
test/attack/digital_3/scan/usa-034_03.jpg,digital_3,scan,0.0245005519317611,61037,0.3874535118043154,False,0.3874535118043154,0.3874535118043154,0.0,0.0,True,0.0,0.0,0.0
test/attack/digital_3/scan/usa-043_03.jpg,digital_3,scan,0.0252108542713567,62712,0.4696868222987626,False,0.4696868222987626,0.4696868222987626,0.0,0.0,True,0.0,0.0,0.0
test/attack/digital_3/scan/usa-117_03.jpg,digital_3,scan,0.0248703973198598,62002,0.41250282248959713,False,0.41250282248959713,0.41250282248959713,0.0,0.0,True,0.0,0.0,0.0
test/attack/digital_3/scan/usa-134_03.jpg,digital_3,scan,0.0288306697999996,71954,0.4143480557022542,False,0.4143480557022542,0.4143480557022542,0.0,0.0,True,0.0,0.0,0.0
test/attack/digital_3/scan/usa-136_03.jpg,digital_3,scan,0.0235535224418363,58625,0.5570660980810235,False,0.5570660980810235,0.5570660980810235,0.0,0.0,True,0.0,0.0,0.0
test/attack/digital_3/scan/usa-137_03.jpg,digital_3,scan,0.0249772069894285,62243,0.4815481258936748,False,0.4815481258936748,0.4815481258936748,0.0,0.0,True,0.0,0.0,0.0
test/attack/digital_3/scan/usa-NF-1004.jpg,digital_3,scan,0.0260489233914714,64875,0.2832369942196532,False,0.2832369942196532,0.2832369942196532,0.0,0.0,True,0.0,0.0,0.0
test/attack/digital_3/scan/usa-NF-1009.jpg,digital_3,scan,0.0246948657651176,61275,0.49179926560587517,False,0.49179926560587517,0.49179926560587517,0.0,0.0,True,0.0,0.0,0.0
test/attack/digital_3/scan/usa-NF-1017.jpg,digital_3,scan,0.027611795275559,68912,0.2950719758532621,False,0.2950719758532621,0.2950719758532621,0.0,0.0,True,0.0,0.0,0.0
test/attack/digital_3/scan/usa-NF-1036.jpg,digital_3,scan,0.0308961709770547,76893,0.3829997529033852,False,0.3829997529033852,0.3829997529033852,0.0,0.0,True,0.0,0.0,0.0
test/attack/digital_3/scan/usa-NF-1044.jpg,digital_3,scan,0.0274745098605168,68535,0.15777340045232363,False,0.15777340045232363,0.15777340045232363,0.0,0.0,True,0.0,0.0,0.0
test/attack/digital_3/scan/usa-NF-1046.jpg,digital_3,scan,0.0255084337349397,63516,0.41400591976824735,False,0.41400591976824735,0.41400591976824735,0.0,0.0,True,0.0,0.0,0.0
test/attack/digital_3/scan/usa-NF-1051.jpg,digital_3,scan,0.0271211438733691,67376,0.30170980764663974,False,0.30170980764663974,0.30170980764663974,0.0,0.0,True,0.0,0.0,0.0
test/attack/digital_3/scan/usa-NF-1062.jpg,digital_3,scan,0.0276622376585969,68686,0.531374661503072,False,0.531374661503072,0.531374661503072,0.0,0.0,True,0.0,0.0,0.0
test/attack/digital_3/scan/usa-NF-1093.jpg,digital_3,scan,0.0276421046967403,68836,0.4813614968911616,False,0.4813614968911616,0.4813614968911616,0.0,0.0,True,0.0,0.0,0.0
test/attack/digital_3/scan/usa-NF-1094.jpg,digital_3,scan,0.0268960457213469,66864,0.49534876764776264,False,0.49534876764776264,0.49534876764776264,0.0,0.0,True,0.0,0.0,0.0
test/attack/digital_3/scan/usa-NM-1038.jpg,digital_3,scan,0.0257188158554942,64072,0.42747221875390184,False,0.42747221875390184,0.42747221875390184,0.0,0.0,True,0.0,0.0,0.0
test/attack/digital_3/scan/usa-NM-1052.jpg,digital_3,scan,0.0324937042846925,81096,0.18808572555983033,False,0.18808572555983033,0.18808572555983033,0.0,0.0,True,0.0,0.0,0.0
test/attack/facedancer/huawei/chinese2-flickr_F_16858102101_d4c5c1e7a2_c.jpg,facedancer,huawei,0.0727748581627645,490755,0.23134150441666412,False,0.23134150441666412,0.23134150441666412,0.0,0.0,True,0.0,0.0,0.0
test/attack/facedancer/huawei/chinese2-flickr_F_21696826019_7407a3bea0_k.jpg,facedancer,huawei,0.0831886349058369,547171,0.6524157895794916,True,0.6524157895794916,0.6524176171617282,1.8275822365465544e-06,0.0,True,0.0,0.0,0.0
test/attack/facedancer/huawei/chinese2-flickr_F_31196390972_be24a6067c_k.jpg,facedancer,huawei,0.085186354228737,562976,0.2855343744671176,False,0.2855343744671176,0.2855343744671176,0.0,0.0,True,0.0,0.0,0.0
test/attack/facedancer/huawei/chinese2-flickr_F_31226153591_900ef17f37_k.jpg,facedancer,huawei,0.0905643966821585,596225,0.2958061134638769,True,0.2958061134638769,0.2958061134638769,0.0,0.0,True,0.0,0.0,0.0
test/attack/facedancer/huawei/chinese2-flickr_F_31998955273_5516f4db28_h.jpg,facedancer,huawei,0.0705044981078488,466701,0.44251458642685576,True,0.44251458642685576,0.44251458642685576,0.0,0.0,True,0.0,0.0,0.0
test/attack/facedancer/huawei/chinese2-flickr_F_39035705701_833f3da9bf_o.jpg,facedancer,huawei,0.0826515567282961,545776,0.44585141156811586,True,0.44585141156811586,0.44585141156811586,0.0,0.0,True,0.0,0.0,0.0
test/attack/facedancer/huawei/chinese2-flickr_F_48677929383_2cdc743f43_c.jpg,facedancer,huawei,0.0813775985107043,537674,0.28029809884800083,False,0.28029809884800083,0.28029809884800083,0.0,0.0,True,0.0,0.0,0.0
test/attack/facedancer/huawei/chinese2-flickr_M_21459989349_7ab0e1ace5_k.jpg,facedancer,huawei,0.0795333517685486,522882,0.4343503888066524,True,0.43434847632926743,0.4343503888066524,1.9124773849577004e-06,0.0,True,0.0,0.0,0.0
test/attack/facedancer/huawei/chinese2-flickr_M_22911363774_20c12ce7ec_c.jpg,facedancer,huawei,0.0672557253923265,443364,0.5575621836684981,False,0.5575621836684981,0.5575621836684981,0.0,0.0,True,0.0,0.0,0.0
test/attack/facedancer/huawei/chinese2-flickr_M_24235235151_ae8ac31253_k.jpg,facedancer,huawei,0.0819578557898716,541459,0.6440653862988702,False,0.6440653862988702,0.6440653862988702,0.0,0.0,True,0.0,0.0,0.0
test/attack/facedancer/huawei/chinese2-flickr_M_24291592906_b097dd45e5_k.jpg,facedancer,huawei,0.0791873357904936,523133,0.22554111478342984,False,0.22554111478342984,0.22554111478342984,0.0,0.0,True,0.0,0.0,0.0
test/attack/facedancer/huawei/chinese2-flickr_M_26097180114_4c514c928d_c.jpg,facedancer,huawei,0.0801787964059659,531397,0.5317436869233361,True,0.5317436869233361,0.5317455687555631,1.8818322270464094e-06,0.0,True,0.0,0.0,0.0
test/attack/facedancer/huawei/chinese2-flickr_M_30516208604_4a571cf89d_c.jpg,facedancer,huawei,0.0787872168661724,515788,0.5614516041474404,False,0.5614516041474404,0.5614516041474404,0.0,0.0,True,0.0,0.0,0.0
test/attack/facedancer/huawei/chinese2-flickr_M_31304800026_59e0161aba_c.jpg,facedancer,huawei,0.0776484554941853,511216,0.4786645957872993,False,0.4786645957872993,0.4786645957872993,0.0,0.0,True,0.0,0.0,0.0
test/attack/facedancer/huawei/chinese2-flickr_M_32771950686_f8d5084d87_h.jpg,facedancer,huawei,0.0868559785147831,576312,0.3010279154346951,False,0.3010279154346951,0.3010279154346951,0.0,0.0,True,0.0,0.0,0.0
test/attack/facedancer/huawei/chinese2-flickr_M_32812741685_462068ee90_h.jpg,facedancer,huawei,0.0665013881269934,437633,0.38604721307579637,False,0.38604721307579637,0.38604721307579637,0.0,0.0,True,0.0,0.0,0.0
test/attack/facedancer/huawei/chinese2-flickr_M_33525327222_f112b468ed_k.jpg,facedancer,huawei,0.0777715543084343,512634,0.536536788429952,False,0.536536788429952,0.536536788429952,0.0,0.0,True,0.0,0.0,0.0
test/attack/facedancer/huawei/chinese2-flickr_M_34592740762_6446ed6334_k.jpg,facedancer,huawei,0.0826285262173718,545986,0.6347910019670834,False,0.6347910019670834,0.6347910019670834,0.0,0.0,True,0.0,0.0,0.0
test/attack/facedancer/huawei/chinese2-flickr_M_3625086942_a3ed938d9c_c.jpg,facedancer,huawei,0.0877852753798017,582170,0.5628407509833897,False,0.5628407509833897,0.5628407509833897,0.0,0.0,True,0.0,0.0,0.0
test/attack/facedancer/huawei/chinese2-flickr_M_38319821984_1d6e303c3e_o.jpg,facedancer,huawei,0.0731413621295191,482526,0.5744726709027078,False,0.5744726709027078,0.5744726709027078,0.0,0.0,True,0.0,0.0,0.0
test/attack/facedancer/huawei/chinese2-flickr_M_6850649398_5d950a2635_k.jpg,facedancer,huawei,0.0785298119727713,518489,0.4984059449670099,False,0.4984059449670099,0.4984059449670099,0.0,0.0,True,0.0,0.0,0.0
test/attack/facedancer/huawei/netherland-flickr_F_10239917343_ca73cd29b5_h.jpg,facedancer,huawei,0.0696658442655703,464636,0.3325635551270242,False,0.3325635551270242,0.3325635551270242,0.0,0.0,True,0.0,0.0,0.0
test/attack/facedancer/huawei/netherland-flickr_F_20301931855_4cd18f8166_k.jpg,facedancer,huawei,0.0729565321572519,484110,0.07433641114622709,False,0.07433641114622709,0.07433641114622709,0.0,0.0,True,0.0,0.0,0.0
test/attack/facedancer/huawei/netherland-flickr_F_26297818201_09eab93588_k.jpg,facedancer,huawei,0.0781285464470912,515986,0.2896861542755036,False,0.2896861542755036,0.2896861542755036,0.0,0.0,True,0.0,0.0,0.0
test/attack/facedancer/huawei/netherland-flickr_F_28630210242_e3780d0ee9_b.jpg,facedancer,huawei,0.0752445417894696,493806,0.3767937206109282,False,0.3767937206109282,0.3767937206109282,0.0,0.0,True,0.0,0.0,0.0
test/attack/facedancer/huawei/netherland-flickr_F_31998771523_784e7e9597_h.jpg,facedancer,huawei,0.070214546215201,463218,0.4072056785358082,False,0.4072056785358082,0.4072056785358082,0.0,0.0,True,0.0,0.0,0.0
test/attack/facedancer/huawei/netherland-flickr_F_36412358965_0ec43e5de3_c.jpg,facedancer,huawei,0.0749750762874092,494470,0.31746111998705684,False,0.31746111998705684,0.31746111998705684,0.0,0.0,True,0.0,0.0,0.0
test/attack/facedancer/huawei/netherland-flickr_F_37048326531_f8270ca4df_k.jpg,facedancer,huawei,0.0784391511524116,517248,0.10535565144766147,True,0.10535565144766147,0.10535565144766147,0.0,0.0,True,0.0,0.0,0.0
test/attack/facedancer/huawei/netherland-flickr_M_17339867026_3135c7e76f_k.jpg,facedancer,huawei,0.063635874587041,402194,0.4512921624887492,False,0.4512921624887492,0.4512921624887492,0.0,0.0,True,0.0,0.0,0.0
test/attack/facedancer/huawei/netherland-flickr_M_18042193331_841d026f9a_c.jpg,facedancer,huawei,0.0688970014384525,432219,0.3370652377614126,False,0.3370652377614126,0.3370652377614126,0.0,0.0,True,0.0,0.0,0.0
test/attack/facedancer/huawei/netherland-flickr_M_32689636931_6ac45273df_h.jpg,facedancer,huawei,0.0745533727357565,467349,0.3707571857434166,False,0.3707571857434166,0.3707571857434166,0.0,0.0,True,0.0,0.0,0.0
test/attack/facedancer/huawei/netherland-flickr_M_37190718595_78e318623b_k.jpg,facedancer,huawei,0.0772132140769918,489632,0.07614494150709104,True,0.07614494150709104,0.07614494150709104,0.0,0.0,True,0.0,0.0,0.0
test/attack/facedancer/huawei/netherland-flickr_M_6862482951_78a560f107_b.jpg,facedancer,huawei,0.0786365669293498,516045,0.4210911839083801,False,0.4210911839083801,0.4210911839083801,0.0,0.0,True,0.0,0.0,0.0
test/attack/facedancer/huawei/singapore-flickr_F_30532886723_e55b04664f_k.jpg,facedancer,huawei,0.0301785134696527,190609,0.30994339196994897,False,0.30994339196994897,0.30994339196994897,0.0,0.0,True,0.0,0.0,0.0
test/attack/facedancer/huawei/singapore-flickr_F_9641749325_1a753f74b2_c.jpg,facedancer,huawei,0.0312569777537215,195419,0.3530362963683163,False,0.3530362963683163,0.3530362963683163,0.0,0.0,False,0.0,0.0,0.0
test/attack/facedancer/huawei/singapore-flickr_M_21893334161_8c8b011508_k.jpg,facedancer,huawei,0.0311691798276382,194120,0.08371110653204204,False,0.08371110653204204,0.08371110653204204,0.0,0.0,True,0.0,0.0,0.0
test/attack/facedancer/huawei/singapore-flickr_M_22512816725_a88536de72_c.jpg,facedancer,huawei,0.0342241292260446,213524,0.32086322848953747,False,0.32086322848953747,0.32086322848953747,0.0,0.0,True,0.0,0.0,0.0
test/attack/facedancer/huawei/singapore-flickr_M_31244514601_d2cb0773d7_c.jpg,facedancer,huawei,0.0327147614230315,204897,0.44559461583136895,False,0.44559461583136895,0.44559461583136895,0.0,0.0,True,0.0,0.0,0.0
test/attack/facedancer/iphone15/chinese2-flickr_F_16745558933_a3f9fe2bc9_k.jpg,facedancer,iphone15,0.0800234017657696,383673,0.7430520260742872,False,0.7430520260742872,0.7430520260742872,0.0,0.0,True,0.0,0.0,0.0
test/attack/facedancer/iphone15/chinese2-flickr_F_17178039488_60828ef8de_k.jpg,facedancer,iphone15,0.0752476833390617,360800,0.7679850332594235,False,0.7679850332594235,0.7679850332594235,0.0,0.0,True,0.0,0.0,0.0
test/attack/facedancer/iphone15/chinese2-flickr_F_17619703551_9705002b22_b.jpg,facedancer,iphone15,0.0765837210395225,365036,0.5916594527663025,False,0.5916594527663025,0.5916594527663025,0.0,0.0015724476489990028,True,0.0015724476489990028,0.0015724476489990028,0.0
test/attack/facedancer/iphone15/chinese2-flickr_F_25164779518_a723fab6b8_o.jpg,facedancer,iphone15,0.0937236531121098,448775,0.70560303047184,True,0.70560303047184,0.70560303047184,0.0,0.0,True,0.0,0.0,0.0
test/attack/facedancer/iphone15/chinese2-flickr_F_30990251270_6801e68759_c.jpg,facedancer,iphone15,0.0756252025830902,363972,0.7705482839339289,False,0.7705482839339289,0.7705482839339289,0.0,0.0,True,0.0,0.0,0.0
test/attack/facedancer/iphone15/chinese2-flickr_F_31226153591_900ef17f37_k.jpg,facedancer,iphone15,0.0886034346041485,425944,0.7255953834306857,False,0.7255953834306857,0.7255953834306857,0.0,0.0,True,0.0,0.0,0.0
test/attack/facedancer/iphone15/chinese2-flickr_M_24291592906_b097dd45e5_k.jpg,facedancer,iphone15,0.0810696086300459,392093,0.7503245403513962,False,0.7503245403513962,0.7503245403513962,0.0,0.0,False,0.0,0.0,0.0
test/attack/facedancer/iphone15/chinese2-flickr_M_26097180114_4c514c928d_c.jpg,facedancer,iphone15,0.0757015575940714,361800,0.5890187949143173,False,0.5890187949143173,0.5890187949143173,0.0,0.0,True,0.0,0.0,0.0
test/attack/facedancer/iphone15/chinese2-flickr_M_30516208604_4a571cf89d_c.jpg,facedancer,iphone15,0.078154428370157,373548,0.778671014166854,False,0.778671014166854,0.778671014166854,0.0,0.0,False,0.0,0.0,0.0
test/attack/facedancer/iphone15/chinese2-flickr_M_31840786965_77af814416_h.jpg,facedancer,iphone15,0.0819197594967688,396316,0.7561365173245592,False,0.7561365173245592,0.7561365173245592,0.0,0.0,True,0.0,0.0,0.0
test/attack/facedancer/iphone15/chinese2-flickr_M_33552319041_2631ab0a0c_c.jpg,facedancer,iphone15,0.0806982502132617,387860,0.7261537668230805,False,0.7261537668230805,0.7261537668230805,0.0,0.0,False,0.0,0.0,0.0
test/attack/facedancer/iphone15/netherland-flickr_M_17339867026_3135c7e76f_k.jpg,facedancer,iphone15,0.0644079510396361,310524,0.6624222282335664,False,0.6624222282335664,0.6624222282335664,0.0,0.0,True,0.0,0.0,0.0
test/attack/facedancer/iphone15/netherland-flickr_M_2409019110_4f42632225_o.jpg,facedancer,iphone15,0.0728545961781215,351425,0.7627260439638615,False,0.7627260439638615,0.7627260439638615,0.0,0.0,True,0.0,0.0,0.0
test/attack/facedancer/iphone15/netherland-flickr_M_26828968014_910728ddd9_k.jpg,facedancer,iphone15,0.0681705978237221,325874,0.6573706401860842,True,0.657367571515371,0.6573706401860842,3.0686707132021596e-06,0.0,True,0.0,0.0,0.0
test/attack/facedancer/iphone15/netherland-flickr_M_32689636931_6ac45273df_h.jpg,facedancer,iphone15,0.0784785894206549,381661,0.6311071867442574,False,0.6311071867442574,0.6311071867442574,0.0,0.0,True,0.0,0.0,0.0
test/attack/facedancer/scan/chinese2-flickr_F_16858102101_d4c5c1e7a2_c.jpg,facedancer,scan,0.0749546005755621,186357,0.09743127438196579,False,0.09743127438196579,0.09743127438196579,0.0,0.0,False,0.0,0.0,0.0
test/attack/facedancer/scan/chinese2-flickr_F_17619703551_9705002b22_b.jpg,facedancer,scan,0.0733092788140383,182614,0.35555324345340444,False,0.35555324345340444,0.35555324345340444,0.0,0.0,True,0.0,0.0,0.0
test/attack/facedancer/scan/chinese2-flickr_M_16743317854_732a16acc8_k.jpg,facedancer,scan,0.0710886200858952,177508,0.0002929445433445253,True,0.0002929445433445253,0.0002929445433445253,0.0,0.0,True,0.0,0.0,0.0
test/attack/facedancer/scan/chinese2-flickr_M_22911363774_20c12ce7ec_c.jpg,facedancer,scan,0.0673668935771666,167593,0.054035669747543154,False,0.054035669747543154,0.054035669747543154,0.0,0.0,True,0.0,0.0,0.0
test/attack/facedancer/scan/netherland-flickr_M_21260956694_6fd7ae0222_k.jpg,facedancer,scan,0.0704641995172968,175174,0.4368342333908,False,0.4368342333908,0.4368342333908,0.0,0.0,True,0.0,0.0,0.0
test/attack/facedancer/scan/netherland-flickr_M_2409019110_4f42632225_o.jpg,facedancer,scan,0.0732545566882916,182112,0.27679669653839395,False,0.27679669653839395,0.27679669653839395,0.0,0.0,True,0.0,0.0,0.0
test/attack/facedancer/scan/netherland-flickr_M_26828968014_910728ddd9_k.jpg,facedancer,scan,0.0721330747359347,179414,0.39582752739474064,False,0.39582752739474064,0.39582752739474064,0.0,0.0,True,0.0,0.0,0.0
test/attack/facedancer/scan/netherland-flickr_M_31998389253_0a26f25b0d_h.jpg,facedancer,scan,0.0752433299899699,187544,0.2506825065051401,False,0.2506825065051401,0.2506825065051401,0.0,0.0,True,0.0,0.0,0.0
test/attack/facedancer/scan/netherland-flickr_M_33239373490_5b5df42090_k.jpg,facedancer,scan,0.0737427617444657,183841,0.27604288488422063,False,0.27604288488422063,0.27604288488422063,0.0,0.0,False,0.0,0.0,0.0
test/attack/facedancer/scan/netherland-flickr_M_33276713046_c88eb6c4c8_c.jpg,facedancer,scan,0.0752935755914933,187275,0.22737151248164464,False,0.22737151248164464,0.22737151248164464,0.0,0.0,True,0.0,0.0,0.0
test/attack/facedancer/scan/netherland-flickr_M_6862482951_78a560f107_b.jpg,facedancer,scan,0.0740696172704212,184045,0.3000570512646364,False,0.3000570512646364,0.3000570512646364,0.0,0.0,True,0.0,0.0,0.0
test/attack/facedancer/scan/singapore-flickr_F_20411794293_d7a6aae66c_c.jpg,facedancer,scan,0.0329927710843373,82152,0.12019183951699289,False,0.12019183951699289,0.12019183951699289,0.0,0.0,True,0.0,0.0,0.0
test/attack/facedancer/scan/singapore-flickr_M_22942161980_136669b7da_c.jpg,facedancer,scan,0.032257326007326,80313,0.30475763575012765,False,0.30475763575012765,0.30475763575012765,0.0,0.0,True,0.0,0.0,0.0
test/attack/facedancer/scan/singapore-flickr_M_31226135201_5aa42a5a13_c.jpg,facedancer,scan,0.0333548800494581,82871,0.24016845458604336,False,0.24016845458604336,0.24016845458604336,0.0,0.0,True,0.0,0.0,0.0
test/attack/facedancer/scan/singapore-flickr_M_31244514601_d2cb0773d7_c.jpg,facedancer,scan,0.0334948620963291,83152,0.15763902251298825,False,0.15763902251298825,0.15763902251298825,0.0,0.0,True,0.0,0.0,0.0
test/attack/facedancer/scan/singapore-flickr_M_33525333882_5cf0c0382a_k.jpg,facedancer,scan,0.0342301744517337,85242,0.4319232303324652,False,0.4319232303324652,0.4319232303324652,0.0,0.0,True,0.0,0.0,0.0
test/attack/textdiffuserft_bfei/huawei/chinese2-flickr_F_17178039488_60828ef8de_k.jpg,textdiffuserft_bfei,huawei,0.0457535496822004,301588,0.5042342533522554,False,0.5042342533522554,0.5042342533522554,0.0,0.06250911839993634,True,0.06250911839993634,0.06250911839993634,0.0
test/attack/textdiffuserft_bfei/huawei/chinese2-flickr_F_17619703551_9705002b22_b.jpg,textdiffuserft_bfei,huawei,0.0441609260253528,291168,0.45383764699417517,False,0.45383764699417517,0.45383764699417517,0.0,0.06925898450379163,False,0.06925898450379163,0.06925898450379163,0.0
test/attack/textdiffuserft_bfei/huawei/chinese2-flickr_F_17773666675_1bdbd28a62_c.jpg,textdiffuserft_bfei,huawei,0.0442727715567989,289926,0.4445582665921649,False,0.4445582665921649,0.4445582665921649,0.0,0.13896994405468982,False,0.13896994405468982,0.13896994405468982,0.0
test/attack/textdiffuserft_bfei/huawei/chinese2-flickr_F_21668538829_2fb67bd5fd_c.jpg,textdiffuserft_bfei,huawei,0.0425265526224699,280119,0.4481488224647382,False,0.4481488224647382,0.4481488224647382,0.0,0.0,True,0.0,0.0,0.0
test/attack/textdiffuserft_bfei/huawei/chinese2-flickr_F_25164779518_a723fab6b8_o.jpg,textdiffuserft_bfei,huawei,0.0429606822702378,283806,0.41633016920008736,False,0.41633016920008736,0.41633016920008736,0.0,0.0,True,0.0,0.0,0.0
test/attack/textdiffuserft_bfei/huawei/chinese2-flickr_F_25164805428_423bc49285_o.jpg,textdiffuserft_bfei,huawei,0.0397801132975551,266845,0.4482939534186513,False,0.4482939534186513,0.4482939534186513,0.0,0.015998051303190992,False,0.015998051303190992,0.015998051303190992,0.0
test/attack/textdiffuserft_bfei/huawei/chinese2-flickr_F_31998401683_5272a75c42_c.jpg,textdiffuserft_bfei,huawei,0.04448321492147,293670,0.46795723090543806,False,0.46795723090543806,0.46795723090543806,0.0,0.08340654476112644,False,0.08340654476112644,0.08340654476112644,0.0
test/attack/textdiffuserft_bfei/huawei/chinese2-flickr_F_32689517821_bfacb0e1ba_h.jpg,textdiffuserft_bfei,huawei,0.0422934204904084,282095,0.42915329942040803,False,0.42915329942040803,0.42915329942040803,0.0,0.16643683865364506,False,0.16643683865364506,0.16643683865364506,0.0
test/attack/textdiffuserft_bfei/huawei/chinese2-flickr_F_33552328531_f6d5dd17b8_c.jpg,textdiffuserft_bfei,huawei,0.0430919044986786,284538,0.3893961439245373,False,0.3893961439245373,0.3893961439245373,0.0,1.405787627663089e-05,True,1.405787627663089e-05,1.405787627663089e-05,0.0
test/attack/textdiffuserft_bfei/huawei/chinese2-flickr_F_40837237721_dedac367d4_c.jpg,textdiffuserft_bfei,huawei,0.0433061920437876,283599,0.500498943931396,False,0.500498943931396,0.500498943931396,0.0,0.16974671984033793,True,0.16974671984033793,0.16974671984033793,0.0
test/attack/textdiffuserft_bfei/huawei/chinese2-flickr_M_16743317854_732a16acc8_k.jpg,textdiffuserft_bfei,huawei,0.0452067728711097,299720,0.44714400106766317,False,0.44714400106766317,0.44714400106766317,0.0,0.0844054450820766,True,0.0844054450820766,0.08440878152942746,3.3364473508573633e-06
test/attack/textdiffuserft_bfei/huawei/chinese2-flickr_M_30518538704_383875f8c4_c.jpg,textdiffuserft_bfei,huawei,0.0431383456793702,285678,0.4942627713719642,True,0.4942627713719642,0.4942627713719642,0.0,0.0005915751300415153,True,0.0005915751300415153,0.0005915751300415153,0.0
test/attack/textdiffuserft_bfei/huawei/chinese2-flickr_M_31840786965_77af814416_h.jpg,textdiffuserft_bfei,huawei,0.0432594609737656,287216,0.48222592056152863,False,0.48222592056152863,0.48222592056152863,0.0,0.0393954375800791,False,0.0393954375800791,0.0393954375800791,0.0
test/attack/textdiffuserft_bfei/huawei/chinese2-flickr_M_31969854474_39f84b92eb_h.jpg,textdiffuserft_bfei,huawei,0.0424352983964611,280958,0.5083891542508133,False,0.5083891542508133,0.5083891542508133,0.0,0.0,True,0.0,0.0,0.0
test/attack/textdiffuserft_bfei/huawei/chinese2-flickr_M_33552319041_2631ab0a0c_c.jpg,textdiffuserft_bfei,huawei,0.0442006457259875,299761,0.5083349735289113,False,0.5083349735289113,0.5083349735289113,0.0,0.08188189924639963,True,0.08188189924639963,0.0818852352374058,3.3359910061731e-06
test/attack/textdiffuserft_bfei/huawei/chinese2-flickr_M_36353666424_ab1a94e172_k.jpg,textdiffuserft_bfei,huawei,0.0434140594969448,286422,0.4619233159464008,False,0.4619233159464008,0.4619233159464008,0.0,0.0,True,0.0,0.0,0.0
test/attack/textdiffuserft_bfei/huawei/chinese2-flickr_M_38999105422_457bedeef7_o.jpg,textdiffuserft_bfei,huawei,0.0460416220018129,306026,0.4423872481423147,False,0.4423872481423147,0.4423872481423147,0.0,0.0,True,0.0,0.0,0.0
test/attack/textdiffuserft_bfei/huawei/netherland-flickr_F_28051545714_ab479f15eb_k.jpg,textdiffuserft_bfei,huawei,0.0337522167769493,223020,0.5046542910949691,False,0.5046542910949691,0.5046542910949691,0.0,0.09847547305174424,True,0.09847547305174424,0.09847547305174424,0.0
test/attack/textdiffuserft_bfei/huawei/netherland-flickr_F_31998547103_f617b19dfc_h.jpg,textdiffuserft_bfei,huawei,0.0383984375,253614,0.5515113518969773,False,0.5515113518969773,0.5515113518969773,0.0,0.0,True,0.0,0.0,0.0
test/attack/textdiffuserft_bfei/huawei/netherland-flickr_F_32868411313_4bb20e41db_c.jpg,textdiffuserft_bfei,huawei,0.0367381711263102,242700,0.4621837659662134,False,0.4621837659662134,0.4621837659662134,0.0,0.0,True,0.0,0.0,0.0
test/attack/textdiffuserft_bfei/huawei/netherland-flickr_F_37019045642_0a3fa19256_k.jpg,textdiffuserft_bfei,huawei,0.0385388560779143,254458,0.5022557750198461,False,0.5022557750198461,0.5022557750198461,0.0,0.0,True,0.0,0.0,0.0
test/attack/textdiffuserft_bfei/huawei/netherland-flickr_M_14867283357_afe052b7e3_c.jpg,textdiffuserft_bfei,huawei,0.0395563447080403,258846,0.5268113086545668,False,0.5268113086545668,0.5268113086545668,0.0,0.0,True,0.0,0.0,0.0
test/attack/textdiffuserft_bfei/huawei/netherland-flickr_M_15788104622_be592061dc_k.jpg,textdiffuserft_bfei,huawei,0.0368817035082197,243732,0.5111392841317512,True,0.5111392841317512,0.5111392841317512,0.0,0.0,True,0.0,0.0,0.0
test/attack/textdiffuserft_bfei/huawei/netherland-flickr_M_19475853574_c947539b18_c.jpg,textdiffuserft_bfei,huawei,0.0367591223116472,229646,0.4919397681649147,False,0.4919397681649147,0.4919397681649147,0.0,0.054187749841059715,False,0.054187749841059715,0.054187749841059715,0.0
test/attack/textdiffuserft_bfei/huawei/netherland-flickr_M_21260956694_6fd7ae0222_k.jpg,textdiffuserft_bfei,huawei,0.0381475026823864,240343,0.5014250467040854,False,0.5014250467040854,0.5014250467040854,0.0,0.0,True,0.0,0.0,0.0
test/attack/textdiffuserft_bfei/huawei/netherland-flickr_M_23559454676_4919252d67_c.jpg,textdiffuserft_bfei,huawei,0.0366069942441184,230929,0.43887082176772946,False,0.43887082176772946,0.43887082176772946,0.0,0.0,True,0.0,0.0,0.0
test/attack/textdiffuserft_bfei/huawei/netherland-flickr_M_2409019110_4f42632225_o.jpg,textdiffuserft_bfei,huawei,0.0348619836932853,230144,0.4663037055061179,False,0.4663037055061179,0.4663037055061179,0.0,0.00019118464961067854,True,0.00019118464961067854,0.00019118464961067854,0.0
test/attack/textdiffuserft_bfei/huawei/netherland-flickr_M_30990255070_570d17d9d4_c.jpg,textdiffuserft_bfei,huawei,0.0401844347087233,254439,0.525575874767626,False,0.525575874767626,0.525575874767626,0.0,0.0,True,0.0,0.0,0.0
test/attack/textdiffuserft_bfei/huawei/netherland-flickr_M_31998389253_0a26f25b0d_h.jpg,textdiffuserft_bfei,huawei,0.0412368740664085,259334,0.5035783969707018,False,0.5035783969707018,0.5035783969707018,0.0,0.0,True,0.0,0.0,0.0
test/attack/textdiffuserft_bfei/huawei/netherland-flickr_M_33276713046_c88eb6c4c8_c.jpg,textdiffuserft_bfei,huawei,0.0381019492129221,238939,0.48888628478398255,False,0.48888628478398255,0.48888628478398255,0.0,0.0648240764379193,True,0.0648240764379193,0.0648240764379193,0.0
test/attack/textdiffuserft_bfei/huawei/netherland-flickr_M_4188233342_8473de8906_c.jpg,textdiffuserft_bfei,huawei,0.0395405614552641,261204,0.46546760386517816,False,0.46546760386517816,0.46546760386517816,0.0,0.0,True,0.0,0.0,0.0
test/attack/textdiffuserft_bfei/huawei/netherland-flickr_M_6501027149_988313b64f_h.jpg,textdiffuserft_bfei,huawei,0.0382352100252134,252749,0.4480057290038734,False,0.4480057290038734,0.4480057290038734,0.0,0.0,True,0.0,0.0,0.0
test/attack/textdiffuserft_bfei/huawei/singapore-flickr_F_32272417100_7c8c616f37_c.jpg,textdiffuserft_bfei,huawei,0.0407931664410937,257158,0.4920982431034617,False,0.4920982431034617,0.4920982431034617,0.0,0.0,True,0.0,0.0,0.0
test/attack/textdiffuserft_bfei/huawei/singapore-flickr_F_36921282312_c8e6a2674d_c.jpg,textdiffuserft_bfei,huawei,0.0473449687611146,298046,0.5862283003294794,False,0.5862283003294794,0.5862283003294794,0.0,0.0,True,0.0,0.0,0.0
test/attack/textdiffuserft_bfei/huawei/singapore-flickr_M_24170605047_501e882ccc_o.jpg,textdiffuserft_bfei,huawei,0.0476762471072459,299547,0.534380247507069,False,0.534380247507069,0.534380247507069,0.0,0.0,True,0.0,0.0,0.0
test/attack/textdiffuserft_bfei/huawei/singapore-flickr_M_30518529884_4cf8f091df_c.jpg,textdiffuserft_bfei,huawei,0.0463594172402016,289402,0.6341732261698261,False,0.6341732261698261,0.6341732261698261,0.0,0.01686926835336314,True,0.01686926835336314,0.01686926835336314,0.0
test/attack/textdiffuserft_bfei/huawei/singapore-flickr_M_31226135201_5aa42a5a13_c.jpg,textdiffuserft_bfei,huawei,0.040574395851515,255937,0.5321153252558247,False,0.5321153252558247,0.5321153252558247,0.0,0.0,True,0.0,0.0,0.0
test/attack/textdiffuserft_bfei/huawei/singapore-flickr_M_33525333882_5cf0c0382a_k.jpg,textdiffuserft_bfei,huawei,0.0469146372807299,292053,0.6243216128579402,False,0.6243216128579402,0.6243216128579402,0.0,0.0,True,0.0,0.0,0.0
test/attack/textdiffuserft_bfei/huawei/singapore-flickr_M_37019084692_714cba8ac1_k.jpg,textdiffuserft_bfei,huawei,0.0367713034147549,233472,0.506506133497807,False,0.506506133497807,0.506506133497807,0.0,0.0,True,0.0,0.0,0.0
test/attack/textdiffuserft_bfei/iphone15/chinese2-flickr_F_16858102101_d4c5c1e7a2_c.jpg,textdiffuserft_bfei,iphone15,0.0413670408000203,198292,0.4886077098420511,False,0.4886077098420511,0.4886077098420511,0.0,0.0,True,0.0,0.0,0.0
test/attack/textdiffuserft_bfei/iphone15/chinese2-flickr_F_21696826019_7407a3bea0_k.jpg,textdiffuserft_bfei,iphone15,0.0422381454657045,201504,0.48389610131808797,False,0.48389610131808797,0.48389610131808797,0.0,0.0,True,0.0,0.0,0.0
test/attack/textdiffuserft_bfei/iphone15/chinese2-flickr_F_25164805428_423bc49285_o.jpg,textdiffuserft_bfei,iphone15,0.0385226606350004,183938,0.4995705074535985,False,0.4995705074535985,0.4995705074535985,0.0,0.0,True,0.0,0.0,0.0
test/attack/textdiffuserft_bfei/iphone15/chinese2-flickr_F_31196390972_be24a6067c_k.jpg,textdiffuserft_bfei,iphone15,0.0439800595768852,213076,0.5264600424261766,False,0.5264600424261766,0.5264600424261766,0.0,0.0,True,0.0,0.0,0.0
test/attack/textdiffuserft_bfei/iphone15/chinese2-flickr_F_31998401683_5272a75c42_c.jpg,textdiffuserft_bfei,iphone15,0.0440753705220823,213048,0.514724381360069,False,0.514724381360069,0.514724381360069,0.0,0.0,True,0.0,0.0,0.0
test/attack/textdiffuserft_bfei/iphone15/chinese2-flickr_F_32689517821_bfacb0e1ba_h.jpg,textdiffuserft_bfei,iphone15,0.041078019896991,198282,0.4164422388315631,False,0.4164422388315631,0.4164422388315631,0.0,0.0,True,0.0,0.0,0.0
test/attack/textdiffuserft_bfei/iphone15/chinese2-flickr_F_40837237721_dedac367d4_c.jpg,textdiffuserft_bfei,iphone15,0.0426469191550045,205209,0.4939890550609379,False,0.4939890550609379,0.4939890550609379,0.0,0.0,True,0.0,0.0,0.0
test/attack/textdiffuserft_bfei/iphone15/chinese2-flickr_M_16743317854_732a16acc8_k.jpg,textdiffuserft_bfei,iphone15,0.0436620393330304,209535,0.47412604099553773,False,0.47412604099553773,0.47412604099553773,0.0,0.0,True,0.0,0.0,0.0
test/attack/textdiffuserft_bfei/iphone15/chinese2-flickr_M_21459989349_7ab0e1ace5_k.jpg,textdiffuserft_bfei,iphone15,0.0447262949092658,214317,0.4678723573025005,False,0.4678723573025005,0.4678723573025005,0.0,0.0,True,0.0,0.0,0.0
test/attack/textdiffuserft_bfei/iphone15/chinese2-flickr_M_30518538704_383875f8c4_c.jpg,textdiffuserft_bfei,iphone15,0.0412532679372057,198633,0.5115866950607402,False,0.5115866950607402,0.5115866950607402,0.0,0.0,True,0.0,0.0,0.0
test/attack/textdiffuserft_bfei/iphone15/chinese2-flickr_M_31304800026_59e0161aba_c.jpg,textdiffuserft_bfei,iphone15,0.0419036716965289,200821,0.5454409648393346,False,0.5454409648393346,0.5454409648393346,0.0,0.0,True,0.0,0.0,0.0
test/attack/textdiffuserft_bfei/iphone15/chinese2-flickr_M_3625086942_a3ed938d9c_c.jpg,textdiffuserft_bfei,iphone15,0.0399345244357528,193587,0.48537350131982004,False,0.48537350131982004,0.48537350131982004,0.0,0.0,True,0.0,0.0,0.0
test/attack/textdiffuserft_bfei/iphone15/chinese2-flickr_M_36353666424_ab1a94e172_k.jpg,textdiffuserft_bfei,iphone15,0.0425679789378419,206957,0.5398995926690086,False,0.5398995926690086,0.5398995926690086,0.0,0.0,True,0.0,0.0,0.0
test/attack/textdiffuserft_bfei/iphone15/chinese2-flickr_M_37190875605_735b3fca0d_c.jpg,textdiffuserft_bfei,iphone15,0.0423099492370026,204411,0.4820239615284892,False,0.4820239615284892,0.4820239615284892,0.0,0.0,False,0.0,0.0,0.0
test/attack/textdiffuserft_bfei/iphone15/chinese2-flickr_M_6850649398_5d950a2635_k.jpg,textdiffuserft_bfei,iphone15,0.0439855244180365,210490,0.5363627725782697,False,0.5363627725782697,0.5363627725782697,0.0,0.0,True,0.0,0.0,0.0
test/attack/textdiffuserft_bfei/iphone15/netherland-flickr_F_31998771523_784e7e9597_h.jpg,textdiffuserft_bfei,iphone15,0.0374895246029266,181446,0.511055630876404,False,0.511055630876404,0.511055630876404,0.0,0.0,True,0.0,0.0,0.0
test/attack/textdiffuserft_bfei/iphone15/netherland-flickr_F_36412358965_0ec43e5de3_c.jpg,textdiffuserft_bfei,iphone15,0.033984640735939,163258,0.49821141996104323,False,0.49821141996104323,0.49821141996104323,0.0,0.0,True,0.0,0.0,0.0
test/attack/textdiffuserft_bfei/iphone15/netherland-flickr_F_37048326531_f8270ca4df_k.jpg,textdiffuserft_bfei,iphone15,0.039212317047475,189637,0.4958315096737451,False,0.4958315096737451,0.4958315096737451,0.0,0.0015503303680188994,True,0.0015503303680188994,0.0015503303680188994,0.0
test/attack/textdiffuserft_bfei/iphone15/netherland-flickr_M_14867283357_afe052b7e3_c.jpg,textdiffuserft_bfei,iphone15,0.0384709566723859,184756,0.5313819307627358,False,0.5313819307627358,0.5313819307627358,0.0,0.0,True,0.0,0.0,0.0
test/attack/textdiffuserft_bfei/iphone15/netherland-flickr_M_21260956694_6fd7ae0222_k.jpg,textdiffuserft_bfei,iphone15,0.0376692293326372,182540,0.49613783280376905,False,0.49613783280376905,0.49613783280376905,0.0,0.0,True,0.0,0.0,0.0
test/attack/textdiffuserft_bfei/iphone15/netherland-flickr_M_23559454676_4919252d67_c.jpg,textdiffuserft_bfei,iphone15,0.0357231380377019,172948,0.48998542914633303,False,0.48998542914633303,0.48998542914633303,0.0,0.0,True,0.0,0.0,0.0
test/attack/textdiffuserft_bfei/iphone15/netherland-flickr_M_30990255070_570d17d9d4_c.jpg,textdiffuserft_bfei,iphone15,0.039032691372675,189460,0.5258840916288399,False,0.5258840916288399,0.5258840916288399,0.0,0.0,True,0.0,0.0,0.0
test/attack/textdiffuserft_bfei/iphone15/netherland-flickr_M_31998389253_0a26f25b0d_h.jpg,textdiffuserft_bfei,iphone15,0.0405742860203818,196180,0.48864308288306657,False,0.48864308288306657,0.48864308288306657,0.0,0.0,True,0.0,0.0,0.0
test/attack/textdiffuserft_bfei/iphone15/netherland-flickr_M_31998818913_b87fd05689_h.jpg,textdiffuserft_bfei,iphone15,0.0360938094628752,173753,0.5168543852480245,False,0.5168543852480245,0.5168543852480245,0.0,0.0,True,0.0,0.0,0.0
test/attack/textdiffuserft_bfei/iphone15/netherland-flickr_M_33276713046_c88eb6c4c8_c.jpg,textdiffuserft_bfei,iphone15,0.037435180299651,180990,0.4721144814630643,False,0.4721144814630643,0.4721144814630643,0.0,0.0796839604398033,True,0.0796839604398033,0.0796839604398033,0.0
test/attack/textdiffuserft_bfei/iphone15/netherland-flickr_M_4188233342_8473de8906_c.jpg,textdiffuserft_bfei,iphone15,0.0382535148768823,185517,0.4943212751392056,False,0.4943212751392056,0.4943212751392056,0.0,0.0,True,0.0,0.0,0.0
test/attack/textdiffuserft_bfei/iphone15/singapore-flickr_F_31294646850_53ce869b2e_b.jpg,textdiffuserft_bfei,iphone15,0.0434509312693317,211040,0.5417835481425323,False,0.5417835481425323,0.5417835481425323,0.0,0.014404852160727824,True,0.014404852160727824,0.014404852160727824,0.0
test/attack/textdiffuserft_bfei/iphone15/singapore-flickr_F_32272417100_7c8c616f37_c.jpg,textdiffuserft_bfei,iphone15,0.038994995786473,187408,0.5001760863997268,False,0.5001760863997268,0.5001760863997268,0.0,0.010506488517032357,True,0.010506488517032357,0.010506488517032357,0.0
test/attack/textdiffuserft_bfei/iphone15/singapore-flickr_F_33552363961_ea0fc80afb_k.jpg,textdiffuserft_bfei,iphone15,0.0435416464385834,210769,0.5362173754204841,False,0.5362173754204841,0.5362173754204841,0.0,8.065702261717805e-05,True,8.065702261717805e-05,8.065702261717805e-05,0.0
test/attack/textdiffuserft_bfei/iphone15/singapore-flickr_F_33574462985_422fca6322_c.jpg,textdiffuserft_bfei,iphone15,0.0403595147546697,194526,0.5315279191470549,False,0.5315279191470549,0.5315279191470549,0.0,0.004698600701191614,True,0.004698600701191614,0.004698600701191614,0.0
test/attack/textdiffuserft_bfei/iphone15/singapore-flickr_M_22512816725_a88536de72_c.jpg,textdiffuserft_bfei,iphone15,0.0421674974436968,204338,0.5334837377286652,False,0.5334837377286652,0.5334837377286652,0.0,0.0,True,0.0,0.0,0.0
test/attack/textdiffuserft_bfei/iphone15/singapore-flickr_M_23543328125_d9409d5ae0_c.jpg,textdiffuserft_bfei,iphone15,0.0367460544040218,179167,0.6571243588384021,False,0.6571243588384021,0.6571243588384021,0.0,0.010414864344438429,True,0.010414864344438429,0.010414864344438429,0.0
test/attack/textdiffuserft_bfei/iphone15/singapore-flickr_M_31226087931_7b83422543_c.jpg,textdiffuserft_bfei,iphone15,0.0407241919213798,197415,0.5623990071676418,False,0.5623990071676418,0.5623990071676418,0.0,0.010201859027936074,True,0.010201859027936074,0.010201859027936074,0.0
test/attack/textdiffuserft_bfei/scan/chinese2-flickr_F_17178039488_60828ef8de_k.jpg,textdiffuserft_bfei,scan,0.0494749498997996,123440,0.45968891769280623,False,0.45968891769280623,0.45968891769280623,0.0,0.0,True,0.0,0.0,0.0
test/attack/textdiffuserft_bfei/scan/chinese2-flickr_F_21668538829_2fb67bd5fd_c.jpg,textdiffuserft_bfei,scan,0.0460771353583696,114606,0.4546097062980996,False,0.4546097062980996,0.4546097062980996,0.0,0.0,True,0.0,0.0,0.0
test/attack/textdiffuserft_bfei/scan/chinese2-flickr_F_25164779518_a723fab6b8_o.jpg,textdiffuserft_bfei,scan,0.04160767404898,103562,0.5146385739943222,False,0.5146385739943222,0.5146385739943222,0.0,0.0,True,0.0,0.0,0.0
test/attack/textdiffuserft_bfei/scan/chinese2-flickr_F_25164805428_423bc49285_o.jpg,textdiffuserft_bfei,scan,0.0389289864283604,97021,0.5149709856628977,False,0.5149709856628977,0.5149709856628977,0.0,0.0,True,0.0,0.0,0.0
test/attack/textdiffuserft_bfei/scan/chinese2-flickr_F_39035705701_833f3da9bf_o.jpg,textdiffuserft_bfei,scan,0.0412592361210626,102499,0.5292344315554298,False,0.5292344315554298,0.5292344315554298,0.0,0.0,True,0.0,0.0,0.0
test/attack/textdiffuserft_bfei/scan/chinese2-flickr_F_40837237721_dedac367d4_c.jpg,textdiffuserft_bfei,scan,0.0419610725531778,104473,0.46206196816402323,False,0.46206196816402323,0.46206196816402323,0.0,0.0,True,0.0,0.0,0.0
test/attack/textdiffuserft_bfei/scan/chinese2-flickr_M_21459989349_7ab0e1ace5_k.jpg,textdiffuserft_bfei,scan,0.0442322151043821,109896,0.499745213656548,False,0.499745213656548,0.499745213656548,0.0,0.0,True,0.0,0.0,0.0
test/attack/textdiffuserft_bfei/scan/chinese2-flickr_M_24291592906_b097dd45e5_k.jpg,textdiffuserft_bfei,scan,0.047311994214649,117500,0.44679148936170215,False,0.44679148936170215,0.44679148936170215,0.0,0.0,True,0.0,0.0,0.0
test/attack/textdiffuserft_bfei/scan/chinese2-flickr_M_30516208604_4a571cf89d_c.jpg,textdiffuserft_bfei,scan,0.0420308617234468,104867,0.47169271553491565,False,0.47169271553491565,0.47169271553491565,0.0,0.0,True,0.0,0.0,0.0
test/attack/textdiffuserft_bfei/scan/chinese2-flickr_M_31969854474_39f84b92eb_h.jpg,textdiffuserft_bfei,scan,0.0405734787757259,101008,0.5207706320291462,False,0.5207706320291462,0.5207706320291462,0.0,0.0,True,0.0,0.0,0.0
test/attack/textdiffuserft_bfei/scan/chinese2-flickr_M_32771950686_f8d5084d87_h.jpg,textdiffuserft_bfei,scan,0.0485567809995483,121064,0.40653703826075466,False,0.40653703826075466,0.40653703826075466,0.0,0.0,True,0.0,0.0,0.0
test/attack/textdiffuserft_bfei/scan/chinese2-flickr_M_32812741685_462068ee90_h.jpg,textdiffuserft_bfei,scan,0.0480516314459114,119840,0.48810914552736984,False,0.48810914552736984,0.48810914552736984,0.0,0.0,True,0.0,0.0,0.0
test/attack/textdiffuserft_bfei/scan/chinese2-flickr_M_36353666424_ab1a94e172_k.jpg,textdiffuserft_bfei,scan,0.0472375606528805,117952,0.4122609196961476,False,0.4122609196961476,0.4122609196961476,0.0,0.0,True,0.0,0.0,0.0
test/attack/textdiffuserft_bfei/scan/netherland-flickr_F_28630210242_e3780d0ee9_b.jpg,textdiffuserft_bfei,scan,0.0365955015950791,90968,0.5134442881013104,False,0.5134442881013104,0.5134442881013104,0.0,0.0,True,0.0,0.0,0.0
test/attack/textdiffuserft_bfei/scan/netherland-flickr_F_36412358965_0ec43e5de3_c.jpg,textdiffuserft_bfei,scan,0.038405600294414,95592,0.5070821826094234,False,0.5070821826094234,0.5070821826094234,0.0,0.0,True,0.0,0.0,0.0
test/attack/textdiffuserft_bfei/scan/netherland-flickr_M_17339867026_3135c7e76f_k.jpg,textdiffuserft_bfei,scan,0.0369758019659592,91738,0.5703961281039482,False,0.5703961281039482,0.5703961281039482,0.0,0.0,True,0.0,0.0,0.0
test/attack/textdiffuserft_bfei/scan/netherland-flickr_M_18042193331_841d026f9a_c.jpg,textdiffuserft_bfei,scan,0.0364502128018204,90825,0.44056151940545,False,0.44056151940545,0.44056151940545,0.0,0.0,True,0.0,0.0,0.0
test/attack/textdiffuserft_bfei/scan/netherland-flickr_M_30990255070_570d17d9d4_c.jpg,textdiffuserft_bfei,scan,0.0395117005998141,98217,0.5686591934186546,False,0.5686591934186546,0.5686591934186546,0.0,0.0,True,0.0,0.0,0.0
test/attack/textdiffuserft_bfei/scan/netherland-flickr_M_33297625690_76e3181f5e_c.jpg,textdiffuserft_bfei,scan,0.040576527441765,100884,0.49002815114388804,False,0.49002815114388804,0.49002815114388804,0.0,0.0,True,0.0,0.0,0.0
test/attack/textdiffuserft_bfei/scan/netherland-flickr_M_6501027149_988313b64f_h.jpg,textdiffuserft_bfei,scan,0.0424309973652078,105643,0.48805883967702546,False,0.48805883967702546,0.48805883967702546,0.0,0.0,True,0.0,0.0,0.0
test/attack/textdiffuserft_bfei/scan/singapore-flickr_F_31294646850_53ce869b2e_b.jpg,textdiffuserft_bfei,scan,0.04351849133752,108220,0.5220384402143781,False,0.5220384402143781,0.5220384402143781,0.0,0.0,True,0.0,0.0,0.0
test/attack/textdiffuserft_bfei/scan/singapore-flickr_F_32272417100_7c8c616f37_c.jpg,textdiffuserft_bfei,scan,0.0388066047707194,96561,0.5490311823614088,False,0.5490311823614088,0.5490311823614088,0.0,0.0,True,0.0,0.0,0.0
test/attack/textdiffuserft_bfei/scan/singapore-flickr_F_33552363961_ea0fc80afb_k.jpg,textdiffuserft_bfei,scan,0.0501349938229977,124749,0.5532870002965956,False,0.5532870002965956,0.5532870002965956,0.0,0.0,True,0.0,0.0,0.0
test/attack/textdiffuserft_bfei/scan/singapore-flickr_F_40795084473_21fafd815e_c.jpg,textdiffuserft_bfei,scan,0.0406186508242676,101080,0.5912643450732094,False,0.5912643450732094,0.5912643450732094,0.0,0.0,False,0.0,0.0,0.0
test/attack/textdiffuserft_bfei/scan/singapore-flickr_M_15788105142_89e9bca209_k.jpg,textdiffuserft_bfei,scan,0.0453103913630229,112812,0.536689359288019,False,0.536689359288019,0.536689359288019,0.0,0.0,True,0.0,0.0,0.0
test/attack/textdiffuserft_bfei/scan/singapore-flickr_M_24170605047_501e882ccc_o.jpg,textdiffuserft_bfei,scan,0.045668257181415,113703,0.5809345399857524,False,0.5809345399857524,0.5809345399857524,0.0,0.0,True,0.0,0.0,0.0
test/attack/textdiffuserft_bfei/scan/singapore-flickr_M_30456580904_06749c0622_c.jpg,textdiffuserft_bfei,scan,0.0451494708484427,112355,0.5841751590939434,False,0.5841751590939434,0.5841751590939434,0.0,0.0,True,0.0,0.0,0.0
test/attack/textdiffuserft_bfei/scan/singapore-flickr_M_30518529884_4cf8f091df_c.jpg,textdiffuserft_bfei,scan,0.0521975082167698,129751,0.5422154742545336,False,0.5422154742545336,0.5422154742545336,0.0,0.0,True,0.0,0.0,0.0
test/attack/textdiffuserft_bfei/scan/singapore-flickr_M_37019084692_714cba8ac1_k.jpg,textdiffuserft_bfei,scan,0.0353273982123805,87780,0.5734107997265891,False,0.5734107997265891,0.5734107997265891,0.0,0.0,True,0.0,0.0,0.0
test/attack/textdiffuserft_bfei/scan/singapore-flickr_M_46826659491_bab820563f_c.jpg,textdiffuserft_bfei,scan,0.0392463695543315,97812,0.49461211303316566,False,0.49461211303316566,0.49461211303316566,0.0,0.0,True,0.0,0.0,0.0
test/attack/digital_3/huawei/arabic-NF-1053.jpg,digital_3,huawei,0.044463346193197,278308,0.4050332724894721,False,0.4050332724894721,0.4050332724894721,0.0,0.0,True,0.0,0.0,0.0
test/attack/digital_3/huawei/chinese-NF-1067.jpg,digital_3,huawei,0.0299036335201831,171804,0.43688156271099626,False,0.43688156271099626,0.43688156271099626,0.0,0.0,True,0.0,0.0,0.0
test/attack/digital_3/huawei/french-022_03.jpg,digital_3,huawei,0.0277137138621436,174564,0.42449187690474555,False,0.42449187690474555,0.42449187690474555,0.0,0.06735065649274764,True,0.06735065649274764,0.06735065649274764,0.0
test/attack/digital_3/huawei/french-NF-1047.jpg,digital_3,huawei,0.0314698090801132,198432,0.47800757942267375,False,0.47800757942267375,0.47800757942267375,0.0,0.0,True,0.0,0.0,0.0
test/attack/digital_3/huawei/indian-01_0097_000-b71b0c19_0.jpg,digital_3,huawei,0.0385333239130414,243246,0.4738412964653067,False,0.4738412964653067,0.4738412964653067,0.0,0.03767379525254269,True,0.03767379525254269,0.03767379525254269,0.0
test/attack/digital_3/huawei/persian-010_03.jpg,digital_3,huawei,0.02848428772798,179726,0.4472586047650312,False,0.4472586047650312,0.4472586047650312,0.0,0.0,True,0.0,0.0,0.0
test/attack/digital_3/huawei/persian-NF-1001.jpg,digital_3,huawei,0.0284822103803095,162549,0.4188029455733348,False,0.4188029455733348,0.4188029455733348,0.0,0.0,True,0.0,0.0,0.0
test/attack/digital_3/huawei/portugal-172_03.jpg,digital_3,huawei,0.0353526846343252,201065,0.5586651082983115,False,0.5586651082983115,0.5586651082983115,0.0,0.028543008479844825,False,0.028543008479844825,0.028543008479844825,0.0
test/attack/digital_3/huawei/portugal-NF-1083.jpg,digital_3,huawei,0.0398458423378016,228078,0.5690816299686949,False,0.5690816299686949,0.5690816299686949,0.0,0.0,True,0.0,0.0,0.0
test/attack/digital_3/huawei/portugal-NF-1086.jpg,digital_3,huawei,0.0335653766014561,211191,0.49437712781321175,False,0.49437712781321175,0.49437712781321175,0.0,0.0,True,0.0,0.0,0.0
test/attack/digital_3/huawei/russian-01_0075_000-9bed189a_0.jpg,digital_3,huawei,0.0218559202663208,137661,0.5985936467118501,False,0.5985936467118501,0.5985936467118501,0.0,0.06611168014179761,False,0.06611168014179761,0.06611168014179761,0.0
test/attack/digital_3/huawei/russian-NF-1099.jpg,digital_3,huawei,0.0289396968009508,167133,0.534436646263754,False,0.534436646263754,0.534436646263754,0.0,0.0,True,0.0,0.0,0.0
test/attack/digital_3/huawei/turkiye-130_03.jpg,digital_3,huawei,0.0272634003847341,172197,0.516489834317671,False,0.516489834317671,0.516489834317671,0.0,0.17239557018995685,False,0.17239557018995685,0.17239557018995685,0.0
test/attack/digital_3/huawei/turkiye-NF-1002.jpg,digital_3,huawei,0.0251050126903553,158262,0.4508599663848555,False,0.4508599663848555,0.4508599663848555,0.0,0.06055780920246174,True,0.06055780920246174,0.06055780920246174,0.0
test/attack/digital_3/huawei/ukraine-01_0091_000-2d8a528b_1.jpg,digital_3,huawei,0.0240795023950811,151560,0.5382158880971233,False,0.5382158880971233,0.5382158880971233,0.0,0.0,True,0.0,0.0,0.0
test/attack/digital_3/huawei/ukraine-103_03.jpg,digital_3,huawei,0.027037838453435,170937,0.4519267332409016,False,0.4519267332409016,0.4519267332409016,0.0,0.0,True,0.0,0.0,0.0
test/attack/digital_3/huawei/ukraine-NF-1106.jpg,digital_3,huawei,0.0231747688736828,145455,0.46736103949675156,False,0.46736103949675156,0.46736103949675156,0.0,0.0,True,0.0,0.0,0.0
test/attack/digital_3/huawei/usa-134_03.jpg,digital_3,huawei,0.0297744550738907,188211,0.4675284653925647,False,0.4675284653925647,0.4675284653925647,0.0,0.0,True,0.0,0.0,0.0
test/attack/digital_3/huawei/usa-NF-1051.jpg,digital_3,huawei,0.028079568399798,178002,0.38111931326614307,False,0.38111931326614307,0.38111931326614307,0.0,0.0,True,0.0,0.0,0.0
test/attack/digital_3/iphone15pro/arabic-139_03.jpg,digital_3,iphone15pro,0.0425300129169516,179116,0.5052759105830859,False,0.5052759105830859,0.5052759105830859,0.0,0.0,True,0.0,0.0,0.0
test/attack/digital_3/iphone15pro/chinese-018_03.jpg,digital_3,iphone15pro,0.0265281183503901,130903,0.4744123511302262,False,0.4744123511302262,0.4744123511302262,0.0,0.0,True,0.0,0.0,0.0
test/attack/digital_3/iphone15pro/chinese-039_03.jpg,digital_3,iphone15pro,0.0257695427170779,126391,0.416667325996313,False,0.416667325996313,0.416667325996313,0.0,0.0,True,0.0,0.0,0.0
test/attack/digital_3/iphone15pro/chinese-NF-1014.jpg,digital_3,iphone15pro,0.0275062076875677,135256,0.43799905364641867,False,0.43799905364641867,0.43799905364641867,0.0,0.0,True,0.0,0.0,0.0
test/attack/digital_3/iphone15pro/chinese-NF-1023.jpg,digital_3,iphone15pro,0.0270239965476779,133761,0.431508436689319,False,0.431508436689319,0.431508436689319,0.0,0.0,True,0.0,0.0,0.0
test/attack/digital_3/iphone15pro/french-01_0070_000-a4a25cda_0.jpg,digital_3,iphone15pro,0.0243834484882849,121912,0.510712645186692,False,0.510712645186692,0.510712645186692,0.0,0.007612048034647943,True,0.007612048034647943,0.007612048034647943,0.0
test/attack/digital_3/iphone15pro/french-097_03.jpg,digital_3,iphone15pro,0.0282535185000384,138164,0.5906386613010625,False,0.5906386613010625,0.5906386613010625,0.0,0.020902695347557974,True,0.020902695347557974,0.020902695347557974,0.0
test/attack/digital_3/iphone15pro/french-114_03.jpg,digital_3,iphone15pro,0.0259607947929376,129600,0.529753086419753,False,0.529753086419753,0.529753086419753,0.0,0.004367283950617284,True,0.004367283950617284,0.004367283950617284,0.0
test/attack/digital_3/iphone15pro/indian-038_03.jpg,digital_3,iphone15pro,0.0287615587581903,143450,0.5297385848727779,False,0.5297385848727779,0.5297385848727779,0.0,0.0,True,0.0,0.0,0.0
test/attack/digital_3/iphone15pro/indian-NM-1058.jpg,digital_3,iphone15pro,0.0273734350226887,136187,0.5838809871720502,False,0.5838809871720502,0.5838809871720502,0.0,0.0,True,0.0,0.0,0.0
test/attack/digital_3/iphone15pro/persian-01_0092_000-fad05fcd_1.jpg,digital_3,iphone15pro,0.0224500959574368,112698,0.6037285488651085,False,0.6037285488651085,0.6037285488651085,0.0,0.0,True,0.0,0.0,0.0
test/attack/digital_3/iphone15pro/portugal-066_03.jpg,digital_3,iphone15pro,0.0289454638076866,149096,0.5244406288565756,False,0.5244406288565756,0.5244406288565756,0.0,0.0,True,0.0,0.0,0.0
test/attack/digital_3/iphone15pro/portugal-NF-1107.jpg,digital_3,iphone15pro,0.0263225377361915,134880,0.5000518979833927,False,0.5000518979833927,0.5000518979833927,0.0,0.0,True,0.0,0.0,0.0
test/attack/digital_3/iphone15pro/russian-01_0075_000-9bed189a_0.jpg,digital_3,iphone15pro,0.019238478847061,97752,0.501340126033227,False,0.501340126033227,0.501340126033227,0.0,0.0,True,0.0,0.0,0.0
test/attack/digital_3/iphone15pro/russian-01_0201_000-2ea0ec28_0.jpg,digital_3,iphone15pro,0.0244152734425107,124478,0.5586529346551198,False,0.5586529346551198,0.5586529346551198,0.0,0.0,True,0.0,0.0,0.0
test/attack/digital_3/iphone15pro/russian-140_03.jpg,digital_3,iphone15pro,0.0189136244864306,88778,0.42802270832864,False,0.42802270832864,0.42802270832864,0.0,0.0,True,0.0,0.0,0.0
test/attack/digital_3/iphone15pro/russian-NF-1080.jpg,digital_3,iphone15pro,0.0265422717550377,113172,0.6210193334040222,False,0.6210193334040222,0.6210193334040222,0.0,0.0,True,0.0,0.0,0.0
test/attack/digital_3/iphone15pro/turkiye-008_03.jpg,digital_3,iphone15pro,0.0235064627681965,118384,0.5129747263143668,False,0.5129747263143668,0.5129747263143668,0.0,0.0,True,0.0,0.0,0.0
test/attack/digital_3/iphone15pro/turkiye-092_03.jpg,digital_3,iphone15pro,0.0249640604426846,105720,0.46153991676125616,False,0.46153991676125616,0.46153991676125616,0.0,0.0,True,0.0,0.0,0.0
test/attack/digital_3/iphone15pro/turkiye-121_03.jpg,digital_3,iphone15pro,0.0258646691604884,109848,0.49580329182142596,False,0.49580329182142596,0.49580329182142596,0.0,0.0,True,0.0,0.0,0.0
test/attack/digital_3/iphone15pro/turkiye-127_03.jpg,digital_3,iphone15pro,0.0232191094788599,116280,0.5493292053663571,False,0.5493292053663571,0.5493292053663571,0.0,0.0,True,0.0,0.0,0.0
test/attack/digital_3/iphone15pro/ukraine-NF-1005.jpg,digital_3,iphone15pro,0.0201154119318181,101961,0.6246702170437717,False,0.6246702170437717,0.6246702170437717,0.0,0.0,True,0.0,0.0,0.0
test/attack/digital_3/iphone15pro/ukraine-NF-1015.jpg,digital_3,iphone15pro,0.0213910023175359,108564,0.4453594193286909,False,0.4453594193286909,0.4453594193286909,0.0,0.0,True,0.0,0.0,0.0
test/attack/digital_3/iphone15pro/usa-009_03.jpg,digital_3,iphone15pro,0.0226461068991052,114464,0.39185246016214703,False,0.39185246016214703,0.39185246016214703,0.0,0.0,True,0.0,0.0,0.0
test/attack/digital_3/iphone15pro/usa-01_0080_000-0c832328_1.jpg,digital_3,iphone15pro,0.0260413857862062,131344,0.5906093921305884,False,0.5906093921305884,0.5906093921305884,0.0,0.0,True,0.0,0.0,0.0
test/attack/digital_3/iphone15pro/usa-NF-1071.jpg,digital_3,iphone15pro,0.0250970161434627,127773,0.4341762344157216,False,0.4341762344157216,0.4341762344157216,0.0,0.0,True,0.0,0.0,0.0
test/attack/digital_3/scan/arabic-005_03.jpg,digital_3,scan,0.0367949038301362,91886,0.46714406982565354,False,0.46714406982565354,0.46714406982565354,0.0,0.0,True,0.0,0.0,0.0
test/attack/digital_3/scan/arabic-NF-1048.jpg,digital_3,scan,0.0413805230513459,103544,0.4072954492776018,False,0.4072954492776018,0.4072954492776018,0.0,0.0,True,0.0,0.0,0.0
test/attack/digital_3/scan/chinese-113_03.jpg,digital_3,scan,0.0291272361809045,72454,0.5367129489055125,False,0.5367129489055125,0.5367129489055125,0.0,0.0,True,0.0,0.0,0.0
test/attack/digital_3/scan/chinese-NF-1067.jpg,digital_3,scan,0.0330825026633775,82384,0.4410686541075937,False,0.4410686541075937,0.4410686541075937,0.0,0.0,True,0.0,0.0,0.0
test/attack/digital_3/scan/french-114_03.jpg,digital_3,scan,0.0292703759398496,72993,0.4531119422410368,False,0.4531119422410368,0.4531119422410368,0.0,0.0,True,0.0,0.0,0.0
test/attack/digital_3/scan/french-NF-1020.jpg,digital_3,scan,0.0282978096768617,70716,0.46337462526160983,False,0.46337462526160983,0.46337462526160983,0.0,0.0,True,0.0,0.0,0.0
test/attack/digital_3/scan/indian-094_03.jpg,digital_3,scan,0.0289143744182825,71824,0.3797337937179773,False,0.3797337937179773,0.3797337937179773,0.0,0.0,True,0.0,0.0,0.0
test/attack/digital_3/scan/persian-NM-1010.jpg,digital_3,scan,0.0286877541113783,71568,0.422213838587078,False,0.422213838587078,0.422213838587078,0.0,0.0,True,0.0,0.0,0.0
test/attack/digital_3/scan/portugal-105_03.jpg,digital_3,scan,0.0326446008392544,81155,0.6119894029942702,True,0.6119894029942702,0.6119894029942702,0.0,0.0,True,0.0,0.0,0.0
test/attack/digital_3/scan/russian-027_03.jpg,digital_3,scan,0.0194249669116611,48286,0.46454458849355923,False,0.46454458849355923,0.46454458849355923,0.0,0.0,True,0.0,0.0,0.0
test/attack/digital_3/scan/russian-132_03.jpg,digital_3,scan,0.0184169187594861,45794,0.5147180853386907,False,0.5147180853386907,0.5147180853386907,0.0,0.0,True,0.0,0.0,0.0
test/attack/digital_3/scan/russian-141_03.jpg,digital_3,scan,0.0224522798519759,55800,0.48939068100358424,False,0.48939068100358424,0.48939068100358424,0.0,0.0,True,0.0,0.0,0.0
test/attack/digital_3/scan/russian-NF-1028.jpg,digital_3,scan,0.0243454359319561,60760,0.3877880184331797,False,0.3877880184331797,0.3877880184331797,0.0,0.0,True,0.0,0.0,0.0
test/attack/digital_3/scan/russian-NF-1089.jpg,digital_3,scan,0.0194727545817298,48332,0.6380038070015724,False,0.6380038070015724,0.6380038070015724,0.0,0.0,True,0.0,0.0,0.0
test/attack/digital_3/scan/turkiye-01_0035_000-d4764bf3_0.jpg,digital_3,scan,0.02577185244587,64275,0.5068689225982108,False,0.5068689225982108,0.5068689225982108,0.0,0.0,True,0.0,0.0,0.0
test/attack/digital_3/scan/turkiye-041_03.jpg,digital_3,scan,0.0237556979130012,59140,0.5696313831586067,False,0.5696313831586067,0.5696313831586067,0.0,0.0,True,0.0,0.0,0.0
test/attack/digital_3/scan/turkiye-083_03.jpg,digital_3,scan,0.0248394926087089,61856,0.4752489653388515,False,0.4752489653388515,0.4752489653388515,0.0,0.0,True,0.0,0.0,0.0
test/attack/digital_3/scan/turkiye-NM-1055.jpg,digital_3,scan,0.0258447722033048,64302,0.43004883207365247,False,0.43004883207365247,0.43004883207365247,0.0,0.0,True,0.0,0.0,0.0
test/attack/digital_3/scan/ukraine-NF-1015.jpg,digital_3,scan,0.0245192040520634,60888,0.4606162133753777,False,0.4606162133753777,0.4606162133753777,0.0,0.0,True,0.0,0.0,0.0
test/attack/digital_3/scan/usa-016_03.jpg,digital_3,scan,0.0287757954121476,71573,0.280929959621645,False,0.280929959621645,0.280929959621645,0.0,0.0,True,0.0,0.0,0.0
test/attack/digital_3/scan/usa-067_03.jpg,digital_3,scan,0.0284324724265886,70861,0.46970830216903514,False,0.46970830216903514,0.46970830216903514,0.0,0.0,True,0.0,0.0,0.0
test/attack/digital_3/scan/usa-NF-1065.jpg,digital_3,scan,0.0273010249983934,67973,0.43465787886366647,False,0.43465787886366647,0.43465787886366647,0.0,0.0,True,0.0,0.0,0.0
test/attack/facedancer/huawei/singapore-flickr_F_40795084473_21fafd815e_c.jpg,facedancer,huawei,0.0327070217359495,204305,0.22066518195834658,False,0.22066518195834658,0.22066518195834658,0.0,0.0,True,0.0,0.0,0.0
test/attack/facedancer/iphone15/chinese2-flickr_F_39035705701_833f3da9bf_o.jpg,facedancer,iphone15,0.0816096579476861,395460,0.5515930814747383,False,0.5515930814747383,0.5515930814747383,0.0,0.0,True,0.0,0.0,0.0
test/attack/facedancer/iphone15/netherland-flickr_F_28630210242_e3780d0ee9_b.jpg,facedancer,iphone15,0.0765662868157353,369537,0.5520854474653417,False,0.5520854474653417,0.5520854474653417,0.0,0.0,True,0.0,0.0,0.0
test/attack/facedancer/scan/chinese2-flickr_F_32689517821_bfacb0e1ba_h.jpg,facedancer,scan,0.0856837698501314,213717,0.03988452018323297,False,0.03988452018323297,0.03988452018323297,0.0,0.0,True,0.0,0.0,0.0
test/attack/facedancer/scan/netherland-flickr_F_20301931855_4cd18f8166_k.jpg,facedancer,scan,0.0711582800074646,177309,0.06301992566649182,False,0.06301992566649182,0.06301992566649182,0.0,0.0,False,0.0,0.0,0.0
test/attack/facedancer/scan/netherland-flickr_F_32868411313_4bb20e41db_c.jpg,facedancer,scan,0.0775279292936998,193103,0.44962015090392177,False,0.44962015090392177,0.44962015090392177,0.0,0.0,True,0.0,0.0,0.0
test/attack/facedancer/scan/netherland-flickr_M_19475853574_c947539b18_c.jpg,facedancer,scan,0.0719250764384714,179040,0.4357629579982127,False,0.4357629579982127,0.4357629579982127,0.0,0.0,True,0.0,0.0,0.0
test/attack/facedancer/scan/singapore-flickr_F_33525297682_eee6031622_c.jpg,facedancer,scan,0.031937310205153,79572,0.11422359623988337,False,0.11422359623988337,0.11422359623988337,0.0,0.0,True,0.0,0.0,0.0
test/attack/textdiffuserft_bfei/huawei/netherland-flickr_M_26828968014_910728ddd9_k.jpg,textdiffuserft_bfei,huawei,0.0391332614499488,245887,0.4930028834383274,False,0.4930028834383274,0.4930028834383274,0.0,0.04913232501108233,True,0.04913232501108233,0.04913232501108233,0.0
test/attack/textdiffuserft_bfei/huawei/singapore-flickr_M_15788105142_89e9bca209_k.jpg,textdiffuserft_bfei,huawei,0.046054273438304,286406,0.6358735501351229,False,0.6358735501351229,0.6358735501351229,0.0,0.0,True,0.0,0.0,0.0
test/attack/textdiffuserft_bfei/huawei/singapore-flickr_M_31340377345_6781e5f574_k.jpg,textdiffuserft_bfei,huawei,0.0435320477593726,272819,0.6292963466620727,False,0.6292963466620727,0.6292963466620727,0.0,0.0,True,0.0,0.0,0.0
test/attack/textdiffuserft_bfei/iphone15/chinese2-flickr_F_31998955273_5516f4db28_h.jpg,textdiffuserft_bfei,iphone15,0.0425762607572669,205920,0.5095522533022533,False,0.5095522533022533,0.5095522533022533,0.0,0.0,True,0.0,0.0,0.0
test/attack/textdiffuserft_bfei/iphone15/chinese2-flickr_M_22911363774_20c12ce7ec_c.jpg,textdiffuserft_bfei,iphone15,0.040828458533803,194847,0.4709797944027878,False,0.4709797944027878,0.4709797944027878,0.0,0.0,True,0.0,0.0,0.0
test/attack/textdiffuserft_bfei/iphone15/chinese2-flickr_M_32812741685_462068ee90_h.jpg,textdiffuserft_bfei,iphone15,0.0424640631361373,203388,0.4730072570653136,False,0.4730072570653136,0.4730072570653136,0.0,0.0,True,0.0,0.0,0.0
test/attack/textdiffuserft_bfei/iphone15/singapore-flickr_F_19679296994_d0fc2a7ac6_o.jpg,textdiffuserft_bfei,iphone15,0.0465748778260028,223546,0.5671271237239762,False,0.5671271237239762,0.5671271237239762,0.0,0.027555849802725168,True,0.027555849802725168,0.027555849802725168,0.0
test/attack/textdiffuserft_bfei/iphone15/singapore-flickr_F_36921282312_c8e6a2674d_c.jpg,textdiffuserft_bfei,iphone15,0.0463028075355264,222818,0.6005977973054242,False,0.6005977973054242,0.6005977973054242,0.0,0.0,True,0.0,0.0,0.0
test/attack/textdiffuserft_bfei/scan/netherland-flickr_F_26297818201_09eab93588_k.jpg,textdiffuserft_bfei,scan,0.0362385472269399,90171,0.5187033525191026,False,0.5187033525191026,0.5187033525191026,0.0,0.0,True,0.0,0.0,0.0
test/attack/textdiffuserft_bfei/scan/netherland-flickr_F_28051545714_ab479f15eb_k.jpg,textdiffuserft_bfei,scan,0.0330994743583372,82591,0.5614292114152873,False,0.5614292114152873,0.5614292114152873,0.0,0.0,True,0.0,0.0,0.0
test/attack/textdiffuserft_bfei/scan/netherland-flickr_F_37048326531_f8270ca4df_k.jpg,textdiffuserft_bfei,scan,0.0397765836649221,98925,0.48840030326004547,False,0.48840030326004547,0.48840030326004547,0.0,0.0,True,0.0,0.0,0.0
test/attack/textdiffuserft_bfei/scan/netherland-flickr_M_14867283357_afe052b7e3_c.jpg,textdiffuserft_bfei,scan,0.043841887136964,109298,0.4739062013943531,False,0.4739062013943531,0.4739062013943531,0.0,0.0,True,0.0,0.0,0.0
test/attack/textdiffuserft_bfei/scan/netherland-flickr_M_32689636931_6ac45273df_h.jpg,textdiffuserft_bfei,scan,0.0367530992530992,91644,0.517360656453232,False,0.517360656453232,0.517360656453232,0.0,0.0,True,0.0,0.0,0.0
test/attack/textdiffuserft_bfei/scan/singapore-flickr_M_23543328125_d9409d5ae0_c.jpg,textdiffuserft_bfei,scan,0.0413194549081769,102834,0.4807262189548204,False,0.4807262189548204,0.4807262189548204,0.0,0.0,True,0.0,0.0,0.0
test/attack/textdiffuserft_bfei/scan/singapore-flickr_M_31226087931_7b83422543_c.jpg,textdiffuserft_bfei,scan,0.0462515576023842,115213,0.5309383489710362,False,0.5309383489710362,0.5309383489710362,0.0,0.0,True,0.0,0.0,0.0
test/attack/textdiffuserft_bfei/scan/singapore-flickr_M_50611940256_8405427c78_k.jpg,textdiffuserft_bfei,scan,0.0373128491687332,93030,0.4670428893905192,False,0.4670428893905192,0.4670428893905192,0.0,0.0,True,0.0,0.0,0.0
train/attack/digital_2/huawei/usa-NM-1038.jpg,digital_2,huawei,0.1014522068094958,581318,0.6695182327056791,False,0.6695182327056791,0.6695182327056791,0.0,0.0,True,0.0,0.0,0.0
test/attack/digital_3/huawei/chinese-018_03.jpg,digital_3,huawei,0.0304579462730126,191444,0.12695618562086042,True,0.12695096216125865,0.12695618562086042,5.2234596017719515e-06,0.0,True,0.0,0.0,0.0
test/attack/digital_3/huawei/chinese-NF-1072.jpg,digital_3,huawei,0.030100046657845,188892,0.4809626664972577,False,0.4809626664972577,0.4809626664972577,0.0,0.0,True,0.0,0.0,0.0
test/attack/digital_3/huawei/french-091_03.jpg,digital_3,huawei,0.0311476602867331,195168,0.4618585013936711,False,0.4618585013936711,0.4618585013936711,0.0,0.011856451877356945,True,0.011856451877356945,0.011856451877356945,0.0
test/attack/digital_3/huawei/indian-01_0082_000-1b935c0e_0.jpg,digital_3,huawei,0.0311753801369976,179323,0.48855974972535593,False,0.48855974972535593,0.48855974972535593,0.0,0.004589483780663942,False,0.004589483780663942,0.004589483780663942,0.0
test/attack/digital_3/huawei/persian-122_03.jpg,digital_3,huawei,0.0295428445397643,186456,0.43167825116917663,False,0.43167825116917663,0.43167825116917663,0.0,0.004397820397305531,True,0.004397820397305531,0.004397820397305531,0.0
test/attack/digital_3/huawei/persian-NF-1018.jpg,digital_3,huawei,0.0272630844755625,171283,0.39259004104318584,False,0.39259004104318584,0.39259004104318584,0.0,0.0,True,0.0,0.0,0.0
test/attack/digital_3/huawei/portugal-143_03.jpg,digital_3,huawei,0.0351420631742108,200238,0.531667315894086,False,0.531667315894086,0.531667315894086,0.0,0.0,True,0.0,0.0,0.0
test/attack/digital_3/huawei/portugal-NF-1016.jpg,digital_3,huawei,0.0380928853283683,239622,0.5649063942375909,False,0.5649063942375909,0.5649063942375909,0.0,0.0,True,0.0,0.0,0.0
test/attack/digital_3/huawei/turkiye-01_0074_000-c54807ec_1.jpg,digital_3,huawei,0.0259002306979376,163677,0.4847901659976661,False,0.4847901659976661,0.4847901659976661,0.0,0.1341850107223373,True,0.1341850107223373,0.1341850107223373,0.0
test/attack/digital_3/huawei/turkiye-01_0078_000-cfc6a96f_1.jpg,digital_3,huawei,0.0256406402978088,162084,0.46443202290170527,True,0.46443202290170527,0.46443202290170527,0.0,0.19444855753806667,True,0.19444855753806667,0.19444855753806667,0.0
test/attack/digital_3/huawei/turkiye-129_03.jpg,digital_3,huawei,0.0256012342691497,161655,0.4945470291670533,False,0.4945470291670533,0.4945470291670533,0.0,0.0,True,0.0,0.0,0.0
test/attack/digital_3/huawei/turkiye-NF-1054.jpg,digital_3,huawei,0.0245064165844027,140013,0.4502867590866562,False,0.4502867590866562,0.4502867590866562,0.0,0.09525544056623314,True,0.09525544056623314,0.09525544056623314,0.0
test/attack/digital_3/huawei/ukraine-030_03.jpg,digital_3,huawei,0.0249699566355436,157146,0.42811143777124455,False,0.42811143777124455,0.42811143777124455,0.0,0.030175760121161212,False,0.030175760121161212,0.030175760121161212,0.0
test/attack/digital_3/huawei/usa-009_03.jpg,digital_3,huawei,0.0251517336527925,159480,0.43660647103085026,False,0.43660647103085026,0.43660647103085026,0.0,0.0,True,0.0,0.0,0.0
test/attack/digital_3/huawei/usa-034_03.jpg,digital_3,huawei,0.0280766963420361,177030,0.4107947805456702,False,0.4107947805456702,0.4107947805456702,0.0,0.0,True,0.0,0.0,0.0
test/attack/digital_3/huawei/usa-NF-1062.jpg,digital_3,huawei,0.0282046757662344,178386,0.46838877490386016,False,0.46838877490386016,0.46838877490386016,0.0,0.0,True,0.0,0.0,0.0
test/attack/digital_3/iphone15pro/arabic-120_03.jpg,digital_3,iphone15pro,0.0369162665016089,177494,0.5723348394875319,False,0.5723348394875319,0.5723348394875319,0.0,0.00027043167656371484,True,0.00027043167656371484,0.00027043167656371484,0.0
test/attack/digital_3/iphone15pro/arabic-NF-1037.jpg,digital_3,iphone15pro,0.0421409347917335,177502,0.5509909747495803,False,0.5509909747495803,0.5509909747495803,0.0,0.0,True,0.0,0.0,0.0
test/attack/digital_3/iphone15pro/arabic-NF-1040.jpg,digital_3,iphone15pro,0.0358959354351059,176664,0.5453855907258978,False,0.5453855907258978,0.5453855907258978,0.0,0.0,True,0.0,0.0,0.0
test/attack/digital_3/iphone15pro/arabic-NF-1049.jpg,digital_3,iphone15pro,0.0346395813198636,170964,0.5197526964741115,False,0.5197526964741115,0.5197526964741115,0.0,0.0,True,0.0,0.0,0.0
test/attack/digital_3/iphone15pro/arabic-NF-1053.jpg,digital_3,iphone15pro,0.0370134772739529,181194,0.5678112961797852,False,0.5678112961797852,0.5678112961797852,0.0,0.0,True,0.0,0.0,0.0
test/attack/digital_3/iphone15pro/chinese-142_03.jpg,digital_3,iphone15pro,0.0272289277466828,133569,0.44799317206836914,False,0.44799317206836914,0.44799317206836914,0.0,0.0,True,0.0,0.0,0.0
test/attack/digital_3/iphone15pro/chinese-NF-1067.jpg,digital_3,iphone15pro,0.0334401275393326,141669,0.3780573025856045,False,0.3780573025856045,0.3780573025856045,0.0,0.0,True,0.0,0.0,0.0
test/attack/digital_3/iphone15pro/french-NF-1056.jpg,digital_3,iphone15pro,0.0277226014678362,138840,0.5644698934024777,False,0.5644698934024777,0.5644698934024777,0.0,0.01956928838951311,False,0.01956928838951311,0.01956928838951311,0.0
test/attack/digital_3/iphone15pro/indian-01_0097_000-b71b0c19_0.jpg,digital_3,iphone15pro,0.0316173836641548,157903,0.592781644427275,False,0.592781644427275,0.592781644427275,0.0,0.021544872485006618,True,0.021544872485006618,0.02155120548691285,6.3330019062328435e-06
test/attack/digital_3/iphone15pro/indian-NF-1039.jpg,digital_3,iphone15pro,0.0296193505551507,146680,0.5652372511589856,False,0.5652372511589856,0.5652372511589856,0.0,0.0,True,0.0,0.0,0.0
test/attack/digital_3/iphone15pro/indian-NF-1075.jpg,digital_3,iphone15pro,0.0290875165366566,145445,0.6111794836536147,False,0.6111794836536147,0.6111794836536147,0.0,0.0,True,0.0,0.0,0.0
test/attack/digital_3/iphone15pro/persian-01_0065_000-763dd95b_0.jpg,digital_3,iphone15pro,0.0250750240325447,125101,0.4778778746772608,False,0.4778778746772608,0.4778778746772608,0.0,0.099031982158416,True,0.099031982158416,0.099031982158416,0.0
test/attack/digital_3/iphone15pro/persian-NF-1031.jpg,digital_3,iphone15pro,0.027119705444752,115198,0.6020156599940971,False,0.6020156599940971,0.6020156599940971,0.0,0.0,True,0.0,0.0,0.0
test/attack/digital_3/iphone15pro/portugal-NF-1026.jpg,digital_3,iphone15pro,0.0285302814978465,147114,0.5526258547792868,False,0.5526258547792868,0.5526258547792868,0.0,0.0,True,0.0,0.0,0.0
test/attack/digital_3/iphone15pro/russian-027_03.jpg,digital_3,iphone15pro,0.0175011489812366,89335,0.5424749538254884,False,0.5424749538254884,0.5424749538254884,0.0,0.0,True,0.0,0.0,0.0
test/attack/digital_3/iphone15pro/turkiye-01_0085_000-65296866_0.jpg,digital_3,iphone15pro,0.0226538173505183,114950,0.5703610265332754,False,0.5703610265332754,0.5703610265332754,0.0,0.0,True,0.0,0.0,0.0
test/attack/digital_3/iphone15pro/turkiye-032_03.jpg,digital_3,iphone15pro,0.0229800416333698,116464,0.4754087099876357,False,0.4754087099876357,0.4754087099876357,0.0,0.0,True,0.0,0.0,0.0
test/attack/digital_3/iphone15pro/turkiye-086_03.jpg,digital_3,iphone15pro,0.0226018704127411,114826,0.5127758521589187,False,0.5127758521589187,0.5127758521589187,0.0,0.0,True,0.0,0.0,0.0
test/attack/digital_3/iphone15pro/turkiye-101_03.jpg,digital_3,iphone15pro,0.0225618628846481,113807,0.5239484390239616,False,0.5239484390239616,0.5239484390239616,0.0,0.0,True,0.0,0.0,0.0
test/attack/digital_3/iphone15pro/ukraine-01_0073_000-d23bdbae_1.jpg,digital_3,iphone15pro,0.0196387602850846,99964,0.5026609579448601,False,0.5026609579448601,0.5026609579448601,0.0,0.0,True,0.0,0.0,0.0
test/attack/digital_3/iphone15pro/usa-137_03.jpg,digital_3,iphone15pro,0.0249408420177696,125246,0.5373744470881305,True,0.5373744470881305,0.5373744470881305,0.0,0.0,True,0.0,0.0,0.0
test/attack/digital_3/iphone15pro/usa-NF-1009.jpg,digital_3,iphone15pro,0.0222041884995627,110485,0.42603973390052946,False,0.42603973390052946,0.42603973390052946,0.0,0.08876318052224284,False,0.08876318052224284,0.08876318052224284,0.0
test/attack/digital_3/iphone15pro/usa-NF-1036.jpg,digital_3,iphone15pro,0.0267537505442742,135176,0.5413830857548677,False,0.5413830857548677,0.5413830857548677,0.0,0.0,True,0.0,0.0,0.0
test/attack/digital_3/iphone15pro/usa-NF-1051.jpg,digital_3,iphone15pro,0.0246093694933641,123946,0.4269762638568409,False,0.4269762638568409,0.4269762638568409,0.0,0.0,False,0.0,0.0,0.0
test/attack/digital_3/iphone15pro/usa-NF-1065.jpg,digital_3,iphone15pro,0.0245638398833857,104748,0.5299671592775042,False,0.5299671592775042,0.5299671592775042,0.0,0.0,True,0.0,0.0,0.0
test/attack/digital_3/iphone15pro/usa-NM-1052.jpg,digital_3,iphone15pro,0.0275528407172724,141355,0.5587138764104559,False,0.5587138764104559,0.5587138764104559,0.0,0.0,True,0.0,0.0,0.0
test/attack/digital_3/scan/arabic-NF-1040.jpg,digital_3,scan,0.0416968724939855,103992,0.4111277790599277,False,0.4111277790599277,0.4111277790599277,0.0,0.0,True,0.0,0.0,0.0
test/attack/digital_3/scan/chinese-081_03.jpg,digital_3,scan,0.0282091133507923,70586,0.42417759895730034,False,0.42417759895730034,0.42417759895730034,0.0,0.0,True,0.0,0.0,0.0
test/attack/digital_3/scan/chinese-102_03.jpg,digital_3,scan,0.0260411027568922,64940,0.4354635047736372,False,0.4354635047736372,0.4354635047736372,0.0,0.0,True,0.0,0.0,0.0
test/attack/digital_3/scan/chinese-NF-1101.jpg,digital_3,scan,0.0292336513220047,72719,0.4711148393129719,False,0.4711148393129719,0.4711148393129719,0.0,0.0,True,0.0,0.0,0.0
test/attack/digital_3/scan/indian-014_03.jpg,digital_3,scan,0.0335050213430634,83570,0.3507957400981213,False,0.3507957400981213,0.3507957400981213,0.0,0.0,True,0.0,0.0,0.0
test/attack/digital_3/scan/indian-01_0004_000-2423feb1_0.jpg,digital_3,scan,0.0287025505869632,71355,0.5637586714315745,False,0.5637586714315745,0.5637586714315745,0.0,0.0,True,0.0,0.0,0.0
test/attack/digital_3/scan/indian-038_03.jpg,digital_3,scan,0.0327066083097425,81244,0.40357441780316083,False,0.40357441780316083,0.40357441780316083,0.0,0.0,True,0.0,0.0,0.0
test/attack/digital_3/scan/persian-01_0096_000-75b0e83b_0.jpg,digital_3,scan,0.0257378593637962,64036,0.514866637516397,False,0.514866637516397,0.514866637516397,0.0,0.0,True,0.0,0.0,0.0
test/attack/digital_3/scan/persian-NF-1034.jpg,digital_3,scan,0.0275028357068504,68352,0.5153909176029963,False,0.5153909176029963,0.5153909176029963,0.0,0.0,True,0.0,0.0,0.0
test/attack/digital_3/scan/persian-NF-1043.jpg,digital_3,scan,0.0255530648236052,63710,0.1770208758436666,False,0.1770208758436666,0.1770208758436666,0.0,0.0,True,0.0,0.0,0.0
test/attack/digital_3/scan/persian-NF-1079.jpg,digital_3,scan,0.0261900589638399,65462,0.3806024869389875,False,0.3806024869389875,0.3806024869389875,0.0,0.0,True,0.0,0.0,0.0
test/attack/digital_3/scan/persian-NF-1097.jpg,digital_3,scan,0.0253907049833102,63242,0.48194238006388157,False,0.48194238006388157,0.48194238006388157,0.0,0.0,True,0.0,0.0,0.0
test/attack/digital_3/scan/persian-NM-1035.jpg,digital_3,scan,0.0264659254427275,65808,0.42699975686846586,False,0.42699975686846586,0.42699975686846586,0.0,0.0,True,0.0,0.0,0.0
test/attack/digital_3/scan/portugal-004_03.jpg,digital_3,scan,0.0334276939350775,83427,0.4416915387104894,False,0.4416915387104894,0.4416915387104894,0.0,0.0,True,0.0,0.0,0.0
test/attack/digital_3/scan/portugal-026_03.jpg,digital_3,scan,0.0385393822197917,95704,0.482936972331355,False,0.482936972331355,0.482936972331355,0.0,0.0,True,0.0,0.0,0.0
test/attack/digital_3/scan/portugal-NF-1041.jpg,digital_3,scan,0.0354250719419258,88191,0.5208808155027157,False,0.5208808155027157,0.5208808155027157,0.0,0.0,True,0.0,0.0,0.0
test/attack/digital_3/scan/portugal-NF-1083.jpg,digital_3,scan,0.0394935975572961,98172,0.6013425416615735,False,0.6013425416615735,0.6013425416615735,0.0,0.0,True,0.0,0.0,0.0
test/attack/digital_3/scan/russian-NM-1027.jpg,digital_3,scan,0.0263414126370238,65794,0.4727026780557498,True,0.4727026780557498,0.4727026780557498,0.0,0.0,True,0.0,0.0,0.0
test/attack/digital_3/scan/turkiye-086_03.jpg,digital_3,scan,0.0252626982901694,62835,0.5567279382509748,False,0.5567279382509748,0.5567279382509748,0.0,0.0,True,0.0,0.0,0.0
test/attack/digital_3/scan/turkiye-121_03.jpg,digital_3,scan,0.0257803965040807,64187,0.4645333167152227,False,0.4645333167152227,0.4645333167152227,0.0,0.0,True,0.0,0.0,0.0
test/attack/digital_3/scan/turkiye-NF-1008.jpg,digital_3,scan,0.0250624333936802,62462,0.45057795139444784,False,0.45057795139444784,0.45057795139444784,0.0,0.0,True,0.0,0.0,0.0
test/attack/digital_3/scan/usa-01_0080_000-0c832328_1.jpg,digital_3,scan,0.0293795361668664,72928,0.32101524791575253,False,0.32101524791575253,0.32101524791575253,0.0,0.0,True,0.0,0.0,0.0
test/attack/digital_3/scan/usa-NF-1071.jpg,digital_3,scan,0.0275459754626421,68686,0.4854118743266459,False,0.4854118743266459,0.4854118743266459,0.0,0.0,True,0.0,0.0,0.0
test/attack/digital_3/scan/usa-NF-1076.jpg,digital_3,scan,0.0319580993541292,79743,0.37813977402405224,True,0.37813977402405224,0.37813977402405224,0.0,0.0,True,0.0,0.0,0.0
test/attack/facedancer/huawei/netherland-flickr_M_33239373490_5b5df42090_k.jpg,facedancer,huawei,0.0663290678576464,417741,0.22590073753833118,False,0.22590073753833118,0.22590073753833118,0.0,0.0,True,0.0,0.0,0.0
test/attack/facedancer/huawei/netherland-flickr_M_33297625690_76e3181f5e_c.jpg,facedancer,huawei,0.0770243627255946,485528,0.754304592114152,False,0.754304592114152,0.754304592114152,0.0,0.0,True,0.0,0.0,0.0
test/attack/facedancer/iphone15/netherland-flickr_F_28051545714_ab479f15eb_k.jpg,facedancer,iphone15,0.0717161679655953,346776,0.5820933397928346,False,0.5820933397928346,0.5820933397928346,0.0,0.0,True,0.0,0.0,0.0
test/attack/facedancer/scan/chinese2-flickr_F_17773666675_1bdbd28a62_c.jpg,facedancer,scan,0.0840785021393934,209293,0.004916552393056624,False,0.004916552393056624,0.004916552393056624,0.0,0.0,True,0.0,0.0,0.0
test/attack/facedancer/scan/chinese2-flickr_F_21696826019_7407a3bea0_k.jpg,facedancer,scan,0.0836602440451678,208440,0.3292314335060449,True,0.3292314335060449,0.32923623104970257,4.797543657675263e-06,0.0,False,0.0,0.0,0.0
test/attack/facedancer/scan/chinese2-flickr_F_30990251270_6801e68759_c.jpg,facedancer,scan,0.0816452660875567,203440,0.003558788832088085,False,0.003558788832088085,0.003558788832088085,0.0,0.0,False,0.0,0.0,0.0
test/attack/facedancer/scan/chinese2-flickr_F_31226153591_900ef17f37_k.jpg,facedancer,scan,0.0869230448075638,216526,0.13582664437527134,False,0.13582664437527134,0.13582664437527134,0.0,0.0,False,0.0,0.0,0.0
test/attack/facedancer/scan/chinese2-flickr_M_33525327222_f112b468ed_k.jpg,facedancer,scan,0.0799516242883976,199120,0.11212334270791482,False,0.11212334270791482,0.11212334270791482,0.0,0.0,True,0.0,0.0,0.0
test/attack/facedancer/scan/netherland-flickr_M_15788104622_be592061dc_k.jpg,facedancer,scan,0.0776179254285777,193172,0.3197202493114944,False,0.3197202493114944,0.3197202493114944,0.0,0.0,True,0.0,0.0,0.0
test/attack/facedancer/scan/netherland-flickr_M_23559454676_4919252d67_c.jpg,facedancer,scan,0.0821231930067597,204877,0.2755067674751192,False,0.2755067674751192,0.2755067674751192,0.0,0.0,False,0.0,0.0,0.0
test/attack/facedancer/scan/singapore-flickr_M_22512816725_a88536de72_c.jpg,facedancer,scan,0.032156581581843,80014,0.17956857549928762,False,0.17956857549928762,0.17956857549928762,0.0,0.0,False,0.0,0.0,0.0
test/attack/textdiffuserft_bfei/huawei/singapore-flickr_M_22942161980_136669b7da_c.jpg,textdiffuserft_bfei,huawei,0.0404373293330814,252960,0.46268184693232134,False,0.46268184693232134,0.46268184693232134,0.0,0.0,True,0.0,0.0,0.0
test/attack/textdiffuserft_bfei/huawei/singapore-flickr_M_31226087931_7b83422543_c.jpg,textdiffuserft_bfei,huawei,0.0424551280429353,265113,0.45754451875238106,False,0.45754451875238106,0.45754451875238106,0.0,0.0008260628486720757,True,0.0008260628486720757,0.0008260628486720757,0.0
test/attack/textdiffuserft_bfei/iphone15/chinese2-flickr_M_24235235151_ae8ac31253_k.jpg,textdiffuserft_bfei,iphone15,0.041461103021994,198871,0.52062895042515,False,0.52062895042515,0.52062895042515,0.0,0.0,True,0.0,0.0,0.0
test/attack/textdiffuserft_bfei/iphone15/chinese2-flickr_M_32771950686_f8d5084d87_h.jpg,textdiffuserft_bfei,iphone15,0.0431064802419884,207377,0.4887909459583271,False,0.4887909459583271,0.4887909459583271,0.0,0.0,True,0.0,0.0,0.0
test/attack/textdiffuserft_bfei/iphone15/chinese2-flickr_M_38999105422_457bedeef7_o.jpg,textdiffuserft_bfei,iphone15,0.0445314770722197,212352,0.42984290235081374,False,0.42984290235081374,0.42984290235081374,0.0,0.0,True,0.0,0.0,0.0
test/attack/textdiffuserft_bfei/iphone15/netherland-flickr_F_32868411313_4bb20e41db_c.jpg,textdiffuserft_bfei,iphone15,0.03602403299445,178290,0.4510123955353637,False,0.4510123955353637,0.4510123955353637,0.0,0.0900835717090134,True,0.0900835717090134,0.0900835717090134,0.0
test/attack/textdiffuserft_bfei/iphone15/netherland-flickr_M_33297625690_76e3181f5e_c.jpg,textdiffuserft_bfei,iphone15,0.0362049997852609,175344,0.4944794233050461,False,0.4944794233050461,0.4944794233050461,0.0,0.0,True,0.0,0.0,0.0
test/attack/textdiffuserft_bfei/iphone15/netherland-flickr_M_6862482951_78a560f107_b.jpg,textdiffuserft_bfei,iphone15,0.0338132987189591,164112,0.4946865555230574,False,0.4946865555230574,0.4946865555230574,0.0,0.0,True,0.0,0.0,0.0
test/attack/textdiffuserft_bfei/iphone15/singapore-flickr_F_30532886723_e55b04664f_k.jpg,textdiffuserft_bfei,iphone15,0.0459998909365584,221852,0.5957259794818167,False,0.5957259794818167,0.5957259794818167,0.0,0.03220615545498801,True,0.03220615545498801,0.03220615545498801,0.0
test/attack/textdiffuserft_bfei/iphone15/singapore-flickr_M_15788105142_89e9bca209_k.jpg,textdiffuserft_bfei,iphone15,0.0446666182045452,213830,0.5958986110461582,False,0.5958986110461582,0.5958986110461582,0.0,0.015156900341392695,True,0.015156900341392695,0.015156900341392695,0.0
test/attack/textdiffuserft_bfei/scan/chinese2-flickr_M_24235235151_ae8ac31253_k.jpg,textdiffuserft_bfei,scan,0.0410107645234424,102240,0.4419405320813771,False,0.4419405320813771,0.4419405320813771,0.0,0.006064162754303599,True,0.006064162754303599,0.006064162754303599,0.0
test/attack/textdiffuserft_bfei/scan/chinese2-flickr_M_37190875605_735b3fca0d_c.jpg,textdiffuserft_bfei,scan,0.0475083113844784,118308,0.47055989451262803,False,0.47055989451262803,0.47055989451262803,0.0,0.0,True,0.0,0.0,0.0
test/attack/textdiffuserft_bfei/scan/singapore-flickr_F_30532886723_e55b04664f_k.jpg,textdiffuserft_bfei,scan,0.0539797562832961,134114,0.47127816633610214,False,0.47127816633610214,0.47127816633610214,0.0,0.0,True,0.0,0.0,0.0
test/attack/digital_3/huawei/arabic-112_03.jpg,digital_3,huawei,0.0412467799023357,259802,0.4229105241684052,False,0.4229105241684052,0.4229105241684052,0.0,0.0,True,0.0,0.0,0.0
test/attack/digital_3/huawei/arabic-NF-1012.jpg,digital_3,huawei,0.0414546425467995,259282,0.4057126989146952,False,0.4057126989146952,0.4057126989146952,0.0,0.14636958986740306,False,0.14636958986740306,0.14636958986740306,0.0
test/attack/digital_3/huawei/chinese-001_03.jpg,digital_3,huawei,0.0306413781676469,191958,0.40166077996228344,True,0.40166077996228344,0.40166077996228344,0.0,0.0,True,0.0,0.0,0.0
test/attack/digital_3/huawei/chinese-01_0007_000-08f07a73_0.jpg,digital_3,huawei,0.0291919513515234,183378,0.4827951008299796,False,0.4827951008299796,0.4827951008299796,0.0,0.0,True,0.0,0.0,0.0
test/attack/digital_3/huawei/chinese-01_0022_000-3b9715ed_0.jpg,digital_3,huawei,0.0311533569078886,194531,0.4109781988474845,False,0.4109781988474845,0.4109781988474845,0.0,0.0,True,0.0,0.0,0.0
test/attack/digital_3/huawei/chinese-020_03.jpg,digital_3,huawei,0.0278119931450255,174492,0.4564163400041263,False,0.4564163400041263,0.4564163400041263,0.0,0.0,True,0.0,0.0,0.0
test/attack/digital_3/huawei/chinese-NF-1014.jpg,digital_3,huawei,0.0317394056206506,199585,0.3711501365333066,False,0.3711501365333066,0.3711501365333066,0.0,0.0,True,0.0,0.0,0.0
test/attack/digital_3/huawei/chinese-NF-1042.jpg,digital_3,huawei,0.0309277572413018,176201,0.46181917242240395,False,0.46181917242240395,0.46181917242240395,0.0,0.0,True,0.0,0.0,0.0
test/attack/digital_3/huawei/portugal-NF-1026.jpg,digital_3,huawei,0.0334697795860922,211560,0.49822272641331067,False,0.49822272641331067,0.49822272641331067,0.0,0.04662034411041785,True,0.04662034411041785,0.04662034411041785,0.0
test/attack/digital_3/huawei/portugal-NF-1041.jpg,digital_3,huawei,0.0364638657056145,230685,0.5798296378178035,False,0.5798296378178035,0.5798296378178035,0.0,0.05144244315841949,True,0.05144244315841949,0.05144244315841949,0.0
test/attack/digital_3/huawei/portugal-NM-1091.jpg,digital_3,huawei,0.0354881267949351,224688,0.49189987894324577,False,0.49189987894324577,0.49189987894324577,0.0,0.0,True,0.0,0.0,0.0
test/attack/digital_3/huawei/russian-01_0001_000-ff703650_1.jpg,digital_3,huawei,0.0268082675709186,169098,0.5958142615524725,True,0.5958142615524725,0.5958142615524725,0.0,0.0,True,0.0,0.0,0.0
test/attack/digital_3/huawei/russian-NF-1080.jpg,digital_3,huawei,0.0265580998816523,151677,0.4270720016877971,False,0.4270720016877971,0.4270720016877971,0.0,0.27971281077552956,True,0.27971281077552956,0.27971281077552956,0.0
test/attack/digital_3/huawei/turkiye-01_0079_000-01a48f56_0.jpg,digital_3,huawei,0.0256614132310414,161724,0.5122492641784769,False,0.5122492641784769,0.5122492641784769,0.0,0.165120823130766,False,0.165120823130766,0.165120823130766,0.0
test/attack/digital_3/huawei/turkiye-138_03.jpg,digital_3,huawei,0.0257446013661721,148026,0.5309742883007039,False,0.5309742883007039,0.5309742883007039,0.0,0.0634956021239512,True,0.0634956021239512,0.0634956021239512,0.0
test/attack/digital_3/huawei/usa-NF-1009.jpg,digital_3,huawei,0.0250854338384313,158880,0.36056772406847937,False,0.36056772406847937,0.36056772406847937,0.0,0.0,True,0.0,0.0,0.0
test/attack/digital_3/huawei/usa-NF-1017.jpg,digital_3,huawei,0.0286234065698533,180687,0.2958209500406781,False,0.2958209500406781,0.2958209500406781,0.0,0.0,True,0.0,0.0,0.0
test/attack/digital_3/huawei/usa-NF-1044.jpg,digital_3,huawei,0.0281309892378003,177074,0.4798784688887132,False,0.4798784688887132,0.4798784688887132,0.0,0.0,True,0.0,0.0,0.0
test/attack/digital_3/huawei/usa-NM-1038.jpg,digital_3,huawei,0.028920575312013,165714,0.4059282860832519,False,0.4059282860832519,0.4059282860832519,0.0,0.12127520909518809,True,0.12127520909518809,0.12127520909518809,0.0
test/attack/digital_3/iphone15pro/arabic-005_03.jpg,digital_3,iphone15pro,0.0365189435383378,170592,0.5771900206340274,False,0.5771900206340274,0.5771900206340274,0.0,0.0,True,0.0,0.0,0.0
test/attack/digital_3/iphone15pro/arabic-01_0095_000-18471808_1.jpg,digital_3,iphone15pro,0.0366666182513576,179236,0.6667968488473298,False,0.6667968488473298,0.6667968488473298,0.0,0.0,True,0.0,0.0,0.0
test/attack/digital_3/iphone15pro/arabic-131_03.jpg,digital_3,iphone15pro,0.0391296598490184,191878,0.5570675116480264,False,0.5570675116480264,0.5570675116480264,0.0,0.0,True,0.0,0.0,0.0
test/attack/digital_3/iphone15pro/arabic-NM-1029.jpg,digital_3,iphone15pro,0.0368250441782979,181069,0.5185150412273775,False,0.5185150412273775,0.5185150412273775,0.0,0.0,False,0.0,0.0,0.0
test/attack/digital_3/iphone15pro/chinese-01_0007_000-08f07a73_0.jpg,digital_3,iphone15pro,0.0253389610600236,124990,0.4768221457716617,False,0.4768221457716617,0.4768221457716617,0.0,0.0,False,0.0,0.0,0.0
test/attack/digital_3/iphone15pro/chinese-01_0034_000-9b26d58c_0.jpg,digital_3,iphone15pro,0.0282362006958474,119527,0.498548445121186,False,0.498548445121186,0.498548445121186,0.0,0.0,True,0.0,0.0,0.0
test/attack/digital_3/iphone15pro/french-128_03.jpg,digital_3,iphone15pro,0.0255193660916577,127728,0.6037438932732055,False,0.6037438932732055,0.6037438932732055,0.0,0.002411374170111487,True,0.002411374170111487,0.002411374170111487,0.0
test/attack/digital_3/iphone15pro/french-NF-1082.jpg,digital_3,iphone15pro,0.0240826355533287,120408,0.48946913826323835,False,0.48946913826323835,0.48946913826323835,0.0,0.03052122782539366,True,0.03052122782539366,0.03052122782539366,0.0
test/attack/digital_3/iphone15pro/french-NF-1095.jpg,digital_3,iphone15pro,0.0293342936369262,123328,0.4040201738453555,False,0.4040201738453555,0.4040201738453555,0.0,0.0,True,0.0,0.0,0.0
test/attack/digital_3/iphone15pro/french-NM-1104.jpg,digital_3,iphone15pro,0.0249253123645544,123354,0.40679669893153036,False,0.40679669893153036,0.40679669893153036,0.0,0.03704784603661008,True,0.03704784603661008,0.03704784603661008,0.0
test/attack/digital_3/iphone15pro/indian-014_03.jpg,digital_3,iphone15pro,0.0298280709907687,148390,0.5405822494777276,False,0.5405822494777276,0.5405822494777276,0.0,0.0,True,0.0,0.0,0.0
test/attack/digital_3/iphone15pro/persian-01_0096_000-75b0e83b_0.jpg,digital_3,iphone15pro,0.0227505502146072,113574,0.5358973004384806,False,0.5358973004384806,0.5358973004384806,0.0,0.0,True,0.0,0.0,0.0
test/attack/digital_3/iphone15pro/persian-NF-1001.jpg,digital_3,iphone15pro,0.0278998299463169,118422,0.4517994967151374,False,0.4517994967151374,0.4517994967151374,0.0,0.025265575653172553,True,0.025265575653172553,0.025265575653172553,0.0
test/attack/digital_3/iphone15pro/persian-NF-1018.jpg,digital_3,iphone15pro,0.0234067536947168,117369,0.5880172788385348,False,0.5880172788385348,0.5880172788385348,0.0,0.0,True,0.0,0.0,0.0
test/attack/digital_3/iphone15pro/persian-NF-1079.jpg,digital_3,iphone15pro,0.0229376673941972,114384,0.479551335851168,False,0.479551335851168,0.479551335851168,0.0,0.0,True,0.0,0.0,0.0
test/attack/digital_3/iphone15pro/portugal-013_03.jpg,digital_3,iphone15pro,0.0372167145954533,158639,0.47828718032766215,False,0.47828718032766215,0.47828718032766215,0.0,0.0,True,0.0,0.0,0.0
test/attack/digital_3/iphone15pro/portugal-029_03.jpg,digital_3,iphone15pro,0.0310128566024573,157819,0.462466496429454,False,0.462466496429454,0.462466496429454,0.0,0.00899131283305559,False,0.00899131283305559,0.00899131283305559,0.0
test/attack/digital_3/iphone15pro/portugal-061_03.jpg,digital_3,iphone15pro,0.0294584206950532,151108,0.5129576197157,False,0.5129576197157,0.5129576197157,0.0,0.14079995764618683,True,0.14079995764618683,0.14079995764618683,0.0
test/attack/digital_3/iphone15pro/portugal-NF-1022.jpg,digital_3,iphone15pro,0.0288275848150942,148558,0.5696293703469352,False,0.5696293703469352,0.5696293703469352,0.0,0.0,True,0.0,0.0,0.0
test/attack/digital_3/iphone15pro/russian-NM-1027.jpg,digital_3,iphone15pro,0.0235145327201578,119142,0.5456765876013496,False,0.5456765876013496,0.5456765876013496,0.0,0.0,True,0.0,0.0,0.0
test/attack/digital_3/iphone15pro/turkiye-01_0078_000-cfc6a96f_1.jpg,digital_3,iphone15pro,0.0227235150091174,114896,0.4511906419718702,False,0.4511906419718702,0.4511906419718702,0.0,0.0,True,0.0,0.0,0.0
test/attack/digital_3/iphone15pro/turkiye-NF-1002.jpg,digital_3,iphone15pro,0.0217363954355748,109710,0.46552729924346004,False,0.46552729924346004,0.46552729924346004,0.0,0.0,True,0.0,0.0,0.0
test/attack/digital_3/iphone15pro/turkiye-NM-1055.jpg,digital_3,iphone15pro,0.0233048946628147,118188,0.5114309405354182,False,0.5114309405354182,0.5114309405354182,0.0,0.0,True,0.0,0.0,0.0
test/attack/digital_3/iphone15pro/ukraine-01_0018_000-aad4322e_0.jpg,digital_3,iphone15pro,0.0203622365443745,103919,0.4871293988587265,False,0.4871293988587265,0.4871293988587265,0.0,0.0,True,0.0,0.0,0.0
test/attack/digital_3/iphone15pro/ukraine-030_03.jpg,digital_3,iphone15pro,0.0213244300213065,108291,0.5671108402360306,False,0.5671108402360306,0.5671108402360306,0.0,0.0,True,0.0,0.0,0.0
test/attack/digital_3/iphone15pro/ukraine-NF-1106.jpg,digital_3,iphone15pro,0.020202273247824,101610,0.536708985336089,False,0.536708985336089,0.536708985336089,0.0,0.0,True,0.0,0.0,0.0
test/attack/digital_3/scan/arabic-NF-1030.jpg,digital_3,scan,0.0396530409190683,98598,0.4597050650114607,False,0.4597050650114607,0.4597050650114607,0.0,0.0,True,0.0,0.0,0.0
test/attack/digital_3/scan/arabic-NF-1049.jpg,digital_3,scan,0.0348282575022451,86679,0.5197798774789741,False,0.5197798774789741,0.5197798774789741,0.0,0.0,True,0.0,0.0,0.0
test/attack/digital_3/scan/arabic-NF-1098.jpg,digital_3,scan,0.0345608974358974,86264,0.424093480478531,False,0.424093480478531,0.424093480478531,0.0,0.0,True,0.0,0.0,0.0
test/attack/digital_3/scan/arabic-NF-1100.jpg,digital_3,scan,0.0419299299299299,104720,0.459453781512605,False,0.459453781512605,0.459453781512605,0.0,0.0,True,0.0,0.0,0.0
test/attack/digital_3/scan/chinese-NF-1085.jpg,digital_3,scan,0.0270668119466312,67518,0.4615213720785568,False,0.4615213720785568,0.4615213720785568,0.0,0.0,True,0.0,0.0,0.0
test/attack/digital_3/scan/chinese-NM-1092.jpg,digital_3,scan,0.0299710015183547,74456,0.42556677769420864,False,0.42556677769420864,0.42556677769420864,0.0,0.0,True,0.0,0.0,0.0
test/attack/digital_3/scan/french-033_03.jpg,digital_3,scan,0.0271321843094096,67600,0.5490828402366864,False,0.5490828402366864,0.5490828402366864,0.0,0.0,True,0.0,0.0,0.0
test/attack/digital_3/scan/french-NF-1063.jpg,digital_3,scan,0.0284730531218238,70820,0.29930810505506916,False,0.29930810505506916,0.29930810505506916,0.0,0.0,True,0.0,0.0,0.0
test/attack/digital_3/scan/indian-01_0062_000-c236043f_0.jpg,digital_3,scan,0.033845550335851,84208,0.4820919627588828,False,0.4820919627588828,0.4820919627588828,0.0,0.0,True,0.0,0.0,0.0
test/attack/digital_3/scan/indian-01_0082_000-1b935c0e_0.jpg,digital_3,scan,0.0349966432201902,86950,0.4084071305347901,False,0.4084071305347901,0.4084071305347901,0.0,0.0,True,0.0,0.0,0.0
test/attack/digital_3/scan/indian-NF-1025.jpg,digital_3,scan,0.0286364429889776,71355,0.4537173288487142,False,0.4537173288487142,0.4537173288487142,0.0,0.0,True,0.0,0.0,0.0
test/attack/digital_3/scan/persian-087_03.jpg,digital_3,scan,0.0254638231408006,63386,0.3946612816710315,False,0.3946612816710315,0.3946612816710315,0.0,0.0,True,0.0,0.0,0.0
test/attack/digital_3/scan/persian-NF-1031.jpg,digital_3,scan,0.0268041915980126,66756,0.43915153694049974,False,0.43915153694049974,0.43915153694049974,0.0,0.0,True,0.0,0.0,0.0
test/attack/digital_3/scan/persian-NF-1108.jpg,digital_3,scan,0.0263264719992426,65632,0.3944722086786933,False,0.3944722086786933,0.3944722086786933,0.0,0.0,True,0.0,0.0,0.0
test/attack/digital_3/scan/portugal-066_03.jpg,digital_3,scan,0.028746005937535,71585,0.5983097017531606,False,0.5983097017531606,0.5983097017531606,0.0,0.0,True,0.0,0.0,0.0
test/attack/digital_3/scan/portugal-NF-1107.jpg,digital_3,scan,0.0299045025733128,74328,0.5284011408890325,False,0.5284011408890325,0.5284011408890325,0.0,0.0,True,0.0,0.0,0.0
test/attack/digital_3/scan/russian-062_03.jpg,digital_3,scan,0.0232843536266488,57926,0.5628905845388944,False,0.5628905845388944,0.5628905845388944,0.0,0.0,True,0.0,0.0,0.0
test/attack/digital_3/scan/russian-140_03.jpg,digital_3,scan,0.018780761523046,46858,0.42334286567928636,False,0.42334286567928636,0.42334286567928636,0.0,0.0,True,0.0,0.0,0.0
test/attack/digital_3/scan/turkiye-031_03.jpg,digital_3,scan,0.0236905682257441,58836,0.500900809028486,False,0.500900809028486,0.500900809028486,0.0,0.0,True,0.0,0.0,0.0
test/attack/digital_3/scan/turkiye-130_03.jpg,digital_3,scan,0.0263086268691228,65535,0.48210879682612345,False,0.48210879682612345,0.48210879682612345,0.0,0.0,True,0.0,0.0,0.0
test/attack/digital_3/scan/turkiye-NF-1054.jpg,digital_3,scan,0.0241244355243351,60100,0.4442595673876872,False,0.4442595673876872,0.4442595673876872,0.0,0.0,True,0.0,0.0,0.0
test/attack/digital_3/scan/turkiye-NF-1103.jpg,digital_3,scan,0.0243198530809803,60757,0.44572641835508664,False,0.44572641835508664,0.44572641835508664,0.0,0.0,False,0.0,0.0,0.0
test/attack/digital_3/scan/ukraine-NF-1087.jpg,digital_3,scan,0.0249298214131211,62237,0.40220447643684626,False,0.40220447643684626,0.40220447643684626,0.0,0.0,True,0.0,0.0,0.0
test/attack/digital_3/scan/ukraine-NF-1106.jpg,digital_3,scan,0.0226523616599678,56382,0.6407718775495725,True,0.6407718775495725,0.6407718775495725,0.0,0.0,True,0.0,0.0,0.0
test/attack/digital_3/scan/usa-011_03.jpg,digital_3,scan,0.028323914155319,70831,0.35535288221259054,False,0.35535288221259054,0.35535288221259054,0.0,0.0,True,0.0,0.0,0.0
test/attack/digital_3/scan/usa-01_0038_000-0ee87df5_0.jpg,digital_3,scan,0.0274851405622489,68438,0.507115929746632,False,0.507115929746632,0.507115929746632,0.0,0.0,True,0.0,0.0,0.0
test/attack/facedancer/huawei/singapore-flickr_M_23543328125_d9409d5ae0_c.jpg,facedancer,huawei,0.0325017116747938,205263,0.4027467200615795,False,0.4027467200615795,0.4027467200615795,0.0,0.0,True,0.0,0.0,0.0
test/attack/facedancer/iphone15/chinese2-flickr_F_17773666675_1bdbd28a62_c.jpg,facedancer,iphone15,0.0813117286248823,387657,0.7735601317659684,False,0.7735601317659684,0.7735601317659684,0.0,0.0,False,0.0,0.0,0.0
test/attack/facedancer/iphone15/chinese2-flickr_F_21668538829_2fb67bd5fd_c.jpg,facedancer,iphone15,0.090279897580865,432099,0.7468820802640136,False,0.7468820802640136,0.7468820802640136,0.0,0.0,True,0.0,0.0,0.0
test/attack/facedancer/iphone15/chinese2-flickr_F_33552328531_f6d5dd17b8_c.jpg,facedancer,iphone15,0.0800665651059351,392604,0.7214190380128578,False,0.7214190380128578,0.7214190380128578,0.0,0.0,False,0.0,0.0,0.0
test/attack/facedancer/scan/chinese2-flickr_F_16745558933_a3f9fe2bc9_k.jpg,facedancer,scan,0.0785891163567494,195942,0.0,False,0.0,0.0,0.0,0.0,False,0.0,0.0,0.0
test/attack/facedancer/scan/chinese2-flickr_F_31998955273_5516f4db28_h.jpg,facedancer,scan,0.0704563231696363,174926,0.07891336908178316,False,0.07891336908178316,0.07891336908178316,0.0,0.0,True,0.0,0.0,0.0
test/attack/facedancer/scan/chinese2-flickr_M_6850649398_5d950a2635_k.jpg,facedancer,scan,0.0672039811759614,167724,0.001103002551811309,False,0.001103002551811309,0.001103002551811309,0.0,0.0,False,0.0,0.0,0.0
test/attack/facedancer/scan/netherland-flickr_F_31998547103_f617b19dfc_h.jpg,facedancer,scan,0.0719159084971957,178390,0.053568025113515334,False,0.053568025113515334,0.053568025113515334,0.0,0.0,False,0.0,0.0,0.0
test/attack/facedancer/scan/singapore-flickr_F_36921282312_c8e6a2674d_c.jpg,facedancer,scan,0.031770547387346,78990,0.07961767312318015,False,0.07961767312318015,0.07961767312318015,0.0,0.0,True,0.0,0.0,0.0
test/attack/textdiffuserft_bfei/huawei/singapore-flickr_M_46826659491_bab820563f_c.jpg,textdiffuserft_bfei,huawei,0.0405574173500457,255188,0.5290961957458815,False,0.5290961957458815,0.5290961957458815,0.0,0.0,True,0.0,0.0,0.0
test/attack/textdiffuserft_bfei/iphone15/chinese2-flickr_F_48677929383_2cdc743f43_c.jpg,textdiffuserft_bfei,iphone15,0.041749240240393,201861,0.503480117506601,False,0.503480117506601,0.503480117506601,0.0,0.0,True,0.0,0.0,0.0
test/attack/textdiffuserft_bfei/iphone15/chinese2-flickr_M_33525327222_f112b468ed_k.jpg,textdiffuserft_bfei,iphone15,0.0425944921980292,204795,0.4859103005444469,False,0.4859103005444469,0.4859103005444469,0.0,0.0,True,0.0,0.0,0.0
test/attack/textdiffuserft_bfei/iphone15/netherland-flickr_F_31998547103_f617b19dfc_h.jpg,textdiffuserft_bfei,iphone15,0.0372247855112675,180528,0.5363156961800939,False,0.5363156961800939,0.5363156961800939,0.0,0.0,True,0.0,0.0,0.0
test/attack/textdiffuserft_bfei/iphone15/netherland-flickr_M_15788104622_be592061dc_k.jpg,textdiffuserft_bfei,iphone15,0.0363518890622108,175992,0.5057900359107232,False,0.5057900359107232,0.5057900359107232,0.0,0.0,True,0.0,0.0,0.0
test/attack/textdiffuserft_bfei/iphone15/netherland-flickr_M_6501027149_988313b64f_h.jpg,textdiffuserft_bfei,iphone15,0.0367577604382355,177255,0.46055118332346057,False,0.46055118332346057,0.46055118332346057,0.0,0.0,True,0.0,0.0,0.0
test/attack/textdiffuserft_bfei/iphone15/singapore-flickr_F_9641749325_1a753f74b2_c.jpg,textdiffuserft_bfei,iphone15,0.0418143864240434,200552,0.5473443296501656,False,0.5473443296501656,0.5473443296501656,0.0,0.0044776417088834815,False,0.0044776417088834815,0.0044776417088834815,0.0
test/attack/textdiffuserft_bfei/scan/chinese2-flickr_M_38999105422_457bedeef7_o.jpg,textdiffuserft_bfei,scan,0.0500791230846424,124560,0.44055073859987154,False,0.44055073859987154,0.44055073859987154,0.0,0.0,True,0.0,0.0,0.0
test/attack/textdiffuserft_bfei/scan/netherland-flickr_M_31998818913_b87fd05689_h.jpg,textdiffuserft_bfei,scan,0.0361444332998997,90090,0.5052614052614053,False,0.5052614052614053,0.5052614052614053,0.0,0.0,True,0.0,0.0,0.0
test/attack/textdiffuserft_bfei/scan/singapore-flickr_F_9641749325_1a753f74b2_c.jpg,textdiffuserft_bfei,scan,0.0415750915750915,103512,0.5550081150011593,False,0.5550081150011593,0.5550081150011593,0.0,0.0,True,0.0,0.0,0.0
test/attack/digital_3/huawei/arabic-005_03.jpg,digital_3,huawei,0.0384206654132265,221840,0.4398710782545979,False,0.4398710782545979,0.4398710782545979,0.0,5.860079336458709e-05,True,5.860079336458709e-05,5.860079336458709e-05,0.0
test/attack/digital_3/huawei/arabic-NF-1030.jpg,digital_3,huawei,0.0407909026614124,254581,0.4452256845561923,False,0.4452256845561923,0.4452256845561923,0.0,0.0,True,0.0,0.0,0.0
test/attack/digital_3/huawei/arabic-NF-1040.jpg,digital_3,huawei,0.0433775525660265,272630,0.4479807798114661,False,0.4479807798114661,0.4479807798114661,0.0,0.13041117998752888,True,0.13041117998752888,0.13041117998752888,0.0
test/attack/digital_3/huawei/arabic-NM-1029.jpg,digital_3,huawei,0.044357467776521,280360,0.45370951633613926,False,0.45370951633613926,0.45370951633613926,0.0,0.0,True,0.0,0.0,0.0
test/attack/digital_3/huawei/arabic-NM-1064.jpg,digital_3,huawei,0.051403088233243,324321,0.414024993756186,False,0.414024993756186,0.414024993756186,0.0,0.0,True,0.0,0.0,0.0
test/attack/digital_3/huawei/chinese-096_03.jpg,digital_3,huawei,0.028125225158017,176440,0.4556563137610519,False,0.4556563137610519,0.4556563137610519,0.0,0.0,True,0.0,0.0,0.0
test/attack/digital_3/huawei/french-01_0094_000-51fbbc37_0.jpg,digital_3,huawei,0.0283152864804089,178101,0.4481951252379268,False,0.4481951252379268,0.4481951252379268,0.0,0.0,True,0.0,0.0,0.0
test/attack/digital_3/huawei/french-NM-1104.jpg,digital_3,huawei,0.0293758513530435,184860,0.3937898950557178,False,0.3937898950557178,0.3937898950557178,0.0,0.0,True,0.0,0.0,0.0
test/attack/digital_3/huawei/indian-NM-1058.jpg,digital_3,huawei,0.0310593386816724,196054,0.5846297448662103,True,0.5846297448662103,0.5846297448662103,0.0,0.00973711324431024,False,0.00973711324431024,0.00973711324431024,0.0
test/attack/digital_3/huawei/persian-NF-1031.jpg,digital_3,huawei,0.0269218621427658,154622,0.3887868479259096,False,0.3887868479259096,0.3887868479259096,0.0,0.05472701168009727,True,0.05472701168009727,0.05472701168009727,0.0
test/attack/digital_3/huawei/persian-NF-1043.jpg,digital_3,huawei,0.0264098252452595,166292,0.4114208741250331,False,0.4114208741250331,0.4114208741250331,0.0,0.0781997931349674,False,0.0781997931349674,0.0781997931349674,0.0
test/attack/digital_3/huawei/persian-NF-1108.jpg,digital_3,huawei,0.0270162385442786,171096,0.4053572263524571,False,0.4053572263524571,0.4053572263524571,0.0,0.021414878197035584,True,0.021414878197035584,0.021414878197035584,0.0
test/attack/digital_3/huawei/portugal-013_03.jpg,digital_3,huawei,0.037109218837451,211641,0.6325428437779069,False,0.6325428437779069,0.6325428437779069,0.0,0.05301430252172311,True,0.05301430252172311,0.05301430252172311,0.0
test/attack/digital_3/huawei/portugal-NF-1107.jpg,digital_3,huawei,0.0298535453226986,188160,0.3944249574829932,False,0.3944249574829932,0.3944249574829932,0.0,0.12996386054421769,True,0.12996386054421769,0.12996386054421769,0.0
test/attack/digital_3/huawei/russian-140_03.jpg,digital_3,huawei,0.0192495893727261,112274,0.46407004293068743,False,0.46407004293068743,0.46407004293068743,0.0,0.0,True,0.0,0.0,0.0
test/attack/digital_3/huawei/russian-141_03.jpg,digital_3,huawei,0.0259095220030349,163914,0.5112681040057592,False,0.5112681040057592,0.5112681040057592,0.0,0.0,True,0.0,0.0,0.0
test/attack/digital_3/huawei/russian-NF-1081.jpg,digital_3,huawei,0.0317873575702521,201210,0.43586799860841907,True,0.43586799860841907,0.43586799860841907,0.0,0.08095025098156156,True,0.08095025098156156,0.08095025098156156,0.0
test/attack/digital_3/huawei/turkiye-083_03.jpg,digital_3,huawei,0.0255338256790453,160356,0.5277944074434383,False,0.5277944074434383,0.5277944074434383,0.0,0.16994686821821448,False,0.16994686821821448,0.16994686821821448,0.0
test/attack/digital_3/huawei/ukraine-NF-1032.jpg,digital_3,huawei,0.026057685973864,164562,0.443103511138659,False,0.443103511138659,0.443103511138659,0.0,0.0,True,0.0,0.0,0.0
test/attack/digital_3/huawei/ukraine-NF-1057.jpg,digital_3,huawei,0.0229509829968119,131309,0.5123258877913929,False,0.5123258877913929,0.5123258877913929,0.0,0.0,True,0.0,0.0,0.0
test/attack/digital_3/iphone15pro/chinese-01_0019_000-06d51424_0.jpg,digital_3,iphone15pro,0.0283085159779153,138744,0.4452444790405351,False,0.4452444790405351,0.4452444790405351,0.0,0.009146341463414634,True,0.009146341463414634,0.009146341463414634,0.0
test/attack/digital_3/iphone15pro/chinese-01_0028_000-611e103a_0.jpg,digital_3,iphone15pro,0.0301011462696734,146702,0.4771032433095663,False,0.4771032433095663,0.4771032433095663,0.0,2.0449618955433463e-05,True,2.0449618955433463e-05,2.0449618955433463e-05,0.0
test/attack/digital_3/iphone15pro/chinese-081_03.jpg,digital_3,iphone15pro,0.0255259483544624,125815,0.4229304931844375,False,0.4229304931844375,0.4229304931844375,0.0,0.0,True,0.0,0.0,0.0
test/attack/digital_3/iphone15pro/chinese-096_03.jpg,digital_3,iphone15pro,0.0248973682058804,123017,0.3048928196915873,False,0.3048928196915873,0.3048928196915873,0.0,0.0,True,0.0,0.0,0.0
test/attack/digital_3/iphone15pro/chinese-NF-1059.jpg,digital_3,iphone15pro,0.0309732634249088,131286,0.4599728836281096,False,0.4599728836281096,0.4599728836281096,0.0,0.0,True,0.0,0.0,0.0
test/attack/digital_3/iphone15pro/french-022_03.jpg,digital_3,iphone15pro,0.0239334018579845,117540,0.5940701037944529,False,0.5940701037944529,0.5940701037944529,0.0,0.009094776246384209,True,0.009094776246384209,0.009094776246384209,0.0
test/attack/digital_3/iphone15pro/french-090_03.jpg,digital_3,iphone15pro,0.0290715296019397,124308,0.5393860411236606,False,0.5393860411236606,0.5393860411236606,0.0,0.0,True,0.0,0.0,0.0
test/attack/digital_3/iphone15pro/french-100_03.jpg,digital_3,iphone15pro,0.0259662628497509,129753,0.5379528797022034,False,0.5379528797022034,0.5379528797022034,0.0,0.010157761284902854,True,0.010157761284902854,0.010157761284902854,0.0
test/attack/digital_3/iphone15pro/indian-01_0004_000-2423feb1_0.jpg,digital_3,iphone15pro,0.0280660890461677,140617,0.5595696110712076,False,0.5595696110712076,0.5595696110712076,0.0,0.0,True,0.0,0.0,0.0
test/attack/digital_3/iphone15pro/indian-01_0068_000-1b9539d8_0.jpg,digital_3,iphone15pro,0.0283237758622762,141360,0.5861063950198075,False,0.5861063950198075,0.5861063950198075,0.0,0.023160724391624223,True,0.023160724391624223,0.023160724391624223,0.0
test/attack/digital_3/iphone15pro/indian-01_0089_000-f38cdec4_1.jpg,digital_3,iphone15pro,0.0275078584564817,137085,0.6194988510777985,False,0.6194988510777985,0.6194988510777985,0.0,0.0,True,0.0,0.0,0.0
test/attack/digital_3/iphone15pro/indian-021_03.jpg,digital_3,iphone15pro,0.0295645783205307,146831,0.5976667052597885,False,0.5976667052597885,0.5976667052597885,0.0,0.0,True,0.0,0.0,0.0
test/attack/digital_3/iphone15pro/persian-069_03.jpg,digital_3,iphone15pro,0.0232409797652654,116265,0.42528705973422787,False,0.42528705973422787,0.42528705973422787,0.0,0.0,True,0.0,0.0,0.0
test/attack/digital_3/iphone15pro/portugal-017_03.jpg,digital_3,iphone15pro,0.0283094219119085,146452,0.5765984759511649,False,0.5765984759511649,0.5765984759511649,0.0,0.0,True,0.0,0.0,0.0
test/attack/digital_3/iphone15pro/portugal-070_03.jpg,digital_3,iphone15pro,0.0331908061255521,141230,0.5334489839269277,False,0.5334489839269277,0.5334489839269277,0.0,0.0,True,0.0,0.0,0.0
test/attack/digital_3/iphone15pro/portugal-172_03.jpg,digital_3,iphone15pro,0.0353514713027533,149301,0.4919859880375885,False,0.4919859880375885,0.4919859880375885,0.0,0.0,True,0.0,0.0,0.0
test/attack/digital_3/iphone15pro/portugal-NF-1060.jpg,digital_3,iphone15pro,0.031738552134412,163335,0.4948051550494383,False,0.4948051550494383,0.4948051550494383,0.0,0.0,True,0.0,0.0,0.0
test/attack/digital_3/iphone15pro/russian-NF-1089.jpg,digital_3,iphone15pro,0.0192206333298195,97732,0.5677157942127451,False,0.5677157942127451,0.5677157942127451,0.0,0.0,True,0.0,0.0,0.0
test/attack/digital_3/iphone15pro/turkiye-104_03.jpg,digital_3,iphone15pro,0.0234288231718982,117689,0.548700388311567,False,0.548700388311567,0.548700388311567,0.0,0.0,True,0.0,0.0,0.0
test/attack/digital_3/iphone15pro/turkiye-126_03.jpg,digital_3,iphone15pro,0.0221739304535718,112965,0.5951666445359182,False,0.5951666445359182,0.5951666445359182,0.0,0.0,True,0.0,0.0,0.0
test/attack/digital_3/iphone15pro/turkiye-130_03.jpg,digital_3,iphone15pro,0.0234326058948911,118950,0.4750651534258092,False,0.4750651534258092,0.4750651534258092,0.0,0.0,True,0.0,0.0,0.0
test/attack/digital_3/iphone15pro/ukraine-01_0077_000-a3228552_1.jpg,digital_3,iphone15pro,0.0201695552557828,102240,0.4969679186228482,False,0.4969679186228482,0.4969679186228482,0.0,0.0,True,0.0,0.0,0.0
test/attack/digital_3/iphone15pro/ukraine-NF-1084.jpg,digital_3,iphone15pro,0.0205425538307777,103921,0.4780362005754371,False,0.4780362005754371,0.4780362005754371,0.0,0.0,True,0.0,0.0,0.0
test/attack/digital_3/iphone15pro/usa-063_03.jpg,digital_3,iphone15pro,0.0222682912790547,112195,0.4056954409733054,False,0.4056954409733054,0.4056954409733054,0.0,0.0,True,0.0,0.0,0.0
test/attack/digital_3/iphone15pro/usa-NF-1004.jpg,digital_3,iphone15pro,0.0230689211501224,116470,0.5730402678801408,False,0.5730402678801408,0.5730402678801408,0.0,0.0,True,0.0,0.0,0.0
test/attack/digital_3/iphone15pro/usa-NF-1062.jpg,digital_3,iphone15pro,0.0244675266236688,125280,0.5277618135376756,False,0.5277618135376756,0.5277618135376756,0.0,0.0,True,0.0,0.0,0.0
test/attack/digital_3/scan/arabic-003_03.jpg,digital_3,scan,0.0373028919623789,92856,0.5053631429309899,False,0.5053631429309899,0.5053631429309899,0.0,0.0,True,0.0,0.0,0.0
test/attack/digital_3/scan/arabic-01_0002_000-c7338db1_1.jpg,digital_3,scan,0.0403271463710587,100435,0.46552496639617663,False,0.46552496639617663,0.46552496639617663,0.0,0.0,True,0.0,0.0,0.0
test/attack/digital_3/scan/chinese-01_0022_000-3b9715ed_0.jpg,digital_3,scan,0.0308218408335607,76792,0.47598708198770706,False,0.47598708198770706,0.47598708198770706,0.0,0.0,True,0.0,0.0,0.0
test/attack/digital_3/scan/chinese-099_03.jpg,digital_3,scan,0.0271280967194116,67603,0.3951451858645326,False,0.3951451858645326,0.3951451858645326,0.0,0.0,True,0.0,0.0,0.0
test/attack/digital_3/scan/chinese-107_03.jpg,digital_3,scan,0.0293192866699185,72910,0.3790426553284872,False,0.3790426553284872,0.3790426553284872,0.0,0.0,True,0.0,0.0,0.0
test/attack/digital_3/scan/chinese-142_03.jpg,digital_3,scan,0.0295090180360721,73625,0.41693718166383703,False,0.41693718166383703,0.41693718166383703,0.0,0.0,True,0.0,0.0,0.0
test/attack/digital_3/scan/chinese-NF-1014.jpg,digital_3,scan,0.0275183168382421,68541,0.4528092674457624,False,0.4528092674457624,0.4528092674457624,0.0,0.0,True,0.0,0.0,0.0
test/attack/digital_3/scan/chinese-NF-1072.jpg,digital_3,scan,0.0292863549356519,73011,0.418909479393516,False,0.418909479393516,0.418909479393516,0.0,0.0,True,0.0,0.0,0.0
test/attack/digital_3/scan/french-01_0029_000-d00491e2_1.jpg,digital_3,scan,0.0282892678034102,70511,0.4059366623647374,False,0.4059366623647374,0.4059366623647374,0.0,0.0,True,0.0,0.0,0.0
test/attack/digital_3/scan/french-044_03.jpg,digital_3,scan,0.0267148919048179,66527,0.49670058773129705,False,0.49670058773129705,0.49670058773129705,0.0,0.0,True,0.0,0.0,0.0
test/attack/digital_3/scan/indian-037_03.jpg,digital_3,scan,0.0371020080321285,92384,0.44400545549012815,False,0.44400545549012815,0.44400545549012815,0.0,0.0,True,0.0,0.0,0.0
test/attack/digital_3/scan/indian-NF-1039.jpg,digital_3,scan,0.033533292184245,83448,0.4617965679225386,False,0.4617965679225386,0.4617965679225386,0.0,0.0,True,0.0,0.0,0.0
test/attack/digital_3/scan/persian-01_0200_000-78393150_0.jpg,digital_3,scan,0.0255523036480635,63804,0.4946868534888095,False,0.4946868534888095,0.4946868534888095,0.0,0.0,True,0.0,0.0,0.0
test/attack/digital_3/scan/portugal-029_03.jpg,digital_3,scan,0.0367226725667706,91220,0.5076189432142074,False,0.5076189432142074,0.5076189432142074,0.0,0.0,True,0.0,0.0,0.0
test/attack/digital_3/scan/portugal-119_03.jpg,digital_3,scan,0.0356675097827206,88670,0.4727190707116274,False,0.4727190707116274,0.4727190707116274,0.0,0.0,True,0.0,0.0,0.0
test/attack/digital_3/scan/portugal-NF-1016.jpg,digital_3,scan,0.0316916582914572,78833,0.5804802557304682,False,0.5804802557304682,0.5804802557304682,0.0,0.0,True,0.0,0.0,0.0
test/attack/digital_3/scan/portugal-NF-1024.jpg,digital_3,scan,0.0282513926375693,70444,0.5036766793481346,False,0.5036766793481346,0.5036766793481346,0.0,0.0,True,0.0,0.0,0.0
test/attack/digital_3/scan/portugal-NF-1109.jpg,digital_3,scan,0.0288673684210526,71988,0.5035561482469301,False,0.5035561482469301,0.5035561482469301,0.0,0.0,True,0.0,0.0,0.0
test/attack/digital_3/scan/portugal-NM-1102.jpg,digital_3,scan,0.0372701155198392,92756,0.5055414205010996,False,0.5055414205010996,0.5055414205010996,0.0,0.0,True,0.0,0.0,0.0
test/attack/digital_3/scan/russian-01_0201_000-2ea0ec28_0.jpg,digital_3,scan,0.0244067176997205,60888,0.41988569176192353,False,0.41988569176192353,0.41988569176192353,0.0,0.0,True,0.0,0.0,0.0
test/attack/digital_3/scan/russian-082_03.jpg,digital_3,scan,0.0277206767591382,69260,0.49335835980363846,False,0.49335835980363846,0.49335835980363846,0.0,0.0,True,0.0,0.0,0.0
test/attack/digital_3/scan/turkiye-01_0079_000-01a48f56_0.jpg,digital_3,scan,0.0251584185860617,62444,0.4858273012619307,False,0.4858273012619307,0.4858273012619307,0.0,0.0,True,0.0,0.0,0.0
test/attack/digital_3/scan/turkiye-032_03.jpg,digital_3,scan,0.0256910264897485,64266,0.5291289328727476,False,0.5291289328727476,0.5291289328727476,0.0,0.0,True,0.0,0.0,0.0
test/attack/digital_3/scan/ukraine-025_03.jpg,digital_3,scan,0.0229863227212716,57368,0.35871914656254356,False,0.35871914656254356,0.35871914656254356,0.0,0.0,True,0.0,0.0,0.0
test/attack/digital_3/scan/ukraine-NF-1005.jpg,digital_3,scan,0.0207527152427611,51602,0.5702685942405333,False,0.5702685942405333,0.5702685942405333,0.0,0.0,False,0.0,0.0,0.0
test/attack/digital_3/scan/ukraine-NM-1007.jpg,digital_3,scan,0.0236737685566547,59042,0.531706243013448,False,0.531706243013448,0.531706243013448,0.0,0.0,True,0.0,0.0,0.0
test/attack/digital_3/scan/usa-009_03.jpg,digital_3,scan,0.0247958545116575,61575,0.24423873325213155,False,0.24423873325213155,0.24423873325213155,0.0,0.0,True,0.0,0.0,0.0
test/attack/digital_3/scan/usa-063_03.jpg,digital_3,scan,0.0250576537110656,62325,0.40367428800641797,False,0.40367428800641797,0.40367428800641797,0.0,0.0,True,0.0,0.0,0.0
test/attack/facedancer/huawei/singapore-flickr_F_33574462985_422fca6322_c.jpg,facedancer,huawei,0.0328494730181148,205416,0.40663336838415703,False,0.40663336838415703,0.40663336838415703,0.0,0.0,True,0.0,0.0,0.0
test/attack/facedancer/iphone15/chinese2-flickr_M_34592740762_6446ed6334_k.jpg,facedancer,iphone15,0.0804894424193302,385908,0.4800651968863045,False,0.4800651968863045,0.4800651968863045,0.0,0.0,True,0.0,0.0,0.0
test/attack/facedancer/iphone15/netherland-flickr_M_18042193331_841d026f9a_c.jpg,facedancer,iphone15,0.0734784352027964,357344,0.700728149905973,False,0.700728149905973,0.700728149905973,0.0,0.0,True,0.0,0.0,0.0
test/attack/facedancer/iphone15/netherland-flickr_M_19475853574_c947539b18_c.jpg,facedancer,iphone15,0.0689730631756673,333468,0.72992610985162,False,0.72992610985162,0.72992610985162,0.0,0.0,True,0.0,0.0,0.0
test/attack/facedancer/iphone15/singapore-flickr_F_20411794293_d7a6aae66c_c.jpg,facedancer,iphone15,0.0340870919694337,165003,0.46624000775743474,False,0.46624000775743474,0.46624000775743474,0.0,0.0,True,0.0,0.0,0.0
test/attack/facedancer/scan/netherland-flickr_F_37019045642_0a3fa19256_k.jpg,facedancer,scan,0.0720804764839567,179643,0.216095255590254,False,0.216095255590254,0.216095255590254,0.0,0.0,True,0.0,0.0,0.0
test/attack/facedancer/scan/netherland-flickr_M_37190718595_78e318623b_k.jpg,facedancer,scan,0.082581654779002,205279,0.2299796861831946,False,0.2299796861831946,0.2299796861831946,0.0,0.0,True,0.0,0.0,0.0
test/attack/facedancer/scan/netherland-flickr_M_4188233342_8473de8906_c.jpg,facedancer,scan,0.0689676238983154,171592,0.29859200895146626,False,0.29859200895146626,0.29859200895146626,0.0,0.0,True,0.0,0.0,0.0
test/attack/facedancer/scan/singapore-flickr_F_33574462985_422fca6322_c.jpg,facedancer,scan,0.0330133011651445,82047,0.3969310273379892,False,0.3969310273379892,0.3969310273379892,0.0,0.0,False,0.0,0.0,0.0
test/attack/facedancer/scan/singapore-flickr_M_21893334161_8c8b011508_k.jpg,facedancer,scan,0.0313845511213932,78140,0.10076785257230612,False,0.10076785257230612,0.10076785257230612,0.0,0.0,True,0.0,0.0,0.0
test/attack/textdiffuserft_bfei/huawei/singapore-flickr_M_30456580904_06749c0622_c.jpg,textdiffuserft_bfei,huawei,0.0472012742498326,295628,0.5395429390991381,False,0.5395429390991381,0.5395429390991381,0.0,0.004011798611768844,True,0.004011798611768844,0.004011798611768844,0.0
test/attack/textdiffuserft_bfei/iphone15/chinese2-flickr_M_31969854474_39f84b92eb_h.jpg,textdiffuserft_bfei,iphone15,0.0416710502701331,202005,0.471547733966981,False,0.471547733966981,0.471547733966981,0.0,0.0,True,0.0,0.0,0.0
test/attack/textdiffuserft_bfei/iphone15/netherland-flickr_F_26297818201_09eab93588_k.jpg,textdiffuserft_bfei,iphone15,0.0358024877144228,171296,0.5797566784980385,False,0.5797566784980385,0.5797566784980385,0.0,0.048045488511115265,False,0.048045488511115265,0.048045488511115265,0.0
test/attack/textdiffuserft_bfei/iphone15/netherland-flickr_M_37190718595_78e318623b_k.jpg,textdiffuserft_bfei,iphone15,0.0364832009824666,175868,0.48199217595014443,False,0.48199217595014443,0.48199217595014443,0.0,0.0,True,0.0,0.0,0.0
test/attack/textdiffuserft_bfei/iphone15/singapore-flickr_F_17178258920_6f5f1eedd0_k.jpg,textdiffuserft_bfei,iphone15,0.0414976531564027,199492,0.5447987889238666,False,0.5447987889238666,0.5447987889238666,0.0,0.13829627253223187,True,0.13829125979989174,0.13829627253223187,5.012732340131665e-06
test/attack/textdiffuserft_bfei/scan/chinese2-flickr_M_31840786965_77af814416_h.jpg,textdiffuserft_bfei,scan,0.0467554231599175,116398,0.49592776508187425,False,0.49592776508187425,0.49592776508187425,0.0,0.0,True,0.0,0.0,0.0
test/attack/textdiffuserft_bfei/scan/netherland-flickr_F_10239917343_ca73cd29b5_h.jpg,textdiffuserft_bfei,scan,0.0454366500719372,113217,0.4474328060273634,False,0.4474328060273634,0.4474328060273634,0.0,0.0,True,0.0,0.0,0.0
test/attack/textdiffuserft_bfei/scan/singapore-flickr_F_19679296994_d0fc2a7ac6_o.jpg,textdiffuserft_bfei,scan,0.0533898761464829,132848,0.4873012766469951,False,0.4873012766469951,0.4873012766469951,0.0,0.0,True,0.0,0.0,0.0
