image_path,file_stem,variant,hardware_source,eval_split,native_height,native_width,native_pixels,megapixels,active_wall_seconds,active_wall_minutes,physical_linf_recomputed
train/attack/digital_1/huawei/arabic-024_03.jpg,arabic-024_03,digital_1,huawei,dev_val,1971,3211,6328881,6.328881,1050.9928027879998,17.51654671313333,0.0039215686274509
train/attack/digital_1/iphone15pro/arabic-024_03.jpg,arabic-024_03,digital_1,iphone15pro,dev_val,1748,2769,4840212,4.840212,95.65699516699988,1.5942832527833313,0.0029411764705882
train/attack/digital_1/scan/arabic-024_03.jpg,arabic-024_03,digital_1,scan,dev_val,1244,2003,2491732,2.491732,33.248906154999986,0.5541484359166664,0.0039215686274509
train/attack/digital_2/huawei/arabic-024_03.jpg,arabic-024_03,digital_2,huawei,dev_val,1971,3211,6328881,6.328881,1083.8298539419998,18.06383089903333,0.0039215686274509
train/attack/digital_2/iphone15pro/arabic-024_03.jpg,arabic-024_03,digital_2,iphone15pro,dev_val,1748,2769,4840212,4.840212,122.51672976500004,2.041945496083334,0.0039215686274509
train/attack/digital_2/scan/arabic-024_03.jpg,arabic-024_03,digital_2,scan,dev_val,1244,2003,2491732,2.491732,32.4188458829999,0.5403140980499984,0.0039215686274509
train/attack/digital_1/huawei/arabic-120_03.jpg,arabic-120_03,digital_1,huawei,dev_val,1964,3181,6247484,6.247484,701.9302351819997,11.698837253033329,0.0039215686274509
train/attack/digital_1/iphone15pro/arabic-120_03.jpg,arabic-120_03,digital_1,iphone15pro,dev_val,1737,2768,4808016,4.808016,108.54349717599962,1.8090582862666602,0.0039215686274509
train/attack/digital_1/scan/arabic-120_03.jpg,arabic-120_03,digital_1,scan,dev_val,1249,1992,2488008,2.488008,33.00236668200023,0.5500394447000038,0.0039215686274509
train/attack/digital_2/huawei/arabic-120_03.jpg,arabic-120_03,digital_2,huawei,dev_val,1964,3181,6247484,6.247484,698.6997688030006,11.644996146716675,0.0039215686274509
train/attack/digital_2/iphone15pro/arabic-120_03.jpg,arabic-120_03,digital_2,iphone15pro,dev_val,1737,2768,4808016,4.808016,108.56934154200007,1.8094890257000011,0.0039215686274509
train/attack/digital_2/scan/arabic-120_03.jpg,arabic-120_03,digital_2,scan,dev_val,1249,1992,2488008,2.488008,32.20991854500062,0.5368319757500103,0.0009803921568627
train/attack/digital_1/huawei/arabic-NF-1048.jpg,arabic-NF-1048,digital_1,huawei,dev_val,1891,3045,5758095,5.758095,472.45545540999956,7.87425759016666,0.0039215686274509
train/attack/digital_1/iphone15pro/arabic-NF-1048.jpg,arabic-NF-1048,digital_1,iphone15pro,dev_val,1605,2629,4219545,4.219545,65.12696836899977,1.0854494728166628,0.0039215686274509
train/attack/digital_1/scan/arabic-NF-1048.jpg,arabic-NF-1048,digital_1,scan,dev_val,1248,2005,2502240,2.50224,32.549203627999304,0.5424867271333217,0.0039215686274509
train/attack/digital_2/huawei/arabic-NF-1048.jpg,arabic-NF-1048,digital_2,huawei,dev_val,1891,3045,5758095,5.758095,473.04932686899974,7.884155447816663,0.0039215686274509
train/attack/digital_2/iphone15pro/arabic-NF-1048.jpg,arabic-NF-1048,digital_2,iphone15pro,dev_val,1605,2629,4219545,4.219545,64.8143623169999,1.0802393719499983,0.0039215686274509
train/attack/digital_2/scan/arabic-NF-1048.jpg,arabic-NF-1048,digital_2,scan,dev_val,1248,2005,2502240,2.50224,32.04546293599924,0.5340910489333207,0.0009803921568627
train/attack/digital_1/huawei/arabic-NF-1098.jpg,arabic-NF-1098,digital_1,huawei,dev_val,1894,3037,5752078,5.752078,463.8826109360007,7.731376848933345,0.0039215686274509
train/attack/digital_1/iphone15pro/arabic-NF-1098.jpg,arabic-NF-1098,digital_1,iphone15pro,dev_val,1608,2624,4219392,4.219392,63.98841800599985,1.0664736334333307,0.0039215686274509
train/attack/digital_1/scan/arabic-NF-1098.jpg,arabic-NF-1098,digital_1,scan,dev_val,1248,2000,2496000,2.496,32.19409366899981,0.5365682278166636,0.0039215686274509
train/attack/digital_2/huawei/arabic-NF-1098.jpg,arabic-NF-1098,digital_2,huawei,dev_val,1894,3037,5752078,5.752078,454.54080044000057,7.575680007333343,0.0039215686274509
train/attack/digital_2/iphone15pro/arabic-NF-1098.jpg,arabic-NF-1098,digital_2,iphone15pro,dev_val,1608,2624,4219392,4.219392,64.12411545299983,1.068735257549997,0.0039215686274509
train/attack/digital_2/scan/arabic-NF-1098.jpg,arabic-NF-1098,digital_2,scan,dev_val,1248,2000,2496000,2.496,32.32706326300013,0.5387843877166688,0.0039215686274509
train/attack/digital_1/huawei/arabic-NM-1090.jpg,arabic-NM-1090,digital_1,huawei,dev_val,1973,3189,6291897,6.291897,726.6798567530004,12.11133094588334,0.0039215686274509
train/attack/digital_1/iphone15pro/arabic-NM-1090.jpg,arabic-NM-1090,digital_1,iphone15pro,dev_val,1767,2766,4887522,4.887522,118.73946095800056,1.9789910159666761,0.0039215686274509
train/attack/digital_1/scan/arabic-NM-1090.jpg,arabic-NM-1090,digital_1,scan,dev_val,1249,1993,2489257,2.489257,32.203931512000054,0.5367321918666675,0.0029411764705882
train/attack/digital_2/huawei/arabic-NM-1090.jpg,arabic-NM-1090,digital_2,huawei,dev_val,1973,3189,6291897,6.291897,744.8116985540009,12.41352830923335,0.0039215686274509
train/attack/digital_2/iphone15pro/arabic-NM-1090.jpg,arabic-NM-1090,digital_2,iphone15pro,dev_val,1767,2766,4887522,4.887522,120.81209978299921,2.0135349963833202,0.0039215686274509
train/attack/digital_2/scan/arabic-NM-1090.jpg,arabic-NM-1090,digital_2,scan,dev_val,1249,1993,2489257,2.489257,32.63269373500043,0.5438782289166738,0.0039215686274509
train/attack/digital_1/huawei/chinese-001_03.jpg,chinese-001_03,digital_1,huawei,dev_val,1962,3193,6264666,6.264666,697.5657144380002,11.626095240633337,0.0039215686274509
train/attack/digital_1/iphone15pro/chinese-001_03.jpg,chinese-001_03,digital_1,iphone15pro,dev_val,1765,2778,4903170,4.90317,117.95831175400053,1.9659718625666756,0.0039215686274509
train/attack/digital_1/scan/chinese-001_03.jpg,chinese-001_03,digital_1,scan,dev_val,1248,1991,2484768,2.484768,32.07775230799962,0.5346292051333269,0.0039215686274509
train/attack/digital_2/iphone15pro/chinese-001_03.jpg,chinese-001_03,digital_2,iphone15pro,dev_val,1765,2774,4896110,4.89611,116.58664573799979,1.9431107622999966,0.0029411764705882
train/attack/digital_1/huawei/chinese-113_03.jpg,chinese-113_03,digital_1,huawei,dev_val,1973,3178,6270194,6.270194,745.1996788699998,12.419994647833331,0.0039215686274509
train/attack/digital_1/iphone15pro/chinese-113_03.jpg,chinese-113_03,digital_1,iphone15pro,dev_val,1770,2791,4940070,4.94007,143.19117526800073,2.386519587800012,0.0039215686274509
train/attack/digital_1/scan/chinese-113_03.jpg,chinese-113_03,digital_1,scan,dev_val,1250,1990,2487500,2.4875,32.38495356400017,0.5397492260666695,0.0039215686274509
train/attack/digital_2/huawei/chinese-113_03.jpg,chinese-113_03,digital_2,huawei,dev_val,1973,3178,6270194,6.270194,700.3495626500007,11.672492710833346,0.0039215686274509
train/attack/digital_2/iphone15pro/chinese-113_03.jpg,chinese-113_03,digital_2,iphone15pro,dev_val,1770,2791,4940070,4.94007,141.86142791400016,2.3643571319000025,0.0039215686274509
train/attack/digital_2/scan/chinese-113_03.jpg,chinese-113_03,digital_2,scan,dev_val,1250,1990,2487500,2.4875,33.14769974800038,0.5524616624666729,0.0039215686274509
train/attack/digital_1/huawei/chinese-142_03.jpg,chinese-142_03,digital_1,huawei,dev_val,1967,3195,6284565,6.284565,723.0598106029993,12.050996843383322,0.0039215686274509
train/attack/digital_1/iphone15pro/chinese-142_03.jpg,chinese-142_03,digital_1,iphone15pro,dev_val,1762,2784,4905408,4.905408,104.03569293500004,1.733928215583334,0.0039215686274509
train/attack/digital_1/scan/chinese-142_03.jpg,chinese-142_03,digital_1,scan,dev_val,1250,1996,2495000,2.495,32.647539779,0.5441256629833333,0.0039215686274509
train/attack/digital_2/huawei/chinese-142_03.jpg,chinese-142_03,digital_2,huawei,dev_val,1967,3195,6284565,6.284565,753.073711391,12.551228523183333,0.0039215686274509
train/attack/digital_2/iphone15pro/chinese-142_03.jpg,chinese-142_03,digital_2,iphone15pro,dev_val,1762,2784,4905408,4.905408,105.58323092000137,1.7597205153333562,0.0039215686274509
train/attack/digital_2/scan/chinese-142_03.jpg,chinese-142_03,digital_2,scan,dev_val,1250,1996,2495000,2.495,32.89124673299921,0.5481874455499868,0.0039215686274509
train/attack/digital_1/huawei/chinese-NF-1050.jpg,chinese-NF-1050,digital_1,huawei,dev_val,1968,3198,6293664,6.293664,590.9026157400003,9.848376929000006,0.0039215686274509
train/attack/digital_1/iphone15pro/chinese-NF-1050.jpg,chinese-NF-1050,digital_1,iphone15pro,dev_val,1776,2781,4939056,4.939056,124.32926489300007,2.0721544148833346,0.0039215686274509
train/attack/digital_1/scan/chinese-NF-1050.jpg,chinese-NF-1050,digital_1,scan,dev_val,1247,1993,2485271,2.485271,32.54638652799986,0.5424397754666643,0.0039215686274509
train/attack/digital_2/huawei/chinese-NF-1050.jpg,chinese-NF-1050,digital_2,huawei,dev_val,1968,3198,6293664,6.293664,748.0591557139996,12.467652595233327,0.0039215686274509
train/attack/digital_2/iphone15pro/chinese-NF-1050.jpg,chinese-NF-1050,digital_2,iphone15pro,dev_val,1776,2781,4939056,4.939056,123.90387099799955,2.065064516633326,0.0039215686274509
train/attack/digital_2/scan/chinese-NF-1050.jpg,chinese-NF-1050,digital_2,scan,dev_val,1247,1993,2485271,2.485271,32.16460131399981,0.5360766885666635,0.0039215686274509
train/attack/digital_1/huawei/chinese-NF-1085.jpg,chinese-NF-1085,digital_1,huawei,dev_val,1985,3222,6395670,6.39567,818.9859025219994,13.649765042033323,0.0039215686274509
train/attack/digital_1/iphone15pro/chinese-NF-1085.jpg,chinese-NF-1085,digital_1,iphone15pro,dev_val,1763,2787,4913481,4.913481,125.35786895399906,2.089297815899984,0.0039215686274509
train/attack/digital_1/scan/chinese-NF-1085.jpg,chinese-NF-1085,digital_1,scan,dev_val,1251,1994,2494494,2.494494,32.48132137599896,0.5413553562666493,0.0039215686274509
train/attack/digital_2/huawei/chinese-NF-1085.jpg,chinese-NF-1085,digital_2,huawei,dev_val,1985,3222,6395670,6.39567,802.6914880570021,13.3781914676167,0.0039215686274509
train/attack/digital_2/iphone15pro/chinese-NF-1085.jpg,chinese-NF-1085,digital_2,iphone15pro,dev_val,1763,2787,4913481,4.913481,126.70163727900217,2.111693954650036,0.0039215686274509
train/attack/digital_2/scan/chinese-NF-1085.jpg,chinese-NF-1085,digital_2,scan,dev_val,1251,1994,2494494,2.494494,32.500134041998535,0.5416689006999756,0.0039215686274509
train/attack/digital_1/huawei/chinese-NM-1092.jpg,chinese-NM-1092,digital_1,huawei,dev_val,1985,3242,6435370,6.43537,824.7663897559978,13.746106495933297,0.0039215686274509
train/attack/digital_1/iphone15pro/chinese-NM-1092.jpg,chinese-NM-1092,digital_1,iphone15pro,dev_val,1772,2790,4943880,4.94388,135.29645964900192,2.254940994150032,0.0039215686274509
train/attack/digital_1/scan/chinese-NM-1092.jpg,chinese-NM-1092,digital_1,scan,dev_val,1244,1997,2484268,2.484268,32.341148592000536,0.539019143200009,0.0039215686274509
train/attack/digital_2/huawei/chinese-NM-1092.jpg,chinese-NM-1092,digital_2,huawei,dev_val,1985,3242,6435370,6.43537,822.4843248090001,13.708072080150002,0.0039215686274509
train/attack/digital_2/iphone15pro/chinese-NM-1092.jpg,chinese-NM-1092,digital_2,iphone15pro,dev_val,1772,2790,4943880,4.94388,136.09046761300124,2.268174460216687,0.0039215686274509
train/attack/digital_2/scan/chinese-NM-1092.jpg,chinese-NM-1092,digital_2,scan,dev_val,1244,1997,2484268,2.484268,34.51772521500243,0.5752954202500404,0.0039215686274509
train/attack/digital_1/huawei/french-019_03.jpg,french-019_03,digital_1,huawei,dev_val,1978,3225,6379050,6.37905,784.6586986129987,13.077644976883311,0.0039215686274509
train/attack/digital_1/iphone15pro/french-019_03.jpg,french-019_03,digital_1,iphone15pro,dev_val,1765,2783,4911995,4.911995,117.37231219200112,1.9562052032000186,0.0039215686274509
train/attack/digital_1/scan/french-019_03.jpg,french-019_03,digital_1,scan,dev_val,1244,1996,2483024,2.483024,33.602090650998434,0.5600348441833073,0.0039215686274509
train/attack/digital_2/huawei/french-019_03.jpg,french-019_03,digital_2,huawei,dev_val,1978,3225,6379050,6.37905,796.9631393039999,13.2827189884,0.0039215686274509
train/attack/digital_2/iphone15pro/french-019_03.jpg,french-019_03,digital_2,iphone15pro,dev_val,1765,2783,4911995,4.911995,121.38526108800215,2.023087684800036,0.0039215686274509
train/attack/digital_1/huawei/french-114_03.jpg,french-114_03,digital_1,huawei,dev_val,1977,3200,6326400,6.3264,588.8714436980008,9.814524061633346,0.0039215686274509
train/attack/digital_1/iphone15pro/french-114_03.jpg,french-114_03,digital_1,iphone15pro,dev_val,1781,2803,4992143,4.992143,151.55571660799978,2.5259286101333296,0.0039215686274509
train/attack/digital_1/scan/french-114_03.jpg,french-114_03,digital_1,scan,dev_val,1250,1995,2493750,2.49375,32.8479497139997,0.5474658285666616,0.0039215686274509
train/attack/digital_2/huawei/french-114_03.jpg,french-114_03,digital_2,huawei,dev_val,1977,3200,6326400,6.3264,621.7059148350017,10.361765247250029,0.0029411764705882
train/attack/digital_2/iphone15pro/french-114_03.jpg,french-114_03,digital_2,iphone15pro,dev_val,1781,2803,4992143,4.992143,151.9405390339998,2.53234231723333,0.0039215686274509
train/attack/digital_2/scan/french-114_03.jpg,french-114_03,digital_2,scan,dev_val,1250,1995,2493750,2.49375,33.52229865700065,0.5587049776166775,0.0039215686274509
train/attack/digital_1/huawei/french-124_03.jpg,french-124_03,digital_1,huawei,dev_val,1968,3196,6289728,6.289728,553.0418679780014,9.217364466300022,0.0039215686274509
train/attack/digital_1/iphone15pro/french-124_03.jpg,french-124_03,digital_1,iphone15pro,dev_val,1768,2789,4930952,4.930952,133.4758757210002,2.2245979286833366,0.0039215686274509
train/attack/digital_1/scan/french-124_03.jpg,french-124_03,digital_1,scan,dev_val,1249,1996,2493004,2.493004,32.50276782599758,0.5417127970999597,0.0039215686274509
train/attack/digital_2/huawei/french-124_03.jpg,french-124_03,digital_2,huawei,dev_val,1968,3196,6289728,6.289728,987.9320692390029,16.465534487316713,0.0039215686274509
train/attack/digital_2/iphone15pro/french-124_03.jpg,french-124_03,digital_2,iphone15pro,dev_val,1768,2789,4930952,4.930952,136.68585434600027,2.278097572433338,0.0039215686274509
train/attack/digital_2/scan/french-124_03.jpg,french-124_03,digital_2,scan,dev_val,1249,1996,2493004,2.493004,33.453908882002,0.5575651480333667,0.0039215686274509
train/attack/digital_1/huawei/french-128_03.jpg,french-128_03,digital_1,huawei,dev_val,1972,3192,6294624,6.294624,604.6061757520001,10.076769595866669,0.0039215686274509
train/attack/digital_1/iphone15pro/french-128_03.jpg,french-128_03,digital_1,iphone15pro,dev_val,1785,2804,5005140,5.00514,152.34120317499764,2.5390200529166274,0.0039215686274509
train/attack/digital_1/scan/french-128_03.jpg,french-128_03,digital_1,scan,dev_val,1247,1994,2486518,2.486518,33.950502943000174,0.5658417157166695,0.0039215686274509
train/attack/digital_2/huawei/french-128_03.jpg,french-128_03,digital_2,huawei,dev_val,1972,3192,6294624,6.294624,639.9848926769992,10.666414877949986,0.0039215686274509
train/attack/digital_2/iphone15pro/french-128_03.jpg,french-128_03,digital_2,iphone15pro,dev_val,1785,2804,5005140,5.00514,153.77439707099984,2.5629066178499973,0.0039215686274509
train/attack/digital_2/scan/french-128_03.jpg,french-128_03,digital_2,scan,dev_val,1247,1994,2486518,2.486518,34.32747276000009,0.5721245460000015,0.0039215686274509
train/attack/digital_1/huawei/french-NF-1047.jpg,french-NF-1047,digital_1,huawei,dev_val,1968,3204,6305472,6.305472,609.5564796639992,10.159274661066654,0.0039215686274509
train/attack/digital_1/iphone15pro/french-NF-1047.jpg,french-NF-1047,digital_1,iphone15pro,dev_val,1781,2799,4985019,4.985019,160.75689618800243,2.679281603133374,0.0039215686274509
train/attack/digital_1/scan/french-NF-1047.jpg,french-NF-1047,digital_1,scan,dev_val,1247,1998,2491506,2.491506,36.04556593400048,0.6007594322333413,0.0039215686274509
train/attack/digital_2/huawei/french-NF-1047.jpg,french-NF-1047,digital_2,huawei,dev_val,1968,3204,6305472,6.305472,879.5670527789989,14.659450879649983,0.0039215686274509
train/attack/digital_2/scan/french-NF-1047.jpg,french-NF-1047,digital_2,scan,dev_val,1247,1998,2491506,2.491506,34.2735744720012,0.57122624120002,0.0039215686274509
train/attack/digital_1/huawei/french-NF-1082.jpg,french-NF-1082,digital_1,huawei,dev_val,1971,3207,6320997,6.320997,740.8321811219976,12.34720301869996,0.0039215686274509
train/attack/digital_1/iphone15pro/french-NF-1082.jpg,french-NF-1082,digital_1,iphone15pro,dev_val,1785,2801,4999785,4.999785,154.17020543000035,2.569503423833339,0.0039215686274509
train/attack/digital_1/scan/french-NF-1082.jpg,french-NF-1082,digital_1,scan,dev_val,1245,1994,2482530,2.48253,32.16346606499792,0.5360577677499653,0.0039215686274509
train/attack/digital_2/huawei/french-NF-1082.jpg,french-NF-1082,digital_2,huawei,dev_val,1971,3207,6320997,6.320997,816.7136298039986,13.611893830066643,0.0039215686274509
train/attack/digital_2/iphone15pro/french-NF-1082.jpg,french-NF-1082,digital_2,iphone15pro,dev_val,1785,2801,4999785,4.999785,155.52693623600135,2.592115603933356,0.0039215686274509
train/attack/digital_2/scan/french-NF-1082.jpg,french-NF-1082,digital_2,scan,dev_val,1245,1994,2482530,2.48253,33.62018938199981,0.5603364896999968,0.0039215686274509
train/attack/digital_1/huawei/indian-014_03.jpg,indian-014_03,digital_1,huawei,dev_val,2004,3223,6458892,6.458892,834.1595683489977,13.902659472483295,0.0039215686274509
train/attack/digital_1/iphone15pro/indian-014_03.jpg,indian-014_03,digital_1,iphone15pro,dev_val,1778,2798,4974844,4.974844,143.5583459469999,2.392639099116665,0.0039215686274509
train/attack/digital_1/scan/indian-014_03.jpg,indian-014_03,digital_1,scan,dev_val,1249,1997,2494253,2.494253,32.8588731580021,0.5476478859667017,0.0039215686274509
train/attack/digital_2/huawei/indian-014_03.jpg,indian-014_03,digital_2,huawei,dev_val,2004,3223,6458892,6.458892,839.5913535470027,13.993189225783377,0.0039215686274509
train/attack/digital_2/iphone15pro/indian-014_03.jpg,indian-014_03,digital_2,iphone15pro,dev_val,1778,2798,4974844,4.974844,143.1807908310002,2.386346513850003,0.0039215686274509
train/attack/digital_2/scan/indian-014_03.jpg,indian-014_03,digital_2,scan,dev_val,1249,1997,2494253,2.494253,33.33966452999812,0.5556610754999686,0.0039215686274509
train/attack/digital_1/huawei/indian-021_03.jpg,indian-021_03,digital_1,huawei,dev_val,1978,3215,6359270,6.35927,836.6538067969996,13.944230113283327,0.0039215686274509
train/attack/digital_1/iphone15pro/indian-021_03.jpg,indian-021_03,digital_1,iphone15pro,dev_val,1775,2798,4966450,4.96645,155.35658528000204,2.589276421333367,0.0039215686274509
train/attack/digital_1/scan/indian-021_03.jpg,indian-021_03,digital_1,scan,dev_val,1249,1992,2488008,2.488008,35.58833472100014,0.5931389120166689,0.0039215686274509
train/attack/digital_2/huawei/indian-021_03.jpg,indian-021_03,digital_2,huawei,dev_val,1978,3215,6359270,6.35927,876.3196029850005,14.605326716416675,0.0039215686274509
train/attack/digital_2/iphone15pro/indian-021_03.jpg,indian-021_03,digital_2,iphone15pro,dev_val,1775,2798,4966450,4.96645,142.3968021710025,2.373280036183375,0.0039215686274509
train/attack/digital_2/scan/indian-021_03.jpg,indian-021_03,digital_2,scan,dev_val,1249,1992,2488008,2.488008,33.4468501070005,0.5574475017833417,0.0029411764705882
train/attack/digital_1/huawei/indian-NF-1061.jpg,indian-NF-1061,digital_1,huawei,dev_val,1986,3213,6381018,6.381018,763.2189594970041,12.720315991616735,0.0039215686274509
train/attack/digital_1/iphone15pro/indian-NF-1061.jpg,indian-NF-1061,digital_1,iphone15pro,dev_val,1785,2796,4990860,4.99086,150.28100856800302,2.504683476133384,0.0039215686274509
train/attack/digital_1/scan/indian-NF-1061.jpg,indian-NF-1061,digital_1,scan,dev_val,1246,1995,2485770,2.48577,31.994227177005087,0.5332371196167515,0.0039215686274509
train/attack/digital_2/huawei/indian-NF-1061.jpg,indian-NF-1061,digital_2,huawei,dev_val,1986,3213,6381018,6.381018,861.9633494570007,14.366055824283345,0.0039215686274509
train/attack/digital_2/iphone15pro/indian-NF-1061.jpg,indian-NF-1061,digital_2,iphone15pro,dev_val,1785,2796,4990860,4.99086,149.03332973200304,2.4838888288667174,0.0039215686274509
train/attack/digital_2/scan/indian-NF-1061.jpg,indian-NF-1061,digital_2,scan,dev_val,1246,1995,2485770,2.48577,34.206167541997274,0.5701027923666212,0.0039215686274509
train/attack/digital_1/huawei/persian-144_03.jpg,persian-144_03,digital_1,huawei,dev_val,1890,3039,5743710,5.74371,469.6859759260042,7.8280995987667366,0.0039215686274509
train/attack/digital_1/iphone15pro/persian-144_03.jpg,persian-144_03,digital_1,iphone15pro,dev_val,1604,2632,4221728,4.221728,64.75892364599713,1.0793153940999523,0.0039215686274509
train/attack/digital_1/scan/persian-144_03.jpg,persian-144_03,digital_1,scan,dev_val,1248,1997,2492256,2.492256,33.914150876997155,0.5652358479499526,0.0039215686274509
train/attack/digital_2/huawei/persian-144_03.jpg,persian-144_03,digital_2,huawei,dev_val,1890,3039,5743710,5.74371,501.55981999500364,8.35933033325006,0.0039215686274509
train/attack/digital_2/iphone15pro/persian-144_03.jpg,persian-144_03,digital_2,iphone15pro,dev_val,1604,2632,4221728,4.221728,65.34668361600052,1.0891113936000087,0.0039215686274509
train/attack/digital_2/scan/persian-144_03.jpg,persian-144_03,digital_2,scan,dev_val,1248,1997,2492256,2.492256,32.75891810699977,0.5459819684499962,0.0039215686274509
train/attack/digital_1/huawei/persian-NF-1018.jpg,persian-NF-1018,digital_1,huawei,dev_val,1967,3194,6282598,6.282598,738.4537406050003,12.307562343416672,0.0039215686274509
train/attack/digital_1/iphone15pro/persian-NF-1018.jpg,persian-NF-1018,digital_1,iphone15pro,dev_val,1787,2806,5014322,5.014322,159.81805211499886,2.663634201916648,0.0039215686274509
train/attack/digital_1/scan/persian-NF-1018.jpg,persian-NF-1018,digital_1,scan,dev_val,1247,1998,2491506,2.491506,34.59142192100262,0.576523698683377,0.0039215686274509
train/attack/digital_2/huawei/persian-NF-1018.jpg,persian-NF-1018,digital_2,huawei,dev_val,1967,3194,6282598,6.282598,873.6084211039997,14.56014035173333,0.0039215686274509
train/attack/digital_2/iphone15pro/persian-NF-1018.jpg,persian-NF-1018,digital_2,iphone15pro,dev_val,1787,2806,5014322,5.014322,150.96920868400048,2.5161534780666748,0.0039215686274509
train/attack/digital_2/scan/persian-NF-1018.jpg,persian-NF-1018,digital_2,scan,dev_val,1247,1998,2491506,2.491506,31.705761668003106,0.5284293611333851,0.0039215686274509
train/attack/digital_1/huawei/persian-NF-1097.jpg,persian-NF-1097,digital_1,huawei,dev_val,1977,3214,6354078,6.354078,839.6994524699985,13.994990874499974,0.0039215686274509
train/attack/digital_1/iphone15pro/persian-NF-1097.jpg,persian-NF-1097,digital_1,iphone15pro,dev_val,1773,2800,4964400,4.9644,123.55572570399818,2.0592620950666363,0.0039215686274509
train/attack/digital_1/scan/persian-NF-1097.jpg,persian-NF-1097,digital_1,scan,dev_val,1246,1999,2490754,2.490754,32.30190732199844,0.5383651220333073,0.0039215686274509
train/attack/digital_2/huawei/persian-NF-1097.jpg,persian-NF-1097,digital_2,huawei,dev_val,1977,3214,6354078,6.354078,876.897395865999,14.61495659776665,0.0039215686274509
train/attack/digital_2/iphone15pro/persian-NF-1097.jpg,persian-NF-1097,digital_2,iphone15pro,dev_val,1773,2800,4964400,4.9644,125.72881737100397,2.095480289516733,0.0039215686274509
train/attack/digital_2/scan/persian-NF-1097.jpg,persian-NF-1097,digital_2,scan,dev_val,1246,1999,2490754,2.490754,32.3247430420015,0.5387457173666916,0.0039215686274509
train/attack/digital_1/huawei/persian-NM-1035.jpg,persian-NM-1035,digital_1,huawei,dev_val,1972,3192,6294624,6.294624,621.3543038060016,10.35590506343336,0.0039215686274509
train/attack/digital_1/iphone15pro/persian-NM-1035.jpg,persian-NM-1035,digital_1,iphone15pro,dev_val,1810,2843,5145830,5.14583,303.9839347779998,5.066398912966664,0.0039215686274509
train/attack/digital_1/scan/persian-NM-1035.jpg,persian-NM-1035,digital_1,scan,dev_val,1247,1994,2486518,2.486518,36.04583591600385,0.6007639319333975,0.0039215686274509
train/attack/digital_2/huawei/persian-NM-1035.jpg,persian-NM-1035,digital_2,huawei,dev_val,1972,3192,6294624,6.294624,734.1762084500006,12.236270140833343,0.0039215686274509
train/attack/digital_2/iphone15pro/persian-NM-1035.jpg,persian-NM-1035,digital_2,iphone15pro,dev_val,1810,2843,5145830,5.14583,317.42373534200306,5.290395589033384,0.0039215686274509
train/attack/digital_2/scan/persian-NM-1035.jpg,persian-NM-1035,digital_2,scan,dev_val,1247,1994,2486518,2.486518,37.273068796996085,0.6212178132832681,0.0039215686274509
train/attack/digital_1/huawei/portugal-013_03.jpg,portugal-013_03,digital_1,huawei,dev_val,1881,3032,5703192,5.703192,401.6586472819981,6.694310788033302,0.0039215686274509
train/attack/digital_1/iphone15pro/portugal-013_03.jpg,portugal-013_03,digital_1,iphone15pro,dev_val,1614,2641,4262574,4.262574,66.63432226499572,1.1105720377499286,0.0039215686274509
train/attack/digital_1/scan/portugal-013_03.jpg,portugal-013_03,digital_1,scan,dev_val,1244,1998,2485512,2.485512,32.12481846800074,0.5354136411333457,0.0039215686274509
train/attack/digital_2/huawei/portugal-013_03.jpg,portugal-013_03,digital_2,huawei,dev_val,1881,3032,5703192,5.703192,402.3576502989963,6.705960838316605,0.0039215686274509
train/attack/digital_2/iphone15pro/portugal-013_03.jpg,portugal-013_03,digital_2,iphone15pro,dev_val,1614,2641,4262574,4.262574,66.38288141399971,1.1063813568999952,0.0039215686274509
train/attack/digital_2/scan/portugal-013_03.jpg,portugal-013_03,digital_2,scan,dev_val,1244,1998,2485512,2.485512,32.52717396799562,0.5421195661332604,0.0039215686274509
train/attack/digital_1/huawei/portugal-017_03.jpg,portugal-017_03,digital_1,huawei,dev_val,1979,3209,6350611,6.350611,808.3061446829961,13.471769078049935,0.0039215686274509
train/attack/digital_1/iphone15pro/portugal-017_03.jpg,portugal-017_03,digital_1,iphone15pro,dev_val,1812,2855,5173260,5.17326,341.16839967000124,5.686139994500021,0.0039215686274509
train/attack/digital_1/scan/portugal-017_03.jpg,portugal-017_03,digital_1,scan,dev_val,1250,1992,2490000,2.49,32.15827826200257,0.5359713043667095,0.0039215686274509
train/attack/digital_2/huawei/portugal-017_03.jpg,portugal-017_03,digital_2,huawei,dev_val,1979,3209,6350611,6.350611,933.2782663580001,15.554637772633335,0.0039215686274509
train/attack/digital_2/iphone15pro/portugal-017_03.jpg,portugal-017_03,digital_2,iphone15pro,dev_val,1812,2855,5173260,5.17326,352.62554459700186,5.8770924099500315,0.0039215686274509
train/attack/digital_2/scan/portugal-017_03.jpg,portugal-017_03,digital_2,scan,dev_val,1250,1992,2490000,2.49,33.860454352994566,0.5643409058832428,0.0039215686274509
train/attack/digital_1/huawei/portugal-029_03.jpg,portugal-029_03,digital_1,huawei,dev_val,1970,3210,6323700,6.3237,851.7838701169967,14.196397835283278,0.0039215686274509
train/attack/digital_1/iphone15pro/portugal-029_03.jpg,portugal-029_03,digital_1,iphone15pro,dev_val,1795,2835,5088825,5.088825,295.386388525003,4.923106475416716,0.0039215686274509
train/attack/digital_1/scan/portugal-029_03.jpg,portugal-029_03,digital_1,scan,dev_val,1247,1992,2484024,2.484024,33.7563044760027,0.5626050746000449,0.0039215686274509
train/attack/digital_2/huawei/portugal-029_03.jpg,portugal-029_03,digital_2,huawei,dev_val,1970,3210,6323700,6.3237,849.7371374840004,14.16228562473334,0.0039215686274509
train/attack/digital_2/iphone15pro/portugal-029_03.jpg,portugal-029_03,digital_2,iphone15pro,dev_val,1795,2835,5088825,5.088825,332.4443100069984,5.540738500116641,0.0039215686274509
train/attack/digital_2/scan/portugal-029_03.jpg,portugal-029_03,digital_2,scan,dev_val,1247,1992,2484024,2.484024,34.14660587200342,0.5691100978667236,0.0039215686274509
train/attack/digital_1/huawei/portugal-119_03.jpg,portugal-119_03,digital_1,huawei,dev_val,1973,3213,6339249,6.339249,843.8033844829988,14.063389741383313,0.0039215686274509
train/attack/digital_1/iphone15pro/portugal-119_03.jpg,portugal-119_03,digital_1,iphone15pro,dev_val,1798,2861,5144078,5.144078,282.7144713460002,4.71190785576667,0.0039215686274509
train/attack/digital_1/scan/portugal-119_03.jpg,portugal-119_03,digital_1,scan,dev_val,1248,1992,2486016,2.486016,31.506488828003057,0.5251081471333843,0.0039215686274509
train/attack/digital_2/huawei/portugal-119_03.jpg,portugal-119_03,digital_2,huawei,dev_val,1973,3213,6339249,6.339249,813.6828788809944,13.56138131468324,0.0039215686274509
train/attack/digital_2/iphone15pro/portugal-119_03.jpg,portugal-119_03,digital_2,iphone15pro,dev_val,1798,2861,5144078,5.144078,266.93398609200085,4.448899768200014,0.0039215686274509
train/attack/digital_2/scan/portugal-119_03.jpg,portugal-119_03,digital_2,scan,dev_val,1248,1992,2486016,2.486016,32.32716358500329,0.5387860597500549,0.0039215686274509
train/attack/digital_1/huawei/portugal-NF-1060.jpg,portugal-NF-1060,digital_1,huawei,dev_val,1986,3205,6365130,6.36513,850.3804837329953,14.173008062216589,0.0039215686274509
train/attack/digital_1/iphone15pro/portugal-NF-1060.jpg,portugal-NF-1060,digital_1,iphone15pro,dev_val,1795,2867,5146265,5.146265,342.5133897920023,5.7085564965333715,0.0039215686274509
train/attack/digital_1/scan/portugal-NF-1060.jpg,portugal-NF-1060,digital_1,scan,dev_val,1248,1995,2489760,2.48976,33.89125378100289,0.5648542296833815,0.0039215686274509
train/attack/digital_2/huawei/portugal-NF-1060.jpg,portugal-NF-1060,digital_2,huawei,dev_val,1986,3205,6365130,6.36513,866.4081532429991,14.440135887383319,0.0039215686274509
train/attack/digital_2/iphone15pro/portugal-NF-1060.jpg,portugal-NF-1060,digital_2,iphone15pro,dev_val,1795,2867,5146265,5.146265,342.47975774000224,5.707995962333371,0.0039215686274509
train/attack/digital_2/scan/portugal-NF-1060.jpg,portugal-NF-1060,digital_2,scan,dev_val,1248,1995,2489760,2.48976,33.10139644800074,0.5516899408000123,0.0039215686274509
train/attack/digital_1/huawei/portugal-NF-1066.jpg,portugal-NF-1066,digital_1,huawei,dev_val,1887,3037,5730819,5.730819,461.6439141439987,7.694065235733311,0.0039215686274509
train/attack/digital_1/iphone15pro/portugal-NF-1066.jpg,portugal-NF-1066,digital_1,iphone15pro,dev_val,1613,2639,4256707,4.256707,66.56217464899964,1.1093695774833274,0.0039215686274509
train/attack/digital_1/scan/portugal-NF-1066.jpg,portugal-NF-1066,digital_1,scan,dev_val,1246,1995,2485770,2.48577,32.93786853399797,0.5489644755666329,0.0039215686274509
train/attack/digital_2/huawei/portugal-NF-1066.jpg,portugal-NF-1066,digital_2,huawei,dev_val,1887,3037,5730819,5.730819,468.5755655989997,7.809592759983328,0.0039215686274509
train/attack/digital_2/iphone15pro/portugal-NF-1066.jpg,portugal-NF-1066,digital_2,iphone15pro,dev_val,1613,2639,4256707,4.256707,65.35892785200122,1.0893154642000202,0.0039215686274509
train/attack/digital_2/scan/portugal-NF-1066.jpg,portugal-NF-1066,digital_2,scan,dev_val,1246,1995,2485770,2.48577,33.22801494799933,0.5538002491333222,0.0039215686274509
train/attack/digital_1/huawei/portugal-NF-1109.jpg,portugal-NF-1109,digital_1,huawei,dev_val,1981,3216,6370896,6.370896,834.7712493619983,13.912854156033307,0.0039215686274509
train/attack/digital_1/iphone15pro/portugal-NF-1109.jpg,portugal-NF-1109,digital_1,iphone15pro,dev_val,1810,2841,5142210,5.14221,326.7074042109962,5.445123403516603,0.0039215686274509
train/attack/digital_1/scan/portugal-NF-1109.jpg,portugal-NF-1109,digital_1,scan,dev_val,1250,1995,2493750,2.49375,40.95224287400197,0.6825373812333662,0.0039215686274509
train/attack/digital_2/huawei/portugal-NF-1109.jpg,portugal-NF-1109,digital_2,huawei,dev_val,1981,3216,6370896,6.370896,617.2286095350064,10.287143492250106,0.0039215686274509
train/attack/digital_2/iphone15pro/portugal-NF-1109.jpg,portugal-NF-1109,digital_2,iphone15pro,dev_val,1810,2841,5142210,5.14221,334.97418219599786,5.582903036599964,0.0039215686274509
train/attack/digital_2/scan/portugal-NF-1109.jpg,portugal-NF-1109,digital_2,scan,dev_val,1250,1995,2493750,2.49375,32.653528191003716,0.5442254698500619,0.0039215686274509
train/attack/digital_1/huawei/russian-062_03.jpg,russian-062_03,digital_1,huawei,dev_val,1973,3205,6323465,6.323465,821.8694401759931,13.697824002933219,0.0039215686274509
train/attack/digital_1/iphone15pro/russian-062_03.jpg,russian-062_03,digital_1,iphone15pro,dev_val,1803,2825,5093475,5.093475,257.23069335599575,4.2871782225999295,0.0039215686274509
train/attack/digital_1/scan/russian-062_03.jpg,russian-062_03,digital_1,scan,dev_val,1247,1995,2487765,2.487765,33.18029634200502,0.5530049390334171,0.0039215686274509
train/attack/digital_2/huawei/russian-062_03.jpg,russian-062_03,digital_2,huawei,dev_val,1973,3205,6323465,6.323465,800.9328441609978,13.34888073601663,0.0039215686274509
train/attack/digital_2/iphone15pro/russian-062_03.jpg,russian-062_03,digital_2,iphone15pro,dev_val,1803,2825,5093475,5.093475,262.5907531269986,4.376512552116643,0.0039215686274509
train/attack/digital_1/huawei/russian-132_03.jpg,russian-132_03,digital_1,huawei,dev_val,1980,3193,6322140,6.32214,776.2231236149964,12.937052060249941,0.0039215686274509
train/attack/digital_1/iphone15pro/russian-132_03.jpg,russian-132_03,digital_1,iphone15pro,dev_val,1797,2817,5062149,5.062149,215.88851139100007,3.598141856516668,0.0039215686274509
train/attack/digital_1/scan/russian-132_03.jpg,russian-132_03,digital_1,scan,dev_val,1247,1994,2486518,2.486518,33.57827041800192,0.559637840300032,0.0039215686274509
train/attack/digital_2/huawei/russian-132_03.jpg,russian-132_03,digital_2,huawei,dev_val,1980,3193,6322140,6.32214,727.2412735749967,12.120687892916612,0.0039215686274509
train/attack/digital_2/iphone15pro/russian-132_03.jpg,russian-132_03,digital_2,iphone15pro,dev_val,1797,2817,5062149,5.062149,232.1106110289984,3.86851018381664,0.0039215686274509
train/attack/digital_2/scan/russian-132_03.jpg,russian-132_03,digital_2,scan,dev_val,1247,1994,2486518,2.486518,32.512099594001484,0.5418683265666914,0.0039215686274509
train/attack/digital_1/huawei/russian-NF-1089.jpg,russian-NF-1089,digital_1,huawei,dev_val,2006,3234,6487404,6.487404,996.5415119220052,16.609025198700085,0.0029411764705882
train/attack/digital_1/iphone15pro/russian-NF-1089.jpg,russian-NF-1089,digital_1,iphone15pro,dev_val,1798,2828,5084744,5.084744,265.0898897980005,4.418164829966675,0.0039215686274509
train/attack/digital_1/scan/russian-NF-1089.jpg,russian-NF-1089,digital_1,scan,dev_val,1246,1992,2482032,2.482032,33.01359103999857,0.5502265173333095,0.0039215686274509
train/attack/digital_2/iphone15pro/russian-NF-1089.jpg,russian-NF-1089,digital_2,iphone15pro,dev_val,1798,2828,5084744,5.084744,266.2694755419943,4.437824592366572,0.0039215686274509
train/attack/digital_2/scan/russian-NF-1089.jpg,russian-NF-1089,digital_2,scan,dev_val,1246,1992,2482032,2.482032,32.02403978299844,0.5337339963833074,0.0039215686274509
train/attack/digital_1/huawei/russian-NF-1099.jpg,russian-NF-1099,digital_1,huawei,dev_val,1896,3046,5775216,5.775216,356.28595653999946,5.938099275666658,0.0039215686274509
train/attack/digital_1/iphone15pro/russian-NF-1099.jpg,russian-NF-1099,digital_1,iphone15pro,dev_val,1620,2636,4270320,4.27032,64.91210267900169,1.0818683779833616,0.0039215686274509
train/attack/digital_1/scan/russian-NF-1099.jpg,russian-NF-1099,digital_1,scan,dev_val,1250,1995,2493750,2.49375,32.96752206999372,0.549458701166562,0.0039215686274509
train/attack/digital_2/huawei/russian-NF-1099.jpg,russian-NF-1099,digital_2,huawei,dev_val,1896,3046,5775216,5.775216,365.74847330499324,6.095807888416554,0.0039215686274509
train/attack/digital_2/iphone15pro/russian-NF-1099.jpg,russian-NF-1099,digital_2,iphone15pro,dev_val,1620,2636,4270320,4.27032,66.65564396200352,1.1109273993667255,0.0039215686274509
train/attack/digital_2/scan/russian-NF-1099.jpg,russian-NF-1099,digital_2,scan,dev_val,1250,1995,2493750,2.49375,33.083271454997885,0.5513878575832981,0.0039215686274509
train/attack/digital_1/huawei/turkiye-032_03.jpg,turkiye-032_03,digital_1,huawei,dev_val,1979,3193,6318947,6.318947,820.1605106569987,13.669341844283311,0.0039215686274509
train/attack/digital_1/iphone15pro/turkiye-032_03.jpg,turkiye-032_03,digital_1,iphone15pro,dev_val,1794,2825,5068050,5.06805,209.75576186899707,3.4959293644832843,0.0039215686274509
train/attack/digital_1/scan/turkiye-032_03.jpg,turkiye-032_03,digital_1,scan,dev_val,1252,1998,2501496,2.501496,34.09706615799951,0.5682844359666585,0.0039215686274509
train/attack/digital_2/huawei/turkiye-032_03.jpg,turkiye-032_03,digital_2,huawei,dev_val,1979,3193,6318947,6.318947,825.0868478999982,13.751447464999972,0.0039215686274509
train/attack/digital_1/huawei/turkiye-101_03.jpg,turkiye-101_03,digital_1,huawei,dev_val,1982,3211,6364202,6.364202,1241.8078806080084,20.696798010133474,0.0039215686274509
train/attack/digital_1/iphone15pro/turkiye-101_03.jpg,turkiye-101_03,digital_1,iphone15pro,dev_val,1790,2818,5044220,5.04422,177.8320151349908,2.9638669189165134,0.0039215686274509
train/attack/digital_1/scan/turkiye-101_03.jpg,turkiye-101_03,digital_1,scan,dev_val,1252,1997,2500244,2.500244,32.32494975099689,0.5387491625166149,0.0039215686274509
train/attack/digital_2/huawei/turkiye-101_03.jpg,turkiye-101_03,digital_2,huawei,dev_val,1982,3211,6364202,6.364202,1108.1131558759953,18.468552597933254,0.0039215686274509
train/attack/digital_2/iphone15pro/turkiye-101_03.jpg,turkiye-101_03,digital_2,iphone15pro,dev_val,1790,2818,5044220,5.04422,175.0121481440001,2.916869135733335,0.0039215686274509
train/attack/digital_1/huawei/turkiye-104_03.jpg,turkiye-104_03,digital_1,huawei,dev_val,1981,3202,6343162,6.343162,899.6408357420005,14.994013929033342,0.0039215686274509
train/attack/digital_1/iphone15pro/turkiye-104_03.jpg,turkiye-104_03,digital_1,iphone15pro,dev_val,1787,2811,5023257,5.023257,166.05614058900392,2.7676023431500654,0.0039215686274509
train/attack/digital_1/scan/turkiye-104_03.jpg,turkiye-104_03,digital_1,scan,dev_val,1250,1997,2496250,2.49625,32.97953301400412,0.5496588835667353,0.0039215686274509
train/attack/digital_2/iphone15pro/turkiye-104_03.jpg,turkiye-104_03,digital_2,iphone15pro,dev_val,1787,2811,5023257,5.023257,172.38304201199207,2.873050700199868,0.0039215686274509
train/attack/digital_2/scan/turkiye-104_03.jpg,turkiye-104_03,digital_2,scan,dev_val,1250,1997,2496250,2.49625,32.588577318005264,0.5431429553000877,0.0039215686274509
train/attack/digital_1/huawei/turkiye-115_03.jpg,turkiye-115_03,digital_1,huawei,dev_val,2002,3242,6490484,6.490484,909.1207668959978,15.152012781599963,0.0039215686274509
train/attack/digital_1/iphone15pro/turkiye-115_03.jpg,turkiye-115_03,digital_1,iphone15pro,dev_val,1780,2807,4996460,4.99646,159.9352892379975,2.665588153966625,0.0039215686274509
train/attack/digital_1/scan/turkiye-115_03.jpg,turkiye-115_03,digital_1,scan,dev_val,1248,1998,2493504,2.493504,32.96236474899342,0.549372745816557,0.0039215686274509
train/attack/digital_2/huawei/turkiye-115_03.jpg,turkiye-115_03,digital_2,huawei,dev_val,2002,3242,6490484,6.490484,1034.6011072460096,17.243351787433493,0.0039215686274509
train/attack/digital_1/huawei/turkiye-NF-1002.jpg,turkiye-NF-1002,digital_1,huawei,dev_val,1970,3200,6304000,6.304,654.0140931829956,10.90023488638326,0.0039215686274509
train/attack/digital_1/iphone15pro/turkiye-NF-1002.jpg,turkiye-NF-1002,digital_1,iphone15pro,dev_val,1793,2815,5047295,5.047295,255.2512863999873,4.254188106666455,0.0039215686274509
train/attack/digital_1/scan/turkiye-NF-1002.jpg,turkiye-NF-1002,digital_1,scan,dev_val,1250,1993,2491250,2.49125,33.17092195399164,0.5528486992331939,0.0039215686274509
train/attack/digital_2/huawei/turkiye-NF-1002.jpg,turkiye-NF-1002,digital_2,huawei,dev_val,1970,3200,6304000,6.304,654.0627090490016,10.901045150816692,0.0039215686274509
train/attack/digital_2/iphone15pro/turkiye-NF-1002.jpg,turkiye-NF-1002,digital_2,iphone15pro,dev_val,1793,2815,5047295,5.047295,278.2495669459895,4.637492782433158,0.0039215686274509
train/attack/digital_2/scan/turkiye-NF-1002.jpg,turkiye-NF-1002,digital_2,scan,dev_val,1250,1993,2491250,2.49125,32.86309215199435,0.5477182025332392,0.0039215686274509
train/attack/digital_1/huawei/turkiye-NM-1055.jpg,turkiye-NM-1055,digital_1,huawei,dev_val,1988,3208,6377504,6.377504,836.0222426410037,13.933704044016729,0.0039215686274509
train/attack/digital_1/iphone15pro/turkiye-NM-1055.jpg,turkiye-NM-1055,digital_1,iphone15pro,dev_val,1799,2819,5071381,5.071381,220.11966449099418,3.668661074849903,0.0039215686274509
train/attack/digital_1/scan/turkiye-NM-1055.jpg,turkiye-NM-1055,digital_1,scan,dev_val,1249,1992,2488008,2.488008,33.10741826899175,0.5517903044831959,0.0039215686274509
train/attack/digital_2/huawei/turkiye-NM-1055.jpg,turkiye-NM-1055,digital_2,huawei,dev_val,1988,3208,6377504,6.377504,704.2509522080072,11.737515870133453,0.0039215686274509
train/attack/digital_2/iphone15pro/turkiye-NM-1055.jpg,turkiye-NM-1055,digital_2,iphone15pro,dev_val,1799,2819,5071381,5.071381,215.44392685798812,3.590732114299802,0.0039215686274509
train/attack/digital_2/scan/turkiye-NM-1055.jpg,turkiye-NM-1055,digital_2,scan,dev_val,1249,1992,2488008,2.488008,32.43117050100409,0.5405195083500681,0.0039215686274509
train/attack/digital_1/huawei/ukraine-025_03.jpg,ukraine-025_03,digital_1,huawei,dev_val,2002,3233,6472466,6.472466,1092.922469416997,18.215374490283285,0.0039215686274509
train/attack/digital_1/iphone15pro/ukraine-025_03.jpg,ukraine-025_03,digital_1,iphone15pro,dev_val,1791,2820,5050620,5.05062,254.03776790700795,4.233962798450133,0.0039215686274509
train/attack/digital_1/scan/ukraine-025_03.jpg,ukraine-025_03,digital_1,scan,dev_val,1251,1995,2495745,2.495745,33.26675819000229,0.5544459698333716,0.0039215686274509
train/attack/digital_2/huawei/ukraine-025_03.jpg,ukraine-025_03,digital_2,huawei,dev_val,2002,3233,6472466,6.472466,897.5389734380005,14.958982890633342,0.0039215686274509
train/attack/digital_2/scan/ukraine-025_03.jpg,ukraine-025_03,digital_2,scan,dev_val,1251,1995,2495745,2.495745,32.593070675997296,0.5432178445999549,0.0039215686274509
train/attack/digital_1/huawei/ukraine-NF-1068.jpg,ukraine-NF-1068,digital_1,huawei,dev_val,1980,3210,6355800,6.3558,1189.6853951710073,19.82808991951679,0.0039215686274509
train/attack/digital_1/iphone15pro/ukraine-NF-1068.jpg,ukraine-NF-1068,digital_1,iphone15pro,dev_val,1799,2828,5087572,5.087572,291.9010635119921,4.865017725199868,0.0039215686274509
train/attack/digital_1/scan/ukraine-NF-1068.jpg,ukraine-NF-1068,digital_1,scan,dev_val,1248,1996,2491008,2.491008,31.794647927003098,0.529910798783385,0.0039215686274509
train/attack/digital_2/huawei/ukraine-NF-1068.jpg,ukraine-NF-1068,digital_2,huawei,dev_val,1980,3210,6355800,6.3558,764.849702384,12.747495039733334,0.0039215686274509
train/attack/digital_2/scan/ukraine-NF-1068.jpg,ukraine-NF-1068,digital_2,scan,dev_val,1248,1996,2491008,2.491008,32.02676944799987,0.5337794907999978,0.0039215686274509
train/attack/digital_1/huawei/ukraine-NF-1073.jpg,ukraine-NF-1073,digital_1,huawei,dev_val,1962,3190,6258780,6.25878,1115.78018363,18.596336393833333,0.0039215686274509
train/attack/digital_1/iphone15pro/ukraine-NF-1073.jpg,ukraine-NF-1073,digital_1,iphone15pro,dev_val,1795,2821,5063695,5.063695,172.78214421099983,2.879702403516664,0.0039215686274509
train/attack/digital_1/scan/ukraine-NF-1073.jpg,ukraine-NF-1073,digital_1,scan,dev_val,1249,1996,2493004,2.493004,32.68678866500068,0.5447798110833446,0.0039215686274509
train/attack/digital_2/huawei/ukraine-NF-1073.jpg,ukraine-NF-1073,digital_2,huawei,dev_val,1962,3190,6258780,6.25878,1172.3902237460006,19.539837062433342,0.0039215686274509
train/attack/digital_2/iphone15pro/ukraine-NF-1073.jpg,ukraine-NF-1073,digital_2,iphone15pro,dev_val,1795,2821,5063695,5.063695,175.12734643800013,2.918789107300002,0.0039215686274509
train/attack/digital_2/scan/ukraine-NF-1073.jpg,ukraine-NF-1073,digital_2,scan,dev_val,1249,1996,2493004,2.493004,32.453878524000174,0.540897975400003,0.0039215686274509
train/attack/digital_1/huawei/ukraine-NF-1106.jpg,ukraine-NF-1106,digital_1,huawei,dev_val,1962,3199,6276438,6.276438,1633.457686353,27.224294772550003,0.0039215686274509
train/attack/digital_1/iphone15pro/ukraine-NF-1106.jpg,ukraine-NF-1106,digital_1,iphone15pro,dev_val,1776,2832,5029632,5.029632,139.38281854199977,2.323046975699996,0.0039215686274509
train/attack/digital_1/scan/ukraine-NF-1106.jpg,ukraine-NF-1106,digital_1,scan,dev_val,1247,1996,2489012,2.489012,32.2720534529999,0.5378675575499983,0.0039215686274509
train/attack/digital_2/huawei/ukraine-NF-1106.jpg,ukraine-NF-1106,digital_2,huawei,dev_val,1962,3199,6276438,6.276438,1366.6778116099995,22.777963526833325,0.0039215686274509
train/attack/digital_2/scan/ukraine-NF-1106.jpg,ukraine-NF-1106,digital_2,scan,dev_val,1247,1996,2489012,2.489012,36.412663963999876,0.6068777327333312,0.0039215686274509
train/attack/digital_1/huawei/usa-034_03.jpg,usa-034_03,digital_1,huawei,dev_val,1971,3199,6305229,6.305229,3150.359731054001,52.50599551756668,0.0039215686274509
train/attack/digital_1/iphone15pro/usa-034_03.jpg,usa-034_03,digital_1,iphone15pro,dev_val,1794,2810,5041140,5.04114,198.99739198299903,3.3166231997166506,0.0039215686274509
train/attack/digital_1/scan/usa-034_03.jpg,usa-034_03,digital_1,scan,dev_val,1250,1993,2491250,2.49125,32.23796127800051,0.5372993546333419,0.0039215686274509
train/attack/digital_2/huawei/usa-034_03.jpg,usa-034_03,digital_2,huawei,dev_val,1971,3199,6305229,6.305229,878.1844130169993,14.636406883616655,0.0039215686274509
train/attack/digital_2/iphone15pro/usa-034_03.jpg,usa-034_03,digital_2,iphone15pro,dev_val,1794,2810,5041140,5.04114,197.0325162779991,3.283875271299985,0.0039215686274509
train/attack/digital_2/scan/usa-034_03.jpg,usa-034_03,digital_2,scan,dev_val,1250,1993,2491250,2.49125,32.02648221100026,0.533774703516671,0.0029411764705882
train/attack/digital_1/huawei/usa-067_03.jpg,usa-067_03,digital_1,huawei,dev_val,1905,3047,5804535,5.804535,579.6335882179992,9.660559803633321,0.0039215686274509
train/attack/digital_1/iphone15pro/usa-067_03.jpg,usa-067_03,digital_1,iphone15pro,dev_val,1607,2633,4231231,4.231231,64.70680498000002,1.078446749666667,0.0039215686274509
train/attack/digital_1/scan/usa-067_03.jpg,usa-067_03,digital_1,scan,dev_val,1248,1997,2492256,2.492256,32.98064969299958,0.5496774948833263,0.0039215686274509
train/attack/digital_2/huawei/usa-067_03.jpg,usa-067_03,digital_2,huawei,dev_val,1905,3047,5804535,5.804535,568.2982532770002,9.47163755461667,0.0039215686274509
train/attack/digital_2/iphone15pro/usa-067_03.jpg,usa-067_03,digital_2,iphone15pro,dev_val,1607,2633,4231231,4.231231,64.88229490100093,1.081371581683349,0.0029411764705882
train/attack/digital_1/huawei/usa-NF-1036.jpg,usa-NF-1036,digital_1,huawei,dev_val,1988,3211,6383468,6.383468,790.9221457969998,13.182035763283329,0.0039215686274509
train/attack/digital_1/iphone15pro/usa-NF-1036.jpg,usa-NF-1036,digital_1,iphone15pro,dev_val,1800,2807,5052600,5.0526,169.65538484399985,2.8275897473999976,0.0039215686274509
train/attack/digital_1/scan/usa-NF-1036.jpg,usa-NF-1036,digital_1,scan,dev_val,1245,1999,2488755,2.488755,32.02291924899873,0.5337153208166455,0.0039215686274509
train/attack/digital_2/huawei/usa-NF-1036.jpg,usa-NF-1036,digital_2,huawei,dev_val,1988,3211,6383468,6.383468,1097.6202582390015,18.293670970650023,0.0039215686274509
train/attack/digital_2/iphone15pro/usa-NF-1036.jpg,usa-NF-1036,digital_2,iphone15pro,dev_val,1800,2807,5052600,5.0526,172.7724446079992,2.8795407434666536,0.0039215686274509
train/attack/digital_1/huawei/usa-NF-1065.jpg,usa-NF-1065,digital_1,huawei,dev_val,1893,3052,5777436,5.777436,482.27768295699934,8.037961382616656,0.0039215686274509
train/attack/digital_1/iphone15pro/usa-NF-1065.jpg,usa-NF-1065,digital_1,iphone15pro,dev_val,1611,2647,4264317,4.264317,65.91129786099918,1.098521631016653,0.0039215686274509
train/attack/digital_1/scan/usa-NF-1065.jpg,usa-NF-1065,digital_1,scan,dev_val,1248,1995,2489760,2.48976,33.32752160699965,0.5554586934499942,0.0039215686274509
train/attack/digital_2/huawei/usa-NF-1065.jpg,usa-NF-1065,digital_2,huawei,dev_val,1893,3052,5777436,5.777436,467.13185040700046,7.7855308401166745,0.0039215686274509
train/attack/digital_2/iphone15pro/usa-NF-1065.jpg,usa-NF-1065,digital_2,iphone15pro,dev_val,1611,2647,4264317,4.264317,65.95714615500037,1.0992857692500062,0.0039215686274509
train/attack/digital_1/huawei/usa-NF-1076.jpg,usa-NF-1076,digital_1,huawei,dev_val,1967,3202,6298334,6.298334,1005.8525216840001,16.764208694733334,0.0039215686274509
train/attack/digital_1/iphone15pro/usa-NF-1076.jpg,usa-NF-1076,digital_1,iphone15pro,dev_val,1808,2824,5105792,5.105792,251.9077810199999,4.198463016999998,0.0039215686274509
train/attack/digital_1/scan/usa-NF-1076.jpg,usa-NF-1076,digital_1,scan,dev_val,1252,1993,2495236,2.495236,32.25179762400012,0.537529960400002,0.0039215686274509
train/attack/digital_2/huawei/usa-NF-1076.jpg,usa-NF-1076,digital_2,huawei,dev_val,1967,3202,6298334,6.298334,1193.7640171509997,19.896066952516662,0.0039215686274509
train/attack/digital_2/iphone15pro/usa-NF-1076.jpg,usa-NF-1076,digital_2,iphone15pro,dev_val,1808,2824,5105792,5.105792,230.71534143500003,3.845255690583334,0.0039215686274509
train/attack/digital_2/scan/usa-NF-1076.jpg,usa-NF-1076,digital_2,scan,dev_val,1252,1993,2495236,2.495236,41.809263400995405,0.6968210566832568,0.0039215686274509
train/attack/digital_1/huawei/usa-NM-1038.jpg,usa-NM-1038,digital_1,huawei,dev_val,1883,3043,5729969,5.729969,585.3587669510016,9.75597944918336,0.0039215686274509
train/attack/digital_1/iphone15pro/usa-NM-1038.jpg,usa-NM-1038,digital_1,iphone15pro,dev_val,1617,2650,4285050,4.28505,76.54035864300022,1.2756726440500037,0.0039215686274509
train/attack/digital_1/scan/usa-NM-1038.jpg,usa-NM-1038,digital_1,scan,dev_val,1250,1993,2491250,2.49125,40.962367634001566,0.6827061272333594,0.0039215686274509
train/attack/digital_2/iphone15pro/usa-NM-1038.jpg,usa-NM-1038,digital_2,iphone15pro,dev_val,1617,2650,4285050,4.28505,75.54842882700177,1.2591404804500295,0.0039215686274509
train/attack/digital_2/scan/usa-NM-1038.jpg,usa-NM-1038,digital_2,scan,dev_val,1250,1993,2491250,2.49125,42.229719827002555,0.7038286637833759,0.0039215686274509
test/attack/digital_3/huawei/arabic-003_03.jpg,arabic-003_03,digital_3,huawei,official_test,1884,3023,5695332,5.695332,465.9947397140022,7.76657899523337,0.0029411764705882
test/attack/digital_3/huawei/arabic-01_0002_000-c7338db1_1.jpg,arabic-01_0002_000-c7338db1_1,digital_3,huawei,official_test,2013,3216,6473808,6.473808,771.1488763499983,12.852481272499972,0.0029411764705882
test/attack/digital_3/huawei/arabic-01_0076_000-fd5000df_1.jpg,arabic-01_0076_000-fd5000df_1,digital_3,huawei,official_test,1976,3208,6339008,6.339008,828.0774253920026,13.801290423200044,0.0039215686274509
test/attack/digital_3/huawei/arabic-01_0095_000-18471808_1.jpg,arabic-01_0095_000-18471808_1,digital_3,huawei,official_test,1971,3185,6277635,6.277635,824.787940773,13.746465679549999,0.0019607843137254
test/attack/digital_3/huawei/arabic-024_03.jpg,arabic-024_03,digital_3,huawei,official_test,1971,3211,6328881,6.328881,1393.4248479600064,23.22374746600011,0.0019607843137254
test/attack/digital_3/huawei/arabic-120_03.jpg,arabic-120_03,digital_3,huawei,official_test,1964,3181,6247484,6.247484,712.077432258,11.867957204300001,0.0029411764705882
test/attack/digital_3/huawei/arabic-131_03.jpg,arabic-131_03,digital_3,huawei,official_test,1963,3175,6232525,6.232525,921.4148229870043,15.356913716450071,0.0019607843137254
test/attack/digital_3/huawei/arabic-139_03.jpg,arabic-139_03,digital_3,huawei,official_test,1879,3034,5700886,5.700886,446.4875282389985,7.441458803983308,0.0039215686274509
test/attack/digital_3/huawei/arabic-173_03.jpg,arabic-173_03,digital_3,huawei,official_test,1986,3208,6371088,6.371088,612.9402931900004,10.215671553166674,0.0039215686274509
test/attack/digital_3/huawei/arabic-NF-1003.jpg,arabic-NF-1003,digital_3,huawei,official_test,1963,3190,6261970,6.26197,790.2063357739999,13.17010559623333,0.0019607843137254
test/attack/digital_3/huawei/arabic-NF-1037.jpg,arabic-NF-1037,digital_3,huawei,official_test,1889,3033,5729337,5.729337,460.54325398199944,7.675720899699991,0.0019607843137254
test/attack/digital_3/huawei/arabic-NF-1045.jpg,arabic-NF-1045,digital_3,huawei,official_test,1977,3183,6292791,6.292791,1319.9548497979995,21.999247496633323,0.0039215686274509
test/attack/digital_3/huawei/arabic-NF-1048.jpg,arabic-NF-1048,digital_3,huawei,official_test,1891,3045,5758095,5.758095,562.5825632290071,9.376376053816784,0.0019607843137254
test/attack/digital_3/huawei/arabic-NF-1049.jpg,arabic-NF-1049,digital_3,huawei,official_test,1964,3184,6253376,6.253376,923.3634702980016,15.38939117163336,0.0019607843137254
test/attack/digital_3/huawei/arabic-NF-1098.jpg,arabic-NF-1098,digital_3,huawei,official_test,1894,3037,5752078,5.752078,594.9696123920003,9.916160206533338,0.0039215686274509
test/attack/digital_3/huawei/arabic-NF-1100.jpg,arabic-NF-1100,digital_3,huawei,official_test,1972,3192,6294624,6.294624,711.6947479029914,11.861579131716523,0.0039215686274509
test/attack/digital_3/huawei/arabic-NM-1090.jpg,arabic-NM-1090,digital_3,huawei,official_test,1973,3189,6291897,6.291897,958.504205917,15.975070098616667,0.0019607843137254
test/attack/digital_3/huawei/chinese-01_0003_000-98e8eaef_0.jpg,chinese-01_0003_000-98e8eaef_0,digital_3,huawei,official_test,1956,3179,6218124,6.218124,690.5712433879999,11.509520723133331,0.0039215686274509
test/attack/digital_3/huawei/chinese-01_0012_000-48c56e4b_0.jpg,chinese-01_0012_000-48c56e4b_0,digital_3,huawei,official_test,1963,3190,6261970,6.26197,1909.7447018030002,31.82907836338334,0.0039215686274509
test/attack/digital_3/huawei/chinese-01_0019_000-06d51424_0.jpg,chinese-01_0019_000-06d51424_0,digital_3,huawei,official_test,1967,3191,6276697,6.276697,1036.3046311950002,17.271743853250005,0.0019607843137254
test/attack/digital_3/huawei/chinese-01_0028_000-611e103a_0.jpg,chinese-01_0028_000-611e103a_0,digital_3,huawei,official_test,1970,3192,6288240,6.28824,2135.477218983,35.591286983050004,0.0039215686274509
test/attack/digital_3/huawei/chinese-01_0034_000-9b26d58c_0.jpg,chinese-01_0034_000-9b26d58c_0,digital_3,huawei,official_test,1890,3037,5739930,5.73993,461.6745369140044,7.694575615233407,0.0039215686274509
test/attack/digital_3/huawei/chinese-01_0084_000-ba83f345_1.jpg,chinese-01_0084_000-ba83f345_1,digital_3,huawei,official_test,1964,3180,6245520,6.24552,594.5539145539988,9.909231909233313,0.0039215686274509
test/attack/digital_3/huawei/chinese-01_0086_000-5a7ac9e6_1.jpg,chinese-01_0086_000-5a7ac9e6_1,digital_3,huawei,official_test,1969,3190,6281110,6.28111,1448.4382881640013,24.140638136066688,0.0039215686274509
test/attack/digital_3/huawei/chinese-039_03.jpg,chinese-039_03,digital_3,huawei,official_test,1968,3190,6277920,6.27792,627.0546006539953,10.450910010899921,0.0039215686274509
test/attack/digital_3/huawei/chinese-064_03.jpg,chinese-064_03,digital_3,huawei,official_test,1971,3225,6356475,6.356475,749.5017494109998,12.491695823516663,0.0039215686274509
test/attack/digital_3/huawei/chinese-081_03.jpg,chinese-081_03,digital_3,huawei,official_test,1967,3214,6321938,6.321938,1055.3841505260002,17.589735842100005,0.0039215686274509
test/attack/digital_3/huawei/chinese-099_03.jpg,chinese-099_03,digital_3,huawei,official_test,1959,3197,6262923,6.262923,793.8551902370091,13.230919837283485,0.0039215686274509
test/attack/digital_3/huawei/chinese-102_03.jpg,chinese-102_03,digital_3,huawei,official_test,1974,3196,6308904,6.308904,894.5451314059974,14.909085523433289,0.0039215686274509
test/attack/digital_3/huawei/chinese-107_03.jpg,chinese-107_03,digital_3,huawei,official_test,1999,3213,6422787,6.422787,781.6769209330014,13.02794868221669,0.0019607843137254
test/attack/digital_3/huawei/chinese-113_03.jpg,chinese-113_03,digital_3,huawei,official_test,1973,3178,6270194,6.270194,790.2767116750001,13.171278527916668,0.0039215686274509
test/attack/digital_3/huawei/chinese-142_03.jpg,chinese-142_03,digital_3,huawei,official_test,1967,3195,6284565,6.284565,809.831233489007,13.497187224816782,0.0039215686274509
test/attack/digital_3/huawei/chinese-NF-1023.jpg,chinese-NF-1023,digital_3,huawei,official_test,1980,3199,6334020,6.33402,1873.0106743680008,31.216844572800014,0.0039215686274509
test/attack/digital_3/huawei/chinese-NF-1050.jpg,chinese-NF-1050,digital_3,huawei,official_test,1968,3198,6293664,6.293664,825.9256247180001,13.765427078633335,0.0019607843137254
test/attack/digital_3/huawei/chinese-NF-1059.jpg,chinese-NF-1059,digital_3,huawei,official_test,1886,3030,5714580,5.71458,559.6972267969995,9.328287113283325,0.0039215686274509
test/attack/digital_3/huawei/chinese-NF-1085.jpg,chinese-NF-1085,digital_3,huawei,official_test,1985,3222,6395670,6.39567,1187.717668038007,19.795294467300117,0.0019607843137254
test/attack/digital_3/huawei/chinese-NF-1088.jpg,chinese-NF-1088,digital_3,huawei,official_test,1884,3036,5719824,5.719824,348.12464267500036,5.802077377916673,0.0039215686274509
test/attack/digital_3/huawei/chinese-NF-1101.jpg,chinese-NF-1101,digital_3,huawei,official_test,1881,3030,5699430,5.69943,512.7002187760081,8.545003646266801,0.0039215686274509
test/attack/digital_3/huawei/chinese-NM-1092.jpg,chinese-NM-1092,digital_3,huawei,official_test,1985,3242,6435370,6.43537,821.4819477830006,13.691365796383343,0.0019607843137254
test/attack/digital_3/huawei/french-019_03.jpg,french-019_03,digital_3,huawei,official_test,1978,3225,6379050,6.37905,844.7740545549987,14.079567575916645,0.0039215686274509
test/attack/digital_3/huawei/french-01_0006_000-f9f1aca7_0.jpg,french-01_0006_000-f9f1aca7_0,digital_3,huawei,official_test,1972,3204,6318288,6.318288,933.0103960050037,15.550173266750061,0.0019607843137254
test/attack/digital_3/huawei/french-01_0029_000-d00491e2_1.jpg,french-01_0029_000-d00491e2_1,digital_3,huawei,official_test,1988,3208,6377504,6.377504,694.7267906780016,11.578779844633361,0.0019607843137254
test/attack/digital_3/huawei/french-01_0070_000-a4a25cda_0.jpg,french-01_0070_000-a4a25cda_0,digital_3,huawei,official_test,2006,3228,6475368,6.475368,853.7544463980012,14.229240773300019,0.0039215686274509
test/attack/digital_3/huawei/french-033_03.jpg,french-033_03,digital_3,huawei,official_test,1983,3208,6361464,6.361464,713.0962942189999,11.884938236983333,0.0039215686274509
test/attack/digital_3/huawei/french-044_03.jpg,french-044_03,digital_3,huawei,official_test,1980,3221,6377580,6.37758,822.0157537060004,13.700262561766673,0.0039215686274509
test/attack/digital_3/huawei/french-068_03.jpg,french-068_03,digital_3,huawei,official_test,1980,3194,6324120,6.32412,1275.189392966,21.253156549433335,0.0019607843137254
test/attack/digital_3/huawei/french-090_03.jpg,french-090_03,digital_3,huawei,official_test,1885,3027,5705895,5.705895,528.1935338469993,8.803225564116655,0.0019607843137254
test/attack/digital_3/huawei/french-097_03.jpg,french-097_03,digital_3,huawei,official_test,1999,3229,6454771,6.454771,807.251900123003,13.454198335383383,0.0019607843137254
test/attack/digital_3/huawei/french-100_03.jpg,french-100_03,digital_3,huawei,official_test,1974,3197,6310878,6.310878,1468.1272124949974,24.468786874916624,0.0039215686274509
test/attack/digital_3/huawei/french-114_03.jpg,french-114_03,digital_3,huawei,official_test,1977,3200,6326400,6.3264,2174.76854447,36.24614240783333,0.0019607843137254
test/attack/digital_3/huawei/french-118_03.jpg,french-118_03,digital_3,huawei,official_test,1975,3194,6308150,6.30815,804.9295180749978,13.41549196791663,0.0039215686274509
test/attack/digital_3/huawei/french-124_03.jpg,french-124_03,digital_3,huawei,official_test,1968,3196,6289728,6.289728,1303.8259618250013,21.730432697083355,0.0019607843137254
test/attack/digital_3/huawei/french-128_03.jpg,french-128_03,digital_3,huawei,official_test,1972,3192,6294624,6.294624,715.7765716039976,11.929609526733293,0.0039215686274509
test/attack/digital_3/huawei/french-135_03.jpg,french-135_03,digital_3,huawei,official_test,1969,3215,6330335,6.330335,1187.3512753019968,19.789187921699945,0.0019607843137254
test/attack/digital_3/huawei/french-NF-1020.jpg,french-NF-1020,digital_3,huawei,official_test,1966,3197,6285302,6.285302,1955.6903834520017,32.59483972420003,0.0039215686274509
test/attack/digital_3/huawei/french-NF-1056.jpg,french-NF-1056,digital_3,huawei,official_test,1974,3200,6316800,6.3168,2611.0150489459993,43.51691748243332,0.0019607843137254
test/attack/digital_3/huawei/french-NF-1063.jpg,french-NF-1063,digital_3,huawei,official_test,1969,3207,6314583,6.314583,977.9774733909999,16.299624556516665,0.0019607843137254
test/attack/digital_3/huawei/french-NF-1082.jpg,french-NF-1082,digital_3,huawei,official_test,1971,3207,6320997,6.320997,2539.8338382420006,42.33056397070001,0.0019607843137254
test/attack/digital_3/huawei/french-NF-1095.jpg,french-NF-1095,digital_3,huawei,official_test,1882,3028,5698696,5.698696,559.4141070200003,9.323568450333338,0.0039215686274509
test/attack/digital_3/huawei/french-NF-1110.jpg,french-NF-1110,digital_3,huawei,official_test,1976,3207,6337032,6.337032,1708.769468710001,28.479491145166683,0.0019607843137254
test/attack/digital_3/huawei/french-NM-1070.jpg,french-NM-1070,digital_3,huawei,official_test,1963,3201,6283563,6.283563,1251.8151435159998,20.863585725266663,0.0039215686274509
test/attack/digital_3/huawei/indian-012_03.jpg,indian-012_03,digital_3,huawei,official_test,1973,3198,6309654,6.309654,1699.7550231200003,28.32925038533334,0.0029411764705882
test/attack/digital_3/huawei/indian-014_03.jpg,indian-014_03,digital_3,huawei,official_test,2004,3223,6458892,6.458892,824.7316122230004,13.74552687038334,0.0029411764705882
test/attack/digital_3/huawei/indian-01_0004_000-2423feb1_0.jpg,indian-01_0004_000-2423feb1_0,digital_3,huawei,official_test,1980,3220,6375600,6.3756,612.5390767259996,10.208984612099993,0.0019607843137254
test/attack/digital_3/huawei/indian-01_0005_000-59069fdd_1.jpg,indian-01_0005_000-59069fdd_1,digital_3,huawei,official_test,1972,3204,6318288,6.318288,703.5570597110018,11.725950995183362,0.0019607843137254
test/attack/digital_3/huawei/indian-01_0062_000-c236043f_0.jpg,indian-01_0062_000-c236043f_0,digital_3,huawei,official_test,1974,3197,6310878,6.310878,1344.1748171780055,22.402913619633424,0.0019607843137254
test/attack/digital_3/huawei/indian-01_0068_000-1b9539d8_0.jpg,indian-01_0068_000-1b9539d8_0,digital_3,huawei,official_test,1977,3207,6340239,6.340239,1448.5095294470011,24.14182549078335,0.0019607843137254
test/attack/digital_3/huawei/indian-01_0071_000-73870eac_1.jpg,indian-01_0071_000-73870eac_1,digital_3,huawei,official_test,1983,3211,6367413,6.367413,866.0088610099992,14.433481016833321,0.0019607843137254
test/attack/digital_3/huawei/indian-01_0087_000-7edaffe9_0.jpg,indian-01_0087_000-7edaffe9_0,digital_3,huawei,official_test,1973,3200,6313600,6.3136,832.8505554000003,13.880842590000006,0.0039215686274509
test/attack/digital_3/huawei/indian-01_0089_000-f38cdec4_1.jpg,indian-01_0089_000-f38cdec4_1,digital_3,huawei,official_test,1979,3203,6338737,6.338737,1127.5556493240001,18.792594155400003,0.0019607843137254
test/attack/digital_3/huawei/indian-021_03.jpg,indian-021_03,digital_3,huawei,official_test,1978,3215,6359270,6.35927,747.3026858789999,12.45504476465,0.0019607843137254
test/attack/digital_3/huawei/indian-037_03.jpg,indian-037_03,digital_3,huawei,official_test,1885,3036,5722860,5.72286,511.36293507400114,8.522715584566686,0.0039215686274509
test/attack/digital_3/huawei/indian-038_03.jpg,indian-038_03,digital_3,huawei,official_test,1980,3201,6337980,6.33798,723.7580481530022,12.06263413588337,0.0039215686274509
test/attack/digital_3/huawei/indian-094_03.jpg,indian-094_03,digital_3,huawei,official_test,1967,3184,6262928,6.262928,1768.5280185770025,29.475466976283375,0.0029411764705882
test/attack/digital_3/huawei/indian-108_03.jpg,indian-108_03,digital_3,huawei,official_test,1970,3193,6290210,6.29021,2318.2715186880014,38.637858644800026,0.0029411764705882
test/attack/digital_3/huawei/indian-NF-1006.jpg,indian-NF-1006,digital_3,huawei,official_test,1977,3207,6340239,6.340239,744.1668900009972,12.402781500016621,0.0019607843137254
test/attack/digital_3/huawei/indian-NF-1025.jpg,indian-NF-1025,digital_3,huawei,official_test,1890,3046,5756940,5.75694,523.2931144360009,8.721551907266681,0.0019607843137254
test/attack/digital_3/huawei/indian-NF-1039.jpg,indian-NF-1039,digital_3,huawei,official_test,1984,3217,6382528,6.382528,587.1935279059999,9.786558798433331,0.0029411764705882
test/attack/digital_3/huawei/indian-NF-1061.jpg,indian-NF-1061,digital_3,huawei,official_test,1986,3213,6381018,6.381018,746.1201396209999,12.435335660349999,0.0019607843137254
test/attack/digital_3/huawei/indian-NF-1075.jpg,indian-NF-1075,digital_3,huawei,official_test,1979,3203,6338737,6.338737,1035.0755517629877,17.251259196049794,0.0039215686274509
test/attack/digital_3/huawei/indian-NF-1096.jpg,indian-NF-1096,digital_3,huawei,official_test,1975,3215,6349625,6.349625,894.885402775,14.914756712916667,0.0019607843137254
test/attack/digital_3/huawei/persian-01_0064_000-daacc8f3_0.jpg,persian-01_0064_000-daacc8f3_0,digital_3,huawei,official_test,1994,3230,6440620,6.44062,827.9707615660009,13.799512692766681,0.0029411764705882
test/attack/digital_3/huawei/persian-01_0065_000-763dd95b_0.jpg,persian-01_0065_000-763dd95b_0,digital_3,huawei,official_test,1985,3210,6371850,6.37185,1084.5145056189995,18.075241760316658,0.0029411764705882
test/attack/digital_3/huawei/persian-01_0092_000-fad05fcd_1.jpg,persian-01_0092_000-fad05fcd_1,digital_3,huawei,official_test,2003,3228,6465684,6.465684,845.4279189279987,14.090465315466645,0.0019607843137254
test/attack/digital_3/huawei/persian-01_0096_000-75b0e83b_0.jpg,persian-01_0096_000-75b0e83b_0,digital_3,huawei,official_test,1976,3208,6339008,6.339008,1027.0001545709965,17.11666924284994,0.0019607843137254
test/attack/digital_3/huawei/persian-01_0200_000-78393150_0.jpg,persian-01_0200_000-78393150_0,digital_3,huawei,official_test,1981,3220,6378820,6.37882,692.0309752609992,11.533849587683319,0.0039215686274509
test/attack/digital_3/huawei/persian-045_03.jpg,persian-045_03,digital_3,huawei,official_test,1962,3194,6266628,6.266628,817.5605023520002,13.626008372533336,0.0039215686274509
test/attack/digital_3/huawei/persian-069_03.jpg,persian-069_03,digital_3,huawei,official_test,1980,3200,6336000,6.336,874.1139664669972,14.568566107783287,0.0039215686274509
test/attack/digital_3/huawei/persian-087_03.jpg,persian-087_03,digital_3,huawei,official_test,1976,3199,6321224,6.321224,2257.716395831,37.628606597183335,0.0039215686274509
test/attack/digital_3/huawei/persian-144_03.jpg,persian-144_03,digital_3,huawei,official_test,1890,3039,5743710,5.74371,537.3030692550019,8.955051154250032,0.0039215686274509
test/attack/digital_3/huawei/persian-NF-1034.jpg,persian-NF-1034,digital_3,huawei,official_test,1973,3200,6313600,6.3136,756.9044912470017,12.615074854116695,0.0019607843137254
test/attack/digital_3/huawei/persian-NF-1079.jpg,persian-NF-1079,digital_3,huawei,official_test,1980,3223,6381540,6.38154,716.5076034829981,11.941793391383301,0.0029411764705882
test/attack/digital_3/huawei/persian-NF-1097.jpg,persian-NF-1097,digital_3,huawei,official_test,1977,3214,6354078,6.354078,844.799397326,14.079989955433332,0.0039215686274509
test/attack/digital_3/huawei/persian-NM-1010.jpg,persian-NM-1010,digital_3,huawei,official_test,1965,3206,6299790,6.29979,1485.8977216389999,24.764962027316663,0.0019607843137254
test/attack/digital_3/huawei/persian-NM-1035.jpg,persian-NM-1035,digital_3,huawei,official_test,1972,3192,6294624,6.294624,2905.146593464,48.41910989106667,0.0019607843137254
test/attack/digital_3/huawei/persian-NM-1074.jpg,persian-NM-1074,digital_3,huawei,official_test,1972,3196,6302512,6.302512,973.6298229029999,16.227163715049997,0.0019607843137254
test/attack/digital_3/huawei/portugal-004_03.jpg,portugal-004_03,digital_3,huawei,official_test,1982,3201,6344382,6.344382,1368.8050690610003,22.813417817683337,0.0039215686274509
test/attack/digital_3/huawei/portugal-017_03.jpg,portugal-017_03,digital_3,huawei,official_test,1979,3209,6350611,6.350611,1204.2160909989998,20.070268183316664,0.0039215686274509
test/attack/digital_3/huawei/portugal-01_0014_000-6f7ea414_0.jpg,portugal-01_0014_000-6f7ea414_0,digital_3,huawei,official_test,1982,3215,6372130,6.37213,1796.947175014,29.949119583566667,0.0019607843137254
test/attack/digital_3/huawei/portugal-026_03.jpg,portugal-026_03,digital_3,huawei,official_test,1967,3195,6284565,6.284565,896.0441533060002,14.93406922176667,0.0039215686274509
test/attack/digital_3/huawei/portugal-029_03.jpg,portugal-029_03,digital_3,huawei,official_test,1970,3210,6323700,6.3237,1124.454183491005,18.740903058183417,0.0029411764705882
test/attack/digital_3/huawei/portugal-042_03.jpg,portugal-042_03,digital_3,huawei,official_test,1963,3206,6293378,6.293378,1743.0224701169973,29.050374501949953,0.0039215686274509
test/attack/digital_3/huawei/portugal-061_03.jpg,portugal-061_03,digital_3,huawei,official_test,1976,3192,6307392,6.307392,1374.8295646250008,22.913826077083346,0.0039215686274509
test/attack/digital_3/huawei/portugal-066_03.jpg,portugal-066_03,digital_3,huawei,official_test,2001,3225,6453225,6.453225,829.2996573459986,13.821660955766644,0.0019607843137254
test/attack/digital_3/huawei/portugal-070_03.jpg,portugal-070_03,digital_3,huawei,official_test,1886,3027,5708922,5.708922,527.1761873799987,8.786269789666646,0.0039215686274509
test/attack/digital_3/huawei/portugal-105_03.jpg,portugal-105_03,digital_3,huawei,official_test,1964,3200,6284800,6.2848,939.7973367960003,15.663288946600005,0.0039215686274509
test/attack/digital_3/huawei/portugal-119_03.jpg,portugal-119_03,digital_3,huawei,official_test,1973,3213,6339249,6.339249,2164.14749008,36.06912483466667,0.0029411764705882
test/attack/digital_3/huawei/portugal-125_03.jpg,portugal-125_03,digital_3,huawei,official_test,1879,3033,5699007,5.699007,548.2895121210004,9.138158535350007,0.0029411764705882
test/attack/digital_3/huawei/portugal-NF-1022.jpg,portugal-NF-1022,digital_3,huawei,official_test,1969,3193,6287017,6.287017,817.3280557240014,13.62213426206669,0.0019607843137254
test/attack/digital_3/huawei/portugal-NF-1024.jpg,portugal-NF-1024,digital_3,huawei,official_test,1976,3212,6346912,6.346912,1519.7222028669994,25.328703381116657,0.0019607843137254
test/attack/digital_3/huawei/portugal-NF-1060.jpg,portugal-NF-1060,digital_3,huawei,official_test,1986,3205,6365130,6.36513,819.2440838829998,13.654068064716663,0.0029411764705882
test/attack/digital_3/huawei/portugal-NF-1066.jpg,portugal-NF-1066,digital_3,huawei,official_test,1887,3037,5730819,5.730819,594.0819038190002,9.901365063650003,0.0039215686274509
test/attack/digital_3/huawei/portugal-NF-1105.jpg,portugal-NF-1105,digital_3,huawei,official_test,1993,3222,6421446,6.421446,964.8030568859976,16.08005094809996,0.0039215686274509
test/attack/digital_3/huawei/portugal-NF-1109.jpg,portugal-NF-1109,digital_3,huawei,official_test,1981,3216,6370896,6.370896,546.9971717629996,9.116619529383327,0.0039215686274509
test/attack/digital_3/huawei/portugal-NM-1102.jpg,portugal-NM-1102,digital_3,huawei,official_test,2004,3221,6454884,6.454884,1092.425328985999,18.207088816433316,0.0019607843137254
test/attack/digital_3/huawei/russian-002_03.jpg,russian-002_03,digital_3,huawei,official_test,1968,3189,6275952,6.275952,605.080596714999,10.08467661191665,0.0029411764705882
test/attack/digital_3/huawei/russian-01_0030_000-0bc18d73_0.jpg,russian-01_0030_000-0bc18d73_0,digital_3,huawei,official_test,1982,3202,6346364,6.346364,1021.147692771,17.01912821285,0.0039215686274509
test/attack/digital_3/huawei/russian-01_0201_000-2ea0ec28_0.jpg,russian-01_0201_000-2ea0ec28_0,digital_3,huawei,official_test,1974,3198,6312852,6.312852,1610.7661806830001,26.846103011383335,0.0039215686274509
test/attack/digital_3/huawei/russian-027_03.jpg,russian-027_03,digital_3,huawei,official_test,1981,3195,6329295,6.329295,982.2741685130022,16.37123614188337,0.0039215686274509
test/attack/digital_3/huawei/russian-062_03.jpg,russian-062_03,digital_3,huawei,official_test,1973,3205,6323465,6.323465,978.3264095129998,16.305440158549995,0.0029411764705882
test/attack/digital_3/huawei/russian-082_03.jpg,russian-082_03,digital_3,huawei,official_test,1983,3203,6351549,6.351549,887.1656936799991,14.786094894666652,0.0039215686274509
test/attack/digital_3/huawei/russian-123_03.jpg,russian-123_03,digital_3,huawei,official_test,1974,3213,6342462,6.342462,795.6793089100001,13.261321815166669,0.0019607843137254
test/attack/digital_3/huawei/russian-132_03.jpg,russian-132_03,digital_3,huawei,official_test,1980,3193,6322140,6.32214,1610.180210941,26.836336849016668,0.0039215686274509
test/attack/digital_3/huawei/russian-NF-1013.jpg,russian-NF-1013,digital_3,huawei,official_test,1970,3194,6292180,6.29218,867.1386858219994,14.452311430366656,0.0019607843137254
test/attack/digital_3/huawei/russian-NF-1028.jpg,russian-NF-1028,digital_3,huawei,official_test,1993,3226,6429418,6.429418,1012.6578762379977,16.877631270633294,0.0039215686274509
test/attack/digital_3/huawei/russian-NF-1069.jpg,russian-NF-1069,digital_3,huawei,official_test,1965,3205,6297825,6.297825,1994.1605583290002,33.236009305483336,0.0039215686274509
test/attack/digital_3/huawei/russian-NF-1089.jpg,russian-NF-1089,digital_3,huawei,official_test,2006,3234,6487404,6.487404,846.4867600459984,14.108112667433307,0.0039215686274509
test/attack/digital_3/huawei/russian-NM-1027.jpg,russian-NM-1027,digital_3,huawei,official_test,1981,3204,6347124,6.347124,1056.0466390939996,17.600777318233327,0.0019607843137254
test/attack/digital_3/huawei/turkiye-008_03.jpg,turkiye-008_03,digital_3,huawei,official_test,1967,3189,6272763,6.272763,779.3754467459949,12.989590779099915,0.0019607843137254
test/attack/digital_3/huawei/turkiye-01_0035_000-d4764bf3_0.jpg,turkiye-01_0035_000-d4764bf3_0,digital_3,huawei,official_test,1982,3209,6360238,6.360238,854.9426744029997,14.249044573383328,0.0019607843137254
test/attack/digital_3/huawei/turkiye-01_0081_000-e5c4342a_1.jpg,turkiye-01_0081_000-e5c4342a_1,digital_3,huawei,official_test,1970,3194,6292180,6.29218,2990.093017722,49.8348836287,0.0019607843137254
test/attack/digital_3/huawei/turkiye-01_0085_000-65296866_0.jpg,turkiye-01_0085_000-65296866_0,digital_3,huawei,official_test,1972,3214,6338008,6.338008,837.2651515450052,13.954419192416754,0.0019607843137254
test/attack/digital_3/huawei/turkiye-01_0088_000-3739c168_0.jpg,turkiye-01_0088_000-3739c168_0,digital_3,huawei,official_test,1977,3193,6312561,6.312561,3523.517731074,58.7252955179,0.0019607843137254
test/attack/digital_3/huawei/turkiye-01_0090_000-6238b878_0.jpg,turkiye-01_0090_000-6238b878_0,digital_3,huawei,official_test,1977,3200,6326400,6.3264,863.7395691750003,14.395659486250004,0.0039215686274509
test/attack/digital_3/huawei/turkiye-01_0093_000-330a7661_0.jpg,turkiye-01_0093_000-330a7661_0,digital_3,huawei,official_test,1885,3045,5739825,5.739825,562.8593511569925,9.380989185949876,0.0019607843137254
test/attack/digital_3/huawei/turkiye-031_03.jpg,turkiye-031_03,digital_3,huawei,official_test,1974,3197,6310878,6.310878,860.3430344879998,14.339050574799996,0.0019607843137254
test/attack/digital_3/huawei/turkiye-032_03.jpg,turkiye-032_03,digital_3,huawei,official_test,1979,3193,6318947,6.318947,998.4607979950015,16.64101329991669,0.0019607843137254
test/attack/digital_3/huawei/turkiye-036_03.jpg,turkiye-036_03,digital_3,huawei,official_test,1967,3203,6300301,6.300301,1042.558518679,17.375975311316665,0.0019607843137254
test/attack/digital_3/huawei/turkiye-041_03.jpg,turkiye-041_03,digital_3,huawei,official_test,1980,3196,6328080,6.32808,732.0314227509989,12.200523712516649,0.0039215686274509
test/attack/digital_3/huawei/turkiye-086_03.jpg,turkiye-086_03,digital_3,huawei,official_test,1976,3211,6344936,6.344936,1446.7725467139999,24.112875778566664,0.0039215686274509
test/attack/digital_3/huawei/turkiye-092_03.jpg,turkiye-092_03,digital_3,huawei,official_test,1889,3027,5718003,5.718003,518.8188944680005,8.646981574466675,0.0039215686274509
test/attack/digital_3/huawei/turkiye-101_03.jpg,turkiye-101_03,digital_3,huawei,official_test,1982,3211,6364202,6.364202,766.7684416400007,12.779474027333345,0.0019607843137254
test/attack/digital_3/huawei/turkiye-104_03.jpg,turkiye-104_03,digital_3,huawei,official_test,1981,3202,6343162,6.343162,800.1447724459995,13.335746207433324,0.0019607843137254
test/attack/digital_3/huawei/turkiye-115_03.jpg,turkiye-115_03,digital_3,huawei,official_test,2002,3242,6490484,6.490484,874.6758234430017,14.577930390716695,0.0039215686274509
test/attack/digital_3/huawei/turkiye-121_03.jpg,turkiye-121_03,digital_3,huawei,official_test,1897,3042,5770674,5.770674,476.740768983007,7.9456794830501165,0.0039215686274509
test/attack/digital_3/huawei/turkiye-126_03.jpg,turkiye-126_03,digital_3,huawei,official_test,1975,3217,6353575,6.353575,800.2865690529998,13.338109484216663,0.0039215686274509
test/attack/digital_3/huawei/turkiye-127_03.jpg,turkiye-127_03,digital_3,huawei,official_test,1986,3209,6373074,6.373074,785.5829426910022,13.093049044850037,0.0019607843137254
test/attack/digital_3/huawei/turkiye-NF-1008.jpg,turkiye-NF-1008,digital_3,huawei,official_test,1899,3047,5786253,5.786253,532.9966482260006,8.883277470433343,0.0039215686274509
test/attack/digital_3/huawei/turkiye-NF-1103.jpg,turkiye-NF-1103,digital_3,huawei,official_test,1964,3183,6251412,6.251412,719.8380912719877,11.997301521199795,0.0039215686274509
test/attack/digital_3/huawei/turkiye-NM-1011.jpg,turkiye-NM-1011,digital_3,huawei,official_test,1894,3049,5774806,5.774806,577.9550189110014,9.63258364851669,0.0019607843137254
test/attack/digital_3/huawei/turkiye-NM-1019.jpg,turkiye-NM-1019,digital_3,huawei,official_test,1883,3035,5714905,5.714905,537.4207653570011,8.957012755950018,0.0019607843137254
test/attack/digital_3/huawei/turkiye-NM-1033.jpg,turkiye-NM-1033,digital_3,huawei,official_test,1977,3206,6338262,6.338262,886.0917695320022,14.768196158866704,0.0039215686274509
test/attack/digital_3/huawei/turkiye-NM-1055.jpg,turkiye-NM-1055,digital_3,huawei,official_test,1988,3208,6377504,6.377504,609.1364728490007,10.152274547483346,0.0019607843137254
test/attack/digital_3/huawei/ukraine-006_03.jpg,ukraine-006_03,digital_3,huawei,official_test,1987,3199,6356413,6.356413,745.921640935001,12.432027348916684,0.0039215686274509
test/attack/digital_3/huawei/ukraine-007_03.jpg,ukraine-007_03,digital_3,huawei,official_test,1967,3226,6345542,6.345542,797.5772877069994,13.292954795116657,0.0039215686274509
test/attack/digital_3/huawei/ukraine-01_0018_000-aad4322e_0.jpg,ukraine-01_0018_000-aad4322e_0,digital_3,huawei,official_test,1969,3189,6279141,6.279141,904.7388733569969,15.078981222616616,0.0019607843137254
test/attack/digital_3/huawei/ukraine-01_0073_000-d23bdbae_1.jpg,ukraine-01_0073_000-d23bdbae_1,digital_3,huawei,official_test,1977,3211,6348147,6.348147,947.2570890110001,15.787618150183334,0.0019607843137254
test/attack/digital_3/huawei/ukraine-01_0077_000-a3228552_1.jpg,ukraine-01_0077_000-a3228552_1,digital_3,huawei,official_test,1974,3193,6302982,6.302982,1681.2237174349975,28.02039529058329,0.0039215686274509
test/attack/digital_3/huawei/ukraine-01_0083_000-21b44038_0.jpg,ukraine-01_0083_000-21b44038_0,digital_3,huawei,official_test,1980,3203,6341940,6.34194,690.0549449579994,11.50091574929999,0.0039215686274509
test/attack/digital_3/huawei/ukraine-025_03.jpg,ukraine-025_03,digital_3,huawei,official_test,2002,3233,6472466,6.472466,1121.3442958010019,18.689071596683366,0.0029411764705882
test/attack/digital_3/huawei/ukraine-NF-1005.jpg,ukraine-NF-1005,digital_3,huawei,official_test,1976,3212,6346912,6.346912,578.630767269,9.64384612115,0.0039215686274509
test/attack/digital_3/huawei/ukraine-NF-1015.jpg,ukraine-NF-1015,digital_3,huawei,official_test,1986,3209,6373074,6.373074,822.5322887460006,13.70887147910001,0.0039215686274509
test/attack/digital_3/huawei/ukraine-NF-1021.jpg,ukraine-NF-1021,digital_3,huawei,official_test,1977,3215,6356055,6.356055,792.4105679839995,13.206842799733325,0.0019607843137254
test/attack/digital_3/huawei/ukraine-NF-1068.jpg,ukraine-NF-1068,digital_3,huawei,official_test,1980,3210,6355800,6.3558,1015.6407438530005,16.927345730883342,0.0039215686274509
test/attack/digital_3/huawei/ukraine-NF-1073.jpg,ukraine-NF-1073,digital_3,huawei,official_test,1962,3190,6258780,6.25878,697.1919974199991,11.61986662366665,0.0039215686274509
test/attack/digital_3/huawei/ukraine-NF-1077.jpg,ukraine-NF-1077,digital_3,huawei,official_test,1969,3194,6288986,6.288986,894.2060240659921,14.903433734433202,0.0019607843137254
test/attack/digital_3/huawei/ukraine-NF-1084.jpg,ukraine-NF-1084,digital_3,huawei,official_test,1972,3210,6330120,6.33012,1139.361513269003,18.98935855448338,0.0039215686274509
test/attack/digital_3/huawei/ukraine-NF-1087.jpg,ukraine-NF-1087,digital_3,huawei,official_test,1967,3199,6292433,6.292433,897.3733533299965,14.956222555499942,0.0039215686274509
test/attack/digital_3/huawei/ukraine-NM-1007.jpg,ukraine-NM-1007,digital_3,huawei,official_test,1890,3041,5747490,5.74749,496.7872864929959,8.279788108216598,0.0039215686274509
test/attack/digital_3/huawei/usa-011_03.jpg,usa-011_03,digital_3,huawei,official_test,1975,3207,6333825,6.333825,1722.0163617840008,28.700272696400013,0.0039215686274509
test/attack/digital_3/huawei/usa-016_03.jpg,usa-016_03,digital_3,huawei,official_test,2003,3232,6473696,6.473696,682.643711910001,11.377395198500016,0.0039215686274509
test/attack/digital_3/huawei/usa-01_0038_000-0ee87df5_0.jpg,usa-01_0038_000-0ee87df5_0,digital_3,huawei,official_test,2013,3235,6512055,6.512055,1200.0017380850004,20.00002896808334,0.0039215686274509
test/attack/digital_3/huawei/usa-01_0080_000-0c832328_1.jpg,usa-01_0080_000-0c832328_1,digital_3,huawei,official_test,1978,3192,6313776,6.313776,1201.7396824140014,20.028994706900026,0.0039215686274509
test/attack/digital_3/huawei/usa-043_03.jpg,usa-043_03,digital_3,huawei,official_test,1976,3191,6305416,6.305416,909.8656972680001,15.164428287800002,0.0039215686274509
test/attack/digital_3/huawei/usa-063_03.jpg,usa-063_03,digital_3,huawei,official_test,1998,3240,6473520,6.47352,614.4808934129978,10.241348223549965,0.0039215686274509
test/attack/digital_3/huawei/usa-067_03.jpg,usa-067_03,digital_3,huawei,official_test,1905,3047,5804535,5.804535,576.0876512209943,9.601460853683239,0.0019607843137254
test/attack/digital_3/huawei/usa-117_03.jpg,usa-117_03,digital_3,huawei,official_test,1973,3199,6311627,6.311627,897.8621455499997,14.964369092499995,0.0039215686274509
test/attack/digital_3/huawei/usa-136_03.jpg,usa-136_03,digital_3,huawei,official_test,2006,3232,6483392,6.483392,685.1553957150027,11.419256595250044,0.0039215686274509
test/attack/digital_3/huawei/usa-137_03.jpg,usa-137_03,digital_3,huawei,official_test,1989,3229,6422481,6.422481,760.5401704230026,12.675669507050042,0.0039215686274509
test/attack/digital_3/huawei/usa-NF-1004.jpg,usa-NF-1004,digital_3,huawei,official_test,2001,3201,6405201,6.405201,897.2027028009979,14.953378380016632,0.0009803921568627
test/attack/digital_3/huawei/usa-NF-1036.jpg,usa-NF-1036,digital_3,huawei,official_test,1988,3211,6383468,6.383468,773.1600815540005,12.886001359233342,0.0039215686274509
test/attack/digital_3/huawei/usa-NF-1046.jpg,usa-NF-1046,digital_3,huawei,official_test,2005,3229,6474145,6.474145,841.5339463149976,14.025565771916627,0.0039215686274509
test/attack/digital_3/huawei/usa-NF-1065.jpg,usa-NF-1065,digital_3,huawei,official_test,1893,3052,5777436,5.777436,577.7832679359999,9.629721132266665,0.0019607843137254
test/attack/digital_3/huawei/usa-NF-1071.jpg,usa-NF-1071,digital_3,huawei,official_test,1988,3219,6399372,6.399372,813.504779298004,13.558412988300066,0.0039215686274509
test/attack/digital_3/huawei/usa-NF-1076.jpg,usa-NF-1076,digital_3,huawei,official_test,1967,3202,6298334,6.298334,977.9129120019988,16.29854853336665,0.0039215686274509
test/attack/digital_3/huawei/usa-NF-1093.jpg,usa-NF-1093,digital_3,huawei,official_test,1902,3059,5818218,5.818218,551.4182133759969,9.190303556266615,0.0039215686274509
test/attack/digital_3/huawei/usa-NF-1094.jpg,usa-NF-1094,digital_3,huawei,official_test,1984,3215,6378560,6.37856,512.9555100100006,8.549258500166676,0.0039215686274509
test/attack/digital_3/huawei/usa-NM-1052.jpg,usa-NM-1052,digital_3,huawei,official_test,1989,3239,6442371,6.442371,1001.1916572170012,16.686527620283353,0.0039215686274509
test/attack/digital_3/iphone15pro/arabic-003_03.jpg,arabic-003_03,digital_3,iphone15pro,official_test,1605,2619,4203495,4.203495,73.25614766400395,1.2209357944000658,0.0019607843137254
test/attack/digital_3/iphone15pro/arabic-01_0002_000-c7338db1_1.jpg,arabic-01_0002_000-c7338db1_1,digital_3,iphone15pro,official_test,1765,2777,4901405,4.901405,201.13881530798972,3.352313588466495,0.0039215686274509
test/attack/digital_3/iphone15pro/arabic-01_0076_000-fd5000df_1.jpg,arabic-01_0076_000-fd5000df_1,digital_3,iphone15pro,official_test,1760,2768,4871680,4.87168,133.56616239300274,2.2261027065500456,0.0039215686274509
test/attack/digital_3/iphone15pro/arabic-024_03.jpg,arabic-024_03,digital_3,iphone15pro,official_test,1748,2769,4840212,4.840212,104.6095856489992,1.7434930941499867,0.0039215686274509
test/attack/digital_3/iphone15pro/arabic-112_03.jpg,arabic-112_03,digital_3,iphone15pro,official_test,1768,2776,4907968,4.907968,129.98334178299774,2.166389029716629,0.0039215686274509
test/attack/digital_3/iphone15pro/arabic-173_03.jpg,arabic-173_03,digital_3,iphone15pro,official_test,1780,2784,4955520,4.95552,139.23129247599718,2.32052154126662,0.0039215686274509
test/attack/digital_3/iphone15pro/arabic-NF-1003.jpg,arabic-NF-1003,digital_3,iphone15pro,official_test,1768,2797,4945096,4.945096,154.1347113849988,2.568911856416647,0.0029411764705882
test/attack/digital_3/iphone15pro/arabic-NF-1012.jpg,arabic-NF-1012,digital_3,iphone15pro,official_test,1759,2793,4912887,4.912887,369.198444059999,6.153307400999983,0.0039215686274509
test/attack/digital_3/iphone15pro/arabic-NF-1030.jpg,arabic-NF-1030,digital_3,iphone15pro,official_test,1760,2789,4908640,4.90864,121.55151961399679,2.02585866023328,0.0039215686274509
test/attack/digital_3/iphone15pro/arabic-NF-1045.jpg,arabic-NF-1045,digital_3,iphone15pro,official_test,1771,2766,4898586,4.898586,199.6645826540007,3.327743044233345,0.0039215686274509
test/attack/digital_3/iphone15pro/arabic-NF-1048.jpg,arabic-NF-1048,digital_3,iphone15pro,official_test,1605,2629,4219545,4.219545,75.82743612400373,1.2637906020667287,0.0039215686274509
test/attack/digital_3/iphone15pro/arabic-NF-1098.jpg,arabic-NF-1098,digital_3,iphone15pro,official_test,1608,2624,4219392,4.219392,73.30159902500236,1.2216933170833726,0.0039215686274509
test/attack/digital_3/iphone15pro/arabic-NF-1100.jpg,arabic-NF-1100,digital_3,iphone15pro,official_test,1760,2771,4876960,4.87696,218.32343578900327,3.638723929816721,0.0029411764705882
test/attack/digital_3/iphone15pro/arabic-NM-1064.jpg,arabic-NM-1064,digital_3,iphone15pro,official_test,1774,2794,4956556,4.956556,300.28655293599877,5.004775882266646,0.0039215686274509
test/attack/digital_3/iphone15pro/arabic-NM-1090.jpg,arabic-NM-1090,digital_3,iphone15pro,official_test,1767,2766,4887522,4.887522,158.95344964299875,2.649224160716646,0.0039215686274509
test/attack/digital_3/iphone15pro/chinese-001_03.jpg,chinese-001_03,digital_3,iphone15pro,official_test,1765,2778,4903170,4.90317,145.30980731399904,2.4218301218999843,0.0039215686274509
test/attack/digital_3/iphone15pro/chinese-01_0003_000-98e8eaef_0.jpg,chinese-01_0003_000-98e8eaef_0,digital_3,iphone15pro,official_test,1765,2774,4896110,4.89611,135.04566810100368,2.2507611350167283,0.0039215686274509
test/attack/digital_3/iphone15pro/chinese-01_0012_000-48c56e4b_0.jpg,chinese-01_0012_000-48c56e4b_0,digital_3,iphone15pro,official_test,1777,2790,4957830,4.95783,124.60751342599906,2.076791890433318,0.0039215686274509
test/attack/digital_3/iphone15pro/chinese-01_0022_000-3b9715ed_0.jpg,chinese-01_0022_000-3b9715ed_0,digital_3,iphone15pro,official_test,1759,2778,4886502,4.886502,233.1489600189998,3.8858160003166633,0.0039215686274509
test/attack/digital_3/iphone15pro/chinese-01_0084_000-ba83f345_1.jpg,chinese-01_0084_000-ba83f345_1,digital_3,iphone15pro,official_test,1752,2777,4865304,4.865304,118.44199660999584,1.974033276833264,0.0039215686274509
test/attack/digital_3/iphone15pro/chinese-01_0086_000-5a7ac9e6_1.jpg,chinese-01_0086_000-5a7ac9e6_1,digital_3,iphone15pro,official_test,1768,2769,4895592,4.895592,108.17428381499849,1.8029047302499748,0.0039215686274509
test/attack/digital_3/iphone15pro/chinese-020_03.jpg,chinese-020_03,digital_3,iphone15pro,official_test,1765,2794,4931410,4.93141,157.46908688300027,2.624484781383338,0.0039215686274509
test/attack/digital_3/iphone15pro/chinese-064_03.jpg,chinese-064_03,digital_3,iphone15pro,official_test,1780,2798,4980440,4.98044,126.2199338140017,2.103665563566695,0.0039215686274509
test/attack/digital_3/iphone15pro/chinese-099_03.jpg,chinese-099_03,digital_3,iphone15pro,official_test,1776,2804,4979904,4.979904,254.37429590099782,4.239571598349964,0.0039215686274509
test/attack/digital_3/iphone15pro/chinese-102_03.jpg,chinese-102_03,digital_3,iphone15pro,official_test,1764,2794,4928616,4.928616,309.1016013339995,5.151693355566659,0.0039215686274509
test/attack/digital_3/iphone15pro/chinese-107_03.jpg,chinese-107_03,digital_3,iphone15pro,official_test,1761,2788,4909668,4.909668,191.53092525699867,3.1921820876166445,0.0039215686274509
test/attack/digital_3/iphone15pro/chinese-113_03.jpg,chinese-113_03,digital_3,iphone15pro,official_test,1770,2791,4940070,4.94007,153.38613071899454,2.5564355119832425,0.0039215686274509
test/attack/digital_3/iphone15pro/chinese-NF-1042.jpg,chinese-NF-1042,digital_3,iphone15pro,official_test,1678,2696,4523888,4.523888,81.36500412700116,1.3560834021166859,0.0039215686274509
test/attack/digital_3/iphone15pro/chinese-NF-1050.jpg,chinese-NF-1050,digital_3,iphone15pro,official_test,1776,2781,4939056,4.939056,219.58340810300433,3.6597234683834055,0.0039215686274509
test/attack/digital_3/iphone15pro/chinese-NF-1072.jpg,chinese-NF-1072,digital_3,iphone15pro,official_test,1767,2790,4929930,4.92993,306.91180853100377,5.115196808850063,0.0039215686274509
test/attack/digital_3/iphone15pro/chinese-NF-1085.jpg,chinese-NF-1085,digital_3,iphone15pro,official_test,1763,2787,4913481,4.913481,132.82622369700402,2.213770394950067,0.0039215686274509
test/attack/digital_3/iphone15pro/chinese-NF-1088.jpg,chinese-NF-1088,digital_3,iphone15pro,official_test,1611,2630,4236930,4.23693,76.4061070079988,1.27343511679998,0.0039215686274509
test/attack/digital_3/iphone15pro/chinese-NF-1101.jpg,chinese-NF-1101,digital_3,iphone15pro,official_test,1610,2634,4240740,4.24074,76.7203823900054,1.2786730398334234,0.0039215686274509
test/attack/digital_3/iphone15pro/chinese-NM-1092.jpg,chinese-NM-1092,digital_3,iphone15pro,official_test,1772,2790,4943880,4.94388,243.79698710700177,4.0632831184500295,0.0039215686274509
test/attack/digital_3/iphone15pro/french-019_03.jpg,french-019_03,digital_3,iphone15pro,official_test,1765,2783,4911995,4.911995,196.8995036349952,3.2816583939165866,0.0039215686274509
test/attack/digital_3/iphone15pro/french-01_0006_000-f9f1aca7_0.jpg,french-01_0006_000-f9f1aca7_0,digital_3,iphone15pro,official_test,1785,2809,5014065,5.014065,190.59489783800382,3.176581630633397,0.0039215686274509
test/attack/digital_3/iphone15pro/french-01_0029_000-d00491e2_1.jpg,french-01_0029_000-d00491e2_1,digital_3,iphone15pro,official_test,1782,2801,4991382,4.991382,168.1997371280013,2.803328952133355,0.0039215686274509
test/attack/digital_3/iphone15pro/french-01_0094_000-51fbbc37_0.jpg,french-01_0094_000-51fbbc37_0,digital_3,iphone15pro,official_test,1769,2785,4926665,4.926665,148.9745630210018,2.4829093836833636,0.0039215686274509
test/attack/digital_3/iphone15pro/french-033_03.jpg,french-033_03,digital_3,iphone15pro,official_test,1790,2796,5004840,5.00484,183.09337440599484,3.051556240099914,0.0039215686274509
test/attack/digital_3/iphone15pro/french-044_03.jpg,french-044_03,digital_3,iphone15pro,official_test,1786,2805,5009730,5.00973,168.7390102729987,2.8123168378833117,0.0039215686274509
test/attack/digital_3/iphone15pro/french-068_03.jpg,french-068_03,digital_3,iphone15pro,official_test,1784,2803,5000552,5.000552,275.4231661429949,4.590386102383248,0.0039215686274509
test/attack/digital_3/iphone15pro/french-091_03.jpg,french-091_03,digital_3,iphone15pro,official_test,1788,2802,5009976,5.009976,258.0013816990013,4.300023028316688,0.0039215686274509
test/attack/digital_3/iphone15pro/french-118_03.jpg,french-118_03,digital_3,iphone15pro,official_test,1786,2806,5011516,5.011516,263.78448624900193,4.396408104150032,0.0039215686274509
test/attack/digital_3/iphone15pro/french-124_03.jpg,french-124_03,digital_3,iphone15pro,official_test,1768,2789,4930952,4.930952,254.2616526919992,4.23769421153332,0.0039215686274509
test/attack/digital_3/iphone15pro/french-135_03.jpg,french-135_03,digital_3,iphone15pro,official_test,1785,2802,5001570,5.00157,167.45286361100443,2.7908810601834073,0.0039215686274509
test/attack/digital_3/iphone15pro/french-NF-1020.jpg,french-NF-1020,digital_3,iphone15pro,official_test,1773,2786,4939578,4.939578,122.46153463700102,2.0410255772833503,0.0029411764705882
test/attack/digital_3/iphone15pro/french-NF-1047.jpg,french-NF-1047,digital_3,iphone15pro,official_test,1781,2799,4985019,4.985019,172.88883858900226,2.8814806431500375,0.0039215686274509
test/attack/digital_3/iphone15pro/french-NF-1063.jpg,french-NF-1063,digital_3,iphone15pro,official_test,1782,2800,4989600,4.9896,195.9328539739945,3.265547566233242,0.0039215686274509
test/attack/digital_3/iphone15pro/french-NF-1110.jpg,french-NF-1110,digital_3,iphone15pro,official_test,1784,2800,4995200,4.9952,204.73095338699932,3.412182556449989,0.0039215686274509
test/attack/digital_3/iphone15pro/french-NM-1070.jpg,french-NM-1070,digital_3,iphone15pro,official_test,1774,2785,4940590,4.94059,283.3655898910001,4.722759831516669,0.0039215686274509
test/attack/digital_3/iphone15pro/indian-012_03.jpg,indian-012_03,digital_3,iphone15pro,official_test,1766,2789,4925374,4.925374,120.3118305019998,2.00519717503333,0.0039215686274509
test/attack/digital_3/iphone15pro/indian-01_0005_000-59069fdd_1.jpg,indian-01_0005_000-59069fdd_1,digital_3,iphone15pro,official_test,1786,2800,5000800,5.0008,117.26291176499944,1.9543818627499907,0.0039215686274509
test/attack/digital_3/iphone15pro/indian-01_0062_000-c236043f_0.jpg,indian-01_0062_000-c236043f_0,digital_3,iphone15pro,official_test,1785,2796,4990860,4.99086,267.8988417499968,4.46498069583328,0.0039215686274509
test/attack/digital_3/iphone15pro/indian-01_0071_000-73870eac_1.jpg,indian-01_0071_000-73870eac_1,digital_3,iphone15pro,official_test,1789,2796,5002044,5.002044,276.391522504,4.606525375066667,0.0039215686274509
test/attack/digital_3/iphone15pro/indian-01_0082_000-1b935c0e_0.jpg,indian-01_0082_000-1b935c0e_0,digital_3,iphone15pro,official_test,1609,2629,4230061,4.230061,76.03230156499922,1.2672050260833203,0.0039215686274509
test/attack/digital_3/iphone15pro/indian-01_0087_000-7edaffe9_0.jpg,indian-01_0087_000-7edaffe9_0,digital_3,iphone15pro,official_test,1762,2782,4901884,4.901884,295.41292645000067,4.923548774166678,0.0039215686274509
test/attack/digital_3/iphone15pro/indian-037_03.jpg,indian-037_03,digital_3,iphone15pro,official_test,1612,2629,4237948,4.237948,75.29995475900068,1.2549992459833448,0.0039215686274509
test/attack/digital_3/iphone15pro/indian-094_03.jpg,indian-094_03,digital_3,iphone15pro,official_test,1778,2803,4983734,4.983734,302.8786391229987,5.0479773187166455,0.0039215686274509
test/attack/digital_3/iphone15pro/indian-108_03.jpg,indian-108_03,digital_3,iphone15pro,official_test,1786,2794,4990084,4.990084,125.12758011700134,2.085459668616689,0.0039215686274509
test/attack/digital_3/iphone15pro/indian-NF-1006.jpg,indian-NF-1006,digital_3,iphone15pro,official_test,1785,2799,4996215,4.996215,128.25712861499778,2.137618810249963,0.0039215686274509
test/attack/digital_3/iphone15pro/indian-NF-1025.jpg,indian-NF-1025,digital_3,iphone15pro,official_test,1601,2625,4202625,4.202625,76.82929586600221,1.2804882644333702,0.0039215686274509
test/attack/digital_3/iphone15pro/indian-NF-1061.jpg,indian-NF-1061,digital_3,iphone15pro,official_test,1785,2796,4990860,4.99086,297.9861351740001,4.9664355862333345,0.0039215686274509
test/attack/digital_3/iphone15pro/indian-NF-1096.jpg,indian-NF-1096,digital_3,iphone15pro,official_test,1787,2797,4998239,4.998239,295.7818370579989,4.929697284299982,0.0029411764705882
test/attack/digital_3/iphone15pro/persian-010_03.jpg,persian-010_03,digital_3,iphone15pro,official_test,1785,2801,4999785,4.999785,183.33661605999805,3.0556102676666343,0.0039215686274509
test/attack/digital_3/iphone15pro/persian-01_0064_000-daacc8f3_0.jpg,persian-01_0064_000-daacc8f3_0,digital_3,iphone15pro,official_test,1785,2806,5008710,5.00871,229.33982355501212,3.8223303925835355,0.0039215686274509
test/attack/digital_3/iphone15pro/persian-01_0200_000-78393150_0.jpg,persian-01_0200_000-78393150_0,digital_3,iphone15pro,official_test,1797,2796,5024412,5.024412,134.91889626100055,2.248648271016676,0.0019607843137254
test/attack/digital_3/iphone15pro/persian-045_03.jpg,persian-045_03,digital_3,iphone15pro,official_test,1783,2795,4983485,4.983485,277.93822030199954,4.632303671699992,0.0039215686274509
test/attack/digital_3/iphone15pro/persian-087_03.jpg,persian-087_03,digital_3,iphone15pro,official_test,1785,2791,4981935,4.981935,181.23034418099996,3.020505736349999,0.0039215686274509
test/attack/digital_3/iphone15pro/persian-122_03.jpg,persian-122_03,digital_3,iphone15pro,official_test,1786,2805,5009730,5.00973,131.07869155700246,2.1846448592833743,0.0039215686274509
test/attack/digital_3/iphone15pro/persian-144_03.jpg,persian-144_03,digital_3,iphone15pro,official_test,1604,2632,4221728,4.221728,74.06359131099816,1.2343931885166362,0.0039215686274509
test/attack/digital_3/iphone15pro/persian-NF-1034.jpg,persian-NF-1034,digital_3,iphone15pro,official_test,1789,2793,4996677,4.996677,283.17401665799844,4.719566944299974,0.0039215686274509
test/attack/digital_3/iphone15pro/persian-NF-1043.jpg,persian-NF-1043,digital_3,iphone15pro,official_test,1778,2797,4973066,4.973066,161.17464845900395,2.686244140983399,0.0039215686274509
test/attack/digital_3/iphone15pro/persian-NF-1097.jpg,persian-NF-1097,digital_3,iphone15pro,official_test,1773,2800,4964400,4.9644,185.52930874599951,3.0921551457666587,0.0039215686274509
test/attack/digital_3/iphone15pro/persian-NF-1108.jpg,persian-NF-1108,digital_3,iphone15pro,official_test,1776,2797,4967472,4.967472,208.9300386720024,3.48216731120004,0.0019607843137254
test/attack/digital_3/iphone15pro/persian-NM-1010.jpg,persian-NM-1010,digital_3,iphone15pro,official_test,1790,2788,4990520,4.99052,156.26432895100152,2.604405482516692,0.0039215686274509
test/attack/digital_3/iphone15pro/persian-NM-1035.jpg,persian-NM-1035,digital_3,iphone15pro,official_test,1810,2843,5145830,5.14583,329.50540219300456,5.491756703216742,0.0039215686274509
test/attack/digital_3/iphone15pro/persian-NM-1074.jpg,persian-NM-1074,digital_3,iphone15pro,official_test,1812,2850,5164200,5.1642,343.26400191300127,5.721066698550021,0.0039215686274509
test/attack/digital_3/iphone15pro/portugal-004_03.jpg,portugal-004_03,digital_3,iphone15pro,official_test,1797,2843,5108871,5.108871,293.54438861000017,4.892406476833336,0.0039215686274509
test/attack/digital_3/iphone15pro/portugal-01_0014_000-6f7ea414_0.jpg,portugal-01_0014_000-6f7ea414_0,digital_3,iphone15pro,official_test,1819,2854,5191426,5.191426,384.5784527329997,6.409640878883328,0.0039215686274509
test/attack/digital_3/iphone15pro/portugal-026_03.jpg,portugal-026_03,digital_3,iphone15pro,official_test,1794,2883,5172102,5.172102,379.4847885679992,6.32474647613332,0.0039215686274509
test/attack/digital_3/iphone15pro/portugal-042_03.jpg,portugal-042_03,digital_3,iphone15pro,official_test,1818,2861,5201298,5.201298,366.35663244300304,6.105943874050051,0.0039215686274509
test/attack/digital_3/iphone15pro/portugal-105_03.jpg,portugal-105_03,digital_3,iphone15pro,official_test,1805,2855,5153275,5.153275,359.6022084180004,5.993370140300006,0.0039215686274509
test/attack/digital_3/iphone15pro/portugal-119_03.jpg,portugal-119_03,digital_3,iphone15pro,official_test,1798,2861,5144078,5.144078,346.1789948460064,5.769649914100106,0.0039215686274509
test/attack/digital_3/iphone15pro/portugal-125_03.jpg,portugal-125_03,digital_3,iphone15pro,official_test,1611,2634,4243374,4.243374,74.87138297300044,1.2478563828833407,0.0039215686274509
test/attack/digital_3/iphone15pro/portugal-143_03.jpg,portugal-143_03,digital_3,iphone15pro,official_test,1621,2633,4268093,4.268093,74.585370539,1.2430895089833334,0.0039215686274509
test/attack/digital_3/iphone15pro/portugal-NF-1016.jpg,portugal-NF-1016,digital_3,iphone15pro,official_test,1811,2852,5164972,5.164972,338.0788682929997,5.634647804883328,0.0039215686274509
test/attack/digital_3/iphone15pro/portugal-NF-1024.jpg,portugal-NF-1024,digital_3,iphone15pro,official_test,1812,2852,5167824,5.167824,260.003440977991,4.333390682966516,0.0039215686274509
test/attack/digital_3/iphone15pro/portugal-NF-1041.jpg,portugal-NF-1041,digital_3,iphone15pro,official_test,1806,2851,5148906,5.148906,297.54232068499914,4.959038678083319,0.0039215686274509
test/attack/digital_3/iphone15pro/portugal-NF-1066.jpg,portugal-NF-1066,digital_3,iphone15pro,official_test,1613,2639,4256707,4.256707,74.8419733789924,1.2473662229832068,0.0039215686274509
test/attack/digital_3/iphone15pro/portugal-NF-1083.jpg,portugal-NF-1083,digital_3,iphone15pro,official_test,1617,2634,4259178,4.259178,77.21197953400042,1.2868663255666737,0.0039215686274509
test/attack/digital_3/iphone15pro/portugal-NF-1086.jpg,portugal-NF-1086,digital_3,iphone15pro,official_test,1780,2855,5081900,5.0819,267.261841648,4.454364027466666,0.0039215686274509
test/attack/digital_3/iphone15pro/portugal-NF-1105.jpg,portugal-NF-1105,digital_3,iphone15pro,official_test,1802,2850,5135700,5.1357,301.5374125569997,5.025623542616661,0.0039215686274509
test/attack/digital_3/iphone15pro/portugal-NF-1109.jpg,portugal-NF-1109,digital_3,iphone15pro,official_test,1810,2841,5142210,5.14221,398.0017774930002,6.6333629582166695,0.0039215686274509
test/attack/digital_3/iphone15pro/portugal-NM-1091.jpg,portugal-NM-1091,digital_3,iphone15pro,official_test,1794,2835,5085990,5.08599,142.15642824600036,2.369273804100006,0.0039215686274509
test/attack/digital_3/iphone15pro/portugal-NM-1102.jpg,portugal-NM-1102,digital_3,iphone15pro,official_test,1801,2842,5118442,5.118442,228.59256512599677,3.8098760854332796,0.0039215686274509
test/attack/digital_3/iphone15pro/russian-002_03.jpg,russian-002_03,digital_3,iphone15pro,official_test,1802,2832,5103264,5.103264,239.84185906499624,3.997364317749937,0.0039215686274509
test/attack/digital_3/iphone15pro/russian-01_0001_000-ff703650_1.jpg,russian-01_0001_000-ff703650_1,digital_3,iphone15pro,official_test,1805,2839,5124395,5.124395,344.5456412470012,5.742427354116686,0.0039215686274509
test/attack/digital_3/iphone15pro/russian-01_0030_000-0bc18d73_0.jpg,russian-01_0030_000-0bc18d73_0,digital_3,iphone15pro,official_test,1807,2830,5113810,5.11381,260.88198943099997,4.348033157183333,0.0039215686274509
test/attack/digital_3/iphone15pro/russian-062_03.jpg,russian-062_03,digital_3,iphone15pro,official_test,1803,2825,5093475,5.093475,188.83551314100623,3.1472585523501038,0.0039215686274509
test/attack/digital_3/iphone15pro/russian-082_03.jpg,russian-082_03,digital_3,iphone15pro,official_test,1798,2830,5088340,5.08834,279.863507908005,4.66439179846675,0.0039215686274509
test/attack/digital_3/iphone15pro/russian-123_03.jpg,russian-123_03,digital_3,iphone15pro,official_test,1789,2819,5043191,5.043191,323.3757010920017,5.389595018200028,0.0039215686274509
test/attack/digital_3/iphone15pro/russian-132_03.jpg,russian-132_03,digital_3,iphone15pro,official_test,1797,2817,5062149,5.062149,321.1825672080013,5.353042786800021,0.0039215686274509
test/attack/digital_3/iphone15pro/russian-141_03.jpg,russian-141_03,digital_3,iphone15pro,official_test,1791,2831,5070321,5.070321,304.5578471810004,5.07596411968334,0.0039215686274509
test/attack/digital_3/iphone15pro/russian-NF-1013.jpg,russian-NF-1013,digital_3,iphone15pro,official_test,1785,2803,5003355,5.003355,278.74895290399945,4.645815881733324,0.0039215686274509
test/attack/digital_3/iphone15pro/russian-NF-1028.jpg,russian-NF-1028,digital_3,iphone15pro,official_test,1798,2820,5070360,5.07036,315.0273085480003,5.250455142466672,0.0039215686274509
test/attack/digital_3/iphone15pro/russian-NF-1069.jpg,russian-NF-1069,digital_3,iphone15pro,official_test,1804,2840,5123360,5.12336,235.08826288600176,3.918137714766696,0.0039215686274509
test/attack/digital_3/iphone15pro/russian-NF-1081.jpg,russian-NF-1081,digital_3,iphone15pro,official_test,1798,2832,5091936,5.091936,128.1743446599994,2.136239077666657,0.0039215686274509
test/attack/digital_3/iphone15pro/russian-NF-1099.jpg,russian-NF-1099,digital_3,iphone15pro,official_test,1620,2636,4270320,4.27032,75.2254689879992,1.2537578164666532,0.0039215686274509
test/attack/digital_3/iphone15pro/turkiye-01_0035_000-d4764bf3_0.jpg,turkiye-01_0035_000-d4764bf3_0,digital_3,iphone15pro,official_test,1802,2827,5094254,5.094254,221.38226033799947,3.6897043389666577,0.0029411764705882
test/attack/digital_3/iphone15pro/turkiye-01_0074_000-c54807ec_1.jpg,turkiye-01_0074_000-c54807ec_1,digital_3,iphone15pro,official_test,1787,2827,5051849,5.051849,296.115855,4.93526425,0.0039215686274509
test/attack/digital_3/iphone15pro/turkiye-01_0079_000-01a48f56_0.jpg,turkiye-01_0079_000-01a48f56_0,digital_3,iphone15pro,official_test,1798,2813,5057774,5.057774,311.17112378599995,5.186185396433332,0.0039215686274509
test/attack/digital_3/iphone15pro/turkiye-01_0081_000-e5c4342a_1.jpg,turkiye-01_0081_000-e5c4342a_1,digital_3,iphone15pro,official_test,1794,2821,5060874,5.060874,214.45911690300272,3.5743186150500454,0.0039215686274509
test/attack/digital_3/iphone15pro/turkiye-01_0088_000-3739c168_0.jpg,turkiye-01_0088_000-3739c168_0,digital_3,iphone15pro,official_test,1800,2821,5077800,5.0778,298.18222661200707,4.969703776866784,0.0039215686274509
test/attack/digital_3/iphone15pro/turkiye-01_0090_000-6238b878_0.jpg,turkiye-01_0090_000-6238b878_0,digital_3,iphone15pro,official_test,1792,2833,5076736,5.076736,224.58801163200405,3.7431335272000674,0.0039215686274509
test/attack/digital_3/iphone15pro/turkiye-01_0093_000-330a7661_0.jpg,turkiye-01_0093_000-330a7661_0,digital_3,iphone15pro,official_test,1614,2636,4254504,4.254504,75.76585423299548,1.2627642372165913,0.0039215686274509
test/attack/digital_3/iphone15pro/turkiye-031_03.jpg,turkiye-031_03,digital_3,iphone15pro,official_test,1796,2827,5077292,5.077292,320.82947676799813,5.3471579461333025,0.0039215686274509
test/attack/digital_3/iphone15pro/turkiye-036_03.jpg,turkiye-036_03,digital_3,iphone15pro,official_test,1784,2815,5021960,5.02196,286.094216892001,4.768236948200016,0.0039215686274509
test/attack/digital_3/iphone15pro/turkiye-041_03.jpg,turkiye-041_03,digital_3,iphone15pro,official_test,1788,2817,5036796,5.036796,304.9906563560071,5.083177605933452,0.0039215686274509
test/attack/digital_3/iphone15pro/turkiye-083_03.jpg,turkiye-083_03,digital_3,iphone15pro,official_test,1791,2831,5070321,5.070321,189.6767301400032,3.16127883566672,0.0039215686274509
test/attack/digital_3/iphone15pro/turkiye-115_03.jpg,turkiye-115_03,digital_3,iphone15pro,official_test,1780,2807,4996460,4.99646,177.52995295499568,2.958832549249928,0.0039215686274509
test/attack/digital_3/iphone15pro/turkiye-129_03.jpg,turkiye-129_03,digital_3,iphone15pro,official_test,1780,2852,5076560,5.07656,173.18923776000156,2.886487296000026,0.0039215686274509
test/attack/digital_3/iphone15pro/turkiye-138_03.jpg,turkiye-138_03,digital_3,iphone15pro,official_test,1616,2642,4269472,4.269472,75.63294662399858,1.2605491103999762,0.0039215686274509
test/attack/digital_3/iphone15pro/turkiye-NF-1008.jpg,turkiye-NF-1008,digital_3,iphone15pro,official_test,1611,2641,4254651,4.254651,76.1677204459993,1.2694620074333216,0.0039215686274509
test/attack/digital_3/iphone15pro/turkiye-NF-1054.jpg,turkiye-NF-1054,digital_3,iphone15pro,official_test,1611,2630,4236930,4.23693,72.77208052999777,1.2128680088332962,0.0039215686274509
test/attack/digital_3/iphone15pro/turkiye-NF-1103.jpg,turkiye-NF-1103,digital_3,iphone15pro,official_test,1790,2824,5054960,5.05496,235.49515280599735,3.9249192134332893,0.0039215686274509
test/attack/digital_3/iphone15pro/turkiye-NM-1011.jpg,turkiye-NM-1011,digital_3,iphone15pro,official_test,1605,2634,4227570,4.22757,76.38161899099941,1.2730269831833236,0.0039215686274509
test/attack/digital_3/iphone15pro/turkiye-NM-1019.jpg,turkiye-NM-1019,digital_3,iphone15pro,official_test,1614,2639,4259346,4.259346,74.80997023500095,1.2468328372500157,0.0039215686274509
test/attack/digital_3/iphone15pro/turkiye-NM-1033.jpg,turkiye-NM-1033,digital_3,iphone15pro,official_test,1800,2816,5068800,5.0688,241.44414665100157,4.024069110850026,0.0039215686274509
test/attack/digital_3/iphone15pro/ukraine-006_03.jpg,ukraine-006_03,digital_3,iphone15pro,official_test,1796,2811,5048556,5.048556,320.31180455700087,5.338530075950015,0.0039215686274509
test/attack/digital_3/iphone15pro/ukraine-007_03.jpg,ukraine-007_03,digital_3,iphone15pro,official_test,1802,2817,5076234,5.076234,251.65747179699974,4.194291196616662,0.0039215686274509
test/attack/digital_3/iphone15pro/ukraine-01_0083_000-21b44038_0.jpg,ukraine-01_0083_000-21b44038_0,digital_3,iphone15pro,official_test,1797,2825,5076525,5.076525,138.19484248499975,2.3032473747499957,0.0039215686274509
test/attack/digital_3/iphone15pro/ukraine-01_0091_000-2d8a528b_1.jpg,ukraine-01_0091_000-2d8a528b_1,digital_3,iphone15pro,official_test,1787,2814,5028618,5.028618,288.6046131110015,4.810076885183359,0.0039215686274509
test/attack/digital_3/iphone15pro/ukraine-025_03.jpg,ukraine-025_03,digital_3,iphone15pro,official_test,1791,2820,5050620,5.05062,169.41068815100152,2.8235114691833587,0.0039215686274509
test/attack/digital_3/iphone15pro/ukraine-103_03.jpg,ukraine-103_03,digital_3,iphone15pro,official_test,1794,2821,5060874,5.060874,137.87392202700175,2.297898700450029,0.0039215686274509
test/attack/digital_3/iphone15pro/ukraine-NF-1021.jpg,ukraine-NF-1021,digital_3,iphone15pro,official_test,1786,2821,5038306,5.038306,315.21014780599944,5.253502463433324,0.0039215686274509
test/attack/digital_3/iphone15pro/ukraine-NF-1032.jpg,ukraine-NF-1032,digital_3,iphone15pro,official_test,1805,2822,5093710,5.09371,356.1855224699975,5.936425374499959,0.0039215686274509
test/attack/digital_3/iphone15pro/ukraine-NF-1057.jpg,ukraine-NF-1057,digital_3,iphone15pro,official_test,1608,2642,4248336,4.248336,73.47220653699696,1.2245367756166161,0.0039215686274509
test/attack/digital_3/iphone15pro/ukraine-NF-1068.jpg,ukraine-NF-1068,digital_3,iphone15pro,official_test,1799,2828,5087572,5.087572,314.77835291500014,5.246305881916669,0.0039215686274509
test/attack/digital_3/iphone15pro/ukraine-NF-1073.jpg,ukraine-NF-1073,digital_3,iphone15pro,official_test,1795,2821,5063695,5.063695,311.3957993530021,5.189929989216702,0.0039215686274509
test/attack/digital_3/iphone15pro/ukraine-NF-1077.jpg,ukraine-NF-1077,digital_3,iphone15pro,official_test,1799,2828,5087572,5.087572,310.89987451198976,5.18166457519983,0.0039215686274509
test/attack/digital_3/iphone15pro/ukraine-NF-1087.jpg,ukraine-NF-1087,digital_3,iphone15pro,official_test,1794,2826,5069844,5.069844,135.7631793870005,2.2627196564500083,0.0039215686274509
test/attack/digital_3/iphone15pro/ukraine-NM-1007.jpg,ukraine-NM-1007,digital_3,iphone15pro,official_test,1610,2636,4243960,4.24396,74.02753156900144,1.2337921928166906,0.0039215686274509
test/attack/digital_3/iphone15pro/usa-011_03.jpg,usa-011_03,digital_3,iphone15pro,official_test,1796,2821,5066516,5.066516,362.80900005700096,6.046816667616683,0.0039215686274509
test/attack/digital_3/iphone15pro/usa-016_03.jpg,usa-016_03,digital_3,iphone15pro,official_test,1787,2827,5051849,5.051849,316.35795323899947,5.272632553983325,0.0019607843137254
test/attack/digital_3/iphone15pro/usa-01_0038_000-0ee87df5_0.jpg,usa-01_0038_000-0ee87df5_0,digital_3,iphone15pro,official_test,1797,2822,5071134,5.071134,320.8719429449993,5.347865715749989,0.0039215686274509
test/attack/digital_3/iphone15pro/usa-034_03.jpg,usa-034_03,digital_3,iphone15pro,official_test,1794,2810,5041140,5.04114,133.52046663800138,2.2253411106333565,0.0039215686274509
test/attack/digital_3/iphone15pro/usa-043_03.jpg,usa-043_03,digital_3,iphone15pro,official_test,1787,2811,5023257,5.023257,313.181692397,5.219694873283333,0.0019607843137254
test/attack/digital_3/iphone15pro/usa-067_03.jpg,usa-067_03,digital_3,iphone15pro,official_test,1607,2633,4231231,4.231231,74.53144968800189,1.2421908281333647,0.0039215686274509
test/attack/digital_3/iphone15pro/usa-117_03.jpg,usa-117_03,digital_3,iphone15pro,official_test,1791,2819,5048829,5.048829,133.54376060800132,2.2257293434666887,0.0039215686274509
test/attack/digital_3/iphone15pro/usa-134_03.jpg,usa-134_03,digital_3,iphone15pro,official_test,1794,2813,5046522,5.046522,304.20750782899995,5.070125130483333,0.0039215686274509
test/attack/digital_3/iphone15pro/usa-136_03.jpg,usa-136_03,digital_3,iphone15pro,official_test,1785,2815,5024775,5.024775,172.8976188050001,2.8816269800833347,0.0039215686274509
test/attack/digital_3/iphone15pro/usa-NF-1017.jpg,usa-NF-1017,digital_3,iphone15pro,official_test,1791,2811,5034501,5.034501,246.32514492100017,4.105419082016669,0.0039215686274509
test/attack/digital_3/iphone15pro/usa-NF-1044.jpg,usa-NF-1044,digital_3,iphone15pro,official_test,1796,2807,5041372,5.041372,169.74894357699668,2.8291490596166113,0.0039215686274509
test/attack/digital_3/iphone15pro/usa-NF-1046.jpg,usa-NF-1046,digital_3,iphone15pro,official_test,1796,2832,5086272,5.086272,154.17613387700112,2.569602231283352,0.0039215686274509
test/attack/digital_3/iphone15pro/usa-NF-1076.jpg,usa-NF-1076,digital_3,iphone15pro,official_test,1808,2824,5105792,5.105792,131.88372896699912,2.1980621494499855,0.0039215686274509
test/attack/digital_3/iphone15pro/usa-NF-1093.jpg,usa-NF-1093,digital_3,iphone15pro,official_test,1613,2652,4277676,4.277676,76.03294307200122,1.267215717866687,0.0039215686274509
test/attack/digital_3/iphone15pro/usa-NF-1094.jpg,usa-NF-1094,digital_3,iphone15pro,official_test,1807,2820,5095740,5.09574,317.2601980599975,5.287669967666625,0.0039215686274509
test/attack/digital_3/iphone15pro/usa-NM-1038.jpg,usa-NM-1038,digital_3,iphone15pro,official_test,1617,2650,4285050,4.28505,78.54172530700089,1.3090287551166815,0.0039215686274509
test/attack/digital_3/scan/arabic-01_0076_000-fd5000df_1.jpg,arabic-01_0076_000-fd5000df_1,digital_3,scan,official_test,1249,1993,2489257,2.489257,42.792919717001496,0.7132153286166916,0.0039215686274509
test/attack/digital_3/scan/arabic-01_0095_000-18471808_1.jpg,arabic-01_0095_000-18471808_1,digital_3,scan,official_test,1247,2000,2494000,2.494,42.54213526000967,0.7090355876668278,0.0039215686274509
test/attack/digital_3/scan/arabic-024_03.jpg,arabic-024_03,digital_3,scan,official_test,1244,2003,2491732,2.491732,41.61585921799997,0.6935976536333328,0.0039215686274509
test/attack/digital_3/scan/arabic-112_03.jpg,arabic-112_03,digital_3,scan,official_test,1244,1999,2486756,2.486756,41.336854103003134,0.6889475683833856,0.0039215686274509
test/attack/digital_3/scan/arabic-120_03.jpg,arabic-120_03,digital_3,scan,official_test,1249,1992,2488008,2.488008,43.83835662999991,0.7306392771666651,0.0039215686274509
test/attack/digital_3/scan/arabic-131_03.jpg,arabic-131_03,digital_3,scan,official_test,1247,1998,2491506,2.491506,41.58051659300327,0.6930086098833877,0.0039215686274509
test/attack/digital_3/scan/arabic-139_03.jpg,arabic-139_03,digital_3,scan,official_test,1247,1999,2492753,2.492753,41.59210081299898,0.6932016802166496,0.0039215686274509
test/attack/digital_3/scan/arabic-173_03.jpg,arabic-173_03,digital_3,scan,official_test,1251,2001,2503251,2.503251,43.12375021701155,0.7187291702835258,0.0039215686274509
test/attack/digital_3/scan/arabic-NF-1003.jpg,arabic-NF-1003,digital_3,scan,official_test,1244,2001,2489244,2.489244,41.91182257900073,0.6985303763166788,0.0039215686274509
test/attack/digital_3/scan/arabic-NF-1012.jpg,arabic-NF-1012,digital_3,scan,official_test,1243,1998,2483514,2.483514,41.72833120099676,0.6954721866832794,0.0039215686274509
test/attack/digital_3/scan/arabic-NF-1037.jpg,arabic-NF-1037,digital_3,scan,official_test,1248,1998,2493504,2.493504,41.556657492998056,0.6926109582166343,0.0039215686274509
test/attack/digital_3/scan/arabic-NF-1045.jpg,arabic-NF-1045,digital_3,scan,official_test,1255,1998,2507490,2.50749,42.477903936000075,0.7079650656000013,0.0039215686274509
test/attack/digital_3/scan/arabic-NF-1053.jpg,arabic-NF-1053,digital_3,scan,official_test,1243,1998,2483514,2.483514,42.43406653999773,0.7072344423332955,0.0039215686274509
test/attack/digital_3/scan/arabic-NM-1029.jpg,arabic-NM-1029,digital_3,scan,official_test,1250,1998,2497500,2.4975,41.792845386997215,0.6965474231166202,0.0039215686274509
test/attack/digital_3/scan/arabic-NM-1064.jpg,arabic-NM-1064,digital_3,scan,official_test,1246,2003,2495738,2.495738,43.103894318999664,0.7183982386499944,0.0039215686274509
test/attack/digital_3/scan/arabic-NM-1090.jpg,arabic-NM-1090,digital_3,scan,official_test,1249,1993,2489257,2.489257,42.83704124699943,0.7139506874499906,0.0039215686274509
test/attack/digital_3/scan/chinese-001_03.jpg,chinese-001_03,digital_3,scan,official_test,1248,1991,2484768,2.484768,42.714186445999076,0.711903107433318,0.0039215686274509
test/attack/digital_3/scan/chinese-018_03.jpg,chinese-018_03,digital_3,scan,official_test,1247,1996,2489012,2.489012,42.63551968100364,0.7105919946833941,0.0039215686274509
test/attack/digital_3/scan/chinese-01_0003_000-98e8eaef_0.jpg,chinese-01_0003_000-98e8eaef_0,digital_3,scan,official_test,1247,1995,2487765,2.487765,42.20558109799822,0.7034263516333037,0.0039215686274509
test/attack/digital_3/scan/chinese-01_0007_000-08f07a73_0.jpg,chinese-01_0007_000-08f07a73_0,digital_3,scan,official_test,1249,1999,2496751,2.496751,42.028242884000065,0.7004707147333344,0.0039215686274509
test/attack/digital_3/scan/chinese-01_0012_000-48c56e4b_0.jpg,chinese-01_0012_000-48c56e4b_0,digital_3,scan,official_test,1251,1994,2494494,2.494494,42.74452009399829,0.7124086682333048,0.0039215686274509
test/attack/digital_3/scan/chinese-01_0019_000-06d51424_0.jpg,chinese-01_0019_000-06d51424_0,digital_3,scan,official_test,1252,1991,2492732,2.492732,41.40775279800437,0.6901292133000728,0.0039215686274509
test/attack/digital_3/scan/chinese-01_0028_000-611e103a_0.jpg,chinese-01_0028_000-611e103a_0,digital_3,scan,official_test,1248,1993,2487264,2.487264,42.89629728200089,0.7149382880333481,0.0039215686274509
test/attack/digital_3/scan/chinese-01_0034_000-9b26d58c_0.jpg,chinese-01_0034_000-9b26d58c_0,digital_3,scan,official_test,1249,1995,2491755,2.491755,41.583078886000294,0.6930513147666716,0.0039215686274509
test/attack/digital_3/scan/chinese-01_0084_000-ba83f345_1.jpg,chinese-01_0084_000-ba83f345_1,digital_3,scan,official_test,1251,1993,2493243,2.493243,42.30197672400027,0.7050329454000045,0.0039215686274509
test/attack/digital_3/scan/chinese-01_0086_000-5a7ac9e6_1.jpg,chinese-01_0086_000-5a7ac9e6_1,digital_3,scan,official_test,1248,1996,2491008,2.491008,42.59660203599924,0.709943367266654,0.0039215686274509
test/attack/digital_3/scan/chinese-020_03.jpg,chinese-020_03,digital_3,scan,official_test,1251,1994,2494494,2.494494,41.61344752300283,0.6935574587167139,0.0039215686274509
test/attack/digital_3/scan/chinese-039_03.jpg,chinese-039_03,digital_3,scan,official_test,1253,1992,2495976,2.495976,42.93586730500101,0.7155977884166835,0.0039215686274509
test/attack/digital_3/scan/chinese-064_03.jpg,chinese-064_03,digital_3,scan,official_test,1252,1991,2492732,2.492732,44.07276004300002,0.734546000716667,0.0039215686274509
test/attack/digital_3/scan/chinese-096_03.jpg,chinese-096_03,digital_3,scan,official_test,1251,1995,2495745,2.495745,42.83485843599192,0.7139143072665319,0.0039215686274509
test/attack/digital_3/scan/chinese-NF-1023.jpg,chinese-NF-1023,digital_3,scan,official_test,1251,1993,2493243,2.493243,43.212016646997654,0.7202002774499608,0.0039215686274509
test/attack/digital_3/scan/chinese-NF-1042.jpg,chinese-NF-1042,digital_3,scan,official_test,1251,1997,2498247,2.498247,42.418050140997366,0.7069675023499561,0.0039215686274509
test/attack/digital_3/scan/chinese-NF-1050.jpg,chinese-NF-1050,digital_3,scan,official_test,1247,1993,2485271,2.485271,41.71102232799967,0.6951837054666612,0.0039215686274509
test/attack/digital_3/scan/chinese-NF-1059.jpg,chinese-NF-1059,digital_3,scan,official_test,1248,1994,2488512,2.488512,41.692063715003314,0.6948677285833885,0.0039215686274509
test/attack/digital_3/scan/chinese-NF-1088.jpg,chinese-NF-1088,digital_3,scan,official_test,1247,1995,2487765,2.487765,43.793005552004615,0.7298834258667436,0.0039215686274509
test/attack/digital_3/scan/french-019_03.jpg,french-019_03,digital_3,scan,official_test,1244,1996,2483024,2.483024,41.647261883998,0.6941210313999666,0.0039215686274509
test/attack/digital_3/scan/french-01_0006_000-f9f1aca7_0.jpg,french-01_0006_000-f9f1aca7_0,digital_3,scan,official_test,1250,1996,2495000,2.495,42.42630834100055,0.7071051390166758,0.0039215686274509
test/attack/digital_3/scan/french-01_0070_000-a4a25cda_0.jpg,french-01_0070_000-a4a25cda_0,digital_3,scan,official_test,1248,1997,2492256,2.492256,44.49189258200204,0.7415315430333673,0.0039215686274509
test/attack/digital_3/scan/french-01_0094_000-51fbbc37_0.jpg,french-01_0094_000-51fbbc37_0,digital_3,scan,official_test,1249,1996,2493004,2.493004,41.90604108499974,0.6984340180833291,0.0039215686274509
test/attack/digital_3/scan/french-022_03.jpg,french-022_03,digital_3,scan,official_test,1247,1991,2482777,2.482777,43.807975044997875,0.7301329174166312,0.0039215686274509
test/attack/digital_3/scan/french-068_03.jpg,french-068_03,digital_3,scan,official_test,1250,1994,2492500,2.4925,41.8692305149998,0.69782050858333,0.0039215686274509
test/attack/digital_3/scan/french-090_03.jpg,french-090_03,digital_3,scan,official_test,1249,1996,2493004,2.493004,41.96417704499618,0.6994029507499363,0.0039215686274509
test/attack/digital_3/scan/french-091_03.jpg,french-091_03,digital_3,scan,official_test,1247,1994,2486518,2.486518,42.04232968700671,0.7007054947834452,0.0039215686274509
test/attack/digital_3/scan/french-097_03.jpg,french-097_03,digital_3,scan,official_test,1252,1990,2491480,2.49148,43.30881761599812,0.7218136269333021,0.0039215686274509
test/attack/digital_3/scan/french-100_03.jpg,french-100_03,digital_3,scan,official_test,1248,1997,2492256,2.492256,43.392734634999215,0.7232122439166536,0.0039215686274509
test/attack/digital_3/scan/french-118_03.jpg,french-118_03,digital_3,scan,official_test,1247,1996,2489012,2.489012,41.75783370899808,0.6959638951499679,0.0039215686274509
test/attack/digital_3/scan/french-124_03.jpg,french-124_03,digital_3,scan,official_test,1249,1996,2493004,2.493004,43.68498647500019,0.7280831079166697,0.0039215686274509
test/attack/digital_3/scan/french-128_03.jpg,french-128_03,digital_3,scan,official_test,1247,1994,2486518,2.486518,43.6144385209991,0.7269073086833183,0.0039215686274509
test/attack/digital_3/scan/french-135_03.jpg,french-135_03,digital_3,scan,official_test,1247,1997,2490259,2.490259,44.14892403400154,0.7358154005666923,0.0039215686274509
test/attack/digital_3/scan/french-NF-1047.jpg,french-NF-1047,digital_3,scan,official_test,1247,1998,2491506,2.491506,42.26316258400038,0.7043860430666731,0.0039215686274509
test/attack/digital_3/scan/french-NF-1056.jpg,french-NF-1056,digital_3,scan,official_test,1247,1997,2490259,2.490259,42.61332642100024,0.7102221070166707,0.0039215686274509
test/attack/digital_3/scan/french-NF-1082.jpg,french-NF-1082,digital_3,scan,official_test,1245,1994,2482530,2.48253,42.202083710006264,0.7033680618334377,0.0039215686274509
test/attack/digital_3/scan/french-NF-1095.jpg,french-NF-1095,digital_3,scan,official_test,1247,1997,2490259,2.490259,43.10422917699907,0.7184038196166511,0.0039215686274509
test/attack/digital_3/scan/french-NF-1110.jpg,french-NF-1110,digital_3,scan,official_test,1249,1994,2490506,2.490506,43.09130025699778,0.7181883376166297,0.0039215686274509
test/attack/digital_3/scan/french-NM-1070.jpg,french-NM-1070,digital_3,scan,official_test,1250,1996,2495000,2.495,42.41462146900449,0.7069103578167415,0.0039215686274509
test/attack/digital_3/scan/french-NM-1104.jpg,french-NM-1104,digital_3,scan,official_test,1249,1997,2494253,2.494253,42.32220347200928,0.7053700578668213,0.0039215686274509
test/attack/digital_3/scan/indian-012_03.jpg,indian-012_03,digital_3,scan,official_test,1255,1993,2501215,2.501215,41.842375660999096,0.6973729276833183,0.0039215686274509
test/attack/digital_3/scan/indian-01_0005_000-59069fdd_1.jpg,indian-01_0005_000-59069fdd_1,digital_3,scan,official_test,1247,1994,2486518,2.486518,43.695703463992686,0.7282617243998781,0.0039215686274509
test/attack/digital_3/scan/indian-01_0068_000-1b9539d8_0.jpg,indian-01_0068_000-1b9539d8_0,digital_3,scan,official_test,1252,1995,2497740,2.49774,43.58446591899701,0.7264077653166169,0.0039215686274509
test/attack/digital_3/scan/indian-01_0071_000-73870eac_1.jpg,indian-01_0071_000-73870eac_1,digital_3,scan,official_test,1246,1997,2488262,2.488262,43.13453728199238,0.718908954699873,0.0039215686274509
test/attack/digital_3/scan/indian-01_0087_000-7edaffe9_0.jpg,indian-01_0087_000-7edaffe9_0,digital_3,scan,official_test,1251,1991,2490741,2.490741,41.81312233200151,0.6968853722000252,0.0039215686274509
test/attack/digital_3/scan/indian-01_0089_000-f38cdec4_1.jpg,indian-01_0089_000-f38cdec4_1,digital_3,scan,official_test,1247,1993,2485271,2.485271,43.28380921599455,0.7213968202665758,0.0039215686274509
test/attack/digital_3/scan/indian-01_0097_000-b71b0c19_0.jpg,indian-01_0097_000-b71b0c19_0,digital_3,scan,official_test,1251,1990,2489490,2.48949,41.989432777998445,0.6998238796333074,0.0039215686274509
test/attack/digital_3/scan/indian-021_03.jpg,indian-021_03,digital_3,scan,official_test,1249,1992,2488008,2.488008,43.53370407899638,0.7255617346499397,0.0039215686274509
test/attack/digital_3/scan/indian-108_03.jpg,indian-108_03,digital_3,scan,official_test,1253,1996,2500988,2.500988,41.68668458799948,0.694778076466658,0.0039215686274509
test/attack/digital_3/scan/indian-NF-1006.jpg,indian-NF-1006,digital_3,scan,official_test,1249,1994,2490506,2.490506,44.229880428996694,0.7371646738166115,0.0039215686274509
test/attack/digital_3/scan/indian-NF-1061.jpg,indian-NF-1061,digital_3,scan,official_test,1246,1995,2485770,2.48577,43.69150746200103,0.7281917910333504,0.0039215686274509
test/attack/digital_3/scan/indian-NF-1075.jpg,indian-NF-1075,digital_3,scan,official_test,1249,1992,2488008,2.488008,42.441674530000455,0.7073612421666743,0.0039215686274509
test/attack/digital_3/scan/indian-NF-1096.jpg,indian-NF-1096,digital_3,scan,official_test,1254,1992,2497968,2.497968,41.423759639998025,0.6903959939999671,0.0039215686274509
test/attack/digital_3/scan/indian-NM-1058.jpg,indian-NM-1058,digital_3,scan,official_test,1246,1999,2490754,2.490754,42.952975266991416,0.7158829211165236,0.0039215686274509
test/attack/digital_3/scan/persian-010_03.jpg,persian-010_03,digital_3,scan,official_test,1253,1992,2495976,2.495976,41.80530159499904,0.6967550265833172,0.0039215686274509
test/attack/digital_3/scan/persian-01_0064_000-daacc8f3_0.jpg,persian-01_0064_000-daacc8f3_0,digital_3,scan,official_test,1248,1994,2488512,2.488512,41.24532405100035,0.6874220675166726,0.0039215686274509
test/attack/digital_3/scan/persian-01_0065_000-763dd95b_0.jpg,persian-01_0065_000-763dd95b_0,digital_3,scan,official_test,1249,1994,2490506,2.490506,41.88212282400127,0.6980353804000212,0.0039215686274509
test/attack/digital_3/scan/persian-01_0092_000-fad05fcd_1.jpg,persian-01_0092_000-fad05fcd_1,digital_3,scan,official_test,1249,1992,2488008,2.488008,43.12187638400064,0.7186979397333441,0.0039215686274509
test/attack/digital_3/scan/persian-045_03.jpg,persian-045_03,digital_3,scan,official_test,1245,1999,2488755,2.488755,41.77166997599852,0.6961944995999754,0.0039215686274509
test/attack/digital_3/scan/persian-069_03.jpg,persian-069_03,digital_3,scan,official_test,1250,1994,2492500,2.4925,41.92995675400016,0.6988326125666693,0.0039215686274509
test/attack/digital_3/scan/persian-122_03.jpg,persian-122_03,digital_3,scan,official_test,1250,1992,2490000,2.49,41.32050353899831,0.6886750589833052,0.0039215686274509
test/attack/digital_3/scan/persian-144_03.jpg,persian-144_03,digital_3,scan,official_test,1248,1997,2492256,2.492256,42.719488885006285,0.7119914814167714,0.0039215686274509
test/attack/digital_3/scan/persian-NF-1001.jpg,persian-NF-1001,digital_3,scan,official_test,1253,1995,2499735,2.499735,42.20338198399986,0.703389699733331,0.0039215686274509
test/attack/digital_3/scan/persian-NF-1018.jpg,persian-NF-1018,digital_3,scan,official_test,1247,1998,2491506,2.491506,41.58021667200228,0.693003611200038,0.0039215686274509
test/attack/digital_3/scan/persian-NM-1074.jpg,persian-NM-1074,digital_3,scan,official_test,1245,1996,2485020,2.48502,41.181281209999725,0.6863546868333288,0.0039215686274509
test/attack/digital_3/scan/portugal-013_03.jpg,portugal-013_03,digital_3,scan,official_test,1244,1998,2485512,2.485512,41.5692848150029,0.6928214135833817,0.0039215686274509
test/attack/digital_3/scan/portugal-017_03.jpg,portugal-017_03,digital_3,scan,official_test,1250,1992,2490000,2.49,41.97097877500346,0.6995163129167243,0.0039215686274509
test/attack/digital_3/scan/portugal-01_0014_000-6f7ea414_0.jpg,portugal-01_0014_000-6f7ea414_0,digital_3,scan,official_test,1251,1999,2500749,2.500749,43.733375171999796,0.7288895861999966,0.0039215686274509
test/attack/digital_3/scan/portugal-042_03.jpg,portugal-042_03,digital_3,scan,official_test,1251,1997,2498247,2.498247,43.31891603999975,0.7219819339999958,0.0039215686274509
test/attack/digital_3/scan/portugal-061_03.jpg,portugal-061_03,digital_3,scan,official_test,1246,1998,2489508,2.489508,41.49489061199711,0.6915815101999517,0.0039215686274509
test/attack/digital_3/scan/portugal-070_03.jpg,portugal-070_03,digital_3,scan,official_test,1250,1996,2495000,2.495,41.83348524499888,0.6972247540833147,0.0039215686274509
test/attack/digital_3/scan/portugal-125_03.jpg,portugal-125_03,digital_3,scan,official_test,1245,1999,2488755,2.488755,43.036530530000164,0.717275508833336,0.0039215686274509
test/attack/digital_3/scan/portugal-143_03.jpg,portugal-143_03,digital_3,scan,official_test,1247,1995,2487765,2.487765,43.48204712500228,0.7247007854167047,0.0039215686274509
test/attack/digital_3/scan/portugal-172_03.jpg,portugal-172_03,digital_3,scan,official_test,1252,1995,2497740,2.49774,42.58907887000532,0.7098179811667554,0.0039215686274509
test/attack/digital_3/scan/portugal-NF-1022.jpg,portugal-NF-1022,digital_3,scan,official_test,1245,1995,2483775,2.483775,42.55153579400212,0.7091922632333687,0.0039215686274509
test/attack/digital_3/scan/portugal-NF-1026.jpg,portugal-NF-1026,digital_3,scan,official_test,1257,1995,2507715,2.507715,42.68491796400485,0.7114152994000809,0.0039215686274509
test/attack/digital_3/scan/portugal-NF-1060.jpg,portugal-NF-1060,digital_3,scan,official_test,1248,1995,2489760,2.48976,48.54428972299502,0.8090714953832503,0.0039215686274509
test/attack/digital_3/scan/portugal-NF-1066.jpg,portugal-NF-1066,digital_3,scan,official_test,1246,1995,2485770,2.48577,42.521500473987544,0.7086916745664591,0.0039215686274509
test/attack/digital_3/scan/portugal-NF-1086.jpg,portugal-NF-1086,digital_3,scan,official_test,1249,1993,2489257,2.489257,42.03468486700149,0.7005780811166915,0.0039215686274509
test/attack/digital_3/scan/portugal-NF-1105.jpg,portugal-NF-1105,digital_3,scan,official_test,1253,1995,2499735,2.499735,42.50873916700948,0.7084789861168247,0.0039215686274509
test/attack/digital_3/scan/portugal-NM-1091.jpg,portugal-NM-1091,digital_3,scan,official_test,1248,1993,2487264,2.487264,41.10061529400264,0.685010254900044,0.0039215686274509
test/attack/digital_3/scan/russian-002_03.jpg,russian-002_03,digital_3,scan,official_test,1249,1993,2489257,2.489257,41.90565501800302,0.6984275836333836,0.0039215686274509
test/attack/digital_3/scan/russian-01_0001_000-ff703650_1.jpg,russian-01_0001_000-ff703650_1,digital_3,scan,official_test,1250,1990,2487500,2.4875,41.53138963999663,0.6921898273332772,0.0039215686274509
test/attack/digital_3/scan/russian-01_0030_000-0bc18d73_0.jpg,russian-01_0030_000-0bc18d73_0,digital_3,scan,official_test,1247,1997,2490259,2.490259,43.06286282599467,0.7177143804332445,0.0039215686274509
test/attack/digital_3/scan/russian-01_0075_000-9bed189a_0.jpg,russian-01_0075_000-9bed189a_0,digital_3,scan,official_test,1245,1996,2485020,2.48502,43.31502685799933,0.7219171142999888,0.0039215686274509
test/attack/digital_3/scan/russian-123_03.jpg,russian-123_03,digital_3,scan,official_test,1250,1998,2497500,2.4975,42.40203287999975,0.7067005479999958,0.0039215686274509
test/attack/digital_3/scan/russian-NF-1013.jpg,russian-NF-1013,digital_3,scan,official_test,1248,1993,2487264,2.487264,42.38000544600072,0.7063334241000121,0.0039215686274509
test/attack/digital_3/scan/russian-NF-1069.jpg,russian-NF-1069,digital_3,scan,official_test,1245,2000,2490000,2.49,42.60667301599824,0.710111216933304,0.0039215686274509
test/attack/digital_3/scan/russian-NF-1080.jpg,russian-NF-1080,digital_3,scan,official_test,1247,1998,2491506,2.491506,42.002415590002784,0.7000402598333797,0.0039215686274509
test/attack/digital_3/scan/russian-NF-1081.jpg,russian-NF-1081,digital_3,scan,official_test,1251,1994,2494494,2.494494,42.56092589999753,0.7093487649999588,0.0039215686274509
test/attack/digital_3/scan/russian-NF-1099.jpg,russian-NF-1099,digital_3,scan,official_test,1250,1995,2493750,2.49375,43.224377310998534,0.7204062885166422,0.0039215686274509
test/attack/digital_3/scan/turkiye-008_03.jpg,turkiye-008_03,digital_3,scan,official_test,1249,1990,2485510,2.48551,42.26646670199989,0.7044411116999981,0.0039215686274509
test/attack/digital_3/scan/turkiye-01_0074_000-c54807ec_1.jpg,turkiye-01_0074_000-c54807ec_1,digital_3,scan,official_test,1247,1995,2487765,2.487765,42.2186113860007,0.7036435231000117,0.0039215686274509
test/attack/digital_3/scan/turkiye-01_0078_000-cfc6a96f_1.jpg,turkiye-01_0078_000-cfc6a96f_1,digital_3,scan,official_test,1248,1993,2487264,2.487264,41.6410623260017,0.6940177054333617,0.0039215686274509
test/attack/digital_3/scan/turkiye-01_0081_000-e5c4342a_1.jpg,turkiye-01_0081_000-e5c4342a_1,digital_3,scan,official_test,1246,1992,2482032,2.482032,41.32872055699772,0.6888120092832953,0.0039215686274509
test/attack/digital_3/scan/turkiye-01_0085_000-65296866_0.jpg,turkiye-01_0085_000-65296866_0,digital_3,scan,official_test,1251,1997,2498247,2.498247,43.71147770099924,0.7285246283499873,0.0039215686274509
test/attack/digital_3/scan/turkiye-01_0088_000-3739c168_0.jpg,turkiye-01_0088_000-3739c168_0,digital_3,scan,official_test,1248,1996,2491008,2.491008,41.906779832999746,0.6984463305499957,0.0039215686274509
test/attack/digital_3/scan/turkiye-01_0090_000-6238b878_0.jpg,turkiye-01_0090_000-6238b878_0,digital_3,scan,official_test,1248,1998,2493504,2.493504,43.42268745099864,0.723711457516644,0.0039215686274509
test/attack/digital_3/scan/turkiye-01_0093_000-330a7661_0.jpg,turkiye-01_0093_000-330a7661_0,digital_3,scan,official_test,1249,1998,2495502,2.495502,43.205563239000185,0.7200927206500031,0.0039215686274509
test/attack/digital_3/scan/turkiye-036_03.jpg,turkiye-036_03,digital_3,scan,official_test,1250,1995,2493750,2.49375,42.16093555399857,0.7026822592333095,0.0039215686274509
test/attack/digital_3/scan/turkiye-092_03.jpg,turkiye-092_03,digital_3,scan,official_test,1247,1995,2487765,2.487765,42.44868673000019,0.7074781121666699,0.0039215686274509
test/attack/digital_3/scan/turkiye-101_03.jpg,turkiye-101_03,digital_3,scan,official_test,1252,1997,2500244,2.500244,42.55104711400054,0.7091841185666756,0.0039215686274509
test/attack/digital_3/scan/turkiye-104_03.jpg,turkiye-104_03,digital_3,scan,official_test,1250,1997,2496250,2.49625,42.026552662006,0.7004425443667667,0.0039215686274509
test/attack/digital_3/scan/turkiye-115_03.jpg,turkiye-115_03,digital_3,scan,official_test,1248,1998,2493504,2.493504,42.95255079001072,0.7158758465001787,0.0039215686274509
test/attack/digital_3/scan/turkiye-126_03.jpg,turkiye-126_03,digital_3,scan,official_test,1247,1992,2484024,2.484024,41.87882692600033,0.6979804487666722,0.0039215686274509
test/attack/digital_3/scan/turkiye-127_03.jpg,turkiye-127_03,digital_3,scan,official_test,1246,1994,2484524,2.484524,42.75762601599854,0.7126271002666423,0.0039215686274509
test/attack/digital_3/scan/turkiye-129_03.jpg,turkiye-129_03,digital_3,scan,official_test,1250,1996,2495000,2.495,41.843462942997576,0.6973910490499596,0.0039215686274509
test/attack/digital_3/scan/turkiye-138_03.jpg,turkiye-138_03,digital_3,scan,official_test,1250,1995,2493750,2.49375,43.01943520699933,0.7169905867833222,0.0039215686274509
test/attack/digital_3/scan/turkiye-NF-1002.jpg,turkiye-NF-1002,digital_3,scan,official_test,1250,1993,2491250,2.49125,43.40052014899993,0.7233420024833321,0.0039215686274509
test/attack/digital_3/scan/turkiye-NM-1011.jpg,turkiye-NM-1011,digital_3,scan,official_test,1249,1995,2491755,2.491755,42.96992717399553,0.7161654528999255,0.0039215686274509
test/attack/digital_3/scan/turkiye-NM-1019.jpg,turkiye-NM-1019,digital_3,scan,official_test,1249,1995,2491755,2.491755,43.61222744300176,0.7268704573833626,0.0039215686274509
test/attack/digital_3/scan/turkiye-NM-1033.jpg,turkiye-NM-1033,digital_3,scan,official_test,1251,1992,2491992,2.491992,42.205232948999765,0.7034205491499961,0.0039215686274509
test/attack/digital_3/scan/ukraine-006_03.jpg,ukraine-006_03,digital_3,scan,official_test,1245,1994,2482530,2.48253,42.15613340900018,0.7026022234833362,0.0039215686274509
test/attack/digital_3/scan/ukraine-007_03.jpg,ukraine-007_03,digital_3,scan,official_test,1253,1991,2494723,2.494723,41.770228751000104,0.6961704791833351,0.0039215686274509
test/attack/digital_3/scan/ukraine-01_0018_000-aad4322e_0.jpg,ukraine-01_0018_000-aad4322e_0,digital_3,scan,official_test,1249,1993,2489257,2.489257,43.12770738299878,0.7187951230499796,0.0039215686274509
test/attack/digital_3/scan/ukraine-01_0073_000-d23bdbae_1.jpg,ukraine-01_0073_000-d23bdbae_1,digital_3,scan,official_test,1248,1996,2491008,2.491008,41.66920041499543,0.6944866735832572,0.0039215686274509
test/attack/digital_3/scan/ukraine-01_0077_000-a3228552_1.jpg,ukraine-01_0077_000-a3228552_1,digital_3,scan,official_test,1249,1994,2490506,2.490506,41.7815924930037,0.696359874883395,0.0039215686274509
test/attack/digital_3/scan/ukraine-01_0083_000-21b44038_0.jpg,ukraine-01_0083_000-21b44038_0,digital_3,scan,official_test,1249,1995,2491755,2.491755,42.334894070998416,0.7055815678499736,0.0039215686274509
test/attack/digital_3/scan/ukraine-01_0091_000-2d8a528b_1.jpg,ukraine-01_0091_000-2d8a528b_1,digital_3,scan,official_test,1250,1989,2486250,2.48625,42.354307925998,0.7059051320999666,0.0039215686274509
test/attack/digital_3/scan/ukraine-030_03.jpg,ukraine-030_03,digital_3,scan,official_test,1249,1994,2490506,2.490506,44.106129166000756,0.7351021527666792,0.0039215686274509
test/attack/digital_3/scan/ukraine-103_03.jpg,ukraine-103_03,digital_3,scan,official_test,1242,2000,2484000,2.484,40.649108229001286,0.6774851371500215,0.0039215686274509
test/attack/digital_3/scan/ukraine-NF-1021.jpg,ukraine-NF-1021,digital_3,scan,official_test,1250,1989,2486250,2.48625,42.072091595997335,0.7012015265999556,0.0039215686274509
test/attack/digital_3/scan/ukraine-NF-1032.jpg,ukraine-NF-1032,digital_3,scan,official_test,1250,1997,2496250,2.49625,41.58444275000147,0.6930740458333579,0.0039215686274509
test/attack/digital_3/scan/ukraine-NF-1057.jpg,ukraine-NF-1057,digital_3,scan,official_test,1250,1991,2488750,2.48875,42.360923857999296,0.7060153976333216,0.0039215686274509
test/attack/digital_3/scan/ukraine-NF-1068.jpg,ukraine-NF-1068,digital_3,scan,official_test,1248,1996,2491008,2.491008,43.314925817001495,0.7219154302833583,0.0039215686274509
test/attack/digital_3/scan/ukraine-NF-1073.jpg,ukraine-NF-1073,digital_3,scan,official_test,1249,1996,2493004,2.493004,42.75414492800337,0.7125690821333895,0.0039215686274509
test/attack/digital_3/scan/ukraine-NF-1077.jpg,ukraine-NF-1077,digital_3,scan,official_test,1249,1989,2484261,2.484261,43.64048196300064,0.7273413660500107,0.0039215686274509
test/attack/digital_3/scan/ukraine-NF-1084.jpg,ukraine-NF-1084,digital_3,scan,official_test,1249,1991,2486759,2.486759,41.31248893999873,0.6885414823333121,0.0039215686274509
test/attack/digital_3/scan/usa-034_03.jpg,usa-034_03,digital_3,scan,official_test,1250,1993,2491250,2.49125,42.84173789399938,0.7140289648999897,0.0039215686274509
test/attack/digital_3/scan/usa-043_03.jpg,usa-043_03,digital_3,scan,official_test,1250,1990,2487500,2.4875,41.46390498899564,0.6910650831499273,0.0039215686274509
test/attack/digital_3/scan/usa-117_03.jpg,usa-117_03,digital_3,scan,official_test,1249,1996,2493004,2.493004,43.021896838999965,0.7170316139833327,0.0039215686274509
test/attack/digital_3/scan/usa-134_03.jpg,usa-134_03,digital_3,scan,official_test,1251,1995,2495745,2.495745,42.01372048399935,0.7002286747333225,0.0039215686274509
test/attack/digital_3/scan/usa-136_03.jpg,usa-136_03,digital_3,scan,official_test,1247,1996,2489012,2.489012,43.640188484001555,0.7273364747333593,0.0039215686274509
test/attack/digital_3/scan/usa-137_03.jpg,usa-137_03,digital_3,scan,official_test,1251,1992,2491992,2.491992,42.03128683200339,0.7005214472000565,0.0039215686274509
test/attack/digital_3/scan/usa-NF-1004.jpg,usa-NF-1004,digital_3,scan,official_test,1249,1994,2490506,2.490506,42.36632728499535,0.7061054547499225,0.0039215686274509
test/attack/digital_3/scan/usa-NF-1009.jpg,usa-NF-1009,digital_3,scan,official_test,1245,1993,2481285,2.481285,42.21381902400026,0.7035636504000043,0.0039215686274509
test/attack/digital_3/scan/usa-NF-1017.jpg,usa-NF-1017,digital_3,scan,official_test,1251,1995,2495745,2.495745,41.66885952300072,0.694480992050012,0.0039215686274509
test/attack/digital_3/scan/usa-NF-1036.jpg,usa-NF-1036,digital_3,scan,official_test,1245,1999,2488755,2.488755,42.62774837399775,0.7104624728999624,0.0039215686274509
test/attack/digital_3/scan/usa-NF-1044.jpg,usa-NF-1044,digital_3,scan,official_test,1251,1994,2494494,2.494494,43.77721211500102,0.7296202019166836,0.0039215686274509
test/attack/digital_3/scan/usa-NF-1046.jpg,usa-NF-1046,digital_3,scan,official_test,1250,1992,2490000,2.49,41.784648954999284,0.6964108159166548,0.0039215686274509
test/attack/digital_3/scan/usa-NF-1051.jpg,usa-NF-1051,digital_3,scan,official_test,1249,1989,2484261,2.484261,42.44683936399815,0.7074473227333026,0.0039215686274509
test/attack/digital_3/scan/usa-NF-1062.jpg,usa-NF-1062,digital_3,scan,official_test,1244,1996,2483024,2.483024,43.09327648099861,0.7182212746833102,0.0039215686274509
test/attack/digital_3/scan/usa-NF-1093.jpg,usa-NF-1093,digital_3,scan,official_test,1247,1997,2490259,2.490259,43.66448285000297,0.7277413808333828,0.0039215686274509
test/attack/digital_3/scan/usa-NF-1094.jpg,usa-NF-1094,digital_3,scan,official_test,1248,1992,2486016,2.486016,41.11874736399841,0.6853124560666402,0.0039215686274509
test/attack/digital_3/scan/usa-NM-1038.jpg,usa-NM-1038,digital_3,scan,official_test,1250,1993,2491250,2.49125,42.53725785400093,0.7089542975666822,0.0039215686274509
test/attack/digital_3/scan/usa-NM-1052.jpg,usa-NM-1052,digital_3,scan,official_test,1251,1995,2495745,2.495745,41.73108416600007,0.6955180694333346,0.0039215686274509
test/attack/facedancer/huawei/chinese2-flickr_F_16858102101_d4c5c1e7a2_c.jpg,chinese2-flickr_F_16858102101_d4c5c1e7a2_c,facedancer,huawei,official_test,2073,3253,6743469,6.743469,1548.9933927999991,25.816556546666654,0.0039215686274509
test/attack/facedancer/huawei/chinese2-flickr_F_21696826019_7407a3bea0_k.jpg,chinese2-flickr_F_21696826019_7407a3bea0_k,facedancer,huawei,official_test,2037,3229,6577473,6.577473,1140.6146906760005,19.010244844600006,0.0039215686274509
test/attack/facedancer/huawei/chinese2-flickr_F_31196390972_be24a6067c_k.jpg,chinese2-flickr_F_31196390972_be24a6067c_k,facedancer,huawei,official_test,2041,3238,6608758,6.608758,1425.4899570650014,23.758165951083356,0.0039215686274509
test/attack/facedancer/huawei/chinese2-flickr_F_31226153591_900ef17f37_k.jpg,chinese2-flickr_F_31226153591_900ef17f37_k,facedancer,huawei,official_test,2049,3213,6583437,6.583437,1128.0298976329977,18.800498293883297,0.0039215686274509
test/attack/facedancer/huawei/chinese2-flickr_F_31998955273_5516f4db28_h.jpg,chinese2-flickr_F_31998955273_5516f4db28_h,facedancer,huawei,official_test,2050,3229,6619450,6.61945,1154.7198823500003,19.245331372500004,0.0039215686274509
test/attack/facedancer/huawei/chinese2-flickr_F_39035705701_833f3da9bf_o.jpg,chinese2-flickr_F_39035705701_833f3da9bf_o,facedancer,huawei,official_test,2052,3218,6603336,6.603336,1037.0537963850002,17.284229939750002,0.0039215686274509
test/attack/facedancer/huawei/chinese2-flickr_F_48677929383_2cdc743f43_c.jpg,chinese2-flickr_F_48677929383_2cdc743f43_c,facedancer,huawei,official_test,2050,3223,6607150,6.60715,1359.2594980400027,22.654324967333377,0.0039215686274509
test/attack/facedancer/huawei/chinese2-flickr_M_21459989349_7ab0e1ace5_k.jpg,chinese2-flickr_M_21459989349_7ab0e1ace5_k,facedancer,huawei,official_test,2043,3218,6574374,6.574374,1077.119780842997,17.951996347383282,0.0039215686274509
test/attack/facedancer/huawei/chinese2-flickr_M_22911363774_20c12ce7ec_c.jpg,chinese2-flickr_M_22911363774_20c12ce7ec_c,facedancer,huawei,official_test,2046,3222,6592212,6.592212,1040.578043690999,17.342967394849985,0.0039215686274509
test/attack/facedancer/huawei/chinese2-flickr_M_24235235151_ae8ac31253_k.jpg,chinese2-flickr_M_24235235151_ae8ac31253_k,facedancer,huawei,official_test,2053,3218,6606554,6.606554,1128.2817598650036,18.80469599775006,0.0039215686274509
test/attack/facedancer/huawei/chinese2-flickr_M_24291592906_b097dd45e5_k.jpg,chinese2-flickr_M_24291592906_b097dd45e5_k,facedancer,huawei,official_test,2051,3221,6606271,6.606271,1320.4367126969992,22.007278544949987,0.0039215686274509
test/attack/facedancer/huawei/chinese2-flickr_M_26097180114_4c514c928d_c.jpg,chinese2-flickr_M_26097180114_4c514c928d_c,facedancer,huawei,official_test,2050,3233,6627650,6.62765,1248.284046195,20.80473410325,0.0039215686274509
test/attack/facedancer/huawei/chinese2-flickr_M_30516208604_4a571cf89d_c.jpg,chinese2-flickr_M_30516208604_4a571cf89d_c,facedancer,huawei,official_test,2035,3217,6546595,6.546595,1243.3129906499998,20.721883177499997,0.0039215686274509
test/attack/facedancer/huawei/chinese2-flickr_M_31304800026_59e0161aba_c.jpg,chinese2-flickr_M_31304800026_59e0161aba_c,facedancer,huawei,official_test,2044,3221,6583724,6.583724,1153.167846430999,19.219464107183317,0.0039215686274509
test/attack/facedancer/huawei/chinese2-flickr_M_32771950686_f8d5084d87_h.jpg,chinese2-flickr_M_32771950686_f8d5084d87_h,facedancer,huawei,official_test,2060,3221,6635260,6.63526,1134.9183756929997,18.915306261549993,0.0039215686274509
test/attack/facedancer/huawei/chinese2-flickr_M_32812741685_462068ee90_h.jpg,chinese2-flickr_M_32812741685_462068ee90_h,facedancer,huawei,official_test,2045,3218,6580810,6.58081,1206.8700437659973,20.11450072943329,0.0039215686274509
test/attack/facedancer/huawei/chinese2-flickr_M_33525327222_f112b468ed_k.jpg,chinese2-flickr_M_33525327222_f112b468ed_k,facedancer,huawei,official_test,2056,3206,6591536,6.591536,922.971690016002,15.3828615002667,0.0039215686274509
test/attack/facedancer/huawei/chinese2-flickr_M_34592740762_6446ed6334_k.jpg,chinese2-flickr_M_34592740762_6446ed6334_k,facedancer,huawei,official_test,2054,3217,6607718,6.607718,1228.6083108729981,20.476805181216637,0.0039215686274509
test/attack/facedancer/huawei/chinese2-flickr_M_3625086942_a3ed938d9c_c.jpg,chinese2-flickr_M_3625086942_a3ed938d9c_c,facedancer,huawei,official_test,2050,3235,6631750,6.63175,1183.6733423330006,19.727889038883344,0.0039215686274509
test/attack/facedancer/huawei/chinese2-flickr_M_38319821984_1d6e303c3e_o.jpg,chinese2-flickr_M_38319821984_1d6e303c3e_o,facedancer,huawei,official_test,2045,3226,6597170,6.59717,1122.423221819001,18.707053696983348,0.0039215686274509
test/attack/facedancer/huawei/chinese2-flickr_M_6850649398_5d950a2635_k.jpg,chinese2-flickr_M_6850649398_5d950a2635_k,facedancer,huawei,official_test,2053,3216,6602448,6.602448,873.3160604509976,14.555267674183293,0.0039215686274509
test/attack/facedancer/huawei/netherland-flickr_F_10239917343_ca73cd29b5_h.jpg,netherland-flickr_F_10239917343_ca73cd29b5_h,facedancer,huawei,official_test,2049,3255,6669495,6.669495,2737.483650932001,45.62472751553335,0.0039215686274509
test/attack/facedancer/huawei/netherland-flickr_F_20301931855_4cd18f8166_k.jpg,netherland-flickr_F_20301931855_4cd18f8166_k,facedancer,huawei,official_test,2055,3229,6635595,6.635595,1403.4683736310035,23.391139560516724,0.0039215686274509
test/attack/facedancer/huawei/netherland-flickr_F_26297818201_09eab93588_k.jpg,netherland-flickr_F_26297818201_09eab93588_k,facedancer,huawei,official_test,2039,3239,6604321,6.604321,1190.718929319999,19.84531548866665,0.0039215686274509
test/attack/facedancer/huawei/netherland-flickr_F_28630210242_e3780d0ee9_b.jpg,netherland-flickr_F_28630210242_e3780d0ee9_b,facedancer,huawei,official_test,2047,3206,6562682,6.562682,1197.038235138003,19.95063725230005,0.0039215686274509
test/attack/facedancer/huawei/netherland-flickr_F_31998771523_784e7e9597_h.jpg,netherland-flickr_F_31998771523_784e7e9597_h,facedancer,huawei,official_test,2052,3215,6597180,6.59718,1088.622706981001,18.143711783016684,0.0039215686274509
test/attack/facedancer/huawei/netherland-flickr_F_36412358965_0ec43e5de3_c.jpg,netherland-flickr_F_36412358965_0ec43e5de3_c,facedancer,huawei,official_test,2045,3225,6595125,6.595125,1597.585481674003,26.626424694566715,0.0039215686274509
test/attack/facedancer/huawei/netherland-flickr_F_37048326531_f8270ca4df_k.jpg,netherland-flickr_F_37048326531_f8270ca4df_k,facedancer,huawei,official_test,2046,3223,6594258,6.594258,954.3630938329989,15.906051563883315,0.0039215686274509
test/attack/facedancer/huawei/netherland-flickr_M_17339867026_3135c7e76f_k.jpg,netherland-flickr_M_17339867026_3135c7e76f_k,facedancer,huawei,official_test,1990,3176,6320240,6.32024,972.4440150119999,16.2074002502,0.0039215686274509
test/attack/facedancer/huawei/netherland-flickr_M_18042193331_841d026f9a_c.jpg,netherland-flickr_M_18042193331_841d026f9a_c,facedancer,huawei,official_test,1984,3162,6273408,6.273408,1158.897885366001,19.314964756100018,0.0039215686274509
test/attack/facedancer/huawei/netherland-flickr_M_32689636931_6ac45273df_h.jpg,netherland-flickr_M_32689636931_6ac45273df_h,facedancer,huawei,official_test,1975,3174,6268650,6.26865,1909.5429195320003,31.825715325533338,0.0039215686274509
test/attack/facedancer/huawei/netherland-flickr_M_37190718595_78e318623b_k.jpg,netherland-flickr_M_37190718595_78e318623b_k,facedancer,huawei,official_test,1986,3193,6341298,6.341298,969.8075314199998,16.163458857,0.0039215686274509
test/attack/facedancer/huawei/netherland-flickr_M_6862482951_78a560f107_b.jpg,netherland-flickr_M_6862482951_78a560f107_b,facedancer,huawei,official_test,2045,3209,6562405,6.562405,1313.7349548589991,21.89558258098332,0.0039215686274509
test/attack/facedancer/huawei/singapore-flickr_F_30532886723_e55b04664f_k.jpg,singapore-flickr_F_30532886723_e55b04664f_k,facedancer,huawei,official_test,1975,3198,6316050,6.31605,2162.178328907001,36.036305481783344,0.0039215686274509
test/attack/facedancer/huawei/singapore-flickr_F_9641749325_1a753f74b2_c.jpg,singapore-flickr_F_9641749325_1a753f74b2_c,facedancer,huawei,official_test,1971,3172,6252012,6.252012,2044.450995758998,34.07418326264997,0.0039215686274509
test/attack/facedancer/huawei/singapore-flickr_M_21893334161_8c8b011508_k.jpg,singapore-flickr_M_21893334161_8c8b011508_k,facedancer,huawei,official_test,1969,3163,6227947,6.227947,887.6220458799999,14.793700764666664,0.0039215686274509
test/attack/facedancer/huawei/singapore-flickr_M_22512816725_a88536de72_c.jpg,singapore-flickr_M_22512816725_a88536de72_c,facedancer,huawei,official_test,1970,3167,6238990,6.23899,1115.8754401070037,18.597924001783394,0.0039215686274509
test/attack/facedancer/huawei/singapore-flickr_M_31244514601_d2cb0773d7_c.jpg,singapore-flickr_M_31244514601_d2cb0773d7_c,facedancer,huawei,official_test,1977,3168,6263136,6.263136,1124.5405411199972,18.742342351999955,0.0039215686274509
test/attack/facedancer/iphone15/chinese2-flickr_F_16745558933_a3f9fe2bc9_k.jpg,chinese2-flickr_F_16745558933_a3f9fe2bc9_k,facedancer,iphone15,official_test,1734,2765,4794510,4.79451,109.96116228499886,1.8326860380833143,0.0039215686274509
test/attack/facedancer/iphone15/chinese2-flickr_F_17178039488_60828ef8de_k.jpg,chinese2-flickr_F_17178039488_60828ef8de_k,facedancer,iphone15,official_test,1736,2762,4794832,4.794832,127.46143200300139,2.124357200050023,0.0039215686274509
test/attack/facedancer/iphone15/chinese2-flickr_F_17619703551_9705002b22_b.jpg,chinese2-flickr_F_17619703551_9705002b22_b,facedancer,iphone15,official_test,1722,2768,4766496,4.766496,110.36881266399723,1.8394802110666206,0.0029411764705882
test/attack/facedancer/iphone15/chinese2-flickr_F_25164779518_a723fab6b8_o.jpg,chinese2-flickr_F_25164779518_a723fab6b8_o,facedancer,iphone15,official_test,1733,2763,4788279,4.788279,209.8865489210002,3.4981091486833367,0.0039215686274509
test/attack/facedancer/iphone15/chinese2-flickr_F_30990251270_6801e68759_c.jpg,chinese2-flickr_F_30990251270_6801e68759_c,facedancer,iphone15,official_test,1740,2766,4812840,4.81284,114.41930460299955,1.9069884100499925,0.0039215686274509
test/attack/facedancer/iphone15/chinese2-flickr_F_31226153591_900ef17f37_k.jpg,chinese2-flickr_F_31226153591_900ef17f37_k,facedancer,iphone15,official_test,1738,2766,4807308,4.807308,172.44998361399848,2.8741663935666413,0.0039215686274509
test/attack/facedancer/iphone15/chinese2-flickr_M_24291592906_b097dd45e5_k.jpg,chinese2-flickr_M_24291592906_b097dd45e5_k,facedancer,iphone15,official_test,1741,2778,4836498,4.836498,109.50756152000031,1.8251260253333386,0.0039215686274509
test/attack/facedancer/iphone15/chinese2-flickr_M_26097180114_4c514c928d_c.jpg,chinese2-flickr_M_26097180114_4c514c928d_c,facedancer,iphone15,official_test,1726,2769,4779294,4.779294,127.67075669699989,2.127845944949998,0.0039215686274509
test/attack/facedancer/iphone15/chinese2-flickr_M_30516208604_4a571cf89d_c.jpg,chinese2-flickr_M_30516208604_4a571cf89d_c,facedancer,iphone15,official_test,1733,2758,4779614,4.779614,173.97944964400085,2.899657494066681,0.0039215686274509
test/attack/facedancer/iphone15/chinese2-flickr_M_31840786965_77af814416_h.jpg,chinese2-flickr_M_31840786965_77af814416_h,facedancer,iphone15,official_test,1744,2774,4837856,4.837856,224.61163675499938,3.7435272792499896,0.0029411764705882
test/attack/facedancer/iphone15/chinese2-flickr_M_33552319041_2631ab0a0c_c.jpg,chinese2-flickr_M_33552319041_2631ab0a0c_c,facedancer,iphone15,official_test,1732,2775,4806300,4.8063,180.17262570000457,3.002877095000076,0.0039215686274509
test/attack/facedancer/iphone15/netherland-flickr_M_17339867026_3135c7e76f_k.jpg,netherland-flickr_M_17339867026_3135c7e76f_k,facedancer,iphone15,official_test,1733,2782,4821206,4.821206,162.07520754200232,2.701253459033372,0.0039215686274509
test/attack/facedancer/iphone15/netherland-flickr_M_2409019110_4f42632225_o.jpg,netherland-flickr_M_2409019110_4f42632225_o,facedancer,iphone15,official_test,1737,2777,4823649,4.823649,136.71276822900109,2.278546137150018,0.0039215686274509
test/attack/facedancer/iphone15/netherland-flickr_M_26828968014_910728ddd9_k.jpg,netherland-flickr_M_26828968014_910728ddd9_k,facedancer,iphone15,official_test,1722,2776,4780272,4.780272,115.15143091699429,1.919190515283238,0.0039215686274509
test/attack/facedancer/iphone15/netherland-flickr_M_32689636931_6ac45273df_h.jpg,netherland-flickr_M_32689636931_6ac45273df_h,facedancer,iphone15,official_test,1750,2779,4863250,4.86325,118.38468848999764,1.9730781414999607,0.0039215686274509
test/attack/facedancer/scan/chinese2-flickr_F_16858102101_d4c5c1e7a2_c.jpg,chinese2-flickr_F_16858102101_d4c5c1e7a2_c,facedancer,scan,official_test,1245,1997,2486265,2.486265,43.65122123399851,0.7275203538999752,0.0039215686274509
test/attack/facedancer/scan/chinese2-flickr_F_17619703551_9705002b22_b.jpg,chinese2-flickr_F_17619703551_9705002b22_b,facedancer,scan,official_test,1248,1996,2491008,2.491008,41.362228665006114,0.6893704777501019,0.0029411764705882
test/attack/facedancer/scan/chinese2-flickr_M_16743317854_732a16acc8_k.jpg,chinese2-flickr_M_16743317854_732a16acc8_k,facedancer,scan,official_test,1251,1996,2496996,2.496996,42.77419899300003,0.7129033165500005,0.0039215686274509
test/attack/facedancer/scan/chinese2-flickr_M_22911363774_20c12ce7ec_c.jpg,chinese2-flickr_M_22911363774_20c12ce7ec_c,facedancer,scan,official_test,1247,1995,2487765,2.487765,42.58404810600041,0.7097341351000068,0.0039215686274509
test/attack/facedancer/scan/netherland-flickr_M_21260956694_6fd7ae0222_k.jpg,netherland-flickr_M_21260956694_6fd7ae0222_k,facedancer,scan,official_test,1243,2000,2486000,2.486,42.29527334400336,0.7049212224000561,0.0039215686274509
test/attack/facedancer/scan/netherland-flickr_M_2409019110_4f42632225_o.jpg,netherland-flickr_M_2409019110_4f42632225_o,facedancer,scan,official_test,1248,1992,2486016,2.486016,42.73597945000074,0.712266324166679,0.0029411764705882
test/attack/facedancer/scan/netherland-flickr_M_26828968014_910728ddd9_k.jpg,netherland-flickr_M_26828968014_910728ddd9_k,facedancer,scan,official_test,1248,1993,2487264,2.487264,41.18395326300015,0.6863992210500025,0.0039215686274509
test/attack/facedancer/scan/netherland-flickr_M_31998389253_0a26f25b0d_h.jpg,netherland-flickr_M_31998389253_0a26f25b0d_h,facedancer,scan,official_test,1250,1994,2492500,2.4925,41.81999259100121,0.6969998765166868,0.0039215686274509
test/attack/facedancer/scan/netherland-flickr_M_33239373490_5b5df42090_k.jpg,netherland-flickr_M_33239373490_5b5df42090_k,facedancer,scan,official_test,1249,1996,2493004,2.493004,42.19577775200014,0.7032629625333356,0.0039215686274509
test/attack/facedancer/scan/netherland-flickr_M_33276713046_c88eb6c4c8_c.jpg,netherland-flickr_M_33276713046_c88eb6c4c8_c,facedancer,scan,official_test,1248,1993,2487264,2.487264,41.452426852993085,0.690873780883218,0.0039215686274509
test/attack/facedancer/scan/netherland-flickr_M_6862482951_78a560f107_b.jpg,netherland-flickr_M_6862482951_78a560f107_b,facedancer,scan,official_test,1243,1999,2484757,2.484757,42.00433918699855,0.7000723197833092,0.0039215686274509
test/attack/facedancer/scan/singapore-flickr_F_20411794293_d7a6aae66c_c.jpg,singapore-flickr_F_20411794293_d7a6aae66c_c,facedancer,scan,official_test,1250,1992,2490000,2.49,42.208523752000474,0.7034753958666745,0.0039215686274509
test/attack/facedancer/scan/singapore-flickr_M_22942161980_136669b7da_c.jpg,singapore-flickr_M_22942161980_136669b7da_c,facedancer,scan,official_test,1248,1995,2489760,2.48976,40.93850403800025,0.6823084006333374,0.0039215686274509
test/attack/facedancer/scan/singapore-flickr_M_31226135201_5aa42a5a13_c.jpg,singapore-flickr_M_31226135201_5aa42a5a13_c,facedancer,scan,official_test,1246,1994,2484524,2.484524,43.0668363520017,0.717780605866695,0.0039215686274509
test/attack/facedancer/scan/singapore-flickr_M_31244514601_d2cb0773d7_c.jpg,singapore-flickr_M_31244514601_d2cb0773d7_c,facedancer,scan,official_test,1245,1994,2482530,2.48253,41.74523802200565,0.6957539670334275,0.0039215686274509
test/attack/facedancer/scan/singapore-flickr_M_33525333882_5cf0c0382a_k.jpg,singapore-flickr_M_33525333882_5cf0c0382a_k,facedancer,scan,official_test,1247,1997,2490259,2.490259,42.60913123100181,0.7101521871833635,0.0039215686274509
test/attack/textdiffuserft_bfei/huawei/chinese2-flickr_F_17178039488_60828ef8de_k.jpg,chinese2-flickr_F_17178039488_60828ef8de_k,textdiffuserft_bfei,huawei,official_test,2042,3228,6591576,6.591576,1744.1098575319993,29.068497625533322,0.0019607843137254
test/attack/textdiffuserft_bfei/huawei/chinese2-flickr_F_17619703551_9705002b22_b.jpg,chinese2-flickr_F_17619703551_9705002b22_b,textdiffuserft_bfei,huawei,official_test,2054,3210,6593340,6.59334,1492.020357821999,24.86700596369998,0.0019607843137254
test/attack/textdiffuserft_bfei/huawei/chinese2-flickr_F_17773666675_1bdbd28a62_c.jpg,chinese2-flickr_F_17773666675_1bdbd28a62_c,textdiffuserft_bfei,huawei,official_test,2035,3218,6548630,6.54863,1015.0770387629964,16.91795064604994,0.0019607843137254
test/attack/textdiffuserft_bfei/huawei/chinese2-flickr_F_21668538829_2fb67bd5fd_c.jpg,chinese2-flickr_F_21668538829_2fb67bd5fd_c,textdiffuserft_bfei,huawei,official_test,2052,3210,6586920,6.58692,1159.8587785440031,19.330979642400052,0.0039215686274509
test/attack/textdiffuserft_bfei/huawei/chinese2-flickr_F_25164779518_a723fab6b8_o.jpg,chinese2-flickr_F_25164779518_a723fab6b8_o,textdiffuserft_bfei,huawei,official_test,2058,3210,6606180,6.60618,1514.2951836799984,25.238253061333307,0.0039215686274509
test/attack/textdiffuserft_bfei/huawei/chinese2-flickr_F_25164805428_423bc49285_o.jpg,chinese2-flickr_F_25164805428_423bc49285_o,textdiffuserft_bfei,huawei,official_test,2064,3250,6708000,6.708,2447.6489505380014,40.79414917563336,0.0019607843137254
test/attack/textdiffuserft_bfei/huawei/chinese2-flickr_F_31998401683_5272a75c42_c.jpg,chinese2-flickr_F_31998401683_5272a75c42_c,textdiffuserft_bfei,huawei,official_test,2056,3211,6601816,6.601816,1371.6281220370001,22.860468700616668,0.0019607843137254
test/attack/textdiffuserft_bfei/huawei/chinese2-flickr_F_32689517821_bfacb0e1ba_h.jpg,chinese2-flickr_F_32689517821_bfacb0e1ba_h,textdiffuserft_bfei,huawei,official_test,2065,3230,6669950,6.66995,1379.815057019001,22.99691761698335,0.0019607843137254
test/attack/textdiffuserft_bfei/huawei/chinese2-flickr_F_33552328531_f6d5dd17b8_c.jpg,chinese2-flickr_F_33552328531_f6d5dd17b8_c,textdiffuserft_bfei,huawei,official_test,2050,3221,6603050,6.60305,1446.7862108129993,24.11310351354999,0.0039215686274509
test/attack/textdiffuserft_bfei/huawei/chinese2-flickr_F_40837237721_dedac367d4_c.jpg,chinese2-flickr_F_40837237721_dedac367d4_c,textdiffuserft_bfei,huawei,official_test,2042,3207,6548694,6.548694,1420.1940302080038,23.66990050346673,0.0019607843137254
test/attack/textdiffuserft_bfei/huawei/chinese2-flickr_M_16743317854_732a16acc8_k.jpg,chinese2-flickr_M_16743317854_732a16acc8_k,textdiffuserft_bfei,huawei,official_test,2059,3220,6629980,6.62998,1886.3457527819992,31.439095879699988,0.0019607843137254
test/attack/textdiffuserft_bfei/huawei/chinese2-flickr_M_30518538704_383875f8c4_c.jpg,chinese2-flickr_M_30518538704_383875f8c4_c,textdiffuserft_bfei,huawei,official_test,2049,3232,6622368,6.622368,1313.4816179160043,21.891360298600073,0.0039215686274509
test/attack/textdiffuserft_bfei/huawei/chinese2-flickr_M_31840786965_77af814416_h.jpg,chinese2-flickr_M_31840786965_77af814416_h,textdiffuserft_bfei,huawei,official_test,2060,3223,6639380,6.63938,1368.826752301,22.813779205016665,0.0019607843137254
test/attack/textdiffuserft_bfei/huawei/chinese2-flickr_M_31969854474_39f84b92eb_h.jpg,chinese2-flickr_M_31969854474_39f84b92eb_h,textdiffuserft_bfei,huawei,official_test,2046,3236,6620856,6.620856,1315.2722602040012,21.921204336733354,0.0039215686274509
test/attack/textdiffuserft_bfei/huawei/chinese2-flickr_M_33552319041_2631ab0a0c_c.jpg,chinese2-flickr_M_33552319041_2631ab0a0c_c,textdiffuserft_bfei,huawei,official_test,2088,3248,6781824,6.781824,2515.553775098997,41.92589625164995,0.0019607843137254
test/attack/textdiffuserft_bfei/huawei/chinese2-flickr_M_36353666424_ab1a94e172_k.jpg,chinese2-flickr_M_36353666424_ab1a94e172_k,textdiffuserft_bfei,huawei,official_test,2054,3212,6597448,6.597448,1066.3661175710004,17.77276862618334,0.0039215686274509
test/attack/textdiffuserft_bfei/huawei/chinese2-flickr_M_38999105422_457bedeef7_o.jpg,chinese2-flickr_M_38999105422_457bedeef7_o,textdiffuserft_bfei,huawei,official_test,2061,3225,6646725,6.646725,1823.9266875480025,30.398778125800042,0.0039215686274509
test/attack/textdiffuserft_bfei/huawei/netherland-flickr_F_28051545714_ab479f15eb_k.jpg,netherland-flickr_F_28051545714_ab479f15eb_k,textdiffuserft_bfei,huawei,official_test,2061,3206,6607566,6.607566,1561.5299714619978,26.02549952436663,0.0019607843137254
test/attack/textdiffuserft_bfei/huawei/netherland-flickr_F_31998547103_f617b19dfc_h.jpg,netherland-flickr_F_31998547103_f617b19dfc_h,textdiffuserft_bfei,huawei,official_test,2048,3225,6604800,6.6048,1306.0587158639973,21.767645264399956,0.0039215686274509
test/attack/textdiffuserft_bfei/huawei/netherland-flickr_F_32868411313_4bb20e41db_c.jpg,netherland-flickr_F_32868411313_4bb20e41db_c,textdiffuserft_bfei,huawei,official_test,2044,3232,6606208,6.606208,1313.9333804920025,21.89888967486671,0.0039215686274509
test/attack/textdiffuserft_bfei/huawei/netherland-flickr_F_37019045642_0a3fa19256_k.jpg,netherland-flickr_F_37019045642_0a3fa19256_k,textdiffuserft_bfei,huawei,official_test,2041,3235,6602635,6.602635,1380.6257360480013,23.010428934133355,0.0039215686274509
test/attack/textdiffuserft_bfei/huawei/netherland-flickr_M_14867283357_afe052b7e3_c.jpg,netherland-flickr_M_14867283357_afe052b7e3_c,textdiffuserft_bfei,huawei,official_test,2043,3203,6543729,6.543729,1129.4067323420022,18.82344553903337,0.0039215686274509
test/attack/textdiffuserft_bfei/huawei/netherland-flickr_M_15788104622_be592061dc_k.jpg,netherland-flickr_M_15788104622_be592061dc_k,textdiffuserft_bfei,huawei,official_test,2060,3208,6608480,6.60848,1353.6307412550013,22.560512354250022,0.0039215686274509
test/attack/textdiffuserft_bfei/huawei/netherland-flickr_M_19475853574_c947539b18_c.jpg,netherland-flickr_M_19475853574_c947539b18_c,textdiffuserft_bfei,huawei,official_test,1977,3160,6247320,6.24732,1475.3682846409993,24.58947141068332,0.0019607843137254
test/attack/textdiffuserft_bfei/huawei/netherland-flickr_M_21260956694_6fd7ae0222_k.jpg,netherland-flickr_M_21260956694_6fd7ae0222_k,textdiffuserft_bfei,huawei,official_test,1980,3182,6300360,6.30036,858.0597928089992,14.300996546816654,0.0039215686274509
test/attack/textdiffuserft_bfei/huawei/netherland-flickr_M_23559454676_4919252d67_c.jpg,netherland-flickr_M_23559454676_4919252d67_c,textdiffuserft_bfei,huawei,official_test,1985,3178,6308330,6.30833,1331.0799138589937,22.184665230983228,0.0039215686274509
test/attack/textdiffuserft_bfei/huawei/netherland-flickr_M_2409019110_4f42632225_o.jpg,netherland-flickr_M_2409019110_4f42632225_o,textdiffuserft_bfei,huawei,official_test,2047,3225,6601575,6.601575,1214.530592203002,20.242176536716702,0.0039215686274509
test/attack/textdiffuserft_bfei/huawei/netherland-flickr_M_30990255070_570d17d9d4_c.jpg,netherland-flickr_M_30990255070_570d17d9d4_c,textdiffuserft_bfei,huawei,official_test,1988,3185,6331780,6.33178,982.9019633560001,16.381699389266668,0.0039215686274509
test/attack/textdiffuserft_bfei/huawei/netherland-flickr_M_31998389253_0a26f25b0d_h.jpg,netherland-flickr_M_31998389253_0a26f25b0d_h,textdiffuserft_bfei,huawei,official_test,1982,3173,6288886,6.288886,871.0770568630032,14.51795094771672,0.0039215686274509
test/attack/textdiffuserft_bfei/huawei/netherland-flickr_M_33276713046_c88eb6c4c8_c.jpg,netherland-flickr_M_33276713046_c88eb6c4c8_c,textdiffuserft_bfei,huawei,official_test,1977,3172,6271044,6.271044,748.566703991004,12.4761117331834,0.0019607843137254
test/attack/textdiffuserft_bfei/huawei/netherland-flickr_M_4188233342_8473de8906_c.jpg,netherland-flickr_M_4188233342_8473de8906_c,textdiffuserft_bfei,huawei,official_test,2049,3224,6605976,6.605976,1600.6404105519978,26.67734017586663,0.0039215686274509
test/attack/textdiffuserft_bfei/huawei/netherland-flickr_M_6501027149_988313b64f_h.jpg,netherland-flickr_M_6501027149_988313b64f_h,textdiffuserft_bfei,huawei,official_test,2051,3223,6610373,6.610373,1350.657075092,22.510951251533335,0.0039215686274509
test/attack/textdiffuserft_bfei/huawei/singapore-flickr_F_32272417100_7c8c616f37_c.jpg,singapore-flickr_F_32272417100_7c8c616f37_c,textdiffuserft_bfei,huawei,official_test,1988,3171,6303948,6.303948,936.0739370610008,15.601232284350013,0.0039215686274509
test/attack/textdiffuserft_bfei/huawei/singapore-flickr_F_36921282312_c8e6a2674d_c.jpg,singapore-flickr_F_36921282312_c8e6a2674d_c,textdiffuserft_bfei,huawei,official_test,1979,3181,6295199,6.295199,784.6594576909993,13.07765762818332,0.0039215686274509
test/attack/textdiffuserft_bfei/huawei/singapore-flickr_M_24170605047_501e882ccc_o.jpg,singapore-flickr_M_24170605047_501e882ccc_o,textdiffuserft_bfei,huawei,official_test,1982,3170,6282940,6.28294,779.1433486330006,12.985722477216678,0.0039215686274509
test/attack/textdiffuserft_bfei/huawei/singapore-flickr_M_30518529884_4cf8f091df_c.jpg,singapore-flickr_M_30518529884_4cf8f091df_c,textdiffuserft_bfei,huawei,official_test,1973,3164,6242572,6.242572,1076.7852275549994,17.94642045924999,0.0039215686274509
test/attack/textdiffuserft_bfei/huawei/singapore-flickr_M_31226135201_5aa42a5a13_c.jpg,singapore-flickr_M_31226135201_5aa42a5a13_c,textdiffuserft_bfei,huawei,official_test,1993,3165,6307845,6.307845,1971.6578162749975,32.86096360458329,0.0039215686274509
test/attack/textdiffuserft_bfei/huawei/singapore-flickr_M_33525333882_5cf0c0382a_k.jpg,singapore-flickr_M_33525333882_5cf0c0382a_k,textdiffuserft_bfei,huawei,official_test,1975,3152,6225200,6.2252,912.3754979810001,15.206258299683334,0.0039215686274509
test/attack/textdiffuserft_bfei/huawei/singapore-flickr_M_37019084692_714cba8ac1_k.jpg,singapore-flickr_M_37019084692_714cba8ac1_k,textdiffuserft_bfei,huawei,official_test,1991,3189,6349299,6.349299,827.4717982959992,13.791196638266653,0.0039215686274509
test/attack/textdiffuserft_bfei/iphone15/chinese2-flickr_F_16858102101_d4c5c1e7a2_c.jpg,chinese2-flickr_F_16858102101_d4c5c1e7a2_c,textdiffuserft_bfei,iphone15,official_test,1733,2766,4793478,4.793478,212.30864408200432,3.538477401366739,0.0039215686274509
test/attack/textdiffuserft_bfei/iphone15/chinese2-flickr_F_21696826019_7407a3bea0_k.jpg,chinese2-flickr_F_21696826019_7407a3bea0_k,textdiffuserft_bfei,iphone15,official_test,1726,2764,4770664,4.770664,180.75333229800162,3.012555538300027,0.0039215686274509
test/attack/textdiffuserft_bfei/iphone15/chinese2-flickr_F_25164805428_423bc49285_o.jpg,chinese2-flickr_F_25164805428_423bc49285_o,textdiffuserft_bfei,iphone15,official_test,1725,2768,4774800,4.7748,124.38663991199974,2.0731106651999958,0.0039215686274509
test/attack/textdiffuserft_bfei/iphone15/chinese2-flickr_F_31196390972_be24a6067c_k.jpg,chinese2-flickr_F_31196390972_be24a6067c_k,textdiffuserft_bfei,iphone15,official_test,1744,2778,4844832,4.844832,142.49042350400123,2.3748403917333536,0.0039215686274509
test/attack/textdiffuserft_bfei/iphone15/chinese2-flickr_F_31998401683_5272a75c42_c.jpg,chinese2-flickr_F_31998401683_5272a75c42_c,textdiffuserft_bfei,iphone15,official_test,1740,2778,4833720,4.83372,166.98926504899282,2.7831544174832135,0.0039215686274509
test/attack/textdiffuserft_bfei/iphone15/chinese2-flickr_F_32689517821_bfacb0e1ba_h.jpg,chinese2-flickr_F_32689517821_bfacb0e1ba_h,textdiffuserft_bfei,iphone15,official_test,1747,2763,4826961,4.826961,135.8201495409994,2.263669159016657,0.0039215686274509
test/attack/textdiffuserft_bfei/iphone15/chinese2-flickr_F_40837237721_dedac367d4_c.jpg,chinese2-flickr_F_40837237721_dedac367d4_c,textdiffuserft_bfei,iphone15,official_test,1739,2767,4811813,4.811813,183.27896690400303,3.0546494484000504,0.0039215686274509
test/attack/textdiffuserft_bfei/iphone15/chinese2-flickr_M_16743317854_732a16acc8_k.jpg,chinese2-flickr_M_16743317854_732a16acc8_k,textdiffuserft_bfei,iphone15,official_test,1730,2774,4799020,4.79902,179.46664471999975,2.991110745333329,0.0039215686274509
test/attack/textdiffuserft_bfei/iphone15/chinese2-flickr_M_21459989349_7ab0e1ace5_k.jpg,chinese2-flickr_M_21459989349_7ab0e1ace5_k,textdiffuserft_bfei,iphone15,official_test,1733,2765,4791745,4.791745,106.06775609599936,1.7677959349333225,0.0039215686274509
test/attack/textdiffuserft_bfei/iphone15/chinese2-flickr_M_30518538704_383875f8c4_c.jpg,chinese2-flickr_M_30518538704_383875f8c4_c,textdiffuserft_bfei,iphone15,official_test,1737,2772,4814964,4.814964,188.96528734700405,3.149421455783401,0.0039215686274509
test/attack/textdiffuserft_bfei/iphone15/chinese2-flickr_M_31304800026_59e0161aba_c.jpg,chinese2-flickr_M_31304800026_59e0161aba_c,textdiffuserft_bfei,iphone15,official_test,1732,2767,4792444,4.792444,129.42771502300002,2.157128583716667,0.0039215686274509
test/attack/textdiffuserft_bfei/iphone15/chinese2-flickr_M_3625086942_a3ed938d9c_c.jpg,chinese2-flickr_M_3625086942_a3ed938d9c_c,textdiffuserft_bfei,iphone15,official_test,1745,2778,4847610,4.84761,117.83516054000211,1.9639193423333685,0.0039215686274509
test/attack/textdiffuserft_bfei/iphone15/chinese2-flickr_M_36353666424_ab1a94e172_k.jpg,chinese2-flickr_M_36353666424_ab1a94e172_k,textdiffuserft_bfei,iphone15,official_test,1752,2775,4861800,4.8618,183.6669413579948,3.061115689299913,0.0039215686274509
test/attack/textdiffuserft_bfei/iphone15/chinese2-flickr_M_37190875605_735b3fca0d_c.jpg,chinese2-flickr_M_37190875605_735b3fca0d_c,textdiffuserft_bfei,iphone15,official_test,1741,2775,4831275,4.831275,201.74547629300014,3.3624246048833357,0.0039215686274509
test/attack/textdiffuserft_bfei/iphone15/chinese2-flickr_M_6850649398_5d950a2635_k.jpg,chinese2-flickr_M_6850649398_5d950a2635_k,textdiffuserft_bfei,iphone15,official_test,1722,2779,4785438,4.785438,158.13150402199972,2.6355250670333286,0.0039215686274509
test/attack/textdiffuserft_bfei/iphone15/netherland-flickr_F_31998771523_784e7e9597_h.jpg,netherland-flickr_F_31998771523_784e7e9597_h,textdiffuserft_bfei,iphone15,official_test,1746,2772,4839912,4.839912,145.9367987930018,2.432279979883363,0.0039215686274509
test/attack/textdiffuserft_bfei/iphone15/netherland-flickr_F_36412358965_0ec43e5de3_c.jpg,netherland-flickr_F_36412358965_0ec43e5de3_c,textdiffuserft_bfei,iphone15,official_test,1733,2772,4803876,4.803876,179.60518922199935,2.9934198203666558,0.0039215686274509
test/attack/textdiffuserft_bfei/iphone15/netherland-flickr_F_37048326531_f8270ca4df_k.jpg,netherland-flickr_F_37048326531_f8270ca4df_k,textdiffuserft_bfei,iphone15,official_test,1739,2781,4836159,4.836159,205.47866198300107,3.4246443663833515,0.0039215686274509
test/attack/textdiffuserft_bfei/iphone15/netherland-flickr_M_14867283357_afe052b7e3_c.jpg,netherland-flickr_M_14867283357_afe052b7e3_c,textdiffuserft_bfei,iphone15,official_test,1730,2776,4802480,4.80248,99.84179144299924,1.6640298573833205,0.0039215686274509
test/attack/textdiffuserft_bfei/iphone15/netherland-flickr_M_21260956694_6fd7ae0222_k.jpg,netherland-flickr_M_21260956694_6fd7ae0222_k,textdiffuserft_bfei,iphone15,official_test,1745,2777,4845865,4.845865,177.17846952400032,2.952974492066672,0.0039215686274509
test/attack/textdiffuserft_bfei/iphone15/netherland-flickr_M_23559454676_4919252d67_c.jpg,netherland-flickr_M_23559454676_4919252d67_c,textdiffuserft_bfei,iphone15,official_test,1744,2776,4841344,4.841344,132.05001145699862,2.2008335242833104,0.0039215686274509
test/attack/textdiffuserft_bfei/iphone15/netherland-flickr_M_30990255070_570d17d9d4_c.jpg,netherland-flickr_M_30990255070_570d17d9d4_c,textdiffuserft_bfei,iphone15,official_test,1746,2780,4853880,4.85388,104.43418579100035,1.740569763183339,0.0039215686274509
test/attack/textdiffuserft_bfei/iphone15/netherland-flickr_M_31998389253_0a26f25b0d_h.jpg,netherland-flickr_M_31998389253_0a26f25b0d_h,textdiffuserft_bfei,iphone15,official_test,1743,2774,4835082,4.835082,152.6655712440006,2.5444261874000103,0.0039215686274509
test/attack/textdiffuserft_bfei/iphone15/netherland-flickr_M_31998818913_b87fd05689_h.jpg,netherland-flickr_M_31998818913_b87fd05689_h,textdiffuserft_bfei,iphone15,official_test,1736,2773,4813928,4.813928,199.7757887480002,3.3295964791333366,0.0039215686274509
test/attack/textdiffuserft_bfei/iphone15/netherland-flickr_M_33276713046_c88eb6c4c8_c.jpg,netherland-flickr_M_33276713046_c88eb6c4c8_c,textdiffuserft_bfei,iphone15,official_test,1741,2777,4834757,4.834757,113.76137460699829,1.8960229101166381,0.0019607843137254
test/attack/textdiffuserft_bfei/iphone15/netherland-flickr_M_4188233342_8473de8906_c.jpg,netherland-flickr_M_4188233342_8473de8906_c,textdiffuserft_bfei,iphone15,official_test,1747,2776,4849672,4.849672,119.72943563399895,1.9954905938999825,0.0039215686274509
test/attack/textdiffuserft_bfei/iphone15/singapore-flickr_F_31294646850_53ce869b2e_b.jpg,singapore-flickr_F_31294646850_53ce869b2e_b,textdiffuserft_bfei,iphone15,official_test,1749,2777,4856973,4.856973,136.64791369499926,2.2774652282499876,0.0039215686274509
test/attack/textdiffuserft_bfei/iphone15/singapore-flickr_F_32272417100_7c8c616f37_c.jpg,singapore-flickr_F_32272417100_7c8c616f37_c,textdiffuserft_bfei,iphone15,official_test,1735,2770,4805950,4.80595,178.2551552740042,2.970919254566737,0.0039215686274509
test/attack/textdiffuserft_bfei/iphone15/singapore-flickr_F_33552363961_ea0fc80afb_k.jpg,singapore-flickr_F_33552363961_ea0fc80afb_k,textdiffuserft_bfei,iphone15,official_test,1745,2774,4840630,4.84063,117.46575770700292,1.9577626284500487,0.0039215686274509
test/attack/textdiffuserft_bfei/iphone15/singapore-flickr_F_33574462985_422fca6322_c.jpg,singapore-flickr_F_33574462985_422fca6322_c,textdiffuserft_bfei,iphone15,official_test,1735,2778,4819830,4.81983,161.11637657199753,2.6852729428666255,0.0039215686274509
test/attack/textdiffuserft_bfei/iphone15/singapore-flickr_M_22512816725_a88536de72_c.jpg,singapore-flickr_M_22512816725_a88536de72_c,textdiffuserft_bfei,iphone15,official_test,1745,2777,4845865,4.845865,139.4212152910004,2.3236869215166736,0.0039215686274509
test/attack/textdiffuserft_bfei/iphone15/singapore-flickr_M_23543328125_d9409d5ae0_c.jpg,singapore-flickr_M_23543328125_d9409d5ae0_c,textdiffuserft_bfei,iphone15,official_test,1752,2783,4875816,4.875816,127.80842914599998,2.1301404857666664,0.0039215686274509
test/attack/textdiffuserft_bfei/iphone15/singapore-flickr_M_31226087931_7b83422543_c.jpg,singapore-flickr_M_31226087931_7b83422543_c,textdiffuserft_bfei,iphone15,official_test,1745,2778,4847610,4.84761,146.7742661480006,2.4462377691333432,0.0039215686274509
test/attack/textdiffuserft_bfei/scan/chinese2-flickr_F_17178039488_60828ef8de_k.jpg,chinese2-flickr_F_17178039488_60828ef8de_k,textdiffuserft_bfei,scan,official_test,1250,1996,2495000,2.495,43.784754410997266,0.7297459068499544,0.0039215686274509
test/attack/textdiffuserft_bfei/scan/chinese2-flickr_F_21668538829_2fb67bd5fd_c.jpg,chinese2-flickr_F_21668538829_2fb67bd5fd_c,textdiffuserft_bfei,scan,official_test,1248,1993,2487264,2.487264,41.82626632699976,0.6971044387833293,0.0039215686274509
test/attack/textdiffuserft_bfei/scan/chinese2-flickr_F_25164779518_a723fab6b8_o.jpg,chinese2-flickr_F_25164779518_a723fab6b8_o,textdiffuserft_bfei,scan,official_test,1247,1996,2489012,2.489012,41.88124361800146,0.698020726966691,0.0039215686274509
test/attack/textdiffuserft_bfei/scan/chinese2-flickr_F_25164805428_423bc49285_o.jpg,chinese2-flickr_F_25164805428_423bc49285_o,textdiffuserft_bfei,scan,official_test,1248,1997,2492256,2.492256,42.33274722499846,0.7055457870833076,0.0039215686274509
test/attack/textdiffuserft_bfei/scan/chinese2-flickr_F_39035705701_833f3da9bf_o.jpg,chinese2-flickr_F_39035705701_833f3da9bf_o,textdiffuserft_bfei,scan,official_test,1244,1997,2484268,2.484268,43.129279886001314,0.7188213314333552,0.0039215686274509
test/attack/textdiffuserft_bfei/scan/chinese2-flickr_F_40837237721_dedac367d4_c.jpg,chinese2-flickr_F_40837237721_dedac367d4_c,textdiffuserft_bfei,scan,official_test,1248,1995,2489760,2.48976,42.828128756002116,0.7138021459333685,0.0039215686274509
test/attack/textdiffuserft_bfei/scan/chinese2-flickr_M_21459989349_7ab0e1ace5_k.jpg,chinese2-flickr_M_21459989349_7ab0e1ace5_k,textdiffuserft_bfei,scan,official_test,1246,1994,2484524,2.484524,42.84897400999034,0.7141495668331724,0.0039215686274509
test/attack/textdiffuserft_bfei/scan/chinese2-flickr_M_24291592906_b097dd45e5_k.jpg,chinese2-flickr_M_24291592906_b097dd45e5_k,textdiffuserft_bfei,scan,official_test,1243,1998,2483514,2.483514,42.72180799799389,0.7120301332998982,0.0039215686274509
test/attack/textdiffuserft_bfei/scan/chinese2-flickr_M_30516208604_4a571cf89d_c.jpg,chinese2-flickr_M_30516208604_4a571cf89d_c,textdiffuserft_bfei,scan,official_test,1250,1996,2495000,2.495,41.9168432890001,0.6986140548166683,0.0039215686274509
test/attack/textdiffuserft_bfei/scan/chinese2-flickr_M_31969854474_39f84b92eb_h.jpg,chinese2-flickr_M_31969854474_39f84b92eb_h,textdiffuserft_bfei,scan,official_test,1246,1998,2489508,2.489508,42.783609309000894,0.7130601551500149,0.0039215686274509
test/attack/textdiffuserft_bfei/scan/chinese2-flickr_M_32771950686_f8d5084d87_h.jpg,chinese2-flickr_M_32771950686_f8d5084d87_h,textdiffuserft_bfei,scan,official_test,1246,2001,2493246,2.493246,42.290701635000005,0.7048450272500001,0.0039215686274509
test/attack/textdiffuserft_bfei/scan/chinese2-flickr_M_32812741685_462068ee90_h.jpg,chinese2-flickr_M_32812741685_462068ee90_h,textdiffuserft_bfei,scan,official_test,1252,1992,2493984,2.493984,42.32935427300254,0.7054892378833756,0.0039215686274509
test/attack/textdiffuserft_bfei/scan/chinese2-flickr_M_36353666424_ab1a94e172_k.jpg,chinese2-flickr_M_36353666424_ab1a94e172_k,textdiffuserft_bfei,scan,official_test,1251,1996,2496996,2.496996,42.63044321300549,0.7105073868834249,0.0039215686274509
test/attack/textdiffuserft_bfei/scan/netherland-flickr_F_28630210242_e3780d0ee9_b.jpg,netherland-flickr_F_28630210242_e3780d0ee9_b,textdiffuserft_bfei,scan,official_test,1246,1995,2485770,2.48577,41.491424075000396,0.6915237345833399,0.0039215686274509
test/attack/textdiffuserft_bfei/scan/netherland-flickr_F_36412358965_0ec43e5de3_c.jpg,netherland-flickr_F_36412358965_0ec43e5de3_c,textdiffuserft_bfei,scan,official_test,1247,1996,2489012,2.489012,41.86675543099409,0.6977792571832349,0.0039215686274509
test/attack/textdiffuserft_bfei/scan/netherland-flickr_M_17339867026_3135c7e76f_k.jpg,netherland-flickr_M_17339867026_3135c7e76f_k,textdiffuserft_bfei,scan,official_test,1243,1996,2481028,2.481028,42.45611638199989,0.7076019396999982,0.0039215686274509
test/attack/textdiffuserft_bfei/scan/netherland-flickr_M_18042193331_841d026f9a_c.jpg,netherland-flickr_M_18042193331_841d026f9a_c,textdiffuserft_bfei,scan,official_test,1249,1995,2491755,2.491755,41.949011343000166,0.6991501890500028,0.0039215686274509
test/attack/textdiffuserft_bfei/scan/netherland-flickr_M_30990255070_570d17d9d4_c.jpg,netherland-flickr_M_30990255070_570d17d9d4_c,textdiffuserft_bfei,scan,official_test,1246,1995,2485770,2.48577,41.62556351799867,0.6937593919666445,0.0039215686274509
test/attack/textdiffuserft_bfei/scan/netherland-flickr_M_33297625690_76e3181f5e_c.jpg,netherland-flickr_M_33297625690_76e3181f5e_c,textdiffuserft_bfei,scan,official_test,1245,1997,2486265,2.486265,42.31848411800456,0.7053080686334093,0.0039215686274509
test/attack/textdiffuserft_bfei/scan/netherland-flickr_M_6501027149_988313b64f_h.jpg,netherland-flickr_M_6501027149_988313b64f_h,textdiffuserft_bfei,scan,official_test,1248,1995,2489760,2.48976,42.474521128999186,0.7079086854833198,0.0039215686274509
test/attack/textdiffuserft_bfei/scan/singapore-flickr_F_31294646850_53ce869b2e_b.jpg,singapore-flickr_F_31294646850_53ce869b2e_b,textdiffuserft_bfei,scan,official_test,1249,1991,2486759,2.486759,43.635953650999,0.7272658941833167,0.0039215686274509
test/attack/textdiffuserft_bfei/scan/singapore-flickr_F_32272417100_7c8c616f37_c.jpg,singapore-flickr_F_32272417100_7c8c616f37_c,textdiffuserft_bfei,scan,official_test,1246,1997,2488262,2.488262,41.251116690000345,0.6875186115000057,0.0039215686274509
test/attack/textdiffuserft_bfei/scan/singapore-flickr_F_33552363961_ea0fc80afb_k.jpg,singapore-flickr_F_33552363961_ea0fc80afb_k,textdiffuserft_bfei,scan,official_test,1246,1997,2488262,2.488262,42.27306818299985,0.7045511363833309,0.0039215686274509
test/attack/textdiffuserft_bfei/scan/singapore-flickr_F_40795084473_21fafd815e_c.jpg,singapore-flickr_F_40795084473_21fafd815e_c,textdiffuserft_bfei,scan,official_test,1248,1994,2488512,2.488512,41.84392916600336,0.6973988194333894,0.0039215686274509
test/attack/textdiffuserft_bfei/scan/singapore-flickr_M_15788105142_89e9bca209_k.jpg,singapore-flickr_M_15788105142_89e9bca209_k,textdiffuserft_bfei,scan,official_test,1248,1995,2489760,2.48976,42.34806499200204,0.705801083200034,0.0039215686274509
test/attack/textdiffuserft_bfei/scan/singapore-flickr_M_24170605047_501e882ccc_o.jpg,singapore-flickr_M_24170605047_501e882ccc_o,textdiffuserft_bfei,scan,official_test,1248,1995,2489760,2.48976,41.23746310600109,0.6872910517666848,0.0039215686274509
test/attack/textdiffuserft_bfei/scan/singapore-flickr_M_30456580904_06749c0622_c.jpg,singapore-flickr_M_30456580904_06749c0622_c,textdiffuserft_bfei,scan,official_test,1248,1994,2488512,2.488512,40.65794076399834,0.677632346066639,0.0039215686274509
test/attack/textdiffuserft_bfei/scan/singapore-flickr_M_30518529884_4cf8f091df_c.jpg,singapore-flickr_M_30518529884_4cf8f091df_c,textdiffuserft_bfei,scan,official_test,1246,1995,2485770,2.48577,43.06063478500073,0.7176772464166788,0.0039215686274509
test/attack/textdiffuserft_bfei/scan/singapore-flickr_M_37019084692_714cba8ac1_k.jpg,singapore-flickr_M_37019084692_714cba8ac1_k,textdiffuserft_bfei,scan,official_test,1243,1999,2484757,2.484757,42.64936640900123,0.7108227734833539,0.0039215686274509
test/attack/textdiffuserft_bfei/scan/singapore-flickr_M_46826659491_bab820563f_c.jpg,singapore-flickr_M_46826659491_bab820563f_c,textdiffuserft_bfei,scan,official_test,1248,1997,2492256,2.492256,42.469853975999285,0.7078308995999881,0.0039215686274509
test/attack/digital_3/huawei/arabic-NF-1053.jpg,arabic-NF-1053,digital_3,huawei,official_test,1964,3187,6259268,6.259268,817.927088188997,13.632118136483284,0.0039215686274509
test/attack/digital_3/huawei/chinese-NF-1067.jpg,chinese-NF-1067,digital_3,huawei,official_test,1893,3035,5745255,5.745255,474.99382307500036,7.916563717916673,0.0039215686274509
test/attack/digital_3/huawei/french-022_03.jpg,french-022_03,digital_3,huawei,official_test,1969,3199,6298831,6.298831,1915.791550807,31.92985918011667,0.0019607843137254
test/attack/digital_3/huawei/french-NF-1047.jpg,french-NF-1047,digital_3,huawei,official_test,1968,3204,6305472,6.305472,1504.364078818,25.07273464696667,0.0039215686274509
test/attack/digital_3/huawei/indian-01_0097_000-b71b0c19_0.jpg,indian-01_0097_000-b71b0c19_0,digital_3,huawei,official_test,1969,3206,6312614,6.312614,1927.306421727999,32.12177369546665,0.0019607843137254
test/attack/digital_3/huawei/persian-010_03.jpg,persian-010_03,digital_3,huawei,official_test,1973,3198,6309654,6.309654,1860.7350262389991,31.012250437316652,0.0039215686274509
test/attack/digital_3/huawei/persian-NF-1001.jpg,persian-NF-1001,digital_3,huawei,official_test,1886,3026,5707036,5.707036,431.3348763669992,7.188914606116653,0.0039215686274509
test/attack/digital_3/huawei/portugal-172_03.jpg,portugal-172_03,digital_3,huawei,official_test,1882,3022,5687404,5.687404,445.4700778289998,7.424501297149997,0.0019607843137254
test/attack/digital_3/huawei/portugal-NF-1083.jpg,portugal-NF-1083,digital_3,huawei,official_test,1886,3035,5724010,5.72401,469.6744869330005,7.827908115550008,0.0039215686274509
test/attack/digital_3/huawei/portugal-NF-1086.jpg,portugal-NF-1086,digital_3,huawei,official_test,1965,3202,6291930,6.29193,1568.530542503,26.142175708383334,0.0039215686274509
test/attack/digital_3/huawei/russian-01_0075_000-9bed189a_0.jpg,russian-01_0075_000-9bed189a_0,digital_3,huawei,official_test,1972,3194,6298568,6.298568,1859.2206127860009,30.987010213100014,0.0019607843137254
test/attack/digital_3/huawei/russian-NF-1099.jpg,russian-NF-1099,digital_3,huawei,official_test,1896,3046,5775216,5.775216,374.35809247,6.239301541166666,0.0039215686274509
test/attack/digital_3/huawei/turkiye-130_03.jpg,turkiye-130_03,digital_3,huawei,official_test,1975,3198,6316050,6.31605,2694.7720943930008,44.912868239883345,0.0019607843137254
test/attack/digital_3/huawei/turkiye-NF-1002.jpg,turkiye-NF-1002,digital_3,huawei,official_test,1970,3200,6304000,6.304,1682.9667330720004,28.049445551200005,0.0019607843137254
test/attack/digital_3/huawei/ukraine-01_0091_000-2d8a528b_1.jpg,ukraine-01_0091_000-2d8a528b_1,digital_3,huawei,official_test,1970,3195,6294150,6.29415,1475.6734255150004,24.594557091916673,0.0039215686274509
test/attack/digital_3/huawei/ukraine-103_03.jpg,ukraine-103_03,digital_3,huawei,official_test,1980,3193,6322140,6.32214,1393.5399660960002,23.2256661016,0.0039215686274509
test/attack/digital_3/huawei/ukraine-NF-1106.jpg,ukraine-NF-1106,digital_3,huawei,official_test,1962,3199,6276438,6.276438,698.3868322460003,11.639780537433337,0.0039215686274509
test/attack/digital_3/huawei/usa-134_03.jpg,usa-134_03,digital_3,huawei,official_test,1976,3199,6321224,6.321224,2258.751399628,37.64585666046666,0.0039215686274509
test/attack/digital_3/huawei/usa-NF-1051.jpg,usa-NF-1051,digital_3,huawei,official_test,1981,3200,6339200,6.3392,1666.3897745099998,27.773162908499998,0.0039215686274509
test/attack/digital_3/iphone15pro/arabic-139_03.jpg,arabic-139_03,digital_3,iphone15pro,official_test,1605,2624,4211520,4.21152,74.30874729199968,1.238479121533328,0.0039215686274509
test/attack/digital_3/iphone15pro/chinese-018_03.jpg,chinese-018_03,digital_3,iphone15pro,official_test,1775,2780,4934500,4.9345,250.0094105019998,4.166823508366663,0.0039215686274509
test/attack/digital_3/iphone15pro/chinese-039_03.jpg,chinese-039_03,digital_3,iphone15pro,official_test,1763,2782,4904666,4.904666,127.31498503900002,2.121916417316667,0.0039215686274509
test/attack/digital_3/iphone15pro/chinese-NF-1014.jpg,chinese-NF-1014,digital_3,iphone15pro,official_test,1765,2786,4917290,4.91729,143.62829060100012,2.393804843350002,0.0039215686274509
test/attack/digital_3/iphone15pro/chinese-NF-1023.jpg,chinese-NF-1023,digital_3,iphone15pro,official_test,1776,2787,4949712,4.949712,243.06994640300036,4.05116577338334,0.0039215686274509
test/attack/digital_3/iphone15pro/french-01_0070_000-a4a25cda_0.jpg,french-01_0070_000-a4a25cda_0,digital_3,iphone15pro,official_test,1785,2801,4999785,4.999785,187.06186631199853,3.1176977718666423,0.0039215686274509
test/attack/digital_3/iphone15pro/french-097_03.jpg,french-097_03,digital_3,iphone15pro,official_test,1754,2788,4890152,4.890152,126.19193203099894,2.1031988671833157,0.0039215686274509
test/attack/digital_3/iphone15pro/french-114_03.jpg,french-114_03,digital_3,iphone15pro,official_test,1781,2803,4992143,4.992143,307.2149345889993,5.120248909816655,0.0039215686274509
test/attack/digital_3/iphone15pro/indian-038_03.jpg,indian-038_03,digital_3,iphone15pro,official_test,1780,2802,4987560,4.98756,183.95062999699985,3.065843833283331,0.0039215686274509
test/attack/digital_3/iphone15pro/indian-NM-1058.jpg,indian-NM-1058,digital_3,iphone15pro,official_test,1768,2814,4975152,4.975152,261.18057609100106,4.353009601516685,0.0039215686274509
test/attack/digital_3/iphone15pro/persian-01_0092_000-fad05fcd_1.jpg,persian-01_0092_000-fad05fcd_1,digital_3,iphone15pro,official_test,1789,2806,5019934,5.019934,324.2155322910003,5.403592204850004,0.0039215686274509
test/attack/digital_3/iphone15pro/portugal-066_03.jpg,portugal-066_03,digital_3,iphone15pro,official_test,1796,2868,5150928,5.150928,254.6190815200007,4.243651358666678,0.0039215686274509
test/attack/digital_3/iphone15pro/portugal-NF-1107.jpg,portugal-NF-1107,digital_3,iphone15pro,official_test,1803,2842,5124126,5.124126,365.19128069,6.086521344833333,0.0039215686274509
test/attack/digital_3/iphone15pro/russian-01_0075_000-9bed189a_0.jpg,russian-01_0075_000-9bed189a_0,digital_3,iphone15pro,official_test,1791,2837,5081067,5.081067,318.8655296649995,5.314425494416658,0.0039215686274509
test/attack/digital_3/iphone15pro/russian-01_0201_000-2ea0ec28_0.jpg,russian-01_0201_000-2ea0ec28_0,digital_3,iphone15pro,official_test,1799,2834,5098366,5.098366,346.32623750399944,5.772103958399991,0.0039215686274509
test/attack/digital_3/iphone15pro/russian-140_03.jpg,russian-140_03,digital_3,iphone15pro,official_test,1705,2753,4693865,4.693865,84.62290253199899,1.4103817088666497,0.0039215686274509
test/attack/digital_3/iphone15pro/russian-NF-1080.jpg,russian-NF-1080,digital_3,iphone15pro,official_test,1620,2632,4263840,4.26384,74.17223585600004,1.2362039309333341,0.0039215686274509
test/attack/digital_3/iphone15pro/turkiye-008_03.jpg,turkiye-008_03,digital_3,iphone15pro,official_test,1784,2823,5036232,5.036232,322.7447867189985,5.3790797786499756,0.0039215686274509
test/attack/digital_3/iphone15pro/turkiye-092_03.jpg,turkiye-092_03,digital_3,iphone15pro,official_test,1609,2632,4234888,4.234888,74.27262399699976,1.2378770666166625,0.0039215686274509
test/attack/digital_3/iphone15pro/turkiye-121_03.jpg,turkiye-121_03,digital_3,iphone15pro,official_test,1613,2633,4247029,4.247029,74.38594919600109,1.2397658199333514,0.0039215686274509
test/attack/digital_3/iphone15pro/turkiye-127_03.jpg,turkiye-127_03,digital_3,iphone15pro,official_test,1786,2804,5007944,5.007944,318.9306967859993,5.315511613099988,0.0039215686274509
test/attack/digital_3/iphone15pro/ukraine-NF-1005.jpg,ukraine-NF-1005,digital_3,iphone15pro,official_test,1800,2816,5068800,5.0688,239.41401709400088,3.990233618233348,0.0039215686274509
test/attack/digital_3/iphone15pro/ukraine-NF-1015.jpg,ukraine-NF-1015,digital_3,iphone15pro,official_test,1801,2818,5075218,5.075218,347.9155561860007,5.798592603100011,0.0039215686274509
test/attack/digital_3/iphone15pro/usa-009_03.jpg,usa-009_03,digital_3,iphone15pro,official_test,1793,2819,5054467,5.054467,324.17602210900077,5.402933701816679,0.0039215686274509
test/attack/digital_3/iphone15pro/usa-01_0080_000-0c832328_1.jpg,usa-01_0080_000-0c832328_1,digital_3,iphone15pro,official_test,1786,2824,5043664,5.043664,232.69083574599972,3.878180595766662,0.0039215686274509
test/attack/digital_3/iphone15pro/usa-NF-1071.jpg,usa-NF-1071,digital_3,iphone15pro,official_test,1787,2849,5091163,5.091163,370.50495666200004,6.175082611033334,0.0039215686274509
test/attack/digital_3/scan/arabic-005_03.jpg,arabic-005_03,digital_3,scan,official_test,1248,2001,2497248,2.497248,42.98387736599943,0.7163979560999906,0.0039215686274509
test/attack/digital_3/scan/arabic-NF-1048.jpg,arabic-NF-1048,digital_3,scan,official_test,1248,2005,2502240,2.50224,43.30503095399945,0.7217505158999908,0.0039215686274509
test/attack/digital_3/scan/chinese-113_03.jpg,chinese-113_03,digital_3,scan,official_test,1250,1990,2487500,2.4875,41.11214591300086,0.6852024318833476,0.0039215686274509
test/attack/digital_3/scan/chinese-NF-1067.jpg,chinese-NF-1067,digital_3,scan,official_test,1247,1997,2490259,2.490259,42.00627180599986,0.7001045300999976,0.0039215686274509
test/attack/digital_3/scan/french-114_03.jpg,french-114_03,digital_3,scan,official_test,1250,1995,2493750,2.49375,43.00651451200065,0.7167752418666775,0.0039215686274509
test/attack/digital_3/scan/french-NF-1020.jpg,french-NF-1020,digital_3,scan,official_test,1252,1996,2498992,2.498992,42.76164958300069,0.7126941597166782,0.0039215686274509
test/attack/digital_3/scan/indian-094_03.jpg,indian-094_03,digital_3,scan,official_test,1247,1992,2484024,2.484024,41.301502689999325,0.6883583781666555,0.0039215686274509
test/attack/digital_3/scan/persian-NM-1010.jpg,persian-NM-1010,digital_3,scan,official_test,1253,1991,2494723,2.494723,42.866321085999516,0.7144386847666586,0.0039215686274509
test/attack/digital_3/scan/portugal-105_03.jpg,portugal-105_03,digital_3,scan,official_test,1248,1992,2486016,2.486016,43.21828603999893,0.7203047673333155,0.0039215686274509
test/attack/digital_3/scan/russian-027_03.jpg,russian-027_03,digital_3,scan,official_test,1246,1995,2485770,2.48577,41.2909629450005,0.6881827157500083,0.0039215686274509
test/attack/digital_3/scan/russian-132_03.jpg,russian-132_03,digital_3,scan,official_test,1247,1994,2486518,2.486518,42.47721821699997,0.7079536369499996,0.0039215686274509
test/attack/digital_3/scan/russian-141_03.jpg,russian-141_03,digital_3,scan,official_test,1247,1993,2485271,2.485271,41.32903331499983,0.6888172219166638,0.0039215686274509
test/attack/digital_3/scan/russian-NF-1028.jpg,russian-NF-1028,digital_3,scan,official_test,1251,1995,2495745,2.495745,41.97997999799918,0.6996663332999863,0.0039215686274509
test/attack/digital_3/scan/russian-NF-1089.jpg,russian-NF-1089,digital_3,scan,official_test,1246,1992,2482032,2.482032,41.90504940900064,0.6984174901500106,0.0039215686274509
test/attack/digital_3/scan/turkiye-01_0035_000-d4764bf3_0.jpg,turkiye-01_0035_000-d4764bf3_0,digital_3,scan,official_test,1247,2000,2494000,2.494,43.358833872000105,0.7226472312000017,0.0039215686274509
test/attack/digital_3/scan/turkiye-041_03.jpg,turkiye-041_03,digital_3,scan,official_test,1246,1998,2489508,2.489508,43.21477639399927,0.7202462732333212,0.0039215686274509
test/attack/digital_3/scan/turkiye-083_03.jpg,turkiye-083_03,digital_3,scan,official_test,1252,1989,2490228,2.490228,41.67161452599976,0.6945269087666627,0.0039215686274509
test/attack/digital_3/scan/turkiye-NM-1055.jpg,turkiye-NM-1055,digital_3,scan,official_test,1249,1992,2488008,2.488008,43.4992862099989,0.7249881034999817,0.0039215686274509
test/attack/digital_3/scan/ukraine-NF-1015.jpg,ukraine-NF-1015,digital_3,scan,official_test,1246,1993,2483278,2.483278,42.51239082099892,0.7085398470166486,0.0039215686274509
test/attack/digital_3/scan/usa-016_03.jpg,usa-016_03,digital_3,scan,official_test,1248,1993,2487264,2.487264,42.452954541999134,0.7075492423666522,0.0039215686274509
test/attack/digital_3/scan/usa-067_03.jpg,usa-067_03,digital_3,scan,official_test,1248,1997,2492256,2.492256,41.03632240099978,0.6839387066833297,0.0039215686274509
test/attack/digital_3/scan/usa-NF-1065.jpg,usa-NF-1065,digital_3,scan,official_test,1248,1995,2489760,2.48976,41.62299053999959,0.6937165089999932,0.0039215686274509
test/attack/facedancer/huawei/singapore-flickr_F_40795084473_21fafd815e_c.jpg,singapore-flickr_F_40795084473_21fafd815e_c,facedancer,huawei,official_test,1973,3166,6246518,6.246518,647.8004874340004,10.796674790566673,0.0039215686274509
test/attack/facedancer/iphone15/chinese2-flickr_F_39035705701_833f3da9bf_o.jpg,chinese2-flickr_F_39035705701_833f3da9bf_o,facedancer,iphone15,official_test,1750,2769,4845750,4.84575,114.02765517600074,1.9004609196000122,0.0039215686274509
test/attack/facedancer/iphone15/netherland-flickr_F_28630210242_e3780d0ee9_b.jpg,netherland-flickr_F_28630210242_e3780d0ee9_b,facedancer,iphone15,official_test,1743,2769,4826367,4.826367,148.55815442899984,2.4759692404833307,0.0039215686274509
test/attack/facedancer/scan/chinese2-flickr_F_32689517821_bfacb0e1ba_h.jpg,chinese2-flickr_F_32689517821_bfacb0e1ba_h,facedancer,scan,official_test,1249,1997,2494253,2.494253,43.30910083300114,0.7218183472166857,0.0039215686274509
test/attack/facedancer/scan/netherland-flickr_F_20301931855_4cd18f8166_k.jpg,netherland-flickr_F_20301931855_4cd18f8166_k,facedancer,scan,official_test,1249,1995,2491755,2.491755,42.40793051000037,0.7067988418333395,0.0029411764705882
test/attack/facedancer/scan/netherland-flickr_F_32868411313_4bb20e41db_c.jpg,netherland-flickr_F_32868411313_4bb20e41db_c,facedancer,scan,official_test,1246,1999,2490754,2.490754,42.16309577900029,0.7027182629833381,0.0029411764705882
test/attack/facedancer/scan/netherland-flickr_M_19475853574_c947539b18_c.jpg,netherland-flickr_M_19475853574_c947539b18_c,facedancer,scan,official_test,1249,1993,2489257,2.489257,41.715327237001475,0.6952554539500245,0.0039215686274509
test/attack/facedancer/scan/singapore-flickr_F_33525297682_eee6031622_c.jpg,singapore-flickr_F_33525297682_eee6031622_c,facedancer,scan,official_test,1247,1998,2491506,2.491506,42.91386391500055,0.7152310652500091,0.0039215686274509
test/attack/textdiffuserft_bfei/huawei/netherland-flickr_M_26828968014_910728ddd9_k.jpg,netherland-flickr_M_26828968014_910728ddd9_k,textdiffuserft_bfei,huawei,official_test,1979,3175,6283325,6.283325,912.232557674,15.203875961233333,0.0019607843137254
test/attack/textdiffuserft_bfei/huawei/singapore-flickr_M_15788105142_89e9bca209_k.jpg,singapore-flickr_M_15788105142_89e9bca209_k,textdiffuserft_bfei,huawei,official_test,1968,3160,6218880,6.21888,511.97955846900004,8.53299264115,0.0039215686274509
test/attack/textdiffuserft_bfei/huawei/singapore-flickr_M_31340377345_6781e5f574_k.jpg,singapore-flickr_M_31340377345_6781e5f574_k,textdiffuserft_bfei,huawei,official_test,1982,3162,6267084,6.267084,1356.2703880219997,22.604506467033328,0.0039215686274509
test/attack/textdiffuserft_bfei/iphone15/chinese2-flickr_F_31998955273_5516f4db28_h.jpg,chinese2-flickr_F_31998955273_5516f4db28_h,textdiffuserft_bfei,iphone15,official_test,1741,2778,4836498,4.836498,169.79713264300062,2.829952210716677,0.0039215686274509
test/attack/textdiffuserft_bfei/iphone15/chinese2-flickr_M_22911363774_20c12ce7ec_c.jpg,chinese2-flickr_M_22911363774_20c12ce7ec_c,textdiffuserft_bfei,iphone15,official_test,1721,2773,4772333,4.772333,151.7565985050005,2.5292766417500085,0.0039215686274509
test/attack/textdiffuserft_bfei/iphone15/chinese2-flickr_M_32812741685_462068ee90_h.jpg,chinese2-flickr_M_32812741685_462068ee90_h,textdiffuserft_bfei,iphone15,official_test,1726,2775,4789650,4.78965,125.32210365599985,2.0887017275999975,0.0039215686274509
test/attack/textdiffuserft_bfei/iphone15/singapore-flickr_F_19679296994_d0fc2a7ac6_o.jpg,singapore-flickr_F_19679296994_d0fc2a7ac6_o,textdiffuserft_bfei,iphone15,official_test,1734,2768,4799712,4.799712,115.33548449199952,1.9222580748666587,0.0039215686274509
test/attack/textdiffuserft_bfei/iphone15/singapore-flickr_F_36921282312_c8e6a2674d_c.jpg,singapore-flickr_F_36921282312_c8e6a2674d_c,textdiffuserft_bfei,iphone15,official_test,1736,2772,4812192,4.812192,128.8551768870002,2.1475862814500033,0.0039215686274509
test/attack/textdiffuserft_bfei/scan/netherland-flickr_F_26297818201_09eab93588_k.jpg,netherland-flickr_F_26297818201_09eab93588_k,textdiffuserft_bfei,scan,official_test,1246,1997,2488262,2.488262,41.94363471100041,0.6990605785166736,0.0039215686274509
test/attack/textdiffuserft_bfei/scan/netherland-flickr_F_28051545714_ab479f15eb_k.jpg,netherland-flickr_F_28051545714_ab479f15eb_k,textdiffuserft_bfei,scan,official_test,1252,1993,2495236,2.495236,43.03356818300017,0.7172261363833362,0.0039215686274509
test/attack/textdiffuserft_bfei/scan/netherland-flickr_F_37048326531_f8270ca4df_k.jpg,netherland-flickr_F_37048326531_f8270ca4df_k,textdiffuserft_bfei,scan,official_test,1246,1996,2487016,2.487016,41.260487427000044,0.6876747904500007,0.0039215686274509
test/attack/textdiffuserft_bfei/scan/netherland-flickr_M_14867283357_afe052b7e3_c.jpg,netherland-flickr_M_14867283357_afe052b7e3_c,textdiffuserft_bfei,scan,official_test,1249,1996,2493004,2.493004,41.92924027200024,0.698820671200004,0.0039215686274509
test/attack/textdiffuserft_bfei/scan/netherland-flickr_M_32689636931_6ac45273df_h.jpg,netherland-flickr_M_32689636931_6ac45273df_h,textdiffuserft_bfei,scan,official_test,1248,1998,2493504,2.493504,41.90234585199869,0.6983724308666448,0.0039215686274509
test/attack/textdiffuserft_bfei/scan/singapore-flickr_M_23543328125_d9409d5ae0_c.jpg,singapore-flickr_M_23543328125_d9409d5ae0_c,textdiffuserft_bfei,scan,official_test,1245,1999,2488755,2.488755,41.56038235100095,0.6926730391833492,0.0039215686274509
test/attack/textdiffuserft_bfei/scan/singapore-flickr_M_31226087931_7b83422543_c.jpg,singapore-flickr_M_31226087931_7b83422543_c,textdiffuserft_bfei,scan,official_test,1248,1996,2491008,2.491008,42.072506463000536,0.7012084410500089,0.0039215686274509
test/attack/textdiffuserft_bfei/scan/singapore-flickr_M_50611940256_8405427c78_k.jpg,singapore-flickr_M_50611940256_8405427c78_k,textdiffuserft_bfei,scan,official_test,1251,1993,2493243,2.493243,41.7275567960005,0.6954592799333417,0.0039215686274509
train/attack/digital_2/huawei/usa-NM-1038.jpg,usa-NM-1038,digital_2,huawei,dev_val,1883,3043,5729969,5.729969,527.9741601669994,8.799569336116656,0.0039215686274509
test/attack/digital_3/huawei/chinese-018_03.jpg,chinese-018_03,digital_3,huawei,official_test,1971,3189,6285519,6.285519,885.5734304039979,14.759557173399966,0.0039215686274509
test/attack/digital_3/huawei/chinese-NF-1072.jpg,chinese-NF-1072,digital_3,huawei,official_test,1966,3192,6275472,6.275472,653.8521290999997,10.897535484999995,0.0039215686274509
test/attack/digital_3/huawei/french-091_03.jpg,french-091_03,digital_3,huawei,official_test,1963,3192,6265896,6.265896,771.7695345259999,12.862825575433332,0.0029411764705882
test/attack/digital_3/huawei/indian-01_0082_000-1b935c0e_0.jpg,indian-01_0082_000-1b935c0e_0,digital_3,huawei,official_test,1899,3029,5752071,5.752071,566.710640964,9.445177349400002,0.0019607843137254
test/attack/digital_3/huawei/persian-122_03.jpg,persian-122_03,digital_3,huawei,official_test,1968,3207,6311376,6.311376,865.8330935040012,14.43055155840002,0.0019607843137254
test/attack/digital_3/huawei/persian-NF-1018.jpg,persian-NF-1018,digital_3,huawei,official_test,1967,3194,6282598,6.282598,859.2041774360005,14.32006962393334,0.0039215686274509
test/attack/digital_3/huawei/portugal-143_03.jpg,portugal-143_03,digital_3,huawei,official_test,1883,3026,5697958,5.697958,525.8123041140025,8.76353840190004,0.0039215686274509
test/attack/digital_3/huawei/portugal-NF-1016.jpg,portugal-NF-1016,digital_3,huawei,official_test,1967,3198,6290466,6.290466,921.6936437619988,15.361560729366648,0.0039215686274509
test/attack/digital_3/huawei/turkiye-01_0074_000-c54807ec_1.jpg,turkiye-01_0074_000-c54807ec_1,digital_3,huawei,official_test,1973,3203,6319519,6.319519,1393.9331644569993,23.232219407616654,0.0019607843137254
test/attack/digital_3/huawei/turkiye-01_0078_000-cfc6a96f_1.jpg,turkiye-01_0078_000-cfc6a96f_1,digital_3,huawei,official_test,1981,3191,6321371,6.321371,1034.602354532999,17.243372575549984,0.0019607843137254
test/attack/digital_3/huawei/turkiye-129_03.jpg,turkiye-129_03,digital_3,huawei,official_test,1972,3202,6314344,6.314344,1040.7879505330002,17.34646584221667,0.0039215686274509
test/attack/digital_3/huawei/turkiye-NF-1054.jpg,turkiye-NF-1054,digital_3,huawei,official_test,1880,3039,5713320,5.71332,495.618907393,8.260315123216666,0.0019607843137254
test/attack/digital_3/huawei/ukraine-030_03.jpg,ukraine-030_03,digital_3,huawei,official_test,1971,3193,6293403,6.293403,1178.760620006,19.64601033343333,0.0009803921568627
test/attack/digital_3/huawei/usa-009_03.jpg,usa-009_03,digital_3,huawei,official_test,1979,3204,6340716,6.340716,983.1978669740001,16.386631116233335,0.0039215686274509
test/attack/digital_3/huawei/usa-034_03.jpg,usa-034_03,digital_3,huawei,official_test,1971,3199,6305229,6.305229,1045.1473963579992,17.41912327263332,0.0039215686274509
test/attack/digital_3/huawei/usa-NF-1062.jpg,usa-NF-1062,digital_3,huawei,official_test,1974,3204,6324696,6.324696,1881.612645188001,31.360210753133348,0.0039215686274509
test/attack/digital_3/iphone15pro/arabic-120_03.jpg,arabic-120_03,digital_3,iphone15pro,official_test,1737,2768,4808016,4.808016,161.524957396,2.6920826232666664,0.0039215686274509
test/attack/digital_3/iphone15pro/arabic-NF-1037.jpg,arabic-NF-1037,digital_3,iphone15pro,official_test,1604,2626,4212104,4.212104,76.04522860599991,1.2674204767666652,0.0039215686274509
test/attack/digital_3/iphone15pro/arabic-NF-1040.jpg,arabic-NF-1040,digital_3,iphone15pro,official_test,1764,2790,4921560,4.92156,203.59918001200003,3.393319666866667,0.0039215686274509
test/attack/digital_3/iphone15pro/arabic-NF-1049.jpg,arabic-NF-1049,digital_3,iphone15pro,official_test,1769,2790,4935510,4.93551,303.1455373419999,5.052425622366665,0.0039215686274509
test/attack/digital_3/iphone15pro/arabic-NF-1053.jpg,arabic-NF-1053,digital_3,iphone15pro,official_test,1766,2772,4895352,4.895352,193.8049851599999,3.2300830859999983,0.0039215686274509
test/attack/digital_3/iphone15pro/chinese-142_03.jpg,chinese-142_03,digital_3,iphone15pro,official_test,1762,2784,4905408,4.905408,158.21587399500004,2.636931233250001,0.0039215686274509
test/attack/digital_3/iphone15pro/chinese-NF-1067.jpg,chinese-NF-1067,digital_3,iphone15pro,official_test,1609,2633,4236497,4.236497,74.43921004499998,1.2406535007499997,0.0039215686274509
test/attack/digital_3/iphone15pro/french-NF-1056.jpg,french-NF-1056,digital_3,iphone15pro,official_test,1788,2801,5008188,5.008188,287.2420709020007,4.787367848366679,0.0039215686274509
test/attack/digital_3/iphone15pro/indian-01_0097_000-b71b0c19_0.jpg,indian-01_0097_000-b71b0c19_0,digital_3,iphone15pro,official_test,1783,2801,4994183,4.994183,275.15958392299945,4.585993065383324,0.0039215686274509
test/attack/digital_3/iphone15pro/indian-NF-1039.jpg,indian-NF-1039,digital_3,iphone15pro,official_test,1768,2801,4952168,4.952168,382.95904481499747,6.3826507469166245,0.0039215686274509
test/attack/digital_3/iphone15pro/indian-NF-1075.jpg,indian-NF-1075,digital_3,iphone15pro,official_test,1789,2795,5000255,5.000255,282.5521371110008,4.709202285183347,0.0039215686274509
test/attack/digital_3/iphone15pro/persian-01_0065_000-763dd95b_0.jpg,persian-01_0065_000-763dd95b_0,digital_3,iphone15pro,official_test,1778,2806,4989068,4.989068,275.4321043480013,4.590535072466689,0.0019607843137254
test/attack/digital_3/iphone15pro/persian-NF-1031.jpg,persian-NF-1031,digital_3,iphone15pro,official_test,1609,2640,4247760,4.24776,74.46614865400034,1.2411024775666724,0.0039215686274509
test/attack/digital_3/iphone15pro/portugal-NF-1026.jpg,portugal-NF-1026,digital_3,iphone15pro,official_test,1808,2852,5156416,5.156416,232.9933591370027,3.8832226522833784,0.0039215686274509
test/attack/digital_3/iphone15pro/russian-027_03.jpg,russian-027_03,digital_3,iphone15pro,official_test,1798,2839,5104522,5.104522,271.82126139699903,4.530354356616651,0.0039215686274509
test/attack/digital_3/iphone15pro/turkiye-01_0085_000-65296866_0.jpg,turkiye-01_0085_000-65296866_0,digital_3,iphone15pro,official_test,1800,2819,5074200,5.0742,314.8955474379982,5.248259123966636,0.0039215686274509
test/attack/digital_3/iphone15pro/turkiye-032_03.jpg,turkiye-032_03,digital_3,iphone15pro,official_test,1794,2825,5068050,5.06805,326.41150009899866,5.440191668316644,0.0039215686274509
test/attack/digital_3/iphone15pro/turkiye-086_03.jpg,turkiye-086_03,digital_3,iphone15pro,official_test,1799,2824,5080376,5.080376,303.99161117300173,5.066526852883362,0.0039215686274509
test/attack/digital_3/iphone15pro/turkiye-101_03.jpg,turkiye-101_03,digital_3,iphone15pro,official_test,1790,2818,5044220,5.04422,313.82334839700343,5.2303891399500575,0.0039215686274509
test/attack/digital_3/iphone15pro/ukraine-01_0073_000-d23bdbae_1.jpg,ukraine-01_0073_000-d23bdbae_1,digital_3,iphone15pro,official_test,1798,2831,5090138,5.090138,323.2036542079986,5.386727570133311,0.0039215686274509
test/attack/digital_3/iphone15pro/usa-137_03.jpg,usa-137_03,digital_3,iphone15pro,official_test,1789,2807,5021723,5.021723,306.2735916110032,5.104559860183387,0.0039215686274509
test/attack/digital_3/iphone15pro/usa-NF-1009.jpg,usa-NF-1009,digital_3,iphone15pro,official_test,1779,2797,4975863,4.975863,385.0414902590055,6.417358170983425,0.0019607843137254
test/attack/digital_3/iphone15pro/usa-NF-1036.jpg,usa-NF-1036,digital_3,iphone15pro,official_test,1800,2807,5052600,5.0526,331.0872179850012,5.51812029975002,0.0039215686274509
test/attack/digital_3/iphone15pro/usa-NF-1051.jpg,usa-NF-1051,digital_3,iphone15pro,official_test,1793,2809,5036537,5.036537,313.39287508300185,5.223214584716698,0.0039215686274509
test/attack/digital_3/iphone15pro/usa-NF-1065.jpg,usa-NF-1065,digital_3,iphone15pro,official_test,1611,2647,4264317,4.264317,75.59566273400014,1.2599277122333357,0.0039215686274509
test/attack/digital_3/iphone15pro/usa-NM-1052.jpg,usa-NM-1052,digital_3,iphone15pro,official_test,1809,2836,5130324,5.130324,315.0085497370019,5.250142495616698,0.0039215686274509
test/attack/digital_3/scan/arabic-NF-1040.jpg,arabic-NF-1040,digital_3,scan,official_test,1247,2000,2494000,2.494,43.410845553999934,0.7235140925666655,0.0039215686274509
test/attack/digital_3/scan/chinese-081_03.jpg,chinese-081_03,digital_3,scan,official_test,1253,1997,2502241,2.502241,42.14015722899967,0.7023359538166611,0.0039215686274509
test/attack/digital_3/scan/chinese-102_03.jpg,chinese-102_03,digital_3,scan,official_test,1250,1995,2493750,2.49375,43.437499665999894,0.7239583277666649,0.0039215686274509
test/attack/digital_3/scan/chinese-NF-1101.jpg,chinese-NF-1101,digital_3,scan,official_test,1245,1998,2487510,2.48751,42.495751445000224,0.708262524083337,0.0039215686274509
test/attack/digital_3/scan/indian-014_03.jpg,indian-014_03,digital_3,scan,official_test,1249,1997,2494253,2.494253,44.1151308540002,0.7352521809000033,0.0039215686274509
test/attack/digital_3/scan/indian-01_0004_000-2423feb1_0.jpg,indian-01_0004_000-2423feb1_0,digital_3,scan,official_test,1248,1992,2486016,2.486016,41.599357421000605,0.6933226236833434,0.0039215686274509
test/attack/digital_3/scan/indian-038_03.jpg,indian-038_03,digital_3,scan,official_test,1247,1992,2484024,2.484024,41.249831524,0.6874971920666667,0.0039215686274509
test/attack/digital_3/scan/persian-01_0096_000-75b0e83b_0.jpg,persian-01_0096_000-75b0e83b_0,digital_3,scan,official_test,1249,1992,2488008,2.488008,42.17506419300025,0.7029177365500042,0.0039215686274509
test/attack/digital_3/scan/persian-NF-1034.jpg,persian-NF-1034,digital_3,scan,official_test,1247,1993,2485271,2.485271,41.806753797000056,0.696779229950001,0.0039215686274509
test/attack/digital_3/scan/persian-NF-1043.jpg,persian-NF-1043,digital_3,scan,official_test,1251,1993,2493243,2.493243,43.159102420000636,0.7193183736666773,0.0039215686274509
test/attack/digital_3/scan/persian-NF-1079.jpg,persian-NF-1079,digital_3,scan,official_test,1251,1998,2499498,2.499498,41.87922650600012,0.6979871084333353,0.0039215686274509
test/attack/digital_3/scan/persian-NF-1097.jpg,persian-NF-1097,digital_3,scan,official_test,1246,1999,2490754,2.490754,41.84566431700023,0.6974277386166705,0.0039215686274509
test/attack/digital_3/scan/persian-NM-1035.jpg,persian-NM-1035,digital_3,scan,official_test,1247,1994,2486518,2.486518,43.632938732000184,0.7272156455333364,0.0039215686274509
test/attack/digital_3/scan/portugal-004_03.jpg,portugal-004_03,digital_3,scan,official_test,1251,1995,2495745,2.495745,43.2794093120001,0.7213234885333349,0.0039215686274509
test/attack/digital_3/scan/portugal-026_03.jpg,portugal-026_03,digital_3,scan,official_test,1246,1993,2483278,2.483278,42.116676505000214,0.7019446084166703,0.0039215686274509
test/attack/digital_3/scan/portugal-NF-1041.jpg,portugal-NF-1041,digital_3,scan,official_test,1246,1998,2489508,2.489508,42.34434464399965,0.7057390773999941,0.0039215686274509
test/attack/digital_3/scan/portugal-NF-1083.jpg,portugal-NF-1083,digital_3,scan,official_test,1246,1995,2485770,2.48577,42.802484238000034,0.7133747373000006,0.0039215686274509
test/attack/digital_3/scan/russian-NM-1027.jpg,russian-NM-1027,digital_3,scan,official_test,1252,1995,2497740,2.49774,42.139741074000085,0.7023290179000015,0.0039215686274509
test/attack/digital_3/scan/turkiye-086_03.jpg,turkiye-086_03,digital_3,scan,official_test,1248,1993,2487264,2.487264,42.53765970300037,0.7089609950500062,0.0039215686274509
test/attack/digital_3/scan/turkiye-121_03.jpg,turkiye-121_03,digital_3,scan,official_test,1248,1995,2489760,2.48976,43.080670304000705,0.718011171733345,0.0039215686274509
test/attack/digital_3/scan/turkiye-NF-1008.jpg,turkiye-NF-1008,digital_3,scan,official_test,1248,1997,2492256,2.492256,41.52298286200039,0.6920497143666732,0.0039215686274509
test/attack/digital_3/scan/usa-01_0080_000-0c832328_1.jpg,usa-01_0080_000-0c832328_1,digital_3,scan,official_test,1248,1989,2482272,2.482272,43.161419985000066,0.7193569997500011,0.0039215686274509
test/attack/digital_3/scan/usa-NF-1071.jpg,usa-NF-1071,digital_3,scan,official_test,1248,1998,2493504,2.493504,43.408310492000055,0.7234718415333342,0.0039215686274509
test/attack/digital_3/scan/usa-NF-1076.jpg,usa-NF-1076,digital_3,scan,official_test,1252,1993,2495236,2.495236,41.77578483400066,0.6962630805666776,0.0039215686274509
test/attack/facedancer/huawei/netherland-flickr_M_33239373490_5b5df42090_k.jpg,netherland-flickr_M_33239373490_5b5df42090_k,facedancer,huawei,official_test,1983,3176,6298008,6.298008,1020.2620111540018,17.004366852566697,0.0039215686274509
test/attack/facedancer/huawei/netherland-flickr_M_33297625690_76e3181f5e_c.jpg,netherland-flickr_M_33297625690_76e3181f5e_c,facedancer,huawei,official_test,1986,3174,6303564,6.303564,1038.6790833329978,17.311318055549965,0.0039215686274509
test/attack/facedancer/iphone15/netherland-flickr_F_28051545714_ab479f15eb_k.jpg,netherland-flickr_F_28051545714_ab479f15eb_k,facedancer,iphone15,official_test,1745,2771,4835395,4.835395,133.065460490001,2.21775767483335,0.0039215686274509
test/attack/facedancer/scan/chinese2-flickr_F_17773666675_1bdbd28a62_c.jpg,chinese2-flickr_F_17773666675_1bdbd28a62_c,facedancer,scan,official_test,1249,1993,2489257,2.489257,43.67768193200027,0.7279613655333378,0.0039215686274509
test/attack/facedancer/scan/chinese2-flickr_F_21696826019_7407a3bea0_k.jpg,chinese2-flickr_F_21696826019_7407a3bea0_k,facedancer,scan,official_test,1247,1998,2491506,2.491506,41.539641330999984,0.6923273555166664,0.0029411764705882
test/attack/facedancer/scan/chinese2-flickr_F_30990251270_6801e68759_c.jpg,chinese2-flickr_F_30990251270_6801e68759_c,facedancer,scan,official_test,1249,1995,2491755,2.491755,42.09522077600013,0.7015870129333356,0.0039215686274509
test/attack/facedancer/scan/chinese2-flickr_F_31226153591_900ef17f37_k.jpg,chinese2-flickr_F_31226153591_900ef17f37_k,facedancer,scan,official_test,1248,1996,2491008,2.491008,43.360655327999666,0.7226775887999944,0.0039215686274509
test/attack/facedancer/scan/chinese2-flickr_M_33525327222_f112b468ed_k.jpg,chinese2-flickr_M_33525327222_f112b468ed_k,facedancer,scan,official_test,1249,1994,2490506,2.490506,43.50457231600012,0.7250762052666687,0.0039215686274509
test/attack/facedancer/scan/netherland-flickr_M_15788104622_be592061dc_k.jpg,netherland-flickr_M_15788104622_be592061dc_k,facedancer,scan,official_test,1245,1999,2488755,2.488755,42.17494746600005,0.7029157911000008,0.0039215686274509
test/attack/facedancer/scan/netherland-flickr_M_23559454676_4919252d67_c.jpg,netherland-flickr_M_23559454676_4919252d67_c,facedancer,scan,official_test,1248,1999,2494752,2.494752,42.2802241950003,0.704670403250005,0.0039215686274509
test/attack/facedancer/scan/singapore-flickr_M_22512816725_a88536de72_c.jpg,singapore-flickr_M_22512816725_a88536de72_c,facedancer,scan,official_test,1246,1997,2488262,2.488262,43.00084510600027,0.7166807517666711,0.0039215686274509
test/attack/textdiffuserft_bfei/huawei/singapore-flickr_M_22942161980_136669b7da_c.jpg,singapore-flickr_M_22942161980_136669b7da_c,textdiffuserft_bfei,huawei,official_test,1974,3169,6255606,6.255606,758.6427579800002,12.644045966333335,0.0039215686274509
test/attack/textdiffuserft_bfei/huawei/singapore-flickr_M_31226087931_7b83422543_c.jpg,singapore-flickr_M_31226087931_7b83422543_c,textdiffuserft_bfei,huawei,official_test,1978,3157,6244546,6.244546,754.1651030699977,12.569418384499961,0.0039215686274509
test/attack/textdiffuserft_bfei/iphone15/chinese2-flickr_M_24235235151_ae8ac31253_k.jpg,chinese2-flickr_M_24235235151_ae8ac31253_k,textdiffuserft_bfei,iphone15,official_test,1736,2763,4796568,4.796568,188.9090573100002,3.1484842885000033,0.0039215686274509
test/attack/textdiffuserft_bfei/iphone15/chinese2-flickr_M_32771950686_f8d5084d87_h.jpg,chinese2-flickr_M_32771950686_f8d5084d87_h,textdiffuserft_bfei,iphone15,official_test,1733,2776,4810808,4.810808,176.2358309400006,2.93726384900001,0.0039215686274509
test/attack/textdiffuserft_bfei/iphone15/chinese2-flickr_M_38999105422_457bedeef7_o.jpg,chinese2-flickr_M_38999105422_457bedeef7_o,textdiffuserft_bfei,iphone15,official_test,1729,2758,4768582,4.768582,133.10639653100225,2.218439942183371,0.0039215686274509
test/attack/textdiffuserft_bfei/iphone15/netherland-flickr_F_32868411313_4bb20e41db_c.jpg,netherland-flickr_F_32868411313_4bb20e41db_c,textdiffuserft_bfei,iphone15,official_test,1772,2793,4949196,4.949196,275.8749614879998,4.597916024799997,0.0019607843137254
test/attack/textdiffuserft_bfei/iphone15/netherland-flickr_M_33297625690_76e3181f5e_c.jpg,netherland-flickr_M_33297625690_76e3181f5e_c,textdiffuserft_bfei,iphone15,official_test,1744,2777,4843088,4.843088,137.73234687399963,2.2955391145666604,0.0039215686274509
test/attack/textdiffuserft_bfei/iphone15/netherland-flickr_M_6862482951_78a560f107_b.jpg,netherland-flickr_M_6862482951_78a560f107_b,textdiffuserft_bfei,iphone15,official_test,1749,2775,4853475,4.853475,173.54899848100104,2.892483308016684,0.0039215686274509
test/attack/textdiffuserft_bfei/iphone15/singapore-flickr_F_30532886723_e55b04664f_k.jpg,singapore-flickr_F_30532886723_e55b04664f_k,textdiffuserft_bfei,iphone15,official_test,1743,2767,4822881,4.822881,225.02522505899833,3.750420417649972,0.0039215686274509
test/attack/textdiffuserft_bfei/iphone15/singapore-flickr_M_15788105142_89e9bca209_k.jpg,singapore-flickr_M_15788105142_89e9bca209_k,textdiffuserft_bfei,iphone15,official_test,1727,2772,4787244,4.787244,186.5583441359995,3.1093057355999916,0.0039215686274509
test/attack/textdiffuserft_bfei/scan/chinese2-flickr_M_24235235151_ae8ac31253_k.jpg,chinese2-flickr_M_24235235151_ae8ac31253_k,textdiffuserft_bfei,scan,official_test,1249,1996,2493004,2.493004,43.32878983400042,0.7221464972333403,0.0039215686274509
test/attack/textdiffuserft_bfei/scan/chinese2-flickr_M_37190875605_735b3fca0d_c.jpg,chinese2-flickr_M_37190875605_735b3fca0d_c,textdiffuserft_bfei,scan,official_test,1247,1997,2490259,2.490259,43.18772555899977,0.7197954259833296,0.0039215686274509
test/attack/textdiffuserft_bfei/scan/singapore-flickr_F_30532886723_e55b04664f_k.jpg,singapore-flickr_F_30532886723_e55b04664f_k,textdiffuserft_bfei,scan,official_test,1246,1994,2484524,2.484524,41.84182140299981,0.6973636900499969,0.0039215686274509
test/attack/digital_3/huawei/arabic-112_03.jpg,arabic-112_03,digital_3,huawei,official_test,1977,3186,6298722,6.298722,1403.7976177799974,23.396626962999957,0.0039215686274509
test/attack/digital_3/huawei/arabic-NF-1012.jpg,arabic-NF-1012,digital_3,huawei,official_test,1965,3183,6254595,6.254595,901.3870031859988,15.023116719766646,0.0029411764705882
test/attack/digital_3/huawei/chinese-001_03.jpg,chinese-001_03,digital_3,huawei,official_test,1962,3193,6264666,6.264666,975.414123614999,16.25690206024998,0.0039215686274509
test/attack/digital_3/huawei/chinese-01_0007_000-08f07a73_0.jpg,chinese-01_0007_000-08f07a73_0,digital_3,huawei,official_test,1960,3205,6281800,6.2818,1060.9175177519974,17.681958629199958,0.0039215686274509
test/attack/digital_3/huawei/chinese-01_0022_000-3b9715ed_0.jpg,chinese-01_0022_000-3b9715ed_0,digital_3,huawei,official_test,1963,3181,6244303,6.244303,1323.4888904930012,22.058148174883353,0.0039215686274509
test/attack/digital_3/huawei/chinese-020_03.jpg,chinese-020_03,digital_3,huawei,official_test,1968,3188,6273984,6.273984,1092.7014130710013,18.211690217850023,0.0039215686274509
test/attack/digital_3/huawei/chinese-NF-1014.jpg,chinese-NF-1014,digital_3,huawei,official_test,1970,3192,6288240,6.28824,1458.0687855899996,24.301146426499994,0.0039215686274509
test/attack/digital_3/huawei/chinese-NF-1042.jpg,chinese-NF-1042,digital_3,huawei,official_test,1860,3063,5697180,5.69718,542.6104834120015,9.043508056866692,0.0039215686274509
test/attack/digital_3/huawei/portugal-NF-1026.jpg,portugal-NF-1026,digital_3,huawei,official_test,1979,3194,6320926,6.320926,2275.534922572,37.92558204286667,0.0019607843137254
test/attack/digital_3/huawei/portugal-NF-1041.jpg,portugal-NF-1041,digital_3,huawei,official_test,1977,3200,6326400,6.3264,818.4818890860006,13.64136481810001,0.0029411764705882
test/attack/digital_3/huawei/portugal-NM-1091.jpg,portugal-NM-1091,digital_3,huawei,official_test,1973,3209,6331357,6.331357,1018.6560975540001,16.9776016259,0.0039215686274509
test/attack/digital_3/huawei/russian-01_0001_000-ff703650_1.jpg,russian-01_0001_000-ff703650_1,digital_3,huawei,official_test,1973,3197,6307681,6.307681,2100.555667674,35.0092611279,0.0039215686274509
test/attack/digital_3/huawei/russian-NF-1080.jpg,russian-NF-1080,digital_3,huawei,official_test,1883,3033,5711139,5.711139,580.431882754001,9.673864712566683,0.0019607843137254
test/attack/digital_3/huawei/turkiye-01_0079_000-01a48f56_0.jpg,turkiye-01_0079_000-01a48f56_0,digital_3,huawei,official_test,1975,3191,6302225,6.302225,3286.430055016999,54.77383425028332,0.0019607843137254
test/attack/digital_3/huawei/turkiye-138_03.jpg,turkiye-138_03,digital_3,huawei,official_test,1892,3039,5749788,5.749788,544.3228810500004,9.072048017500007,0.0019607843137254
test/attack/digital_3/huawei/usa-NF-1009.jpg,usa-NF-1009,digital_3,huawei,official_test,1978,3202,6333556,6.333556,772.9281334699999,12.882135557833331,0.0039215686274509
test/attack/digital_3/huawei/usa-NF-1017.jpg,usa-NF-1017,digital_3,huawei,official_test,1977,3193,6312561,6.312561,1586.4725124380002,26.441208540633337,0.0039215686274509
test/attack/digital_3/huawei/usa-NF-1044.jpg,usa-NF-1044,digital_3,huawei,official_test,1972,3192,6294624,6.294624,1610.9588896770001,26.849314827950003,0.0039215686274509
test/attack/digital_3/huawei/usa-NM-1038.jpg,usa-NM-1038,digital_3,huawei,official_test,1883,3043,5729969,5.729969,585.5590365220014,9.75931727536669,0.0019607843137254
test/attack/digital_3/iphone15pro/arabic-005_03.jpg,arabic-005_03,digital_3,iphone15pro,official_test,1703,2743,4671329,4.671329,92.36112854499515,1.539352142416586,0.0039215686274509
test/attack/digital_3/iphone15pro/arabic-01_0095_000-18471808_1.jpg,arabic-01_0095_000-18471808_1,digital_3,iphone15pro,official_test,1759,2779,4888261,4.888261,109.78015741300624,1.8296692902167706,0.0039215686274509
test/attack/digital_3/iphone15pro/arabic-131_03.jpg,arabic-131_03,digital_3,iphone15pro,official_test,1762,2783,4903646,4.903646,108.6862520020004,1.8114375333666735,0.0039215686274509
test/attack/digital_3/iphone15pro/arabic-NM-1029.jpg,arabic-NM-1029,digital_3,iphone15pro,official_test,1763,2789,4917007,4.917007,119.6192314400032,1.9936538573333868,0.0039215686274509
test/attack/digital_3/iphone15pro/chinese-01_0007_000-08f07a73_0.jpg,chinese-01_0007_000-08f07a73_0,digital_3,iphone15pro,official_test,1768,2790,4932720,4.93272,129.89503282200167,2.164917213700028,0.0039215686274509
test/attack/digital_3/iphone15pro/chinese-01_0034_000-9b26d58c_0.jpg,chinese-01_0034_000-9b26d58c_0,digital_3,iphone15pro,official_test,1612,2626,4233112,4.233112,76.76733591499942,1.2794555985833236,0.0039215686274509
test/attack/digital_3/iphone15pro/french-128_03.jpg,french-128_03,digital_3,iphone15pro,official_test,1785,2804,5005140,5.00514,128.77713941399998,2.1462856568999995,0.0039215686274509
test/attack/digital_3/iphone15pro/french-NF-1082.jpg,french-NF-1082,digital_3,iphone15pro,official_test,1785,2801,4999785,4.999785,127.97902764900209,2.132983794150035,0.0039215686274509
test/attack/digital_3/iphone15pro/french-NF-1095.jpg,french-NF-1095,digital_3,iphone15pro,official_test,1601,2626,4204226,4.204226,74.52966930600087,1.2421611551000145,0.0039215686274509
test/attack/digital_3/iphone15pro/french-NM-1104.jpg,french-NM-1104,digital_3,iphone15pro,official_test,1777,2785,4948945,4.948945,124.28864910400443,2.071477485066741,0.0039215686274509
test/attack/digital_3/iphone15pro/indian-014_03.jpg,indian-014_03,digital_3,iphone15pro,official_test,1778,2798,4974844,4.974844,121.64860590900207,2.0274767651500345,0.0039215686274509
test/attack/digital_3/iphone15pro/persian-01_0096_000-75b0e83b_0.jpg,persian-01_0096_000-75b0e83b_0,digital_3,iphone15pro,official_test,1781,2803,4992143,4.992143,125.72206442600145,2.0953677404333577,0.0039215686274509
test/attack/digital_3/iphone15pro/persian-NF-1001.jpg,persian-NF-1001,digital_3,iphone15pro,official_test,1609,2638,4244542,4.244542,73.84911330899922,1.230818555149987,0.0029411764705882
test/attack/digital_3/iphone15pro/persian-NF-1018.jpg,persian-NF-1018,digital_3,iphone15pro,official_test,1787,2806,5014322,5.014322,151.24564556699988,2.520760759449998,0.0039215686274509
test/attack/digital_3/iphone15pro/persian-NF-1079.jpg,persian-NF-1079,digital_3,iphone15pro,official_test,1788,2789,4986732,4.986732,126.31130066900005,2.105188344483334,0.0039215686274509
test/attack/digital_3/iphone15pro/portugal-013_03.jpg,portugal-013_03,digital_3,iphone15pro,official_test,1614,2641,4262574,4.262574,74.85246816600556,1.2475411361000928,0.0039215686274509
test/attack/digital_3/iphone15pro/portugal-029_03.jpg,portugal-029_03,digital_3,iphone15pro,official_test,1795,2835,5088825,5.088825,139.1219345919999,2.3186989098666646,0.0039215686274509
test/attack/digital_3/iphone15pro/portugal-061_03.jpg,portugal-061_03,digital_3,iphone15pro,official_test,1803,2845,5129535,5.129535,344.4383214469999,5.7406386907833316,0.0029411764705882
test/attack/digital_3/iphone15pro/portugal-NF-1022.jpg,portugal-NF-1022,digital_3,iphone15pro,official_test,1812,2844,5153328,5.153328,322.1343931240008,5.368906552066679,0.0039215686274509
test/attack/digital_3/iphone15pro/russian-NM-1027.jpg,russian-NM-1027,digital_3,iphone15pro,official_test,1791,2829,5066739,5.066739,136.10242935899805,2.2683738226499677,0.0039215686274509
test/attack/digital_3/iphone15pro/turkiye-01_0078_000-cfc6a96f_1.jpg,turkiye-01_0078_000-cfc6a96f_1,digital_3,iphone15pro,official_test,1793,2820,5056260,5.05626,134.3247455769997,2.238745759616662,0.0039215686274509
test/attack/digital_3/iphone15pro/turkiye-NF-1002.jpg,turkiye-NF-1002,digital_3,iphone15pro,official_test,1793,2815,5047295,5.047295,132.65553285900023,2.210925547650004,0.0039215686274509
test/attack/digital_3/iphone15pro/turkiye-NM-1055.jpg,turkiye-NM-1055,digital_3,iphone15pro,official_test,1799,2819,5071381,5.071381,135.96032452500003,2.2660054087500003,0.0039215686274509
test/attack/digital_3/iphone15pro/ukraine-01_0018_000-aad4322e_0.jpg,ukraine-01_0018_000-aad4322e_0,digital_3,iphone15pro,official_test,1804,2829,5103516,5.103516,139.81080155000018,2.3301800258333363,0.0039215686274509
test/attack/digital_3/iphone15pro/ukraine-030_03.jpg,ukraine-030_03,digital_3,iphone15pro,official_test,1804,2815,5078260,5.07826,133.81459690799966,2.230243281799994,0.0039215686274509
test/attack/digital_3/iphone15pro/ukraine-NF-1106.jpg,ukraine-NF-1106,digital_3,iphone15pro,official_test,1776,2832,5029632,5.029632,118.75415412600341,1.979235902100057,0.0039215686274509
test/attack/digital_3/scan/arabic-NF-1030.jpg,arabic-NF-1030,digital_3,scan,official_test,1247,1994,2486518,2.486518,41.68646406199696,0.6947744010332826,0.0039215686274509
test/attack/digital_3/scan/arabic-NF-1049.jpg,arabic-NF-1049,digital_3,scan,official_test,1245,1999,2488755,2.488755,43.78060446900054,0.7296767411500089,0.0039215686274509
test/attack/digital_3/scan/arabic-NF-1098.jpg,arabic-NF-1098,digital_3,scan,official_test,1248,2000,2496000,2.496,43.714880120998714,0.7285813353499786,0.0039215686274509
test/attack/digital_3/scan/arabic-NF-1100.jpg,arabic-NF-1100,digital_3,scan,official_test,1250,1998,2497500,2.4975,42.89495625199925,0.7149159375333208,0.0039215686274509
test/attack/digital_3/scan/chinese-NF-1085.jpg,chinese-NF-1085,digital_3,scan,official_test,1251,1994,2494494,2.494494,42.92176228999597,0.7153627048332661,0.0039215686274509
test/attack/digital_3/scan/chinese-NM-1092.jpg,chinese-NM-1092,digital_3,scan,official_test,1244,1997,2484268,2.484268,42.868029451994516,0.714467157533242,0.0039215686274509
test/attack/digital_3/scan/french-033_03.jpg,french-033_03,digital_3,scan,official_test,1247,1998,2491506,2.491506,41.7024643160039,0.6950410719333983,0.0039215686274509
test/attack/digital_3/scan/french-NF-1063.jpg,french-NF-1063,digital_3,scan,official_test,1248,1993,2487264,2.487264,42.24228785299783,0.7040381308832973,0.0039215686274509
test/attack/digital_3/scan/indian-01_0062_000-c236043f_0.jpg,indian-01_0062_000-c236043f_0,digital_3,scan,official_test,1249,1992,2488008,2.488008,41.92775065799651,0.6987958442999419,0.0039215686274509
test/attack/digital_3/scan/indian-01_0082_000-1b935c0e_0.jpg,indian-01_0082_000-1b935c0e_0,digital_3,scan,official_test,1246,1994,2484524,2.484524,42.66025173100206,0.711004195516701,0.0039215686274509
test/attack/digital_3/scan/indian-NF-1025.jpg,indian-NF-1025,digital_3,scan,official_test,1249,1995,2491755,2.491755,43.25845840499824,0.7209743067499707,0.0039215686274509
test/attack/digital_3/scan/persian-087_03.jpg,persian-087_03,digital_3,scan,official_test,1249,1993,2489257,2.489257,42.94640208299825,0.7157733680499708,0.0039215686274509
test/attack/digital_3/scan/persian-NF-1031.jpg,persian-NF-1031,digital_3,scan,official_test,1249,1994,2490506,2.490506,42.46724829200684,0.7077874715334473,0.0039215686274509
test/attack/digital_3/scan/persian-NF-1108.jpg,persian-NF-1108,digital_3,scan,official_test,1249,1996,2493004,2.493004,41.93130132200167,0.6988550220333613,0.0039215686274509
test/attack/digital_3/scan/portugal-066_03.jpg,portugal-066_03,digital_3,scan,official_test,1247,1997,2490259,2.490259,42.95777662999899,0.7159629438333165,0.0039215686274509
test/attack/digital_3/scan/portugal-NF-1107.jpg,portugal-NF-1107,digital_3,scan,official_test,1244,1998,2485512,2.485512,42.88469092000014,0.714744848666669,0.0039215686274509
test/attack/digital_3/scan/russian-062_03.jpg,russian-062_03,digital_3,scan,official_test,1247,1995,2487765,2.487765,42.01270385099633,0.7002117308499388,0.0039215686274509
test/attack/digital_3/scan/russian-140_03.jpg,russian-140_03,digital_3,scan,official_test,1250,1996,2495000,2.495,42.749110714998096,0.7124851785833016,0.0039215686274509
test/attack/digital_3/scan/turkiye-031_03.jpg,turkiye-031_03,digital_3,scan,official_test,1248,1990,2483520,2.48352,43.21924616800243,0.7203207694667071,0.0039215686274509
test/attack/digital_3/scan/turkiye-130_03.jpg,turkiye-130_03,digital_3,scan,official_test,1248,1996,2491008,2.491008,41.7172255589976,0.6952870926499599,0.0039215686274509
test/attack/digital_3/scan/turkiye-NF-1054.jpg,turkiye-NF-1054,digital_3,scan,official_test,1250,1993,2491250,2.49125,43.00136483700044,0.7166894139500073,0.0039215686274509
test/attack/digital_3/scan/turkiye-NF-1103.jpg,turkiye-NF-1103,digital_3,scan,official_test,1251,1997,2498247,2.498247,47.284727648002445,0.7880787941333741,0.0039215686274509
test/attack/digital_3/scan/ukraine-NF-1087.jpg,ukraine-NF-1087,digital_3,scan,official_test,1252,1994,2496488,2.496488,41.94223542400141,0.6990372570666902,0.0039215686274509
test/attack/digital_3/scan/ukraine-NF-1106.jpg,ukraine-NF-1106,digital_3,scan,official_test,1247,1996,2489012,2.489012,43.42036563599686,0.7236727605999477,0.0039215686274509
test/attack/digital_3/scan/usa-011_03.jpg,usa-011_03,digital_3,scan,official_test,1251,1999,2500749,2.500749,41.72371380899858,0.6953952301499764,0.0039215686274509
test/attack/digital_3/scan/usa-01_0038_000-0ee87df5_0.jpg,usa-01_0038_000-0ee87df5_0,digital_3,scan,official_test,1250,1992,2490000,2.49,44.127819212997565,0.7354636535499595,0.0039215686274509
test/attack/facedancer/huawei/singapore-flickr_M_23543328125_d9409d5ae0_c.jpg,singapore-flickr_M_23543328125_d9409d5ae0_c,facedancer,huawei,official_test,1991,3172,6315452,6.315452,1571.6115858660005,26.193526431100008,0.0039215686274509
test/attack/facedancer/iphone15/chinese2-flickr_F_17773666675_1bdbd28a62_c.jpg,chinese2-flickr_F_17773666675_1bdbd28a62_c,facedancer,iphone15,official_test,1723,2767,4767541,4.767541,108.76974121700187,1.8128290202833643,0.0039215686274509
test/attack/facedancer/iphone15/chinese2-flickr_F_21668538829_2fb67bd5fd_c.jpg,chinese2-flickr_F_21668538829_2fb67bd5fd_c,facedancer,iphone15,official_test,1731,2765,4786215,4.786215,104.58478175599885,1.7430796959333141,0.0039215686274509
test/attack/facedancer/iphone15/chinese2-flickr_F_33552328531_f6d5dd17b8_c.jpg,chinese2-flickr_F_33552328531_f6d5dd17b8_c,facedancer,iphone15,official_test,1755,2794,4903470,4.90347,110.63247726199916,1.8438746210333192,0.0039215686274509
test/attack/facedancer/scan/chinese2-flickr_F_16745558933_a3f9fe2bc9_k.jpg,chinese2-flickr_F_16745558933_a3f9fe2bc9_k,facedancer,scan,official_test,1246,2001,2493246,2.493246,43.781752543996845,0.7296958757332808,0.0039215686274509
test/attack/facedancer/scan/chinese2-flickr_F_31998955273_5516f4db28_h.jpg,chinese2-flickr_F_31998955273_5516f4db28_h,facedancer,scan,official_test,1242,1999,2482758,2.482758,43.428391750996525,0.7238065291832754,0.0039215686274509
test/attack/facedancer/scan/chinese2-flickr_M_6850649398_5d950a2635_k.jpg,chinese2-flickr_M_6850649398_5d950a2635_k,facedancer,scan,official_test,1251,1995,2495745,2.495745,42.846676310000475,0.7141112718333412,0.0039215686274509
test/attack/facedancer/scan/netherland-flickr_F_31998547103_f617b19dfc_h.jpg,netherland-flickr_F_31998547103_f617b19dfc_h,facedancer,scan,official_test,1244,1994,2480536,2.480536,42.48390357500466,0.708065059583411,0.0039215686274509
test/attack/facedancer/scan/singapore-flickr_F_36921282312_c8e6a2674d_c.jpg,singapore-flickr_F_36921282312_c8e6a2674d_c,facedancer,scan,official_test,1245,1997,2486265,2.486265,42.272036088994355,0.7045339348165726,0.0039215686274509
test/attack/textdiffuserft_bfei/huawei/singapore-flickr_M_46826659491_bab820563f_c.jpg,singapore-flickr_M_46826659491_bab820563f_c,textdiffuserft_bfei,huawei,official_test,1978,3181,6292018,6.292018,1788.4841024359994,29.808068373933324,0.0039215686274509
test/attack/textdiffuserft_bfei/iphone15/chinese2-flickr_F_48677929383_2cdc743f43_c.jpg,chinese2-flickr_F_48677929383_2cdc743f43_c,textdiffuserft_bfei,iphone15,official_test,1743,2774,4835082,4.835082,106.11479366099957,1.7685798943499929,0.0039215686274509
test/attack/textdiffuserft_bfei/iphone15/chinese2-flickr_M_33525327222_f112b468ed_k.jpg,chinese2-flickr_M_33525327222_f112b468ed_k,textdiffuserft_bfei,iphone15,official_test,1737,2768,4808016,4.808016,98.1029570819992,1.6350492846999864,0.0039215686274509
test/attack/textdiffuserft_bfei/iphone15/netherland-flickr_F_31998547103_f617b19dfc_h.jpg,netherland-flickr_F_31998547103_f617b19dfc_h,textdiffuserft_bfei,iphone15,official_test,1747,2776,4849672,4.849672,103.53731276599865,1.725621879433311,0.0039215686274509
test/attack/textdiffuserft_bfei/iphone15/netherland-flickr_M_15788104622_be592061dc_k.jpg,netherland-flickr_M_15788104622_be592061dc_k,textdiffuserft_bfei,iphone15,official_test,1744,2776,4841344,4.841344,106.03887946900068,1.7673146578166778,0.0039215686274509
test/attack/textdiffuserft_bfei/iphone15/netherland-flickr_M_6501027149_988313b64f_h.jpg,netherland-flickr_M_6501027149_988313b64f_h,textdiffuserft_bfei,iphone15,official_test,1739,2773,4822247,4.822247,124.79556672699982,2.079926112116664,0.0039215686274509
test/attack/textdiffuserft_bfei/iphone15/singapore-flickr_F_9641749325_1a753f74b2_c.jpg,singapore-flickr_F_9641749325_1a753f74b2_c,textdiffuserft_bfei,iphone15,official_test,1734,2766,4796244,4.796244,115.60342829599904,1.9267238049333173,0.0039215686274509
test/attack/textdiffuserft_bfei/scan/chinese2-flickr_M_38999105422_457bedeef7_o.jpg,chinese2-flickr_M_38999105422_457bedeef7_o,textdiffuserft_bfei,scan,official_test,1248,1993,2487264,2.487264,43.970242055998824,0.7328373675999804,0.0039215686274509
test/attack/textdiffuserft_bfei/scan/netherland-flickr_M_31998818913_b87fd05689_h.jpg,netherland-flickr_M_31998818913_b87fd05689_h,textdiffuserft_bfei,scan,official_test,1250,1994,2492500,2.4925,44.02438577499561,0.7337397629165935,0.0039215686274509
test/attack/textdiffuserft_bfei/scan/singapore-flickr_F_9641749325_1a753f74b2_c.jpg,singapore-flickr_F_9641749325_1a753f74b2_c,textdiffuserft_bfei,scan,official_test,1248,1995,2489760,2.48976,43.51792522699543,0.7252987537832571,0.0039215686274509
test/attack/digital_3/huawei/arabic-005_03.jpg,arabic-005_03,digital_3,huawei,official_test,1882,3068,5773976,5.773976,599.6829884149993,9.99471647358332,0.0019607843137254
test/attack/digital_3/huawei/arabic-NF-1030.jpg,arabic-NF-1030,digital_3,huawei,official_test,1962,3181,6241122,6.241122,1846.5396030359989,30.77566005059998,0.0039215686274509
test/attack/digital_3/huawei/arabic-NF-1040.jpg,arabic-NF-1040,digital_3,huawei,official_test,1969,3192,6285048,6.285048,1047.9744033379975,17.466240055633293,0.0019607843137254
test/attack/digital_3/huawei/arabic-NM-1029.jpg,arabic-NM-1029,digital_3,huawei,official_test,1977,3197,6320469,6.320469,1470.6906815789998,24.511511359649997,0.0039215686274509
test/attack/digital_3/huawei/arabic-NM-1064.jpg,arabic-NM-1064,digital_3,huawei,official_test,1976,3193,6309368,6.309368,2499.3743512719993,41.65623918786665,0.0039215686274509
test/attack/digital_3/huawei/chinese-096_03.jpg,chinese-096_03,digital_3,huawei,official_test,1974,3178,6273372,6.273372,1637.4937760210014,27.291562933683355,0.0039215686274509
test/attack/digital_3/huawei/french-01_0094_000-51fbbc37_0.jpg,french-01_0094_000-51fbbc37_0,digital_3,huawei,official_test,1973,3188,6289924,6.289924,1939.2987146979995,32.32164524496666,0.0039215686274509
test/attack/digital_3/huawei/french-NM-1104.jpg,french-NM-1104,digital_3,huawei,official_test,1969,3196,6292924,6.292924,1898.322959354,31.638715989233333,0.0039215686274509
test/attack/digital_3/huawei/indian-NM-1058.jpg,indian-NM-1058,digital_3,huawei,official_test,1980,3188,6312240,6.31224,2082.075756156999,34.70126260261665,0.0019607843137254
test/attack/digital_3/huawei/persian-NF-1031.jpg,persian-NF-1031,digital_3,huawei,official_test,1893,3034,5743362,5.743362,647.2703785589983,10.787839642649972,0.0019607843137254
test/attack/digital_3/huawei/persian-NF-1043.jpg,persian-NF-1043,digital_3,huawei,official_test,1972,3193,6296596,6.296596,951.1721530989998,15.852869218316664,0.0019607843137254
test/attack/digital_3/huawei/persian-NF-1108.jpg,persian-NF-1108,digital_3,huawei,official_test,1976,3205,6333080,6.33308,1351.328335165,22.522138919416665,0.0019607843137254
test/attack/digital_3/huawei/portugal-013_03.jpg,portugal-013_03,digital_3,huawei,official_test,1881,3032,5703192,5.703192,563.2847936960025,9.388079894933375,0.0029411764705882
test/attack/digital_3/huawei/portugal-NF-1107.jpg,portugal-NF-1107,digital_3,huawei,official_test,1969,3201,6302769,6.302769,1910.316770471003,31.838612841183384,0.0019607843137254
test/attack/digital_3/huawei/russian-140_03.jpg,russian-140_03,digital_3,huawei,official_test,1890,3086,5832540,5.83254,595.6674307979993,9.927790513299987,0.0039215686274509
test/attack/digital_3/huawei/russian-141_03.jpg,russian-141_03,digital_3,huawei,official_test,1977,3200,6326400,6.3264,1378.8059346560003,22.98009891093334,0.0039215686274509
test/attack/digital_3/huawei/russian-NF-1081.jpg,russian-NF-1081,digital_3,huawei,official_test,1975,3205,6329875,6.329875,1827.6622067839999,30.46103677973333,0.0029411764705882
test/attack/digital_3/huawei/turkiye-083_03.jpg,turkiye-083_03,digital_3,huawei,official_test,1965,3196,6280140,6.28014,2360.4906769419977,39.341511282366625,0.0019607843137254
test/attack/digital_3/huawei/ukraine-NF-1032.jpg,ukraine-NF-1032,digital_3,huawei,official_test,1976,3196,6315296,6.315296,2214.608914195999,36.91014856993332,0.0039215686274509
test/attack/digital_3/huawei/ukraine-NF-1057.jpg,ukraine-NF-1057,digital_3,huawei,official_test,1882,3040,5721280,5.72128,415.4283858600029,6.923806431000048,0.0039215686274509
test/attack/digital_3/iphone15pro/chinese-01_0019_000-06d51424_0.jpg,chinese-01_0019_000-06d51424_0,digital_3,iphone15pro,official_test,1763,2780,4901140,4.90114,126.62978668700089,2.1104964447833483,0.0039215686274509
test/attack/digital_3/iphone15pro/chinese-01_0028_000-611e103a_0.jpg,chinese-01_0028_000-611e103a_0,digital_3,iphone15pro,official_test,1755,2777,4873635,4.873635,134.33640716199443,2.238940119366574,0.0039215686274509
test/attack/digital_3/iphone15pro/chinese-081_03.jpg,chinese-081_03,digital_3,iphone15pro,official_test,1766,2791,4928906,4.928906,121.25486391600134,2.020914398600022,0.0039215686274509
test/attack/digital_3/iphone15pro/chinese-096_03.jpg,chinese-096_03,digital_3,iphone15pro,official_test,1764,2801,4940964,4.940964,118.46612081200146,1.974435346866691,0.0039215686274509
test/attack/digital_3/iphone15pro/chinese-NF-1059.jpg,chinese-NF-1059,digital_3,iphone15pro,official_test,1608,2636,4238688,4.238688,73.7218332199991,1.2286972203333184,0.0039215686274509
test/attack/digital_3/iphone15pro/french-022_03.jpg,french-022_03,digital_3,iphone15pro,official_test,1759,2792,4911128,4.911128,126.63576258599642,2.11059604309994,0.0039215686274509
test/attack/digital_3/iphone15pro/french-090_03.jpg,french-090_03,digital_3,iphone15pro,official_test,1616,2646,4275936,4.275936,74.23301699500007,1.2372169499166679,0.0039215686274509
test/attack/digital_3/iphone15pro/french-100_03.jpg,french-100_03,digital_3,iphone15pro,official_test,1784,2801,4996984,4.996984,124.2656937799984,2.0710948963333067,0.0039215686274509
test/attack/digital_3/iphone15pro/indian-01_0004_000-2423feb1_0.jpg,indian-01_0004_000-2423feb1_0,digital_3,iphone15pro,official_test,1790,2799,5010210,5.01021,125.94885855699977,2.099147642616663,0.0039215686274509
test/attack/digital_3/iphone15pro/indian-01_0068_000-1b9539d8_0.jpg,indian-01_0068_000-1b9539d8_0,digital_3,iphone15pro,official_test,1785,2796,4990860,4.99086,126.10307128699787,2.1017178547832978,0.0029411764705882
test/attack/digital_3/iphone15pro/indian-01_0089_000-f38cdec4_1.jpg,indian-01_0089_000-f38cdec4_1,digital_3,iphone15pro,official_test,1783,2795,4983485,4.983485,125.74201917599567,2.0957003195999278,0.0039215686274509
test/attack/digital_3/iphone15pro/indian-021_03.jpg,indian-021_03,digital_3,iphone15pro,official_test,1775,2798,4966450,4.96645,123.47517889400478,2.0579196482334132,0.0039215686274509
test/attack/digital_3/iphone15pro/persian-069_03.jpg,persian-069_03,digital_3,iphone15pro,official_test,1786,2801,5002586,5.002586,129.23550698599865,2.153925116433311,0.0039215686274509
test/attack/digital_3/iphone15pro/portugal-017_03.jpg,portugal-017_03,digital_3,iphone15pro,official_test,1812,2855,5173260,5.17326,393.4258275040047,6.557097125066745,0.0039215686274509
test/attack/digital_3/iphone15pro/portugal-070_03.jpg,portugal-070_03,digital_3,iphone15pro,official_test,1613,2638,4255094,4.255094,73.50698628700047,1.2251164381166746,0.0039215686274509
test/attack/digital_3/iphone15pro/portugal-172_03.jpg,portugal-172_03,digital_3,iphone15pro,official_test,1604,2633,4223332,4.223332,73.44968332500139,1.2241613887500231,0.0039215686274509
test/attack/digital_3/iphone15pro/portugal-NF-1060.jpg,portugal-NF-1060,digital_3,iphone15pro,official_test,1795,2867,5146265,5.146265,424.1183502019994,7.0686391700333235,0.0039215686274509
test/attack/digital_3/iphone15pro/russian-NF-1089.jpg,russian-NF-1089,digital_3,iphone15pro,official_test,1798,2828,5084744,5.084744,136.6072767259975,2.2767879454332918,0.0039215686274509
test/attack/digital_3/iphone15pro/turkiye-104_03.jpg,turkiye-104_03,digital_3,iphone15pro,official_test,1787,2811,5023257,5.023257,130.8081590169968,2.1801359836166134,0.0039215686274509
test/attack/digital_3/iphone15pro/turkiye-126_03.jpg,turkiye-126_03,digital_3,iphone15pro,official_test,1804,2824,5094496,5.094496,131.236227718,2.187270461966667,0.0039215686274509
test/attack/digital_3/iphone15pro/turkiye-130_03.jpg,turkiye-130_03,digital_3,iphone15pro,official_test,1795,2828,5076260,5.07626,130.19749109900295,2.169958184983382,0.0039215686274509
test/attack/digital_3/iphone15pro/ukraine-01_0077_000-a3228552_1.jpg,ukraine-01_0077_000-a3228552_1,digital_3,iphone15pro,official_test,1802,2813,5069026,5.069026,135.17969085399818,2.252994847566636,0.0039215686274509
test/attack/digital_3/iphone15pro/ukraine-NF-1084.jpg,ukraine-NF-1084,digital_3,iphone15pro,official_test,1792,2823,5058816,5.058816,132.2476827690043,2.204128046150072,0.0039215686274509
test/attack/digital_3/iphone15pro/usa-063_03.jpg,usa-063_03,digital_3,iphone15pro,official_test,1793,2810,5038330,5.03833,133.06994070699875,2.217832345116646,0.0039215686274509
test/attack/digital_3/iphone15pro/usa-NF-1004.jpg,usa-NF-1004,digital_3,iphone15pro,official_test,1798,2808,5048784,5.048784,145.37210452900035,2.4228684088166728,0.0039215686274509
test/attack/digital_3/iphone15pro/usa-NF-1062.jpg,usa-NF-1062,digital_3,iphone15pro,official_test,1808,2832,5120256,5.120256,208.9131301410016,3.4818855023500266,0.0039215686274509
test/attack/digital_3/scan/arabic-003_03.jpg,arabic-003_03,digital_3,scan,official_test,1244,2001,2489244,2.489244,43.561676218999764,0.7260279369833295,0.0039215686274509
test/attack/digital_3/scan/arabic-01_0002_000-c7338db1_1.jpg,arabic-01_0002_000-c7338db1_1,digital_3,scan,official_test,1249,1994,2490506,2.490506,43.00421958400011,0.7167369930666685,0.0039215686274509
test/attack/digital_3/scan/chinese-01_0022_000-3b9715ed_0.jpg,chinese-01_0022_000-3b9715ed_0,digital_3,scan,official_test,1252,1990,2491480,2.49148,42.33589823600005,0.7055983039333341,0.0039215686274509
test/attack/digital_3/scan/chinese-099_03.jpg,chinese-099_03,digital_3,scan,official_test,1251,1992,2491992,2.491992,41.860232587000155,0.6976705431166692,0.0039215686274509
test/attack/digital_3/scan/chinese-107_03.jpg,chinese-107_03,digital_3,scan,official_test,1249,1991,2486759,2.486759,43.548129023,0.7258021503833334,0.0039215686274509
test/attack/digital_3/scan/chinese-142_03.jpg,chinese-142_03,digital_3,scan,official_test,1250,1996,2495000,2.495,42.79327713800012,0.7132212856333353,0.0039215686274509
test/attack/digital_3/scan/chinese-NF-1014.jpg,chinese-NF-1014,digital_3,scan,official_test,1251,1991,2490741,2.490741,42.57607450999967,0.7096012418333278,0.0039215686274509
test/attack/digital_3/scan/chinese-NF-1072.jpg,chinese-NF-1072,digital_3,scan,official_test,1249,1996,2493004,2.493004,41.73994795600015,0.6956657992666692,0.0039215686274509
test/attack/digital_3/scan/french-01_0029_000-d00491e2_1.jpg,french-01_0029_000-d00491e2_1,digital_3,scan,official_test,1250,1994,2492500,2.4925,44.144531400999995,0.7357421900166666,0.0039215686274509
test/attack/digital_3/scan/french-044_03.jpg,french-044_03,digital_3,scan,official_test,1247,1997,2490259,2.490259,44.29155916500031,0.7381926527500051,0.0039215686274509
test/attack/digital_3/scan/indian-037_03.jpg,indian-037_03,digital_3,scan,official_test,1250,1992,2490000,2.49,43.104512247,0.71840853745,0.0039215686274509
test/attack/digital_3/scan/indian-NF-1039.jpg,indian-NF-1039,digital_3,scan,official_test,1248,1994,2488512,2.488512,42.257814783995855,0.7042969130665976,0.0039215686274509
test/attack/digital_3/scan/persian-01_0200_000-78393150_0.jpg,persian-01_0200_000-78393150_0,digital_3,scan,official_test,1251,1996,2496996,2.496996,42.91559357699998,0.7152598929499997,0.0039215686274509
test/attack/digital_3/scan/portugal-029_03.jpg,portugal-029_03,digital_3,scan,official_test,1247,1992,2484024,2.484024,41.81748634700011,0.6969581057833352,0.0039215686274509
test/attack/digital_3/scan/portugal-119_03.jpg,portugal-119_03,digital_3,scan,official_test,1248,1992,2486016,2.486016,41.87441351899997,0.6979068919833329,0.0039215686274509
test/attack/digital_3/scan/portugal-NF-1016.jpg,portugal-NF-1016,digital_3,scan,official_test,1250,1990,2487500,2.4875,42.11888675600494,0.7019814459334157,0.0039215686274509
test/attack/digital_3/scan/portugal-NF-1024.jpg,portugal-NF-1024,digital_3,scan,official_test,1253,1990,2493470,2.49347,42.00237803099981,0.7000396338499968,0.0039215686274509
test/attack/digital_3/scan/portugal-NF-1109.jpg,portugal-NF-1109,digital_3,scan,official_test,1250,1995,2493750,2.49375,41.923357860000124,0.6987226310000021,0.0039215686274509
test/attack/digital_3/scan/portugal-NM-1102.jpg,portugal-NM-1102,digital_3,scan,official_test,1250,1991,2488750,2.48875,42.35597464600005,0.7059329107666675,0.0039215686274509
test/attack/digital_3/scan/russian-01_0201_000-2ea0ec28_0.jpg,russian-01_0201_000-2ea0ec28_0,digital_3,scan,official_test,1253,1991,2494723,2.494723,41.72583116400028,0.6954305194000047,0.0039215686274509
test/attack/digital_3/scan/russian-082_03.jpg,russian-082_03,digital_3,scan,official_test,1248,2002,2498496,2.498496,42.98107653599982,0.716351275599997,0.0039215686274509
test/attack/digital_3/scan/turkiye-01_0079_000-01a48f56_0.jpg,turkiye-01_0079_000-01a48f56_0,digital_3,scan,official_test,1246,1992,2482032,2.482032,42.50901707100002,0.7084836178500002,0.0039215686274509
test/attack/digital_3/scan/turkiye-032_03.jpg,turkiye-032_03,digital_3,scan,official_test,1252,1998,2501496,2.501496,41.93949356200028,0.6989915593666713,0.0039215686274509
test/attack/digital_3/scan/ukraine-025_03.jpg,ukraine-025_03,digital_3,scan,official_test,1251,1995,2495745,2.495745,43.39298315299993,0.7232163858833321,0.0039215686274509
test/attack/digital_3/scan/ukraine-NF-1005.jpg,ukraine-NF-1005,digital_3,scan,official_test,1247,1994,2486518,2.486518,41.178139583000075,0.6863023263833345,0.0039215686274509
test/attack/digital_3/scan/ukraine-NM-1007.jpg,ukraine-NM-1007,digital_3,scan,official_test,1252,1992,2493984,2.493984,43.508020896999824,0.7251336816166637,0.0039215686274509
test/attack/digital_3/scan/usa-009_03.jpg,usa-009_03,digital_3,scan,official_test,1246,1993,2483278,2.483278,41.88593333200015,0.6980988888666692,0.0039215686274509
test/attack/digital_3/scan/usa-063_03.jpg,usa-063_03,digital_3,scan,official_test,1248,1993,2487264,2.487264,43.47481815700303,0.7245803026167171,0.0039215686274509
test/attack/facedancer/huawei/singapore-flickr_F_33574462985_422fca6322_c.jpg,singapore-flickr_F_33574462985_422fca6322_c,facedancer,huawei,official_test,1977,3163,6253251,6.253251,1394.9992387499988,23.24998731249998,0.0039215686274509
test/attack/facedancer/iphone15/chinese2-flickr_M_34592740762_6446ed6334_k.jpg,chinese2-flickr_M_34592740762_6446ed6334_k,facedancer,iphone15,official_test,1729,2773,4794517,4.794517,116.3132180879984,1.9385536347999732,0.0039215686274509
test/attack/facedancer/iphone15/netherland-flickr_M_18042193331_841d026f9a_c.jpg,netherland-flickr_M_18042193331_841d026f9a_c,facedancer,iphone15,official_test,1750,2779,4863250,4.86325,96.01652958699924,1.600275493116654,0.0039215686274509
test/attack/facedancer/iphone15/netherland-flickr_M_19475853574_c947539b18_c.jpg,netherland-flickr_M_19475853574_c947539b18_c,facedancer,iphone15,official_test,1741,2777,4834757,4.834757,105.78723297900069,1.7631205496500115,0.0039215686274509
test/attack/facedancer/iphone15/singapore-flickr_F_20411794293_d7a6aae66c_c.jpg,singapore-flickr_F_20411794293_d7a6aae66c_c,facedancer,iphone15,official_test,1745,2774,4840630,4.84063,100.07871140799762,1.667978523466627,0.0039215686274509
test/attack/facedancer/scan/netherland-flickr_F_37019045642_0a3fa19256_k.jpg,netherland-flickr_F_37019045642_0a3fa19256_k,facedancer,scan,official_test,1248,1997,2492256,2.492256,43.36465937899993,0.7227443229833322,0.0039215686274509
test/attack/facedancer/scan/netherland-flickr_M_37190718595_78e318623b_k.jpg,netherland-flickr_M_37190718595_78e318623b_k,facedancer,scan,official_test,1246,1995,2485770,2.48577,41.593247379001696,0.6932207896500283,0.0039215686274509
test/attack/facedancer/scan/netherland-flickr_M_4188233342_8473de8906_c.jpg,netherland-flickr_M_4188233342_8473de8906_c,facedancer,scan,official_test,1249,1992,2488008,2.488008,40.47778941799993,0.6746298236333321,0.0039215686274509
test/attack/facedancer/scan/singapore-flickr_F_33574462985_422fca6322_c.jpg,singapore-flickr_F_33574462985_422fca6322_c,facedancer,scan,official_test,1247,1993,2485271,2.485271,41.968592682002054,0.6994765447000343,0.0039215686274509
test/attack/facedancer/scan/singapore-flickr_M_21893334161_8c8b011508_k.jpg,singapore-flickr_M_21893334161_8c8b011508_k,facedancer,scan,official_test,1248,1995,2489760,2.48976,40.99333336699965,0.6832222227833274,0.0039215686274509
test/attack/textdiffuserft_bfei/huawei/singapore-flickr_M_30456580904_06749c0622_c.jpg,singapore-flickr_M_30456580904_06749c0622_c,textdiffuserft_bfei,huawei,official_test,1977,3168,6263136,6.263136,1533.5923004079996,25.55987167346666,0.0039215686274509
test/attack/textdiffuserft_bfei/iphone15/chinese2-flickr_M_31969854474_39f84b92eb_h.jpg,chinese2-flickr_M_31969854474_39f84b92eb_h,textdiffuserft_bfei,iphone15,official_test,1745,2778,4847610,4.84761,100.34098504400026,1.6723497507333378,0.0039215686274509
test/attack/textdiffuserft_bfei/iphone15/netherland-flickr_F_26297818201_09eab93588_k.jpg,netherland-flickr_F_26297818201_09eab93588_k,textdiffuserft_bfei,iphone15,official_test,1726,2772,4784472,4.784472,102.38662736500191,1.7064437894166986,0.0019607843137254
test/attack/textdiffuserft_bfei/iphone15/netherland-flickr_M_37190718595_78e318623b_k.jpg,netherland-flickr_M_37190718595_78e318623b_k,textdiffuserft_bfei,iphone15,official_test,1734,2780,4820520,4.82052,106.94088693199956,1.782348115533326,0.0039215686274509
test/attack/textdiffuserft_bfei/iphone15/singapore-flickr_F_17178258920_6f5f1eedd0_k.jpg,singapore-flickr_F_17178258920_6f5f1eedd0_k,textdiffuserft_bfei,iphone15,official_test,1738,2766,4807308,4.807308,104.68498356800046,1.7447497261333411,0.0039215686274509
test/attack/textdiffuserft_bfei/scan/chinese2-flickr_M_31840786965_77af814416_h.jpg,chinese2-flickr_M_31840786965_77af814416_h,textdiffuserft_bfei,scan,official_test,1246,1998,2489508,2.489508,42.23218873799988,0.7038698122999979,0.0039215686274509
test/attack/textdiffuserft_bfei/scan/netherland-flickr_F_10239917343_ca73cd29b5_h.jpg,netherland-flickr_F_10239917343_ca73cd29b5_h,textdiffuserft_bfei,scan,official_test,1249,1995,2491755,2.491755,42.18080716700024,0.7030134527833373,0.0039215686274509
test/attack/textdiffuserft_bfei/scan/singapore-flickr_F_19679296994_d0fc2a7ac6_o.jpg,singapore-flickr_F_19679296994_d0fc2a7ac6_o,textdiffuserft_bfei,scan,official_test,1246,1997,2488262,2.488262,41.666705417999765,0.6944450902999961,0.0039215686274509
