evaluation_split,variant,file_stem,hardware_source,image_path,saved_clean_probability_attack,clean_probability_attack,saved_probability_abs_error,adv_probability_attack,clean_margin,adv_margin,classification_preserved,epsilon_255,alpha_255,steps,pixel_linf,padding_max_abs_error,accepted_steps,boundary_pullbacks,objective_E_initial,objective_E_final,A,E_clean,E_adv,absolute_E_degradation,relative_E_degradation,E_strictly_improved,mu_w_clean,mu_w_adv,absolute_mu_w_degradation,relative_mu_w_degradation,PG_clean,PG_adv,absolute_PG_degradation,cam_cosine,cam_tv,clean_zero_cam,adv_zero_cam,cam_change_defined,exact_bundle_path,exact_bundle_sha256,exact_bundle_bytes,exact_input_dtype,exact_cam_dtype,exact_cam_height,exact_cam_width,exact_archive_schema,eval_split,classification_margin_floor,tau_E,tau_RRA,valid_support,DC_clean,DC_adv,A_union,mu_clean,mu_adv,RRA_clean,RRA_adv,delta_RRA_adv_minus_clean,relative_RRA_degradation,RRA_clean_tie_expected,RRA_clean_tie_min,RRA_clean_tie_max,RRA_clean_tie_width,RRA_clean_cutoff,RRA_clean_cutoff_tie,RRA_adv_tie_expected,RRA_adv_tie_min,RRA_adv_tie_max,RRA_adv_tie_width,RRA_adv_cutoff,RRA_adv_cutoff_tie,RRA_K,RRA_N_valid,RRA_lift_clean,RRA_lift_adv,RRA_excess_over_area_clean,RRA_excess_over_area_adv,DCEC,E_adv_below_tau,RRA_adv_below_tau,DCEW,classification_flip,DCEW_E_only,DCEW_RRA_only,DCEW_both
dev_val,digital_1,arabic-024_03,huawei,train/attack/digital_1/huawei/arabic-024_03.jpg,1.0,0.9999886751174928,1.132488250732422e-05,0.9972816705703736,11.391756057739258,5.905041694641113,True,1.0,0.25,10,0.0039215851575136,0.0,10,0,0.5305448770523071,0.0441452413797378,0.114726185798645,0.5305449030225693,0.04414523882892193,0.4863996356725693,0.9167926436058063,True,4.624444484710693,0.3847878277301788,4.2396566569805145,0.916792637688189,1.0,0.0,1.0,0.2146215587854385,0.8094508647918701,False,False,True,output/resnet18_localisation_attack_preserve_cls_full_archive_v2/exact_archive/dev_val/digital_1/huawei/arabic-024_03__c059abb99123__exact.npz,3013a4cee02c78f3f5c83971d762acc435f46d80ee1cbbd2b14ae130055f5053,4665068,float32,float32,512,864,resnet_exact_archive_v1,dev_val,0.0,0.5,0.5,content_mask,True,True,0.1147261877997602,4.6244446294037695,0.38478781240401505,0.6834595521443589,0.049541733858621324,-0.6339178182857376,0.9275132907233736,0.6834595521443589,0.6834595521443589,0.6834595521443589,0.0,0.39097777009010315,False,0.049541733858621324,0.049541733858621324,0.049541733858621324,0.0,0.3335583508014679,False,48989,427008,5.957310752251698,0.4318258525689884,0.5687333643445988,-0.06518445394113886,True,True,True,True,False,False,False,True
dev_val,digital_1,arabic-024_03,iphone15pro,train/attack/digital_1/iphone15pro/arabic-024_03.jpg,1.0,0.9997957348823548,0.0002042651176452,0.8652201890945435,8.496027946472168,1.859341144561768,True,1.0,0.25,10,0.0039215851575136,0.0,10,0,0.5389240980148315,0.0209485590457916,0.1077012345194816,0.5389240745711728,0.020948558541442487,0.5179754793643951,0.9611289242216328,True,5.003879547119141,0.1945062130689621,4.8093733340501785,0.9611289178251814,1.0,0.0,1.0,0.0934052020311355,0.8830406665802002,False,False,True,output/resnet18_localisation_attack_preserve_cls_full_archive_v2/exact_archive/dev_val/digital_1/iphone15pro/arabic-024_03__8a15bc3597b8__exact.npz,cbfe7cbe10c3c3d51bac55cfa368fb6b1d767d512795b61d23282dde00e4684e,4757427,float32,float32,512,864,resnet_exact_archive_v1,dev_val,0.0,0.5,0.5,content_mask,True,True,0.10770123689889026,5.003880086141571,0.19450620201427174,0.7411059681134142,0.041278146731960376,-0.6998278213814538,0.9443019642156715,0.7411059681134142,0.7411059681134142,0.7411059681134142,0.0,0.4377472996711731,False,0.041278146731960376,0.041278146731960376,0.041278146731960376,0.0,0.14479266107082367,False,44721,415232,6.8811277330933835,0.38326529871437065,0.633404731214524,-0.06642309016692988,True,True,True,True,False,False,False,True
dev_val,digital_1,arabic-024_03,scan,train/attack/digital_1/scan/arabic-024_03.jpg,1.0,0.9999992847442628,7.152557373046875e-07,0.9985437393188475,14.128520011901855,6.530393600463867,True,1.0,0.25,10,0.0039215772412717,0.0,4,0,0.6589217782020569,0.2198625057935714,0.1170903146266937,0.6589217865656539,0.2198624873177773,0.4390592873096466,0.6663299168423071,True,5.627466201782227,1.877717137336731,3.749749064445496,0.6663299129647273,1.0,1.0,0.0,0.3180190324783325,0.7640806436538696,False,False,True,output/resnet18_localisation_attack_preserve_cls_full_archive_v2/exact_archive/dev_val/digital_1/scan/arabic-024_03__79b9e6078a93__exact.npz,a2832eb34d50cc311421481ba3971fa574244b7a4eb4abea299ea7984c9d5113,4495182,float32,float32,512,864,resnet_exact_archive_v1,dev_val,0.0,0.5,0.5,content_mask,True,True,0.11709031780946602,5.627466035559639,1.877717060052277,0.8011700641713395,0.20233203101277353,-0.598838033158566,0.7474543295348308,0.8011700641713395,0.8011700641713395,0.8011700641713395,0.0,0.3609614074230194,False,0.20233203101277353,0.20233203101277353,0.20233203101277353,0.0,0.1890200674533844,False,49399,421888,6.84232547284597,1.727999674080791,0.6840797463618735,0.0852417132033075,True,True,True,True,False,False,False,True
dev_val,digital_1,arabic-120_03,huawei,train/attack/digital_1/huawei/arabic-120_03.jpg,1.0,0.9999998807907104,1.1920928955078125e-07,0.9999712705612184,16.28217315673828,10.456815719604492,True,1.0,0.25,10,0.0029412410221993,0.0,3,0,0.7339490652084351,0.1887075155973434,0.1422341465950012,0.7339490419275209,0.18870750624585667,0.5452415496110916,0.7428874547608008,True,5.160146713256836,1.3267384767532349,3.833408236503601,0.7428874505942368,1.0,1.0,0.0,0.3362245857715606,0.7119044065475464,False,False,True,output/resnet18_localisation_attack_preserve_cls_full_archive_v2/exact_archive/dev_val/digital_1/huawei/arabic-120_03__0276e20a0ead__exact.npz,e6f3e1a796e5ec9865762978e592663cdda811044d87897807e2416fd73715bd,4611310,float32,float32,512,864,resnet_exact_archive_v1,dev_val,0.0,0.5,0.5,content_mask,True,True,0.1422341488238842,5.160146476752951,1.3267383944450377,0.8123602391876894,0.15611800367726225,-0.6562422355104272,0.80782170748119,0.8123602391876894,0.8123602391876894,0.8123602391876894,0.0,0.2429087609052658,False,0.15611800367726225,0.15611800367726225,0.15611800367726225,0.0,0.20565089583396912,False,60371,424448,5.711428977534519,1.0976126687450367,0.6701260903638052,0.013883854853378064,True,True,True,True,False,False,False,True
dev_val,digital_1,arabic-120_03,iphone15pro,train/attack/digital_1/iphone15pro/arabic-120_03.jpg,1.0,0.9999998807907104,1.1920928955078125e-07,0.9854981899261476,16.367679595947266,4.218874454498291,True,1.0,0.25,10,0.0039215851575136,0.0,10,0,0.6574225425720215,0.060636144131422,0.1335568875074386,0.6574225261290411,0.060636147806501874,0.5967863313853741,0.9077668540450955,True,4.922415256500244,0.4540099203586578,4.468405336141586,0.907766838695878,1.0,0.0,1.0,0.1847725808620453,0.7784208059310913,False,False,True,output/resnet18_localisation_attack_preserve_cls_full_archive_v2/exact_archive/dev_val/digital_1/iphone15pro/arabic-120_03__e1549485f43a__exact.npz,007e353a84f562e4a79513cd350bda94ae35c4ce88b0e7318fe3a2bbd04b7cfd,4941400,float32,float32,512,864,resnet_exact_archive_v1,dev_val,0.0,0.5,0.5,content_mask,True,True,0.13355688955269607,4.9224156711859415,0.4540098830512022,0.8148712342515099,0.040215774476245095,-0.7746554597752647,0.9506476940332974,0.8148712342515099,0.8148712342515099,0.8148712342515099,0.0,0.355369508266449,False,0.040215774476245095,0.040215774476245095,0.040215774476245095,0.0,0.23739725351333618,False,55799,417792,6.101304372845514,0.30111344020465225,0.6813143446988138,-0.09334111507645097,True,True,True,True,False,False,False,True
dev_val,digital_1,arabic-120_03,scan,train/attack/digital_1/scan/arabic-120_03.jpg,1.0,0.9999862909317015,1.3709068298339844e-05,0.9882627129554749,11.19765281677246,4.433173179626465,True,1.0,0.25,10,0.0029412410221993,0.0,3,0,0.7997737526893616,0.1507480293512344,0.1591306775808334,0.7997737485790143,0.15074805744422365,0.6490256190299988,0.8115116209902327,True,5.025892734527588,0.9473224878311156,4.078570246696472,0.8115115984622859,1.0,1.0,0.0,0.2486638575792312,0.8309834003448486,False,False,True,output/resnet18_localisation_attack_preserve_cls_full_archive_v2/exact_archive/dev_val/digital_1/scan/arabic-120_03__5f783b197c8a__exact.npz,1135ceb82b6337ef3cae59231ce2905be6f04fff1793c1ecc95d3543b3bf410a,4383414,float32,float32,512,864,resnet_exact_archive_v1,dev_val,0.0,0.5,0.5,content_mask,True,True,0.15913068007955936,5.025892858493142,0.9473223979741385,0.741140238864268,0.0652895665890483,-0.6758506722752198,0.9119065958568128,0.741140238864268,0.741140238864268,0.741140238864268,0.0,0.15044140815734863,False,0.0652895665890483,0.0652895665890483,0.0652895665890483,0.0,0.0790797621011734,False,66565,418304,4.6574314801754495,0.4102889936522987,0.5820095587847087,-0.09384111349051105,True,True,True,True,False,False,False,True
dev_val,digital_1,arabic-NF-1048,huawei,train/attack/digital_1/huawei/arabic-NF-1048.jpg,1.0,0.9999996423721312,3.5762786865234375e-07,0.98323392868042,14.801379203796388,4.071492671966553,True,1.0,0.25,10,0.0039215851575136,0.0,7,0,0.7823598980903625,0.1183338463306427,0.1932384967803955,0.7823598320854749,0.11833384436700872,0.6640261188149452,0.8487475461878258,True,4.048675537109375,0.6123719811439514,3.436303555965424,0.8487475779347916,1.0,1.0,0.0,0.2630350589752197,0.7787683010101318,False,False,True,output/resnet18_localisation_attack_preserve_cls_full_archive_v2/exact_archive/dev_val/digital_1/huawei/arabic-NF-1048__109430720360__exact.npz,ffc4a4aab35366b54f8a5a2c605bc53d8a1da3a62d047694726a884226a752f2,4580608,float32,float32,512,864,resnet_exact_archive_v1,dev_val,0.0,0.5,0.5,content_mask,True,True,0.19323848983616504,4.048674944359115,0.6123720200221844,0.7386445875498313,0.08629254829806808,-0.6523520392517632,0.8831744661064798,0.7386445875498313,0.7386445875498313,0.7386445875498313,0.0,0.12761978805065155,False,0.08629254829806808,0.08629254829806808,0.08629254829806808,0.0,0.04447006434202194,False,81525,421888,3.822450631735336,0.44655983583410425,0.5454060977136663,-0.10694594153809696,True,True,True,True,False,False,False,True
dev_val,digital_1,arabic-NF-1048,iphone15pro,train/attack/digital_1/iphone15pro/arabic-NF-1048.jpg,1.0,0.9999996423721312,3.5762786865234375e-07,0.9987781643867492,14.777191162109377,6.706183433532715,True,1.0,0.25,10,0.0039215851575136,0.0,5,0,0.8640734553337097,0.1708893924951553,0.206062838435173,0.8640733587356457,0.17088939708920786,0.6931839287281036,0.8022281379682142,True,4.193251609802246,0.8293072581291199,3.363944351673126,0.8022281190590826,1.0,1.0,0.0,0.1708316653966903,0.8486372232437134,False,False,True,output/resnet18_localisation_attack_preserve_cls_full_archive_v2/exact_archive/dev_val/digital_1/iphone15pro/arabic-NF-1048__b270f8c9b09e__exact.npz,823738e102ceed76bc5136fc4d5e293164e27f18f5640b32134aec665b92354e,5009011,float32,float32,512,864,resnet_exact_archive_v1,dev_val,0.0,0.5,0.5,content_mask,True,True,0.2060628352205006,4.1932518195774175,0.8293072203259998,0.7715944779592852,0.1216023859553989,-0.6499920920038862,0.8424011713030746,0.7715944779592852,0.7715944779592852,0.7715944779592852,0.0,0.07243630290031433,False,0.1216023859553989,0.1216023859553989,0.1216023859553989,0.0,0.08503643423318863,False,88518,429568,3.744462106102874,0.5901228420218351,0.5655316427387845,-0.08446044926510168,True,True,True,True,False,False,False,True
dev_val,digital_1,arabic-NF-1048,scan,train/attack/digital_1/scan/arabic-NF-1048.jpg,1.0,1.0,0.0,0.9721918702125548,16.681827545166016,3.554224729537964,True,1.0,0.25,10,0.0039215851575136,0.0,6,0,0.8567985892295837,0.2060025930404663,0.2055954784154892,0.8567985620385479,0.20600258062139717,0.6507959812879562,0.759567079417987,True,4.167399883270264,1.0019803047180176,3.165419578552246,0.7595670363335187,1.0,1.0,0.0,0.2239061892032623,0.8630766868591309,False,False,True,output/resnet18_localisation_attack_preserve_cls_full_archive_v2/exact_archive/dev_val/digital_1/scan/arabic-NF-1048__f425baf8e50a__exact.npz,d05b247179ed6962c4180b0946cfa2967563293c414dc9936d25176a511b3f4e,4256805,float32,float32,512,864,resnet_exact_archive_v1,dev_val,0.0,0.5,0.5,content_mask,True,True,0.20559547767314704,4.167399846219745,1.0019801162596453,0.7585446654277238,0.24401786847967866,-0.5145267969480452,0.6783078444799513,0.7585446654277238,0.7585446654277238,0.7585446654277238,0.0,0.07200083881616592,False,0.257871954029693,0.24401786847967866,0.3161497350894001,0.07213186660972143,0.0,True,86633,421376,3.689500732276067,1.1868834433586863,0.5529491877545768,0.03842239080653162,True,True,True,True,False,False,False,True
dev_val,digital_1,arabic-NF-1098,huawei,train/attack/digital_1/huawei/arabic-NF-1098.jpg,1.0,0.9999996423721312,3.5762786865234375e-07,0.9973047971725464,14.95558738708496,5.913570404052734,True,1.0,0.25,10,0.0039215851575136,0.0,5,0,0.8332381248474121,0.1731190681457519,0.2052208632230758,0.8332381901117671,0.1731190698429057,0.6601191610097885,0.7922333950875629,True,4.060202598571777,0.8435744643211365,3.216628134250641,0.792233406131538,1.0,1.0,0.0,0.2511153817176819,0.810807466506958,False,False,True,output/resnet18_localisation_attack_preserve_cls_full_archive_v2/exact_archive/dev_val/digital_1/huawei/arabic-NF-1098__795dc6e7fad7__exact.npz,ce37e745a3baf47180c96fad081f5dd262a45b5d3b67892b1dc1d1e24aca0957,4531190,float32,float32,512,864,resnet_exact_archive_v1,dev_val,0.0,0.5,0.5,content_mask,True,True,0.20522086251522534,4.060202164143761,0.843574418902279,0.7500492667941807,0.1269344461832725,-0.6231148206109083,0.83076518863113,0.7500492667941807,0.7500492667941807,0.7500492667941807,0.0,0.09225455671548843,True,0.1269344461832725,0.1269344461832725,0.1269344461832725,0.0,0.02267320640385151,False,86265,420352,3.6548392673212478,0.6185260339886507,0.5448284042789554,-0.07828641633195285,True,True,True,True,False,False,False,True
dev_val,digital_1,arabic-NF-1098,iphone15pro,train/attack/digital_1/iphone15pro/arabic-NF-1098.jpg,1.0,0.9999998807907104,1.1920928955078125e-07,0.9959179759025574,16.25337028503418,5.497075080871582,True,1.0,0.25,10,0.0039215851575136,0.0,8,0,0.7910969257354736,0.1636188179254531,0.2187102884054184,0.7910968920844414,0.1636188250078726,0.6274781078100204,0.7931747341634001,True,3.61709976196289,0.7481075525283813,2.8689922094345093,0.793174752768664,1.0,1.0,0.0,0.351083755493164,0.7652068138122559,False,False,True,output/resnet18_localisation_attack_preserve_cls_full_archive_v2/exact_archive/dev_val/digital_1/iphone15pro/arabic-NF-1098__aff0336f2532__exact.npz,455c9af0041e0dbb220e6492f96e526730cd9dc5d1230cdbb75b67e11c70d1f0,5012119,float32,float32,512,864,resnet_exact_archive_v1,dev_val,0.0,0.5,0.5,content_mask,True,True,0.21871028334330145,3.6170996625827874,0.7481075992711608,0.7132938097527106,0.0788442023180046,-0.634449607434706,0.8894646199925121,0.7132938097527106,0.7132938097527106,0.7132938097527106,0.0,0.10094910115003586,False,0.0788442023180046,0.0788442023180046,0.0788442023180046,0.0,0.026715371757745743,False,93615,428032,3.2613638410091568,0.36049609150862727,0.49458352640940917,-0.13986608102529685,True,True,True,True,False,False,False,True
dev_val,digital_1,arabic-NF-1098,scan,train/attack/digital_1/scan/arabic-NF-1098.jpg,1.0,0.9999997615814208,2.384185791015625e-07,0.9999842643737792,15.21890926361084,11.05662727355957,True,1.0,0.25,10,0.0039215851575136,0.0,6,0,0.7755129933357239,0.2140737026929855,0.2052898555994033,0.7755130773269527,0.21407369569543966,0.5614393651485443,0.7239586256452163,True,3.777649164199829,1.0427874326705933,2.734861731529236,0.7239586347634075,1.0,1.0,0.0,0.3140016794204712,0.711599588394165,False,False,True,output/resnet18_localisation_attack_preserve_cls_full_archive_v2/exact_archive/dev_val/digital_1/scan/arabic-NF-1098__74f92af0e67a__exact.npz,5181ba972be146ab8f734d778aa7a82926cea72f37bea00eeec03004d7356a3c,4925083,float32,float32,512,864,resnet_exact_archive_v1,dev_val,0.0,0.5,0.5,content_mask,True,True,0.20528985231425093,3.7776493508301763,1.0427875186336182,0.7670289939045588,0.1847984796161958,-0.582230514288363,0.7590723674271038,0.7670289939045588,0.7670289939045588,0.7670289939045588,0.0,0.1402016580104828,False,0.1847984796161958,0.1847984796161958,0.1847984796161958,0.0,0.14123119413852692,False,86294,420352,3.7363220113306728,0.900183216719901,0.5617391415903079,-0.02049137269805512,True,True,True,True,False,False,False,True
dev_val,digital_1,arabic-NM-1090,huawei,train/attack/digital_1/huawei/arabic-NM-1090.jpg,1.0,0.9999957084655762,4.291534423828125e-06,0.9999701976776124,12.359123229980469,10.41904067993164,True,1.0,0.25,10,0.0019608272705227,0.0,2,0,0.8321663737297058,0.2035715281963348,0.2239960730075836,0.8321664253642078,0.20357152448460283,0.6285948902368546,0.7553716200512328,True,3.7150938510894775,0.9088174700737,2.8062763810157776,0.7553715985378989,1.0,1.0,0.0,0.2725873291492462,0.7653307914733887,False,False,True,output/resnet18_localisation_attack_preserve_cls_full_archive_v2/exact_archive/dev_val/digital_1/huawei/arabic-NM-1090__9e1bef3fc392__exact.npz,60b24f29ccfdb05a344c666b480bc9aa28787c5820042b25beef34c789763549,4841063,float32,float32,512,864,resnet_exact_archive_v1,dev_val,0.0,0.5,0.5,content_mask,True,True,0.22399607487922704,3.7150937837321063,0.9088173736721208,0.7299389216512215,0.16955560235888795,-0.5603833192923335,0.7677126163168144,0.7299389216512215,0.7299389216512215,0.7299389216512215,0.0,0.06502979248762131,False,0.16955560235888795,0.16955560235888795,0.16955560235888795,0.0,0.1581922024488449,False,94960,423936,3.2587130022023194,0.7569579174559554,0.5059428467719945,-0.054440472520339095,True,True,True,True,False,False,False,True
dev_val,digital_1,arabic-NM-1090,iphone15pro,train/attack/digital_1/iphone15pro/arabic-NM-1090.jpg,1.0,0.9999910593032836,8.940696716308594e-06,0.9406031966209412,11.626869201660156,2.762281894683838,True,1.0,0.25,10,0.0039215851575136,0.0,10,0,0.8141950368881226,0.010736827738583,0.1904430985450744,0.8141950857360708,0.010736826534543617,0.8034582091495395,0.9868129558595443,True,4.275266647338867,0.0563781410455703,4.218888506293297,0.9868129532737652,1.0,0.0,1.0,0.0219466052949428,0.941961944103241,False,False,True,output/resnet18_localisation_attack_preserve_cls_full_archive_v2/exact_archive/dev_val/digital_1/iphone15pro/arabic-NM-1090__319cd7c8bef4__exact.npz,60b8c7a09db16011eb20f8a1c808d6c5b9421a6216f0b95d6e8c5eb567229c0a,4725898,float32,float32,512,864,resnet_exact_archive_v1,dev_val,0.0,0.5,0.5,content_mask,True,True,0.19044309847066168,4.275266955192393,0.056378134050353405,0.7765258696849032,0.026016926366464795,-0.7505089433184384,0.9664957377697901,0.7765258696849032,0.7765258696849032,0.7765258696849032,0.0,0.13895268738269806,False,0.026016926366464795,0.026016926366464795,0.026016926366464795,0.0,0.032131846994161606,False,78103,410112,4.077469206921822,0.13661259754431468,0.5860827712142416,-0.16442617210419688,True,True,True,True,False,False,False,True
dev_val,digital_1,arabic-NM-1090,scan,train/attack/digital_1/scan/arabic-NM-1090.jpg,1.0,0.9999877214431764,1.2278556823730469e-05,0.9984758496284484,11.308552742004396,6.484758377075195,True,1.0,0.25,10,0.0039215851575136,0.0,5,0,0.8084657788276672,0.1162136197090148,0.2252189815044403,0.8084657704907545,0.11621360266760579,0.6922522336244583,0.8562541459274622,True,3.589687824249268,0.5160027146339417,3.073685109615326,0.8562541535929085,1.0,1.0,0.0,0.2687364816665649,0.7655500769615173,False,False,True,output/resnet18_localisation_attack_preserve_cls_full_archive_v2/exact_archive/dev_val/digital_1/scan/arabic-NM-1090__2155706f18a3__exact.npz,24ae6bb9b5700e284cc7a95e9021ede11a27fc0b42d2dded0ee46498ca48c3f7,4610232,float32,float32,512,864,resnet_exact_archive_v1,dev_val,0.0,0.5,0.5,content_mask,True,True,0.22521897949816402,3.5896875667059183,0.516002705129712,0.695594947457807,0.08104235219191169,-0.6145525952658953,0.8834920344259293,0.695594947457807,0.695594947457807,0.695594947457807,0.0,0.07806672155857086,False,0.08104235219191169,0.08104235219191169,0.08104235219191169,0.0,0.08089768886566162,False,94210,418304,3.0885272147478027,0.35983802241041746,0.470375967959643,-0.14417662730625233,True,True,True,True,False,False,False,True
dev_val,digital_1,chinese-001_03,huawei,train/attack/digital_1/huawei/chinese-001_03.jpg,1.0,0.9999833106994628,1.6689300537109375e-05,0.9823213815689088,11.00217628479004,4.017563343048096,True,1.0,0.25,10,0.0019608272705227,0.0,2,0,0.6503745317459106,0.1961922794580459,0.139466717839241,0.650374518677516,0.1961922755940569,0.4541822522878647,0.6983395413568815,True,4.663295269012451,1.4067318439483645,3.256563425064087,0.698339529710657,1.0,1.0,0.0,0.4620217680931091,0.7018227577209473,False,False,True,output/resnet18_localisation_attack_preserve_cls_full_archive_v2/exact_archive/dev_val/digital_1/huawei/chinese-001_03__b72bb8d023e3__exact.npz,58d0012ec14b5b8c2305fad424c94eb796f0f17042e7dd4464d6f1853e35a00d,3553524,float32,float32,512,864,resnet_exact_archive_v1,dev_val,0.0,0.5,0.5,content_mask,True,True,0.13946672418967587,4.663295294675462,1.4067317973800963,0.729279445882788,0.12319693352610873,-0.6060825123566793,0.8310703335715438,0.729279445882788,0.729279445882788,0.729279445882788,0.0,0.30097395181655884,False,0.12319693352610873,0.12319693352610873,0.12319693352610873,0.0,0.06369735300540924,False,59482,426496,5.229056967674684,0.8833428492846789,0.5898127216931122,-0.016269790663567138,True,True,True,True,False,False,False,True
dev_val,digital_1,chinese-001_03,iphone15pro,train/attack/digital_1/iphone15pro/chinese-001_03.jpg,1.0,0.99991774559021,8.225440979003906e-05,0.9976497292518616,9.405238151550291,6.050851821899414,True,1.0,0.25,10,0.0039215851575136,0.0,5,0,0.6884941458702087,0.1723070293664932,0.1416015625,0.6884941325488073,0.1723070326190873,0.5161872357130051,0.7497334770578129,True,4.862194061279297,1.216844081878662,3.6453499794006343,0.7497335428116382,1.0,1.0,0.0,0.3001987934112549,0.7678616046905518,False,False,True,output/resnet18_localisation_attack_preserve_cls_full_archive_v2/exact_archive/dev_val/digital_1/iphone15pro/chinese-001_03__0e6185f6d1e0__exact.npz,2efe7324e144bf0fb3d3faadc624165d81d8ece373636c1c7830d88b96e37aed,4437106,float32,float32,512,864,resnet_exact_archive_v1,dev_val,0.0,0.5,0.5,content_mask,True,True,0.1416015625,4.862193046413646,1.2168441475996234,0.7611705313596303,0.10901001112347053,-0.6521605202361598,0.8567863486139526,0.7611705313596303,0.7611705313596303,0.7611705313596303,0.0,0.27898281812667847,False,0.10901001112347053,0.10901001112347053,0.10901001112347053,0.0,0.1176876500248909,False,58435,412672,5.375438786981113,0.7698362164857505,0.6195689688596303,-0.03259155137652947,True,True,True,True,False,False,False,True
dev_val,digital_1,chinese-001_03,scan,train/attack/digital_1/scan/chinese-001_03.jpg,0.99951171875,0.9996157884597778,0.0001040697097778,0.9880148768424988,7.864067077636719,4.412034034729004,True,1.0,0.25,10,0.0039215851575136,0.0,5,0,0.7440134286880493,0.1732168495655059,0.1407732218503952,0.7440134301661718,0.17321686055554297,0.5707965940237045,0.7671858416361438,True,5.285191535949707,1.2304672002792358,4.054724335670471,0.7671858830640977,1.0,1.0,0.0,0.1893174350261688,0.8577145934104919,False,False,True,output/resnet18_localisation_attack_preserve_cls_full_archive_v2/exact_archive/dev_val/digital_1/scan/chinese-001_03__f3a61eaf41b1__exact.npz,16bca07bddfd818a4a7cb93d206298f2d3e60305befc63fe8c24d32614b3d20d,4313906,float32,float32,512,864,resnet_exact_archive_v1,dev_val,0.0,0.5,0.5,content_mask,True,True,0.14077321756425948,5.285191622664646,1.230467439422373,0.7492443025506912,0.10858268518832999,-0.6406616173623612,0.8550770625566636,0.7492443025506912,0.7492443025506912,0.7492443025506912,0.0,0.1985447257757187,False,0.10858268518832999,0.10858268518832999,0.10858268518832999,0.0,0.090049609541893,False,58886,418304,5.322349773021845,0.7713305632072002,0.6084710849864317,-0.03219053237592949,True,True,True,True,False,False,False,True
dev_val,digital_1,chinese-113_03,huawei,train/attack/digital_1/huawei/chinese-113_03.jpg,1.0,0.9999998807907104,1.1920928955078125e-07,0.997223734855652,15.626230239868164,5.883875370025635,True,1.0,0.25,10,0.0039215772412717,0.0,4,0,0.6599735021591187,0.1898719072341919,0.1327793598175048,0.6599734722542829,0.18987191482402613,0.4701015949249267,0.7123037170335388,True,4.970452785491943,1.4299806356430054,3.540472149848938,0.712303748298964,1.0,1.0,0.0,0.292538046836853,0.8003663420677185,False,False,True,output/resnet18_localisation_attack_preserve_cls_full_archive_v2/exact_archive/dev_val/digital_1/huawei/chinese-113_03__80b1dbcdfcfd__exact.npz,a4dc9e1cf9bff0be0801964ca722f749454ffd81e3757389727fbd6fee99fa5b,3657962,float32,float32,512,864,resnet_exact_archive_v1,dev_val,0.0,0.5,0.5,content_mask,True,True,0.13277935606060606,4.970452424494689,1.4299806871887573,0.7644153621224548,0.12227650394037728,-0.6421388581820775,0.8400391855013645,0.7644153621224548,0.7644153621224548,0.7644153621224548,0.0,0.2992219626903534,False,0.12227650394037728,0.12227650394037728,0.12227650394037728,0.0,0.09380846470594406,False,56086,422400,5.757034713841687,0.9208999619230354,0.6316360060618487,-0.010502852120228778,True,True,True,True,False,False,False,True
dev_val,digital_1,chinese-113_03,iphone15pro,train/attack/digital_1/iphone15pro/chinese-113_03.jpg,1.0,1.0,0.0,0.9929424524307252,16.92319107055664,4.946563720703125,True,1.0,0.25,10,0.0039215851575136,0.0,10,0,0.6094513535499573,0.0988010391592979,0.1292112022638321,0.6094514008067239,0.09880104220663963,0.5106503665447235,0.837885281622361,True,4.716707229614258,0.7646477222442627,3.952059507369995,0.8378852693159848,1.0,1.0,0.0,0.2837003469467163,0.7991793155670166,False,False,True,output/resnet18_localisation_attack_preserve_cls_full_archive_v2/exact_archive/dev_val/digital_1/iphone15pro/chinese-113_03__fc161e4330d3__exact.npz,8df3a3f06bf17af4e6d6a3afca5bfed134ef4c230db1483da048e590704eb5f0,4475573,float32,float32,512,864,resnet_exact_archive_v1,dev_val,0.0,0.5,0.5,content_mask,True,True,0.12921119888475838,4.7167072673807855,0.7646476703211992,0.7576608975799806,0.059264254139507005,-0.6983966434404736,0.9217799752781212,0.7576608975799806,0.7576608975799806,0.7576608975799806,0.0,0.3388022482395172,False,0.059264254139507005,0.059264254139507005,0.059264254139507005,0.0,0.17533992230892181,False,53388,413184,5.863740172055268,0.4586619012208373,0.6284496986952222,-0.06994694474525137,True,True,True,True,False,False,False,True
dev_val,digital_1,chinese-113_03,scan,train/attack/digital_1/scan/chinese-113_03.jpg,1.0,0.9999991655349731,8.344650268554688e-07,0.99962317943573,14.066080093383787,7.883472919464111,True,1.0,0.25,10,0.0029412410221993,0.0,3,0,0.6107090711593628,0.1949599832296371,0.1349261850118637,0.6107090287181303,0.19495995353113715,0.4157491326332092,0.6807645795898001,True,4.526245594024658,1.4449377059936523,3.081307888031006,0.6807646257858405,1.0,1.0,0.0,0.365606278181076,0.7286920547485352,False,False,True,output/resnet18_localisation_attack_preserve_cls_full_archive_v2/exact_archive/dev_val/digital_1/scan/chinese-113_03__757716d45d2e__exact.npz,93099a39fe7a1798403f8c4fd06ce6c6d91a020e75df4631fad877148289ad99,4331070,float32,float32,512,864,resnet_exact_archive_v1,dev_val,0.0,0.5,0.5,content_mask,True,True,0.13492618865030676,4.526245311063574,1.4449378247570763,0.7415899968029555,0.11630137472913929,-0.6252886220738162,0.8431729456565995,0.7415899968029555,0.7415899968029555,0.7415899968029555,0.0,0.3372723460197449,False,0.11630137472913929,0.11630137472913929,0.11630137472913929,0.0,0.1481325924396515,False,56302,417280,5.496264322154404,0.861962943536202,0.6066638081526488,-0.018624813921167466,True,True,True,True,False,False,False,True
dev_val,digital_1,chinese-142_03,huawei,train/attack/digital_1/huawei/chinese-142_03.jpg,1.0,0.9999977350234984,2.264976501464844e-06,0.9693006277084352,12.973529815673828,3.4523324966430664,True,1.0,0.25,10,0.0039215851575136,0.0,10,0,0.6759697794914246,0.1220965981483459,0.1411907523870468,0.6759698071535625,0.12209661435749361,0.553873173892498,0.8193756391699955,True,4.78763484954834,0.8647634983062744,3.9228713512420654,0.8193756363044572,1.0,1.0,0.0,0.3147752285003662,0.7611104249954224,False,False,True,output/resnet18_localisation_attack_preserve_cls_full_archive_v2/exact_archive/dev_val/digital_1/huawei/chinese-142_03__b6cea35284cd__exact.npz,7282940bb630fcc1d894aadbc44856b98119f5066b2aaafdb6ec0150bbe439bc,4052104,float32,float32,512,864,resnet_exact_archive_v1,dev_val,0.0,0.5,0.5,content_mask,True,True,0.14119074894831732,4.787635253645409,0.8647635575768984,0.7344251392468202,0.06796907473605454,-0.6664560645107657,0.9074526849587975,0.7344251392468202,0.7344251392468202,0.7344251392468202,0.0,0.29505348205566406,False,0.06796907473605454,0.06796907473605454,0.06796907473605454,0.0,0.12609605491161346,False,60145,425984,5.201651982989732,0.48139892480444685,0.5932343902985029,-0.07322167421226278,True,True,True,True,False,False,False,True
dev_val,digital_1,chinese-142_03,iphone15pro,train/attack/digital_1/iphone15pro/chinese-142_03.jpg,1.0,0.9999995231628418,4.76837158203125e-07,0.9982068538665771,14.477293014526367,6.322021484375,True,1.0,0.25,10,0.0039215851575136,0.0,10,0,0.691241443157196,0.1003326028585434,0.1391281634569168,0.6912414072031019,0.10033260232023818,0.590908832848072,0.8548515738861716,True,4.968379020690918,0.7211523652076721,4.247226655483246,0.8548515799208518,1.0,0.0,1.0,0.2207825779914856,0.7827465534210205,False,False,True,output/resnet18_localisation_attack_preserve_cls_full_archive_v2/exact_archive/dev_val/digital_1/iphone15pro/chinese-142_03__1cc6f3761f34__exact.npz,19f9f1922c86cf60c2432398f626fdcf1b31c9b31499ab0e8419d1883c49a03e,4618070,float32,float32,512,864,resnet_exact_archive_v1,dev_val,0.0,0.5,0.5,content_mask,True,True,0.1391281674907293,4.968378579766475,0.7211523311907617,0.76232039980565,0.0764038314708128,-0.6859165683348373,0.8997746466049032,0.76232039980565,0.76232039980565,0.76232039980565,0.0,0.21942569315433502,False,0.0764038314708128,0.0764038314708128,0.0764038314708128,0.0,0.1893622726202011,False,57628,414208,5.479267164619607,0.5491614879201504,0.6231922323149207,-0.06272433601991649,True,True,True,True,False,False,False,True
dev_val,digital_1,chinese-142_03,scan,train/attack/digital_1/scan/chinese-142_03.jpg,1.0,1.0,0.0,0.9999617338180542,17.79965591430664,10.17180347442627,True,1.0,0.25,10,0.0029412410221993,0.0,3,0,0.610985279083252,0.1869890987873077,0.140429213643074,0.6109853078026277,0.18698909991124513,0.423996239900589,0.6939548340634568,True,4.350842475891113,1.3315541744232178,3.0192883014678955,0.693954864649404,1.0,1.0,0.0,0.444995641708374,0.6671425700187683,False,False,True,output/resnet18_localisation_attack_preserve_cls_full_archive_v2/exact_archive/dev_val/digital_1/scan/chinese-142_03__db99c7c94d43__exact.npz,9d8e3d1247bbac794dbaa9e59567cd7028c445fcc7b99f7e91d35ef0d040cbba,4339121,float32,float32,512,864,resnet_exact_archive_v1,dev_val,0.0,0.5,0.5,content_mask,True,True,0.1404292099633252,4.3508420218428485,1.3315541685385799,0.7586799061447954,0.1117931104838984,-0.646886795660897,0.8526478563904888,0.7586799061447954,0.7586799061447954,0.7586799061447954,0.0,0.37496110796928406,False,0.1117931104838984,0.1117931104838984,0.1117931104838984,0.0,0.1420738846063614,False,58814,418816,5.402579038527198,0.7960816023467947,0.6182506961814702,-0.028636099479426802,True,True,True,True,False,False,False,True
dev_val,digital_1,chinese-NF-1050,huawei,train/attack/digital_1/huawei/chinese-NF-1050.jpg,1.0,0.9999969005584716,3.0994415283203125e-06,0.996728777885437,12.698421478271484,5.719331741333008,True,1.0,0.25,10,0.0039215851575136,0.0,6,0,0.7494081854820251,0.1905222535133361,0.3078449070453644,0.7494081582292531,0.19052222814655376,0.5588859021663666,0.7457697436911667,True,2.4343690872192383,0.6188902854919434,1.815478801727295,0.7457697402003666,1.0,1.0,0.0,0.3983843326568603,0.7110946178436279,False,False,True,output/resnet18_localisation_attack_preserve_cls_full_archive_v2/exact_archive/dev_val/digital_1/huawei/chinese-NF-1050__777e05d2d6ce__exact.npz,45afbab26392ea806abeb9c55e458d5f1398f934eb64e6fd87c5daeb8f668051,4145338,float32,float32,512,864,resnet_exact_archive_v1,dev_val,0.0,0.5,0.5,content_mask,True,True,0.3078448955829327,2.4343692846041174,0.618890327175256,0.6840479803564211,0.14073068622890564,-0.5433172941275155,0.7942678141442968,0.6840479803564211,0.6840479803564211,0.6840479803564211,0.0,0.07912937551736832,False,0.18479400690683606,0.14073068622890564,0.262260079153862,0.12152939292495638,0.0,True,131137,425984,2.222053995929064,0.45714802567188617,0.3762030847734884,-0.16711420935402707,True,True,True,True,False,False,False,True
dev_val,digital_1,chinese-NF-1050,iphone15pro,train/attack/digital_1/iphone15pro/chinese-NF-1050.jpg,1.0,0.9999983310699464,1.6689300537109375e-06,0.8603759407997131,13.269538879394531,1.8184159994125368,True,1.0,0.25,10,0.0039215851575136,0.0,10,0,0.7943056225776672,0.1393191069364547,0.2957620620727539,0.7943056014286395,0.13931910625165297,0.6549865305423737,0.8246026390836557,True,2.68562388420105,0.471051275730133,2.2145726084709167,0.8246026636487608,1.0,1.0,0.0,0.318352460861206,0.7726249098777771,False,False,True,output/resnet18_localisation_attack_preserve_cls_full_archive_v2/exact_archive/dev_val/digital_1/iphone15pro/chinese-NF-1050__d629d973254a__exact.npz,816e46c10705c2c576ecd4427f821f8b38447134b247207e4c7ef2a9e7c04060,4410806,float32,float32,512,864,resnet_exact_archive_v1,dev_val,0.0,0.5,0.5,content_mask,True,True,0.2957620596945137,2.685623714715338,0.4710513119754194,0.6954391627623573,0.07305244262929508,-0.6223867201330622,0.8949549485549201,0.6954391627623573,0.6954391627623573,0.6954391627623573,0.0,0.04722416400909424,False,0.16367588796117355,0.07305244262929508,0.33106622641975514,0.25801378379046,0.0,True,121447,410624,2.351346766656486,0.24699734206865273,0.3996771030678436,-0.2227096170652186,True,True,True,True,False,False,False,True
dev_val,digital_1,chinese-NF-1050,scan,train/attack/digital_1/scan/chinese-NF-1050.jpg,1.0,0.9999996423721312,3.5762786865234375e-07,0.9967042803764344,14.975914001464844,5.711827278137207,True,1.0,0.25,10,0.0039215851575136,0.0,5,0,0.7813866138458252,0.2062946259975433,0.3111509680747986,0.7813866185259972,0.2062946197470007,0.5750920474529266,0.7359890547701552,True,2.5112783908843994,0.6630049347877502,1.8482734560966487,0.735989073455827,1.0,1.0,0.0,0.3691592514514923,0.7296053171157837,False,False,True,output/resnet18_localisation_attack_preserve_cls_full_archive_v2/exact_archive/dev_val/digital_1/scan/chinese-NF-1050__7be1d5f032bd__exact.npz,a2a097888253e37d4c489f2e6bd34d6bda234016796edf3bb3734ad2bdba9d30,4518794,float32,float32,512,864,resnet_exact_archive_v1,dev_val,0.0,0.5,0.5,content_mask,True,True,0.311150958893643,2.5112781953311902,0.6630049300844864,0.6920692168975175,0.1263937382496259,-0.5656754786478917,0.8173683568585274,0.6920692168975175,0.6920692168975175,0.6920692168975175,0.0,0.06568341702222824,False,0.18903070904150573,0.1263937382496259,0.29738710048728084,0.17099336223765493,0.0,True,130315,418816,2.224223313848373,0.40621355852169994,0.3809182580038745,-0.18475722064401712,True,True,True,True,False,False,False,True
dev_val,digital_1,chinese-NF-1085,huawei,train/attack/digital_1/huawei/chinese-NF-1085.jpg,1.0,0.9999988079071044,1.1920928955078125e-06,0.98653644323349,13.687442779541016,4.294211387634277,True,1.0,0.25,10,0.0039215851575136,0.0,7,0,0.7920458912849426,0.1186479032039642,0.2225763350725174,0.7920458894054531,0.11864791267378748,0.673397921025753,0.8502007089982498,True,3.558535575866699,0.5330661535263062,3.025469422340393,0.8502006957183573,1.0,0.0,1.0,0.3064521253108978,0.783469557762146,False,False,True,output/resnet18_localisation_attack_preserve_cls_full_archive_v2/exact_archive/dev_val/digital_1/huawei/chinese-NF-1085__39a10f6fdad2__exact.npz,07acf09440fb8aacae20666adae60042f1b34fa41ed9127193fea1a0289e6479,3955953,float32,float32,512,864,resnet_exact_archive_v1,dev_val,0.0,0.5,0.5,content_mask,True,True,0.22257633874849578,3.5585358886707175,0.5330661531271563,0.7084477296726505,0.1001583949313622,-0.6082893347412883,0.8586227455656581,0.7084477296726505,0.7084477296726505,0.7084477296726505,0.0,0.11922072619199753,False,0.1001583949313622,0.1001583949313622,0.1001583949313622,0.0,0.0032339722383767366,False,94700,425472,3.18294268679284,0.4499956980806393,0.48587139092415466,-0.12241794381713358,True,True,True,True,False,False,False,True
dev_val,digital_1,chinese-NF-1085,iphone15pro,train/attack/digital_1/iphone15pro/chinese-NF-1085.jpg,1.0,0.9999938011169434,6.198883056640625e-06,0.9985170960426332,11.989307403564451,6.512285232543945,True,1.0,0.25,10,0.0039215772412717,0.0,4,0,0.714330792427063,0.1859373748302459,0.2181609272956848,0.7143307734298437,0.18593736641386596,0.5283934324979782,0.7397041072147967,True,3.274329662322998,0.8522945046424866,2.4220351576805115,0.7397041249542907,1.0,1.0,0.0,0.3679009675979614,0.7361032366752625,False,False,True,output/resnet18_localisation_attack_preserve_cls_full_archive_v2/exact_archive/dev_val/digital_1/iphone15pro/chinese-NF-1085__585bb04e89c8__exact.npz,bcecea594f3090362b95be1c26950e9472e8c77861e8a75ecab9541f694886f7,4329323,float32,float32,512,864,resnet_exact_archive_v1,dev_val,0.0,0.5,0.5,content_mask,True,True,0.2181609239802225,3.2743296113588234,0.8522945494616727,0.7263844008676021,0.11607498561373998,-0.6103094152538622,0.8402017093496245,0.7263844008676021,0.7263844008676021,0.7263844008676021,0.0,0.16241830587387085,False,0.11607498561373998,0.11607498561373998,0.11607498561373998,0.0,0.01642184518277645,False,90364,414208,3.329580694906907,0.5320613036286133,0.5082234768873797,-0.10208593836648251,True,True,True,True,False,False,False,True
dev_val,digital_1,chinese-NF-1085,scan,train/attack/digital_1/scan/chinese-NF-1085.jpg,1.0,0.9999992847442628,7.152557373046875e-07,0.997389018535614,14.116448402404783,5.945392608642578,True,1.0,0.25,10,0.0039215851575136,0.0,8,0,0.7301738858222961,0.1624970436096191,0.2249851673841476,0.7301738309687396,0.16249703624187378,0.5676767975091934,0.7774543138223879,True,3.2454309463500977,0.7222566604614258,2.523174285888672,0.7774543127242637,1.0,1.0,0.0,0.4090165495872497,0.7140771150588989,False,False,True,output/resnet18_localisation_attack_preserve_cls_full_archive_v2/exact_archive/dev_val/digital_1/scan/chinese-NF-1085__48fe0696de20__exact.npz,004ebed89d94295fba080e359ec74ce1c262c7f15e0743f6e8bf4a0367fb68d6,4496097,float32,float32,512,864,resnet_exact_archive_v1,dev_val,0.0,0.5,0.5,content_mask,True,True,0.22498516007965685,3.2454310795886214,0.7222566865491977,0.7038096960541294,0.08761981765375491,-0.6161898784003744,0.8755063788620835,0.7038096960541294,0.7038096960541294,0.7038096960541294,0.0,0.16161194443702698,False,0.08761981765375491,0.08761981765375491,0.08761981765375491,0.0,0.006381286308169365,False,93997,417792,3.1282494178946862,0.3894470978562888,0.4788245359744725,-0.13736534242590193,True,True,True,True,False,False,False,True
dev_val,digital_1,chinese-NM-1092,huawei,train/attack/digital_1/huawei/chinese-NM-1092.jpg,0.99951171875,0.9996021389961244,9.042024612426758e-05,0.8388512134552002,7.828988075256348,1.649705171585083,True,1.0,0.25,10,0.0039215851575136,0.0,10,0,0.6733065843582153,0.0745732709765434,0.2229085713624954,0.673306613805362,0.07457326276494611,0.5987333878874779,0.8892432344552855,True,3.0205507278442383,0.3345463871955871,2.686004340648651,0.8892432482223689,1.0,0.0,1.0,0.335537701845169,0.7162683606147766,False,False,True,output/resnet18_localisation_attack_preserve_cls_full_archive_v2/exact_archive/dev_val/digital_1/huawei/chinese-NM-1092__56c6136eff30__exact.npz,03cbb96b50f8b63ccb4d496d51ecd81109d78865a1ed121f284e1d1c73e2b903,4098257,float32,float32,512,864,resnet_exact_archive_v1,dev_val,0.0,0.5,0.5,content_mask,True,True,0.22290856758373206,3.020550628016777,0.33454641772319427,0.6351192722089465,0.07347084224206599,-0.5616484299668805,0.8843196145087296,0.6351192722089465,0.6351192722089465,0.6351192722089465,0.0,0.12146420031785965,True,0.07347084224206599,0.07347084224206599,0.07347084224206599,0.0,0.005561348516494036,False,95412,428032,2.849236703162493,0.32960080017771337,0.4122107046252144,-0.14943772534166608,True,True,True,True,False,False,False,True
dev_val,digital_1,chinese-NM-1092,iphone15pro,train/attack/digital_1/iphone15pro/chinese-NM-1092.jpg,0.9970703125,0.9970108270645142,5.948543548583984e-05,0.9695976376533508,5.809759140014648,3.4623634815216064,True,1.0,0.25,10,0.0039215851575136,0.0,5,0,0.7065348029136658,0.1418890804052353,0.221485823392868,0.7065347710019402,0.14188908607740724,0.5646456629037857,0.7991760746945353,True,3.189977169036865,0.6406237483024597,2.549353420734405,0.7991760710638941,1.0,1.0,0.0,0.5178026556968689,0.712443470954895,False,False,True,output/resnet18_localisation_attack_preserve_cls_full_archive_v2/exact_archive/dev_val/digital_1/iphone15pro/chinese-NM-1092__ef5a522172ee__exact.npz,49062f7755b2b3c0a0771709e47cfd0054a63cb37f605cea1b779469eafc13b8,4239519,float32,float32,512,864,resnet_exact_archive_v1,dev_val,0.0,0.5,0.5,content_mask,True,True,0.22148582893920596,3.1899773199298984,0.6406237670237285,0.7162394284526428,0.08637761074824127,-0.6298618177044015,0.8794012067516994,0.7162394284526428,0.7162394284526428,0.7162394284526428,0.0,0.07869410514831543,False,0.08637761074824127,0.08637761074824127,0.08637761074824127,0.0,0.00021616756566800177,False,91401,412672,3.2337934751086856,0.38999159071233597,0.4947535995134368,-0.1351082181909647,True,True,True,True,False,False,False,True
dev_val,digital_1,chinese-NM-1092,scan,train/attack/digital_1/scan/chinese-NM-1092.jpg,1.0,0.9999853372573853,1.4662742614746094e-05,0.99875009059906,11.131511688232422,6.683459758758545,True,1.0,0.25,10,0.0039215851575136,0.0,10,0,0.6105265021324158,0.1673956513404846,0.2235330194234848,0.610526519246631,0.16739565747247354,0.4431308507919311,0.7258175489591605,True,2.7312586307525635,0.7488632202148438,1.98239541053772,0.7258175363610644,1.0,1.0,0.0,0.6222397089004517,0.5461270213127136,False,False,True,output/resnet18_localisation_attack_preserve_cls_full_archive_v2/exact_archive/dev_val/digital_1/scan/chinese-NM-1092__0e84d3d1e3ed__exact.npz,3557380672a366b442578fe779047ee495ba73376c8b7f33802afab5e8fbc24d,4524456,float32,float32,512,864,resnet_exact_archive_v1,dev_val,0.0,0.5,0.5,content_mask,True,True,0.2235330177919708,2.7312587879738315,0.7488632289134975,0.6096495423961223,0.08209232862442467,-0.5275572137716977,0.8653450500401019,0.6096495423961223,0.6096495423961223,0.6096495423961223,0.0,0.15738213062286377,False,0.08209232862442467,0.08209232862442467,0.08209232862442467,0.0,0.02114254981279373,False,94077,420864,2.7273355337755416,0.3672492298243977,0.3861165246041516,-0.14144068916754612,True,True,True,True,False,False,False,True
dev_val,digital_1,french-019_03,huawei,train/attack/digital_1/huawei/french-019_03.jpg,1.0,0.9999979734420776,2.026557922363281e-06,0.9969480633735656,13.13848114013672,5.788906574249268,True,1.0,0.25,10,0.0019608272705227,0.0,2,0,0.6163201928138733,0.1383305639028549,0.1171687841415405,0.6163202421463011,0.13833056988343764,0.4779896736145019,0.7755540700696296,True,5.260106086730957,1.1806094646453855,4.079496622085571,0.7755540581921782,1.0,1.0,0.0,0.4762690365314483,0.6812077760696411,False,False,True,output/resnet18_localisation_attack_preserve_cls_full_archive_v2/exact_archive/dev_val/digital_1/huawei/french-019_03__b50f98e59275__exact.npz,444aa8f38c7bc971ac1a3bfe7f8bc5b9c888ce79838a0ab8a345acc2e38eff37,4093524,float32,float32,512,864,resnet_exact_archive_v1,dev_val,0.0,0.5,0.5,content_mask,True,True,0.1171687874251497,5.260106003401474,1.1806093834657683,0.7801046075221593,0.06869360376906491,-0.7114110037530943,0.9119430867262072,0.7801046075221593,0.7801046075221593,0.7801046075221593,0.0,0.42389288544654846,False,0.06869360376906491,0.06869360376906491,0.06869360376906491,0.0,0.12072992324829102,False,50092,427520,6.6579557974900885,0.5862790362403304,0.6629358200970096,-0.04847518365608479,True,True,True,True,False,False,False,True
dev_val,digital_1,french-019_03,iphone15pro,train/attack/digital_1/iphone15pro/french-019_03.jpg,1.0,0.999984860420227,1.513957977294922e-05,0.9960579872131348,11.095464706420898,5.532098770141602,True,1.0,0.25,10,0.0039215851575136,0.0,6,0,0.5313891172409058,0.0589565820991992,0.112259916961193,0.5313891340031914,0.058956580510995275,0.472432542592287,0.889051964486272,True,4.733560562133789,0.5251792073249817,4.208381354808807,0.8890519725201864,1.0,0.0,1.0,0.3942320346832275,0.603400707244873,False,False,True,output/resnet18_localisation_attack_preserve_cls_full_archive_v2/exact_archive/dev_val/digital_1/iphone15pro/french-019_03__92c21c257a9f__exact.npz,2cb22abc9bd50e3484eb46c5d140f46cbfb02feff0708c2780d64dd2daad213b,4797902,float32,float32,512,864,resnet_exact_archive_v1,dev_val,0.0,0.5,0.5,content_mask,True,True,0.11225991325898389,4.733560881855266,0.5251792808264719,0.6965117281821318,0.0628665056916178,-0.633645222490514,0.909740923019779,0.6965117281821318,0.6965117281821318,0.6965117281821318,0.0,0.4134694039821625,False,0.0628665056916178,0.0628665056916178,0.0628665056916178,0.0,0.19742314517498016,False,46384,413184,6.204456318929069,0.5600085005106374,0.5842518149231479,-0.0493934075673661,True,True,True,True,False,False,False,True
dev_val,digital_1,french-019_03,scan,train/attack/digital_1/scan/french-019_03.jpg,1.0,0.9999980926513672,1.9073486328125e-06,0.9996873140335084,13.17582893371582,8.069758415222168,True,1.0,0.25,10,0.0019608272705227,0.0,2,0,0.5527710318565369,0.1900431662797927,0.117688849568367,0.5527710314362125,0.19004315039757003,0.3627278655767441,0.6561991501186324,True,4.696885108947754,1.614793300628662,3.082091808319092,0.6561991057536374,1.0,1.0,0.0,0.59522545337677,0.5669536590576172,False,False,True,output/resnet18_localisation_attack_preserve_cls_full_archive_v2/exact_archive/dev_val/digital_1/scan/french-019_03__40d3689b9f23__exact.npz,d0ae1b82299c2eb17667db8b841f883ec484a6f726b4f17d36d529d3abd606f6,4476337,float32,float32,512,864,resnet_exact_archive_v1,dev_val,0.0,0.5,0.5,content_mask,True,True,0.11768884960462288,4.6968853319006305,1.6147931689027661,0.7422422321374492,0.16335224404918133,-0.5788899880882679,0.7799205744750298,0.7422422321374492,0.7422422321374492,0.7422422321374492,0.0,0.40358787775039673,False,0.16335224404918133,0.16335224404918133,0.16335224404918133,0.0,0.20182646811008453,False,49531,420864,6.306818654707061,1.3880010264180946,0.6245533825328263,0.045663394444558456,True,True,True,True,False,False,False,True
dev_val,digital_1,french-114_03,huawei,train/attack/digital_1/huawei/french-114_03.jpg,1.0,0.9999998807907104,1.1920928955078125e-07,0.9998414516448976,15.832592010498049,8.749396324157715,True,1.0,0.25,10,0.0039215851575136,0.0,5,0,0.6248816847801208,0.1447368413209915,0.1370297372341156,0.624881703211217,0.1447368499751303,0.4801449179649353,0.7683771996662101,True,4.560190677642822,1.056243896484375,3.5039467811584477,0.7683772519287831,1.0,1.0,0.0,0.5396535992622375,0.6156783103942871,False,False,True,output/resnet18_localisation_attack_preserve_cls_full_archive_v2/exact_archive/dev_val/digital_1/huawei/french-114_03__d384829751dd__exact.npz,eb51f0a943fed4d2b46f342777c524815d2aa883c8a97372f6cafba3f252946c,4638282,float32,float32,512,864,resnet_exact_archive_v1,dev_val,0.0,0.5,0.5,content_mask,True,True,0.13702974215922797,4.56019031609289,1.0562440510684659,0.7399332897768303,0.09712527079536468,-0.6428080189814656,0.8687378009108653,0.7399332897768303,0.7399332897768303,0.7399332897768303,0.0,0.37531256675720215,False,0.09712527079536468,0.09712527079536468,0.09712527079536468,0.0,0.1091880053281784,False,58162,424448,5.399800642673843,0.7087897070002914,0.6029035476176023,-0.0399044713638633,True,True,True,True,False,False,False,True
dev_val,digital_1,french-114_03,iphone15pro,train/attack/digital_1/iphone15pro/french-114_03.jpg,1.0,0.9999980926513672,1.9073486328125e-06,0.9939650893211364,13.182902336120604,5.1041340827941895,True,1.0,0.25,10,0.0039215851575136,0.0,10,0,0.5790687799453735,0.0835245475172996,0.1362607628107071,0.5790687695109756,0.0835245494495681,0.4955441728234291,0.8557605696468406,True,4.2497100830078125,0.6129757761955261,3.6367343068122864,0.8557605661980403,1.0,1.0,0.0,0.5147642493247986,0.6522476077079773,False,False,True,output/resnet18_localisation_attack_preserve_cls_full_archive_v2/exact_archive/dev_val/digital_1/iphone15pro/french-114_03__5467e3b45d29__exact.npz,a6d7ad53b6a379716c58e1eb65969fb9991b154ea571228199173af15cec4634,4955171,float32,float32,512,864,resnet_exact_archive_v1,dev_val,0.0,0.5,0.5,content_mask,True,True,0.13626075915012406,4.24971043110799,0.6129758117488959,0.7165620387330832,0.050897191940388754,-0.6656648467926944,0.9289702926066562,0.7165620387330832,0.7165620387330832,0.7165620387330832,0.0,0.4099119305610657,False,0.050897191940388754,0.050897191940388754,0.050897191940388754,0.0,0.19308841228485107,False,56231,412672,5.258755662322543,0.3735278759478599,0.5803012795829592,-0.08536356720973531,True,True,True,True,False,False,False,True
dev_val,digital_1,french-114_03,scan,train/attack/digital_1/scan/french-114_03.jpg,1.0,1.0,0.0,0.9985862970352172,17.466129302978516,6.560086250305176,True,1.0,0.25,10,0.0039215851575136,0.0,10,0,0.6500038504600525,0.1384310871362686,0.1389707028865814,0.6500037883395164,0.13843108417901248,0.5115726888179779,0.7870303424959335,True,4.677272319793701,0.9961171746253968,3.681155145168304,0.7870303231201787,1.0,1.0,0.0,0.471924215555191,0.695931077003479,False,False,True,output/resnet18_localisation_attack_preserve_cls_full_archive_v2/exact_archive/dev_val/digital_1/scan/french-114_03__ae9a04258488__exact.npz,6d3455194e98bc4352f5caca8c2f52f5fe8217b3512cfff97aaaded0c04038b5,4725354,float32,float32,512,864,resnet_exact_archive_v1,dev_val,0.0,0.5,0.5,content_mask,True,True,0.13897070073439413,4.677272150925017,0.9961170480358088,0.7686128122204637,0.05728342393174155,-0.7113293882887222,0.9254716769991719,0.7686128122204637,0.7686128122204637,0.7686128122204637,0.0,0.32196375727653503,False,0.05728342393174155,0.05728342393174155,0.05728342393174155,0.0,0.08062584698200226,False,58132,418304,5.530754383180844,0.4121978491079477,0.6296421114860696,-0.08168727680265259,True,True,True,True,False,False,False,True
dev_val,digital_1,french-124_03,huawei,train/attack/digital_1/huawei/french-124_03.jpg,1.0,0.9999998807907104,1.1920928955078125e-07,0.9999749660491944,15.77811336517334,10.594245910644531,True,1.0,0.25,10,0.0029412410221993,0.0,3,0,0.5887401700019836,0.1618241965770721,0.1266992837190628,0.5887402043831585,0.16182421190286547,0.4269159585237503,0.7251347696350826,True,4.646751880645752,1.2772306203842163,3.369521260261536,0.7251347493495346,1.0,1.0,0.0,0.5340665578842163,0.589009165763855,False,False,True,output/resnet18_localisation_attack_preserve_cls_full_archive_v2/exact_archive/dev_val/digital_1/huawei/french-124_03__2dae8e352c70__exact.npz,bbcc7820ba5fb71bea0ab96b58379252e24ed97355ad9daa6e39ca05745ddbc9,4640056,float32,float32,512,864,resnet_exact_archive_v1,dev_val,0.0,0.5,0.5,content_mask,True,True,0.1266992892599278,4.646752225857703,1.277230621009071,0.7662084701430241,0.15007327434284973,-0.6161351958001744,0.8041351927174124,0.7662084701430241,0.7662084701430241,0.7662084701430241,0.0,0.41439342498779297,False,0.15007327434284973,0.15007327434284973,0.15007327434284973,0.0,0.1708662509918213,False,53907,425472,6.047456734908133,1.1844839479325684,0.6395091808830963,0.023373985082921933,True,True,True,True,False,False,False,True
dev_val,digital_1,french-124_03,iphone15pro,train/attack/digital_1/iphone15pro/french-124_03.jpg,1.0,0.9999996423721312,3.5762786865234375e-07,0.9997190833091736,14.753440856933594,8.177191734313965,True,1.0,0.25,10,0.0039215851575136,0.0,10,0,0.463187038898468,0.1263986527919769,0.1186644285917282,0.46318705969038493,0.12639864568117357,0.336788460612297,0.7271110169492556,True,3.9033355712890634,1.065177083015442,2.8381584882736206,0.7271110660199602,1.0,1.0,0.0,0.6587631106376648,0.5990570783615112,False,False,True,output/resnet18_localisation_attack_preserve_cls_full_archive_v2/exact_archive/dev_val/digital_1/iphone15pro/french-124_03__c085cc7b9f38__exact.npz,dc99cacc4d6d148f4818d6e2b12f4adc43aff12d5d6c089d6630e1e257603140,4819173,float32,float32,512,864,resnet_exact_archive_v1,dev_val,0.0,0.5,0.5,content_mask,True,True,0.11866442991955446,3.9033353129020285,1.0651772040438936,0.6126377543745289,0.0593998900002037,-0.5532378643743252,0.9030423940149626,0.6126377543745289,0.6126377543745289,0.6126377543745289,0.0,0.41901373863220215,False,0.0593998900002037,0.0593998900002037,0.0593998900002037,0.0,0.09859151393175125,False,49091,413696,5.162775018511033,0.500570306034187,0.4939733244549745,-0.05926453991935076,False,True,True,False,False,False,False,False
dev_val,digital_1,french-124_03,scan,train/attack/digital_1/scan/french-124_03.jpg,1.0,0.9999995231628418,4.76837158203125e-07,0.9996114373207092,14.66987419128418,7.85252046585083,True,1.0,0.25,10,0.0039215851575136,0.0,10,0,0.5040237903594971,0.1508721113204956,0.1272038370370865,0.5040238057329826,0.15087212078528353,0.3531517386436462,0.7006646926807832,True,3.962332248687744,1.1860657930374146,2.7762664556503296,0.7006647301143868,1.0,1.0,0.0,0.6897021532058716,0.564173698425293,False,False,True,output/resnet18_localisation_attack_preserve_cls_full_archive_v2/exact_archive/dev_val/digital_1/scan/french-124_03__337d04a50a96__exact.npz,733c4d2c668bb2971e60cf52fb8c06d0f92acc33f0743fc42ce26685ba6d5fe7,4679971,float32,float32,512,864,resnet_exact_archive_v1,dev_val,0.0,0.5,0.5,content_mask,True,True,0.12720383175427874,3.96233194222177,1.1860658496257026,0.6821586109807602,0.08420459877991553,-0.5979540122008448,0.8765615541247043,0.6821586109807602,0.6821586109807602,0.6821586109807602,0.0,0.37243396043777466,False,0.08420459877991553,0.08420459877991553,0.08420459877991553,0.0,0.08390025794506073,False,53275,418816,5.362720615983445,0.6619658985004054,0.5549547792264815,-0.04299923297436321,True,True,True,True,False,False,False,True
dev_val,digital_1,french-128_03,huawei,train/attack/digital_1/huawei/french-128_03.jpg,1.0,0.9999970197677612,2.9802322387695312e-06,0.5795879364013672,12.707634925842283,0.321082204580307,True,1.0,0.25,10,0.0039215851575136,0.0,10,0,0.6010814905166626,0.0489715263247489,0.1162969321012497,0.6010814374155956,0.04897152275210162,0.5521098412573338,0.9185276408423805,True,5.168505668640137,0.4210904836654663,4.74741518497467,0.9185276150086418,1.0,0.0,1.0,0.2128638625144958,0.7772061824798584,False,False,True,output/resnet18_localisation_attack_preserve_cls_full_archive_v2/exact_archive/dev_val/digital_1/huawei/french-128_03__d3222a381663__exact.npz,6c1f5c01479234a8d14b21d962dae5944e7600e0c2a033d974bf04729fa502e8,4281035,float32,float32,512,864,resnet_exact_archive_v1,dev_val,0.0,0.5,0.5,content_mask,True,True,0.11629693154402895,5.168506420894103,0.42109041143154713,0.7527652850370731,0.06904096268384588,-0.6837243223532272,0.9082835459389633,0.7527652850370731,0.7527652850370731,0.7527652850370731,0.0,0.4265459179878235,False,0.06904096268384588,0.06904096268384588,0.06904096268384588,0.0,0.08032876998186111,False,49362,424448,6.4727871582070335,0.5936610860425634,0.6364683534930441,-0.04725596886018307,True,True,True,True,False,False,False,True
dev_val,digital_1,french-128_03,iphone15pro,train/attack/digital_1/iphone15pro/french-128_03.jpg,1.0,0.9999747276306152,2.5272369384765625e-05,0.9753527641296388,10.583969116210938,3.678132295608521,True,1.0,0.25,10,0.0039215851575136,0.0,10,0,0.4351518750190735,0.0253123566508293,0.1100989207625389,0.43515187435453645,0.025312355387153006,0.4098394606262445,0.9418309861937307,True,3.95237135887146,0.2299055755138397,3.72246578335762,0.9418309782561816,1.0,0.0,1.0,0.3445039987564087,0.7226940393447876,False,False,True,output/resnet18_localisation_attack_preserve_cls_full_archive_v2/exact_archive/dev_val/digital_1/iphone15pro/french-128_03__7bda8be1ad20__exact.npz,9d6325188ad71995c53916c7aa5d4e87189bffab243365b55909453007cf48ce,4691010,float32,float32,512,864,resnet_exact_archive_v1,dev_val,0.0,0.5,0.5,content_mask,True,True,0.11009891946517412,3.9523718894641946,0.2299055750057535,0.5839106835532413,0.03216980715767177,-0.5517408763955695,0.9449062877871826,0.5839106835532413,0.5839106835532413,0.5839106835532413,0.0,0.33427441120147705,False,0.03216980715767177,0.03216980715767177,0.03216980715767177,0.0,0.1089717447757721,False,45322,411648,5.303509665577968,0.2921900352332481,0.47381176408806713,-0.07792911230750235,False,True,True,False,False,False,False,False
dev_val,digital_1,french-128_03,scan,train/attack/digital_1/scan/french-128_03.jpg,1.0,0.9999321699142456,6.783008575439453e-05,0.9337711930274964,9.597789764404297,2.646116256713867,True,1.0,0.25,10,0.0039215851575136,0.0,10,0,0.4739327430725097,0.0999070927500724,0.1087334975600242,0.4739327306112851,0.0999071013556929,0.3740256279706955,0.7891956075141058,True,4.358663558959961,0.9188252687454224,3.4398382902145386,0.7891956430414034,1.0,0.0,1.0,0.5582605600357056,0.527834415435791,False,False,True,output/resnet18_localisation_attack_preserve_cls_full_archive_v2/exact_archive/dev_val/digital_1/scan/french-128_03__a4bf128051e3__exact.npz,a8fff035a5a0e9fa0b22a7569f96387cd25feddbb6e63b87f9470a6b053ff819,4722123,float32,float32,512,864,resnet_exact_archive_v1,dev_val,0.0,0.5,0.5,content_mask,True,True,0.1087334974053724,4.358663539023335,0.9188254193942317,0.6035091567057791,0.0761487005154074,-0.5273604561903718,0.8738234545917071,0.6035091567057791,0.6035091567057791,0.6035091567057791,0.0,0.3459623157978058,False,0.0761487005154074,0.0761487005154074,0.0761487005154074,0.0,0.15487687289714813,False,45595,419328,5.550351741706787,0.700324208569465,0.4947756593004067,-0.032584796889965004,False,True,True,False,False,False,False,False
dev_val,digital_1,french-NF-1047,huawei,train/attack/digital_1/huawei/french-NF-1047.jpg,1.0,1.0,0.0,0.9999902248382568,22.40539932250977,11.539308547973633,True,1.0,0.25,10,0.0029412410221993,0.0,3,0,0.7284142374992371,0.1601695716381073,0.1871651113033294,0.7284141451138046,0.16016956971534851,0.568244606256485,0.7801119448465348,True,3.891826629638672,0.8557661771774292,3.0360604524612427,0.7801119477778791,1.0,1.0,0.0,0.4275200963020324,0.6757788062095642,False,False,True,output/resnet18_localisation_attack_preserve_cls_full_archive_v2/exact_archive/dev_val/digital_1/huawei/french-NF-1047__65c5ffa3c2da__exact.npz,8c7cc8928950e1cbc930cab103053ea825a98c3423d70fa32026dfbe123cad94,4703094,float32,float32,512,864,resnet_exact_archive_v1,dev_val,0.0,0.5,0.5,content_mask,True,True,0.18716511166067146,3.8918265196475956,0.8557661643999892,0.7349257391674279,0.09449331214574393,-0.6404324270216839,0.8714246799237264,0.7349257391674279,0.7349257391674279,0.7349257391674279,0.0,0.20983074605464935,False,0.09449331214574393,0.09449331214574393,0.09449331214574393,0.0,0.10372954607009888,False,79921,427008,3.9266171598253905,0.5048660581415376,0.5477606275067564,-0.09267179951492753,True,True,True,True,False,False,False,True
dev_val,digital_1,french-NF-1047,iphone15pro,train/attack/digital_1/iphone15pro/french-NF-1047.jpg,1.0,1.0,0.0,0.9999353885650636,22.759864807128903,9.647327423095703,True,1.0,0.25,10,0.0039215851575136,0.0,9,0,0.7084940671920776,0.1014528274536132,0.1825067996978759,0.7084940829519115,0.10145282535278963,0.6070411801338196,0.8568049786243935,True,3.882014513015747,0.5558851957321167,3.3261293172836304,0.856804967145711,1.0,1.0,0.0,0.38668954372406,0.7004008293151855,False,False,True,output/resnet18_localisation_attack_preserve_cls_full_archive_v2/exact_archive/dev_val/digital_1/iphone15pro/french-NF-1047__4af5820e4449__exact.npz,03711f264b018709764a4f8278703b331ecefa5c5239a27f777f51ab22b1d377,5080548,float32,float32,512,864,resnet_exact_archive_v1,dev_val,0.0,0.5,0.5,content_mask,True,True,0.18250679347826088,3.8820148524296063,0.555885199774079,0.7429608359256601,0.06309324399776661,-0.6798675919278935,0.9150786408288153,0.7429608359256601,0.7429608359256601,0.7429608359256601,0.0,0.2420070767402649,False,0.06309324399776661,0.06309324399776661,0.06309324399776661,0.0,0.12615500390529633,False,75222,412160,4.0708667429092555,0.3457035368126278,0.5604540424473992,-0.11941354948049426,True,True,True,True,False,False,False,True
dev_val,digital_1,french-NF-1047,scan,train/attack/digital_1/scan/french-NF-1047.jpg,1.0,1.0,0.0,0.9995948672294616,21.210987091064453,7.810873508453369,True,1.0,0.25,10,0.0039215851575136,0.0,10,0,0.7144984602928162,0.1440269649028778,0.1851991266012191,0.7144984628072722,0.14402697584046836,0.5704714357852936,0.7984222733320031,True,3.8580009937286377,0.7776870727539062,3.0803139209747314,0.7984222725660068,1.0,1.0,0.0,0.4250421226024627,0.7166278958320618,False,False,True,output/resnet18_localisation_attack_preserve_cls_full_archive_v2/exact_archive/dev_val/digital_1/scan/french-NF-1047__9528e5d9a79d__exact.npz,15eb6c454f60b3c1353dd3d28696c94094d8a4848229260cdb8063821425ef4b,4841242,float32,float32,512,864,resnet_exact_archive_v1,dev_val,0.0,0.5,0.5,content_mask,True,True,0.18519912347560977,3.8580013198678547,0.7776871355410941,0.7412094554620984,0.06953983074825733,-0.6716696247138411,0.9061805941143809,0.7412094554620984,0.7412094554620984,0.7412094554620984,0.0,0.18833689391613007,False,0.06953983074825733,0.06953983074825733,0.06953983074825733,0.0,0.019980834797024727,False,77754,419840,4.0022298245904695,0.37548682436078346,0.5560103319864886,-0.11565929272735244,True,True,True,True,False,False,False,True
dev_val,digital_1,french-NF-1082,huawei,train/attack/digital_1/huawei/french-NF-1082.jpg,1.0,0.9998481273651124,0.0001518726348876,0.9981005787849426,8.792646408081055,6.264294624328613,True,1.0,0.25,10,0.0039215851575136,0.0,7,0,0.672183632850647,0.0345637947320938,0.1496520489454269,0.6721836639894385,0.03456379343321252,0.6376198381185532,0.9485798372009298,True,4.49164342880249,0.2309610545635223,4.260682374238968,0.948579833144703,1.0,0.0,1.0,0.3052777051925659,0.7467166781425476,False,False,True,output/resnet18_localisation_attack_preserve_cls_full_archive_v2/exact_archive/dev_val/digital_1/huawei/french-NF-1082__c6127104327d__exact.npz,cb2ab7bfbbb169185276f6830edd3b9cc060d356edbd29c0479572f13e2fc7ae,4784458,float32,float32,512,864,resnet_exact_archive_v1,dev_val,0.0,0.5,0.5,content_mask,True,True,0.14965204831932774,4.491643592843662,0.23096104477942225,0.7303763356625826,0.02719894713753016,-0.7031773885250525,0.9627603663899437,0.7303763356625826,0.7303763356625826,0.7303763356625826,0.0,0.17080041766166687,False,0.02719894713753016,0.02719894713753016,0.02719894713753016,0.0,0.22533459961414337,False,63826,426496,4.880496751398314,0.1817479108571438,0.5807242873432549,-0.12245310118179759,True,True,True,True,False,False,False,True
dev_val,digital_1,french-NF-1082,iphone15pro,train/attack/digital_1/iphone15pro/french-NF-1082.jpg,1.0,0.9999566078186036,4.3392181396484375e-05,0.9866264462471008,10.046520233154297,4.301015853881836,True,1.0,0.25,10,0.0039215851575136,0.0,10,0,0.5922411680221558,0.1047444269061088,0.1528885811567306,0.5922411805252608,0.10474443464075382,0.4874967336654663,0.8231388865126609,True,3.873678207397461,0.6851030588150024,3.1885751485824585,0.8231388819270844,1.0,1.0,0.0,0.6529308557510376,0.5696200132369995,False,False,True,output/resnet18_localisation_attack_preserve_cls_full_archive_v2/exact_archive/dev_val/digital_1/iphone15pro/french-NF-1082__3abfb729e3b7__exact.npz,c636318468b7cf74fa2526b0a016bcdb6aa5ba53d3b070becec51548133fe633,4578426,float32,float32,512,864,resnet_exact_archive_v1,dev_val,0.0,0.5,0.5,content_mask,True,True,0.15288858188044832,3.873678290693843,0.6851030557838456,0.670622673327182,0.04508574883069776,-0.6255369244964842,0.9327703183565025,0.670622673327182,0.670622673327182,0.670622673327182,0.0,0.2786445915699005,False,0.04508574883069776,0.04508574883069776,0.04508574883069776,0.0,0.054699793457984924,False,62858,411136,4.38634896784887,0.29489284468576404,0.5177340914467337,-0.10780283304975055,True,True,True,True,False,False,False,True
dev_val,digital_1,french-NF-1082,scan,train/attack/digital_1/scan/french-NF-1082.jpg,0.99951171875,0.9996800422668456,0.0001683235168457,0.9966161847114564,8.047040939331055,5.685359477996826,True,1.0,0.25,10,0.0019608272705227,0.0,2,0,0.4924668967723846,0.1656936407089233,0.1560189574956894,0.49246684908268934,0.16569361966524734,0.3267732560634613,0.6635436070998842,True,3.1564552783966064,1.0620094537734983,2.094445824623108,0.6635436399045164,1.0,1.0,0.0,0.8298933506011963,0.4206444323062897,False,False,True,output/resnet18_localisation_attack_preserve_cls_full_archive_v2/exact_archive/dev_val/digital_1/scan/french-NF-1082__666bd6087d94__exact.npz,0d9f7b0268d351c1865b177f13e7b2ea70393228773ff129a1b66c1a5a4a784a,4446214,float32,float32,512,864,resnet_exact_archive_v1,dev_val,0.0,0.5,0.5,content_mask,True,True,0.15601895960365852,3.156455153487265,1.0620095152933064,0.6014075691189716,0.0982397752774682,-0.5031677938415035,0.8366502513073057,0.6014075691189716,0.6014075691189716,0.6014075691189716,0.0,0.2291966825723648,False,0.0982397752774682,0.0982397752774682,0.0982397752774682,0.0,0.05328398570418358,False,65503,419840,3.854708239605958,0.6296656222232914,0.4453886095153131,-0.05777918432619032,False,True,True,False,False,False,False,False
dev_val,digital_1,indian-014_03,huawei,train/attack/digital_1/huawei/indian-014_03.jpg,0.99951171875,0.9995200634002686,8.344650268554688e-06,0.9999997615814208,7.641264915466309,15.027994155883787,True,1.0,0.25,10,0.0039215851575136,0.0,10,0,0.511982798576355,0.0085716741159558,0.1154550835490226,0.5119828045370667,0.008571673030372477,0.5034111253917217,0.9832578888306163,True,4.434475898742676,0.0742424950003624,4.360233403742313,0.9832578873590422,1.0,0.0,1.0,0.0410898178815841,0.9326159358024596,False,False,True,output/resnet18_localisation_attack_preserve_cls_full_archive_v2/exact_archive/dev_val/digital_1/huawei/indian-014_03__117986531e7f__exact.npz,7fcc55c7505984468d910d0e6d7403fb5c6eff6b83e7cec6092c7c1d23d8e19c,4161271,float32,float32,512,864,resnet_exact_archive_v1,dev_val,0.0,0.5,0.5,content_mask,True,True,0.1154550804981774,4.434476181800843,0.0742424932136944,0.5872970195272353,0.0,-0.5872970195272353,1.0,0.5872970195272353,0.5872970195272353,0.5872970195272353,0.0,0.31709879636764526,False,0.0,0.0,0.0,0.0,0.3881305456161499,False,48650,421376,5.086801005145084,0.0,0.4718419390290579,-0.1154550804981774,True,True,True,True,False,False,False,True
dev_val,digital_1,indian-014_03,iphone15pro,train/attack/digital_1/iphone15pro/indian-014_03.jpg,1.0,0.999994158744812,5.841255187988281e-06,0.999334156513214,12.04444694519043,7.313901901245117,True,1.0,0.25,10,0.0039215851575136,0.0,10,0,0.457483559846878,0.1187636032700538,0.0743980705738067,0.4574835506359168,0.1187636039851977,0.3387198895215988,0.7403980890239387,True,6.1491312980651855,1.596326470375061,4.5528048276901245,0.7403980508795864,1.0,1.0,0.0,0.4103484749794006,0.6206473112106323,False,False,True,output/resnet18_localisation_attack_preserve_cls_full_archive_v2/exact_archive/dev_val/digital_1/iphone15pro/indian-014_03__54ea13bdff1b__exact.npz,a09954bc0820bc36e7b60c3aabf5e207b4925f68e3783f0db1f0a41fde989714,4691756,float32,float32,512,864,resnet_exact_archive_v1,dev_val,0.0,0.5,0.5,content_mask,True,True,0.0743980691687345,6.149132037262231,1.5963264277173963,0.773109243697479,0.11083968471109373,-0.6622695589863853,0.8566312773845636,0.773109243697479,0.773109243697479,0.773109243697479,0.0,0.5737746357917786,False,0.11083968471109373,0.11083968471109373,0.11083968471109373,0.0,0.35372504591941833,False,30702,412672,10.391522956651881,1.4898193723241635,0.6987111745287445,0.03644161554235924,False,True,True,False,False,False,False,False
dev_val,digital_1,indian-014_03,scan,train/attack/digital_1/scan/indian-014_03.jpg,0.9990234375,0.999171018600464,0.0001475811004638,0.936762809753418,7.094510078430176,2.6955373287200928,True,1.0,0.25,10,0.0039215851575136,0.0,10,0,0.5008071660995483,0.1992871016263961,0.113600805401802,0.5008071291059882,0.19928710433712052,0.3015199452638626,0.6020681560726258,True,4.408481121063232,1.7542753219604492,2.654205799102783,0.6020680879002256,1.0,1.0,0.0,0.4058428704738617,0.6068407297134399,False,False,True,output/resnet18_localisation_attack_preserve_cls_full_archive_v2/exact_archive/dev_val/digital_1/scan/indian-014_03__a4de0d51b39f__exact.npz,76adef1c7c6b6d68c898420d175e30748a426990f8a29212f5df9495b0b8bbca,4112731,float32,float32,512,864,resnet_exact_archive_v1,dev_val,0.0,0.5,0.5,content_mask,True,True,0.11360080891330891,4.408482068892347,1.7542753985950976,0.6184398354185909,0.1578218154337056,-0.46061801998488533,0.744806517311609,0.6184398354185909,0.6184398354185909,0.6184398354185909,0.0,0.3361094295978546,False,0.1578218154337056,0.1578218154337056,0.1578218154337056,0.0,0.10380008816719055,False,47636,419328,5.443973870736563,1.3892666517378642,0.504839026505282,0.04422100652039669,True,True,True,True,False,False,False,True
dev_val,digital_1,indian-021_03,huawei,train/attack/digital_1/huawei/indian-021_03.jpg,1.0,0.9999892711639404,1.0728836059570312e-05,0.9983514547348022,11.43716812133789,6.4061689376831055,True,1.0,0.25,10,0.0039215851575136,0.0,6,0,0.5294379591941833,0.059994738548994,0.0795804560184478,0.5294379642941475,0.05999474606080917,0.469443216919899,0.8866821986579771,True,6.652864456176758,0.7538878917694092,5.898976564407349,0.8866822108378486,1.0,1.0,0.0,0.2083387970924377,0.8198272585868835,False,False,True,output/resnet18_localisation_attack_preserve_cls_full_archive_v2/exact_archive/dev_val/digital_1/huawei/indian-021_03__e6510cba178c__exact.npz,2309ef5270bfc348ce869631e99305d1915f80d0ffebcb6e4bed7aeba782aa3d,4070294,float32,float32,512,864,resnet_exact_archive_v1,dev_val,0.0,0.5,0.5,content_mask,True,True,0.07958045372596154,6.652864359347437,0.7538879618279568,0.7656637168141593,0.061327433628318585,-0.7043362831858407,0.9199029126213591,0.7656637168141593,0.7656637168141593,0.7656637168141593,0.0,0.48307836055755615,False,0.061327433628318585,0.061327433628318585,0.061327433628318585,0.0,0.37122923135757446,False,33900,425984,9.62125347325554,0.7706343801394001,0.6860832630881978,-0.01825302009764295,True,True,True,True,False,False,False,True
dev_val,digital_1,indian-021_03,iphone15pro,train/attack/digital_1/iphone15pro/indian-021_03.jpg,1.0,0.999997615814209,2.384185791015625e-06,0.9994968175888062,12.93519401550293,7.593975067138672,True,1.0,0.25,10,0.0039215851575136,0.0,5,0,0.4903784692287445,0.1653581410646438,0.0772295147180557,0.49037847554529523,0.16535813542680106,0.325020357966423,0.6627948744224046,True,6.349625587463379,2.1411261558532715,4.208499431610107,0.662794896114712,1.0,0.0,1.0,0.4007846117019653,0.6639267206192017,False,False,True,output/resnet18_localisation_attack_preserve_cls_full_archive_v2/exact_archive/dev_val/digital_1/iphone15pro/indian-021_03__93a8e3ad1589__exact.npz,2f3d13f85e6aaa5be8fd419368efec9864024489177f98e76df5d5b9676ff243,4364108,float32,float32,512,864,resnet_exact_archive_v1,dev_val,0.0,0.5,0.5,content_mask,True,True,0.07722951517967781,6.349625197107718,2.1411261619613717,0.7719837041679725,0.2194296458790348,-0.5525540582889377,0.7157587074774702,0.7719837041679725,0.7719837041679725,0.7719837041679725,0.0,0.5153428316116333,False,0.2194296458790348,0.2194296458790348,0.2194296458790348,0.0,0.348556250333786,False,31910,413184,9.995967246096507,2.8412666500433446,0.6947541889882947,0.142200130699357,False,True,True,False,False,False,False,False
dev_val,digital_1,indian-021_03,scan,train/attack/digital_1/scan/indian-021_03.jpg,0.99951171875,0.9993752837181092,0.0001364350318908,0.5567589402198792,7.37746524810791,0.2280186712741851,True,1.0,0.25,10,0.0039215851575136,0.0,10,0,0.559272289276123,0.1659347265958786,0.0813379734754562,0.5592723552444168,0.1659347046048804,0.3933376371860504,0.7033025089674555,True,6.875906944274902,2.040064573287964,4.8358423709869385,0.7033024748849188,1.0,1.0,0.0,0.1980973482131958,0.8387279510498047,False,False,True,output/resnet18_localisation_attack_preserve_cls_full_archive_v2/exact_archive/dev_val/digital_1/scan/indian-021_03__b04df46e1b98__exact.npz,c07b3c7481916168307ed438451935727a621d59f165abcda64652dbe7b7d85b,3963151,float32,float32,512,864,resnet_exact_archive_v1,dev_val,0.0,0.5,0.5,content_mask,True,True,0.08133797429620564,6.875907103461101,2.0400643861697594,0.747795673642135,0.13031977427698097,-0.617475899365154,0.8257280981016389,0.747795673642135,0.747795673642135,0.747795673642135,0.0,0.42531153559684753,False,0.13031977427698097,0.13031977427698097,0.13031977427698097,0.0,0.057977184653282166,False,34024,418304,9.193684501152116,1.602200883469264,0.6664576993459294,0.04898179998077533,True,True,True,True,False,False,False,True
dev_val,digital_1,indian-NF-1061,huawei,train/attack/digital_1/huawei/indian-NF-1061.jpg,1.0,0.9999784231185912,2.157688140869141e-05,0.9999854564666748,10.745086669921877,11.13474464416504,True,1.0,0.25,10,0.0039215851575136,0.0,8,0,0.8271538615226746,0.0056297611445188,0.2148107290267944,0.8271538118505615,0.005629760850353239,0.8215241613797843,0.9931938162289816,True,3.8506174087524414,0.0262080002576112,3.82440940849483,0.9931938186852736,1.0,0.0,1.0,0.0124146118760108,0.969504714012146,False,False,True,output/resnet18_localisation_attack_preserve_cls_full_archive_v2/exact_archive/dev_val/digital_1/huawei/indian-NF-1061__d898205c3f7c__exact.npz,9c03d1768f359f48a8fafa01547659028d23600c50c74af5a6632ec38148b46a,4389845,float32,float32,512,864,resnet_exact_archive_v1,dev_val,0.0,0.5,0.5,content_mask,True,True,0.214810726147343,3.8506168974225243,0.026208006235646134,0.6196714470823359,0.0,-0.6196714470823359,1.0,0.6196714470823359,0.6196714470823359,0.6196714470823359,0.0,0.04993586614727974,False,0.0,0.0,0.0,0.0,0.18517433106899261,False,91066,423936,2.8847323324873955,0.0,0.4048607209349929,-0.214810726147343,True,True,True,True,False,False,False,True
dev_val,digital_1,indian-NF-1061,iphone15pro,train/attack/digital_1/iphone15pro/indian-NF-1061.jpg,1.0,0.9999997615814208,2.384185791015625e-07,0.9992496371269226,15.39773178100586,7.194215774536133,True,1.0,0.25,10,0.0039215851575136,0.0,7,0,0.6437792181968689,0.1186630874872207,0.1869544833898544,0.6437792680339696,0.11866309160444323,0.5251161903142929,0.8156773641269512,True,3.4435079097747803,0.6347164511680603,2.80879145860672,0.8156773651176038,1.0,0.0,1.0,0.3119170367717743,0.6833088397979736,False,False,True,output/resnet18_localisation_attack_preserve_cls_full_archive_v2/exact_archive/dev_val/digital_1/iphone15pro/indian-NF-1061__ad4dfa2e4423__exact.npz,97f8d6447e7faed8d3f91771cf58dfa21d997129bfae0b649f1854ddab1096ed,4761444,float32,float32,512,864,resnet_exact_archive_v1,dev_val,0.0,0.5,0.5,content_mask,True,True,0.18695448877805487,3.4435079480666517,0.6347164616374387,0.6480304293455607,0.09622498957899124,-0.5518054397665694,0.8515116185575299,0.6480304293455607,0.6480304293455607,0.6480304293455607,0.0,0.1881863921880722,False,0.09622498957899124,0.09622498957899124,0.09622498957899124,0.0,0.11134199053049088,False,76768,410624,3.466246965136404,0.5146974015329785,0.4610759405675058,-0.09072949919906363,True,True,True,True,False,False,False,True
dev_val,digital_1,indian-NF-1061,scan,train/attack/digital_1/scan/indian-NF-1061.jpg,1.0,0.9999942779541016,5.7220458984375e-06,0.9497791528701782,12.064340591430664,2.9397993087768555,True,1.0,0.25,10,0.0039215851575136,0.0,10,0,0.745586097240448,0.2031839042901992,0.1966511011123657,0.7455861239723095,0.2031839066731145,0.5424022674560547,0.7274843238892404,True,3.79141616821289,1.0332201719284058,2.758195996284485,0.7274843683500403,1.0,1.0,0.0,0.2679018676280975,0.7814342379570007,False,False,True,output/resnet18_localisation_attack_preserve_cls_full_archive_v2/exact_archive/dev_val/digital_1/scan/indian-NF-1061__a4c277ba396b__exact.npz,e42de69249a1f63deed992d613e0480f6a2aba3c89675cbd9f5cec59ddc698b6,4189442,float32,float32,512,864,resnet_exact_archive_v1,dev_val,0.0,0.5,0.5,content_mask,True,True,0.19665110518292683,3.791415884892982,1.0332202632886849,0.6477071776362007,0.12594171652818487,-0.5217654611080158,0.8055576333308401,0.6477071776362007,0.6477071776362007,0.6477071776362007,0.0,0.10289106518030167,False,0.12594171652818487,0.12594171652818487,0.12594171652818487,0.0,0.000565870723221451,False,82562,419840,3.293686943857737,0.6404322844310111,0.45105607245327384,-0.07070938865474197,True,True,True,True,False,False,False,True
dev_val,digital_1,persian-144_03,huawei,train/attack/digital_1/huawei/persian-144_03.jpg,1.0,0.999831199645996,0.0001688003540039,0.5022865533828735,8.687040328979492,0.0091462861746549,True,1.0,0.25,10,0.0039215851575136,0.0,10,1,0.7960183620452881,0.0706069767475128,0.105376198887825,0.7960183187025242,0.0706069739405582,0.7254113852977753,0.9112998127283747,True,7.554062366485596,0.6700467467308044,6.884015619754791,0.91129981270693,1.0,0.0,1.0,0.0020477622747421,0.997331976890564,False,False,True,output/resnet18_localisation_attack_preserve_cls_full_archive_v2/exact_archive/dev_val/digital_1/huawei/persian-144_03__392f79c027bf__exact.npz,9115ddc566534d32990b5776f611db24f6c9fa480d2ee9edf03e3cb28992f30f,3977773,float32,float32,512,864,resnet_exact_archive_v1,dev_val,0.0,0.5,0.5,content_mask,True,True,0.10537619608140948,7.55406200170247,0.6700467142124779,0.8348535008895795,0.07898114992230254,-0.755872350967277,0.9053951982735365,0.8348535008895795,0.8348535008895795,0.8348535008895795,0.0,0.3100050389766693,False,0.07898114992230254,0.07898114992230254,0.07898114992230254,0.0,0.08431734889745712,False,44403,421376,7.922600472734893,0.7495160468810701,0.7294773048081701,-0.02639504615910694,True,True,True,True,False,False,False,True
dev_val,digital_1,persian-144_03,iphone15pro,train/attack/digital_1/iphone15pro/persian-144_03.jpg,1.0,0.9999990463256836,9.5367431640625e-07,0.962721049785614,13.805059432983398,3.2513341903686523,True,1.0,0.25,10,0.0039215851575136,0.0,10,0,0.7621582746505737,0.1114433482289314,0.1052525117993354,0.7621582275093199,0.11144336156914815,0.6507149115204811,0.8537792317307428,True,7.241236209869385,1.058819055557251,6.182417154312134,0.853779240882359,1.0,0.0,1.0,0.1896246373653412,0.802245020866394,False,False,True,output/resnet18_localisation_attack_preserve_cls_full_archive_v2/exact_archive/dev_val/digital_1/iphone15pro/persian-144_03__b95af17b15d7__exact.npz,4ebda4ff29c20cd444b3da15dca77c2920596dd4a54b30204e59e29d40df3e31,4432608,float32,float32,512,864,resnet_exact_archive_v1,dev_val,0.0,0.5,0.5,content_mask,True,True,0.10525251116071428,7.241235568674936,1.0588190280703214,0.8391322597035368,0.0910155300770981,-0.7481167296264387,0.8915361326839543,0.8391322597035368,0.8391322597035368,0.8391322597035368,0.0,0.30935078859329224,False,0.0910155300770981,0.0910155300770981,0.0910155300770981,0.0,0.2811492681503296,False,45267,430080,7.972562843866329,0.8647349984659543,0.7338797485428225,-0.01423698108361618,True,True,True,True,False,False,False,True
dev_val,digital_1,persian-144_03,scan,train/attack/digital_1/scan/persian-144_03.jpg,1.0,0.9997612833976746,0.0002387166023254,0.502338707447052,8.339841842651367,0.0093548893928527,True,1.0,0.25,10,0.0039215851575136,0.0,10,3,0.7538074254989624,0.1310350149869918,0.1055402904748916,0.7538073872412331,0.13103499927657475,0.6227723062038422,0.8261691229159565,True,7.142364978790283,1.2415636777877808,5.900801301002502,0.8261691076450609,1.0,1.0,0.0,0.1894035041332245,0.8419913053512573,False,False,True,output/resnet18_localisation_attack_preserve_cls_full_archive_v2/exact_archive/dev_val/digital_1/scan/persian-144_03__c74106c37608__exact.npz,ce1ec0632d4f5262118ac56df57835897d31881b928a6b25a0c1724a7e9d32b5,4127942,float32,float32,512,864,resnet_exact_archive_v1,dev_val,0.0,0.5,0.5,content_mask,True,True,0.10554029304029304,7.142365873036239,1.2415637241650292,0.8331751626898047,0.1174530007230658,-0.7157221619667389,0.8590296422856832,0.8331751626898047,0.8331751626898047,0.8331751626898047,0.0,0.2806265354156494,False,0.1174530007230658,0.1174530007230658,0.1174530007230658,0.0,0.059877291321754456,False,44256,419328,7.894379849520753,1.1128735513196344,0.7276348696495117,0.011912707682772763,True,True,True,True,False,False,False,True
dev_val,digital_1,persian-NF-1018,huawei,train/attack/digital_1/huawei/persian-NF-1018.jpg,0.998046875,0.9980989098548888,5.2034854888916016e-05,0.5007715821266174,6.263423919677734,0.0030864495784044,True,1.0,0.25,10,0.0039215851575136,0.0,10,2,0.8656007647514343,0.0963155180215835,0.1603066772222519,0.8656007618821737,0.09631551401975474,0.769285187125206,0.8887298645505753,True,5.399654865264893,0.6008204221725464,4.798834443092346,0.8887298471542084,1.0,0.0,1.0,0.0834564715623855,0.8996241092681885,False,False,True,output/resnet18_localisation_attack_preserve_cls_full_archive_v2/exact_archive/dev_val/digital_1/huawei/persian-NF-1018__df5fd0d17eb0__exact.npz,ccc3038170152ad35b0ea98a709bde860c2b5159da6eb1090ac188b8328a83fe,4224900,float32,float32,512,864,resnet_exact_archive_v1,dev_val,0.0,0.5,0.5,content_mask,True,True,0.16030667117930206,5.399655270203973,0.6008203732957964,0.8783684719819371,0.08565228865495704,-0.7927161833269801,0.9024870639292273,0.8783684719819371,0.8783684719819371,0.8783684719819371,0.0,0.10480920970439911,False,0.08565228865495704,0.08565228865495704,0.08565228865495704,0.0,0.039878882467746735,False,68206,425472,5.479300802144954,0.5343027088320951,0.718061800802635,-0.07465438252434502,True,True,True,True,False,False,False,True
dev_val,digital_1,persian-NF-1018,iphone15pro,train/attack/digital_1/iphone15pro/persian-NF-1018.jpg,1.0,0.9999991655349731,8.344650268554688e-07,0.9390642046928406,14.010032653808594,2.7350637912750244,True,1.0,0.25,10,0.0039215851575136,0.0,5,0,0.8569271564483643,0.1764198541641235,0.1592477113008499,0.8569271664210314,0.1764198782902706,0.6805072873830795,0.7941250024467181,True,5.381095886230469,1.1078330278396606,4.273262858390808,0.7941250163048641,1.0,1.0,0.0,0.1723844707012176,0.8502018451690674,False,False,True,output/resnet18_localisation_attack_preserve_cls_full_archive_v2/exact_archive/dev_val/digital_1/iphone15pro/persian-NF-1018__a9c9beab7918__exact.npz,df444755b89368066770474f3f151a6cb6b39aa30a8e6ac0b43441616cacd684,4225636,float32,float32,512,864,resnet_exact_archive_v1,dev_val,0.0,0.5,0.5,content_mask,True,True,0.15924770677860697,5.381095801978288,1.1078330850662554,0.8830734966592427,0.15176800805442842,-0.7313054886048143,0.8281366062637115,0.8830734966592427,0.8830734966592427,0.8830734966592427,0.0,0.1636858582496643,False,0.15176800805442842,0.15176800805442842,0.15176800805442842,0.0,0.0459330752491951,False,65554,411648,5.545282343606552,0.9530310427981411,0.7238257898806357,-0.007479698724178557,True,True,True,True,False,False,False,True
dev_val,digital_1,persian-NF-1018,scan,train/attack/digital_1/scan/persian-NF-1018.jpg,1.0,0.9999958276748656,4.172325134277344e-06,0.9026669859886168,12.39399528503418,2.22721529006958,True,1.0,0.25,10,0.0039215851575136,0.0,8,0,0.9286609292030334,0.1606191843748092,0.167316123843193,0.9286609255712892,0.16061918478433226,0.7680417150259018,0.8270421632249432,True,5.550337314605713,0.95997416973114,4.590363144874573,0.827042193056453,1.0,0.0,1.0,0.0227421838790178,0.9735474586486816,False,False,True,output/resnet18_localisation_attack_preserve_cls_full_archive_v2/exact_archive/dev_val/digital_1/scan/persian-NF-1018__eef08f9e3f22__exact.npz,21af9d29f9b54b3935a7b039a41b3a32526474d8491d45ba3423ea9605894921,4064336,float32,float32,512,864,resnet_exact_archive_v1,dev_val,0.0,0.5,0.5,content_mask,True,True,0.16731612042682928,5.550337428349658,0.9599743549789889,0.8825555903538992,0.0743245166984597,-0.8082310736554394,0.9157848893476999,0.8825555903538992,0.8825555903538992,0.8825555903538992,0.0,0.0816277340054512,False,0.0743245166984597,0.0743245166984597,0.0743245166984597,0.0,0.05122782662510872,False,70246,419840,5.274779191045483,0.4442161132403456,0.7152394699270699,-0.09299160372836958,True,True,True,True,False,False,False,True
dev_val,digital_1,persian-NF-1097,huawei,train/attack/digital_1/huawei/persian-NF-1097.jpg,0.99951171875,0.9993621706962584,0.0001495480537414,0.5000196695327759,7.356870651245117,7.870793342590332e-05,True,1.0,0.25,10,0.0039215851575136,0.0,10,2,0.9275451898574828,0.029590031132102,0.1607337296009063,0.9275451252451263,0.029590032834032325,0.897955097258091,0.9680985517268366,True,5.770693302154541,0.1840934753417968,5.586599826812744,0.9680985514733448,1.0,0.0,1.0,0.0071997679769992,0.9767972230911256,False,False,True,output/resnet18_localisation_attack_preserve_cls_full_archive_v2/exact_archive/dev_val/digital_1/huawei/persian-NF-1097__0fd2e29de4fb__exact.npz,c9d7dd49b98aab75e5fbf92f518d43ede216b13025eea5871327b7acd8679fc2,4067471,float32,float32,512,864,resnet_exact_archive_v1,dev_val,0.0,0.5,0.5,content_mask,True,True,0.1607337364783654,5.770693480829851,0.1840934795789751,0.8683511026727033,0.04818168540966847,-0.8201694172630348,0.9445135898815931,0.8683511026727033,0.8683511026727033,0.8683511026727033,0.0,0.06801830977201462,False,0.04818168540966847,0.04818168540966847,0.04818168540966847,0.0,0.020116252824664116,False,68470,425984,5.402419689220517,0.29976087450784594,0.7076173661943379,-0.11255205106869692,True,True,True,True,False,False,False,True
dev_val,digital_1,persian-NF-1097,iphone15pro,train/attack/digital_1/iphone15pro/persian-NF-1097.jpg,1.0,0.9999991655349731,8.344650268554688e-07,0.8892550468444824,13.942726135253906,2.0831542015075684,True,1.0,0.25,10,0.0039215851575136,0.0,6,0,0.8878931403160095,0.146301731467247,0.1517112106084823,0.8878931339718614,0.14630175109557786,0.7415914088487625,0.8352259461213332,True,5.8525214195251465,0.9643435478210448,4.888177871704102,0.8352259686562089,1.0,0.0,1.0,0.0550603121519088,0.9634371399879456,False,False,True,output/resnet18_localisation_attack_preserve_cls_full_archive_v2/exact_archive/dev_val/digital_1/iphone15pro/persian-NF-1097__3781ce7689be__exact.npz,f6679c65787e87a78ea23eaeb850334553a1f14a465d3d78dcbd7c74b19296ad,4044477,float32,float32,512,864,resnet_exact_archive_v1,dev_val,0.0,0.5,0.5,content_mask,True,True,0.151711217552534,5.852521311843042,0.9643436619636714,0.879439847231063,0.051559516231699555,-0.8278803309993635,0.9413723219455704,0.879439847231063,0.879439847231063,0.879439847231063,0.0,0.12612707912921906,False,0.051559516231699555,0.051559516231699555,0.051559516231699555,0.0,0.01880444772541523,False,62840,414208,5.7968017224997475,0.33985302513207843,0.727728629678529,-0.10015170132083445,True,True,True,True,False,False,False,True
dev_val,digital_1,persian-NF-1097,scan,train/attack/digital_1/scan/persian-NF-1097.jpg,1.0,0.999887466430664,0.0001125335693359,0.6857740879058838,9.092753410339355,0.780436098575592,True,1.0,0.25,10,0.0039215851575136,0.0,5,0,0.8789079785346985,0.1810624152421951,0.1555910259485244,0.8789080044769552,0.18106243337940173,0.6978456079959869,0.7939915981455268,True,5.648834705352783,1.1637073755264282,4.485127329826355,0.7939916042464988,1.0,1.0,0.0,0.0909558534622192,0.9412167072296144,False,False,True,output/resnet18_localisation_attack_preserve_cls_full_archive_v2/exact_archive/dev_val/digital_1/scan/persian-NF-1097__f302052abbb9__exact.npz,2992e4de7f4724dcf5b02fa9a85a7d33e8642c59380b9c57426648ab3765c498,3797843,float32,float32,512,864,resnet_exact_archive_v1,dev_val,0.0,0.5,0.5,content_mask,True,True,0.15559102847137637,5.648834724674664,1.1637074139702808,0.8593336697093406,0.05750500741556198,-0.8018286622937786,0.93308186395744,0.8593336697093406,0.8593336697093406,0.8593336697093406,0.0,0.09057425707578659,False,0.05750500741556198,0.05750500741556198,0.05750500741556198,0.0,0.006896419450640678,False,65403,420352,5.523028404349352,0.3695907661291731,0.7037426412379642,-0.0980860210558144,True,True,True,True,False,False,False,True
dev_val,digital_1,persian-NM-1035,huawei,train/attack/digital_1/huawei/persian-NM-1035.jpg,0.99609375,0.9960259199142456,6.783008575439453e-05,0.914806604385376,5.523980140686035,2.373789072036743,True,1.0,0.25,10,0.0019608272705227,0.0,2,0,0.8837084174156189,0.2400832772254943,0.2237046658992767,0.8837084082469557,0.24008327260795037,0.6436251401901245,0.7283229735425827,True,3.9503350257873535,1.073215365409851,2.8771196603775024,0.7283229502297859,1.0,0.0,1.0,0.3046504557132721,0.769315242767334,False,False,True,output/resnet18_localisation_attack_preserve_cls_full_archive_v2/exact_archive/dev_val/digital_1/huawei/persian-NM-1035__c9cee6c60957__exact.npz,0b87c35e50d0ce34d756fdab3399b6cb75e707fecf8fe8edb60271df6bfda097,3638551,float32,float32,512,864,resnet_exact_archive_v1,dev_val,0.0,0.5,0.5,content_mask,True,True,0.22370467053679133,3.95033508297547,1.0732152888531907,0.7526408357995177,0.2564375309370096,-0.4962033048625081,0.6592829956341655,0.7526408357995177,0.7526408357995177,0.7526408357995177,0.0,0.01985202543437481,False,0.2564375309370096,0.2564375309370096,0.2564375309370096,0.0,0.035233039408922195,False,94951,424448,3.364439526423457,1.1463217568130073,0.5289361652627264,0.03273286040021828,True,True,True,True,False,False,False,True
dev_val,digital_1,persian-NM-1035,iphone15pro,train/attack/digital_1/iphone15pro/persian-NM-1035.jpg,1.0,0.999892234802246,0.0001077651977539,0.9884021878242492,9.135156631469728,4.445271968841553,True,1.0,0.25,10,0.0029412410221993,0.0,3,0,0.8450745940208435,0.1378318220376968,0.219823732972145,0.8450745760532502,0.13783182107895045,0.7072428166866302,0.8368998133600634,True,3.84432864189148,0.627010703086853,3.2173179388046265,0.8368998174988618,1.0,0.0,1.0,0.2457010746002197,0.8169593811035156,False,False,True,output/resnet18_localisation_attack_preserve_cls_full_archive_v2/exact_archive/dev_val/digital_1/iphone15pro/persian-NM-1035__000b41c1fc8a__exact.npz,1f5dd44070b1da40dd57bbd2cbefe540c22c4222ba743829017994640ac57bea,4200304,float32,float32,512,864,resnet_exact_archive_v1,dev_val,0.0,0.5,0.5,content_mask,True,True,0.21982373289800994,3.844328202930361,0.6270106474031142,0.7686153166095702,0.13097579843076584,-0.6376395181788044,0.829595123073384,0.7686153166095702,0.7686153166095702,0.7686153166095702,0.0,0.10406000167131424,False,0.13097579843076584,0.13097579843076584,0.13097579843076584,0.0,0.029636213555932045,False,90490,411648,3.4965074356469925,0.5958219192444237,0.5487915837115602,-0.0888479344672441,True,True,True,True,False,False,False,True
dev_val,digital_1,persian-NM-1035,scan,train/attack/digital_1/scan/persian-NM-1035.jpg,0.99951171875,0.9995800852775574,6.836652755737305e-05,0.7048525214195251,7.775125026702881,0.8705135583877563,True,1.0,0.25,10,0.0039215851575136,0.0,5,0,0.9372483491897584,0.1449595242738723,0.2220743596553802,0.9372484042933281,0.14495953820832663,0.79228875041008,0.8453349853205415,True,4.220425128936768,0.6527522206306458,3.567672908306122,0.8453349601785044,1.0,0.0,1.0,0.1046926155686378,0.9335328340530396,False,False,True,output/resnet18_localisation_attack_preserve_cls_full_archive_v2/exact_archive/dev_val/digital_1/scan/persian-NM-1035__15b12ca31712__exact.npz,64c7c052595b1ef5aadb7e860b45a7837df58551e722a736ee0b6805e7d911a0,3933492,float32,float32,512,864,resnet_exact_archive_v1,dev_val,0.0,0.5,0.5,content_mask,True,True,0.2220743666056166,4.220425880839251,0.6527522308135691,0.7997250918150384,0.13351302592298275,-0.6662120658920556,0.8330513481576969,0.7997250918150384,0.7997250918150384,0.7997250918150384,0.0,0.026007989421486855,False,0.13351302592298275,0.13351302592298275,0.13351302592298275,0.0,0.00016391226381529123,True,93122,419328,3.6011589452612314,0.6012086309812129,0.5776507252094217,-0.08856134068263385,True,True,True,True,False,False,False,True
dev_val,digital_1,portugal-013_03,huawei,train/attack/digital_1/huawei/portugal-013_03.jpg,1.0,0.9999790191650392,2.09808349609375e-05,0.9711580872535706,10.771366119384766,3.516660213470459,True,1.0,0.25,10,0.0039215851575136,0.0,10,0,0.678115725517273,0.1431576609611511,0.1173437535762786,0.6781157601579251,0.14315766341664363,0.5349580645561218,0.788889048407747,True,5.7788825035095215,1.2199853658676147,4.558897137641907,0.7888890516243035,1.0,1.0,0.0,0.1747306734323501,0.815711259841919,False,False,True,output/resnet18_localisation_attack_preserve_cls_full_archive_v2/exact_archive/dev_val/digital_1/huawei/portugal-013_03__7ea7b7a1df39__exact.npz,f6aa26729cc984d8cf439705d98f86a5ae2c280a90ca9d43bf9a786320b2c732,4208174,float32,float32,512,864,resnet_exact_archive_v1,dev_val,0.0,0.5,0.5,content_mask,True,True,0.11734375,5.778882643156752,1.2199854139367765,0.8259088891578905,0.12068756809103014,-0.7052213210668604,0.8538730244033516,0.8259088891578905,0.8259088891578905,0.8259088891578905,0.0,0.2835721969604492,False,0.12068756809103014,0.12068756809103014,0.12068756809103014,0.0,0.14119099080562592,True,49566,422400,7.038371359001997,1.0284959198170345,0.7085651391578905,0.00334381809103014,True,True,True,True,False,False,False,True
dev_val,digital_1,portugal-013_03,iphone15pro,train/attack/digital_1/iphone15pro/portugal-013_03.jpg,1.0,0.9999997615814208,2.384185791015625e-07,0.9793788194656372,15.299915313720703,3.860600709915161,True,1.0,0.25,10,0.0039215851575136,0.0,10,0,0.6641446948051453,0.1473186761140823,0.1196090951561927,0.6641446909159704,0.14731867970230053,0.5168260186910629,0.7781828542525536,True,5.552627086639404,1.2316678762435913,4.320959210395813,0.7781828570466761,1.0,1.0,0.0,0.243524894118309,0.849990963935852,False,False,True,output/resnet18_localisation_attack_preserve_cls_full_archive_v2/exact_archive/dev_val/digital_1/iphone15pro/portugal-013_03__d96ab5a1cbf8__exact.npz,8d0e828eb226a3b1b80bd94adcef4a3bd55b4979da333fb860f82c7a688cc682,4571411,float32,float32,512,864,resnet_exact_archive_v1,dev_val,0.0,0.5,0.5,content_mask,True,True,0.11960909531622911,5.552626990113654,1.2316678703472448,0.8123112297589586,0.07036380288002494,-0.7419474268789337,0.913378271403555,0.8123112297589586,0.8123112297589586,0.8123112297589586,0.0,0.3194032311439514,False,0.07036380288002494,0.07036380288002494,0.07036380288002494,0.0,0.06051001325249672,False,51319,429056,6.791383444639603,0.588281373535961,0.6927021344427295,-0.049245292436204166,True,True,True,True,False,False,False,True
dev_val,digital_1,portugal-013_03,scan,train/attack/digital_1/scan/portugal-013_03.jpg,1.0,0.9998921155929564,0.0001078844070434,0.9079474210739136,9.134057998657228,2.2888262271881104,True,1.0,0.25,10,0.0039215851575136,0.0,10,0,0.6321818828582764,0.1757882088422775,0.1213527396321296,0.6321818154023925,0.175788208745295,0.456393614411354,0.72193409480878,True,5.209456443786621,1.4485721588134766,3.760884284973145,0.7219341068603797,1.0,1.0,0.0,0.3157945275306701,0.7597298622131348,False,False,True,output/resnet18_localisation_attack_preserve_cls_full_archive_v2/exact_archive/dev_val/digital_1/scan/portugal-013_03__49af15556b38__exact.npz,a318a83eaeb84e35ff95205aa1543624b6905bb2ad7bc182fb49f22797052db3,4356494,float32,float32,512,864,resnet_exact_archive_v1,dev_val,0.0,0.5,0.5,content_mask,True,True,0.12135274102798053,5.209456416453166,1.4485722139952584,0.8150098878076478,0.11912360738550702,-0.6958862804221408,0.8538378378378378,0.8150098878076478,0.8150098878076478,0.8150098878076478,0.0,0.356759250164032,False,0.11912360738550702,0.11912360738550702,0.11912360738550702,0.0,0.06858472526073456,False,51073,420864,6.71604020563268,0.9816309576232849,0.6936571467796673,-0.002229133642473513,True,True,True,True,False,False,False,True
dev_val,digital_1,portugal-017_03,huawei,train/attack/digital_1/huawei/portugal-017_03.jpg,1.0,1.0,0.0,0.9850286245346068,16.914697647094727,4.186527729034424,True,1.0,0.25,10,0.0039215851575136,0.0,10,0,0.6907243728637695,0.1611594408750534,0.1157991364598274,0.6907244042800769,0.16115943056635015,0.5295649468898773,0.7666805609187615,True,5.96484899520874,1.3917152881622314,4.573133707046509,0.7666805497875763,1.0,1.0,0.0,0.2129344642162323,0.7858829498291016,False,False,True,output/resnet18_localisation_attack_preserve_cls_full_archive_v2/exact_archive/dev_val/digital_1/huawei/portugal-017_03__c39a0d5e1bc2__exact.npz,e3058b95e7f7a825fa5166920628b45789a0fec42a6ce86648e0c93155893329,4233078,float32,float32,512,864,resnet_exact_archive_v1,dev_val,0.0,0.5,0.5,content_mask,True,True,0.11579913403614457,5.964849478619416,1.3917153345555002,0.8292826661247714,0.13013615118878277,-0.6991465149359887,0.8430738317527997,0.8292826661247714,0.8292826661247714,0.8292826661247714,0.0,0.2967797517776489,False,0.13013615118878277,0.13013615118878277,0.13013615118878277,0.0,0.12381581217050552,False,49210,424960,7.161389185051471,1.1238093641370683,0.7134835320886268,0.014337017152638201,True,True,True,True,False,False,False,True
dev_val,digital_1,portugal-017_03,iphone15pro,train/attack/digital_1/iphone15pro/portugal-017_03.jpg,1.0,1.0,0.0,0.9999653100967408,24.207279205322266,10.26776885986328,True,1.0,0.25,10,0.0039215851575136,0.0,5,0,0.6588999032974243,0.1731179654598236,0.1093169152736663,0.6588999062095894,0.17311795812759942,0.4857820123434067,0.7372621296556501,True,6.027429103851318,1.5836336612701416,4.443795442581177,0.7372621670061197,1.0,1.0,0.0,0.2267345488071441,0.8119508028030396,False,False,True,output/resnet18_localisation_attack_preserve_cls_full_archive_v2/exact_archive/dev_val/digital_1/iphone15pro/portugal-017_03__f6083f363d27__exact.npz,4cd6e5921391f24f9b4f6921ff04a994e1b9abdc47559265dfd35da1f48930c3,4569421,float32,float32,512,864,resnet_exact_archive_v1,dev_val,0.0,0.5,0.5,content_mask,True,True,0.10931691449814127,6.027428685071356,1.5836337763680932,0.8190090329436769,0.1667552249380092,-0.6522538080056677,0.7963939123617981,0.8190090329436769,0.8190090329436769,0.8190090329436769,0.0,0.3530806601047516,False,0.1667552249380092,0.1667552249380092,0.1667552249380092,0.0,0.23968897759914398,False,45168,413184,7.492061376811021,1.5254293052777717,0.7096921184455356,0.05743831043986794,True,True,True,True,False,False,False,True
dev_val,digital_1,portugal-017_03,scan,train/attack/digital_1/scan/portugal-017_03.jpg,1.0,1.0,0.0,0.995772659778595,19.311687469482425,5.461935997009277,True,1.0,0.25,10,0.0039215851575136,0.0,10,0,0.6385044455528259,0.1656527370214462,0.1104520931839943,0.6385044364380182,0.16565274096351792,0.4728516340255737,0.7405613312765159,True,5.780826568603516,1.499770164489746,4.2810564041137695,0.7405612940136953,1.0,0.0,1.0,0.2709539234638214,0.7732269167900085,False,False,True,output/resnet18_localisation_attack_preserve_cls_full_archive_v2/exact_archive/dev_val/digital_1/scan/portugal-017_03__e4bb489e2754__exact.npz,da8b751b70e3174c2607572c46eb440574d068edbec6975a3b2253aec5d42c1e,4430344,float32,float32,512,864,resnet_exact_archive_v1,dev_val,0.0,0.5,0.5,content_mask,True,True,0.11045209099264706,5.7808270599469616,1.4997700765533324,0.8265505135873098,0.1420491483552204,-0.6845013652320894,0.8281422054428189,0.8265505135873098,0.8265505135873098,0.8265505135873098,0.0,0.33537083864212036,False,0.1420491483552204,0.1420491483552204,0.1420491483552204,0.0,0.09275807440280914,False,46146,417792,7.483339664817521,1.286070250717814,0.7160984225946627,0.03159705736257333,True,True,True,True,False,False,False,True
dev_val,digital_1,portugal-029_03,huawei,train/attack/digital_1/huawei/portugal-029_03.jpg,0.99951171875,0.9994182586669922,9.34600830078125e-05,0.6973997950553894,7.448890686035156,0.8349464535713196,True,1.0,0.25,10,0.0029412410221993,0.0,3,0,0.678621232509613,0.2095450311899185,0.1070026755332946,0.6786211979757748,0.20954503765556062,0.4690762609243393,0.6912194339336849,True,6.342096328735352,1.9583157300949097,4.383780598640442,0.6912194913814234,1.0,1.0,0.0,0.2257876694202423,0.8508451581001282,False,False,True,output/resnet18_localisation_attack_preserve_cls_full_archive_v2/exact_archive/dev_val/digital_1/huawei/portugal-029_03__74cbfa8bd0e8__exact.npz,fdec13bc03afea6c7ddbaa6a307445f0b03193d172eff866f9c5cf014a6ee85c,3683537,float32,float32,512,864,resnet_exact_archive_v1,dev_val,0.0,0.5,0.5,content_mask,True,True,0.10700267910671463,6.342095390891853,1.9583158048461542,0.7944452955724322,0.16180429406228797,-0.6326410015101442,0.7963304774236205,0.7944452955724322,0.7944452955724322,0.7944452955724322,0.0,0.3235222399234772,False,0.16180429406228797,0.16180429406228797,0.16180429406228797,0.0,0.09504391252994537,False,45691,427008,7.4245364901576485,1.5121518023013167,0.6874426164657175,0.05480161495557334,True,True,True,True,False,False,False,True
dev_val,digital_1,portugal-029_03,iphone15pro,train/attack/digital_1/iphone15pro/portugal-029_03.jpg,1.0,1.0,0.0,0.9940401911735536,19.470142364501957,5.116744041442871,True,1.0,0.25,10,0.0039215851575136,0.0,10,0,0.6087543964385986,0.0924987941980362,0.1046237647533416,0.6087544363483153,0.09249879081686042,0.5162556692957878,0.8480523749909319,True,5.81851053237915,0.8841087818145752,4.934401750564575,0.8480523878242309,1.0,1.0,0.0,0.2066848874092102,0.7548730373382568,False,False,True,output/resnet18_localisation_attack_preserve_cls_full_archive_v2/exact_archive/dev_val/digital_1/iphone15pro/portugal-029_03__45c88920e359__exact.npz,9ec16d536591c331f4a8bbca1cf284de5ef727ee5bd5632f99cb11c2e8116434,4614393,float32,float32,512,864,resnet_exact_archive_v1,dev_val,0.0,0.5,0.5,content_mask,True,True,0.10462376390605686,5.818510189472101,0.8841088043813485,0.7811750046151006,0.07753369023444712,-0.7036413143806535,0.9007473488317136,0.7811750046151006,0.7811750046151006,0.7811750046151006,0.0,0.33111637830734253,False,0.07753369023444712,0.07753369023444712,0.07753369023444712,0.0,0.23728027939796448,False,43336,414208,7.466515975438702,0.7410715055526553,0.6765512407090437,-0.027090073671609746,True,True,True,True,False,False,False,True
dev_val,digital_1,portugal-029_03,scan,train/attack/digital_1/scan/portugal-029_03.jpg,1.0,0.9999992847442628,7.152557373046875e-07,0.9748048186302184,14.169950485229492,3.655586242675781,True,1.0,0.25,10,0.0039215851575136,0.0,10,0,0.6215996742248535,0.173304334282875,0.1117197051644325,0.6215996954340434,0.17330433220773586,0.4482953250408172,0.7211962401514322,True,5.563921451568604,1.551242470741272,4.012678980827332,0.7211961951217087,1.0,1.0,0.0,0.2527486681938171,0.793061375617981,False,False,True,output/resnet18_localisation_attack_preserve_cls_full_archive_v2/exact_archive/dev_val/digital_1/scan/portugal-029_03__b6f71508eee8__exact.npz,097dc31d4dea4c41872cab863fd32b37aa53b25d38be81fa78b3411735ee3e7c,4464893,float32,float32,512,864,resnet_exact_archive_v1,dev_val,0.0,0.5,0.5,content_mask,True,True,0.11171970507334963,5.563921736330505,1.5512422995921158,0.776811284462492,0.12188501816627484,-0.6549262662962172,0.8430957162902027,0.776811284462492,0.776811284462492,0.776811284462492,0.0,0.31242480874061584,False,0.12188501816627484,0.12188501816627484,0.12188501816627484,0.0,0.08452942967414856,False,46790,418816,6.953216390541634,1.0909894372371567,0.6650915793891424,0.010165313092925204,True,True,True,True,False,False,False,True
dev_val,digital_1,portugal-119_03,huawei,train/attack/digital_1/huawei/portugal-119_03.jpg,1.0,0.999996781349182,3.2186508178710938e-06,0.979999303817749,12.654033660888672,3.891787052154541,True,1.0,0.25,10,0.0019608272705227,0.0,2,0,0.7373937964439392,0.2558823227882385,0.1302059888839721,0.7373937694089552,0.25588234063635706,0.4815114736557007,0.6529909103497648,True,5.663286209106445,1.9652116298675537,3.698074579238892,0.6529909389520991,1.0,1.0,0.0,0.2828766703605652,0.7796543836593628,False,False,True,output/resnet18_localisation_attack_preserve_cls_full_archive_v2/exact_archive/dev_val/digital_1/huawei/portugal-119_03__b87c30bc7e20__exact.npz,11ded8fa25cfabb1f4cac6a751a43216d88a332df10f80766f357383e358d196,3711789,float32,float32,512,864,resnet_exact_archive_v1,dev_val,0.0,0.5,0.5,content_mask,True,True,0.13020599145683454,5.6632860067227675,1.9652117216217837,0.8406626018453569,0.18016511088328926,-0.6604974909620677,0.7856867779204109,0.8406626018453569,0.8406626018453569,0.8406626018453569,0.0,0.22512096166610718,False,0.18016511088328926,0.18016511088328926,0.18016511088328926,0.0,0.14783629775047302,False,55599,427008,6.456404904562711,1.3836929381472973,0.7104566103885224,0.04995911942645473,True,True,True,True,False,False,False,True
dev_val,digital_1,portugal-119_03,iphone15pro,train/attack/digital_1/iphone15pro/portugal-119_03.jpg,1.0,1.0,0.0,0.999805986881256,17.776676177978516,8.547576904296875,True,1.0,0.25,10,0.0039215851575136,0.0,5,0,0.719651460647583,0.1534012109041214,0.1289757490158081,0.7196514898958543,0.15340121507266127,0.5662503093481064,0.7868395782868997,True,5.579742908477783,1.1893802881240845,4.390362620353699,0.7868395896310999,1.0,1.0,0.0,0.2209306359291076,0.7895169854164124,False,False,True,output/resnet18_localisation_attack_preserve_cls_full_archive_v2/exact_archive/dev_val/digital_1/iphone15pro/portugal-119_03__bc8bc47695e5__exact.npz,033e208c2b61df5d4e96d4f86f739f3c04e4d6990e1936f4dd098b3ec25ba725,4488131,float32,float32,512,864,resnet_exact_archive_v1,dev_val,0.0,0.5,0.5,content_mask,True,True,0.1289757476993865,5.579742724757838,1.1893803122599844,0.8397034504543005,0.15290139170181535,-0.6868020587524851,0.8179102496016993,0.8397034504543005,0.8397034504543005,0.8397034504543005,0.0,0.23089441657066345,False,0.15290139170181535,0.15290139170181535,0.15290139170181535,0.0,0.22261978685855865,False,53819,417280,6.510553072438554,1.1855049839152254,0.710727702754914,0.02392564400242886,True,True,True,True,False,False,False,True
dev_val,digital_1,portugal-119_03,scan,train/attack/digital_1/scan/portugal-119_03.jpg,1.0,0.9999998807907104,1.1920928955078125e-07,0.9854639172554016,15.865899085998535,4.216483116149902,True,1.0,0.25,10,0.0039215851575136,0.0,10,0,0.7503206729888916,0.1945943236351013,0.1370845139026641,0.7503206760716536,0.1945943163137774,0.5557264089584351,0.7406518005973299,True,5.473417282104492,1.4195208549499512,4.053896427154541,0.740651811877907,1.0,1.0,0.0,0.1864089667797088,0.8327332139015198,False,False,True,output/resnet18_localisation_attack_preserve_cls_full_archive_v2/exact_archive/dev_val/digital_1/scan/portugal-119_03__26e175f907a4__exact.npz,b9134a95c4bd8d6a473793d34c8e8b0212c7a4b9d886fd62f640885144cc3226,4411869,float32,float32,512,864,resnet_exact_archive_v1,dev_val,0.0,0.5,0.5,content_mask,True,True,0.1370845126988984,5.473416809087021,1.4195207940170265,0.8475838376087753,0.12065988873968923,-0.7269239488690861,0.8576425323539699,0.8475838376087753,0.8475838376087753,0.8475838376087753,0.0,0.1953946352005005,False,0.12065988873968923,0.12065988873968923,0.12065988873968923,0.0,0.058286722749471664,False,57343,418304,6.18292920857125,0.880186144766876,0.7104993249098769,-0.01642462395920917,True,True,True,True,False,False,False,True
dev_val,digital_1,portugal-NF-1060,huawei,train/attack/digital_1/huawei/portugal-NF-1060.jpg,0.99560546875,0.995684027671814,7.855892181396484e-05,0.5000419020652771,5.4411163330078125,0.0001676529645919,True,1.0,0.25,10,0.0039215851575136,0.0,10,1,0.7878906726837158,0.1322840452194214,0.1712105572223663,0.7878906604372748,0.13228405548255462,0.6556066870689392,0.8321035365374966,True,4.601881504058838,0.7726395130157471,3.829241991043091,0.8321035619160809,1.0,1.0,0.0,0.2421208620071411,0.8640164732933044,False,False,True,output/resnet18_localisation_attack_preserve_cls_full_archive_v2/exact_archive/dev_val/digital_1/huawei/portugal-NF-1060__ecf44787190f__exact.npz,75654dbd7ee27fcbdafc1a04fb6c1a9b70a5bf87da10a91b4ff59ec59d5e1f8f,4215402,float32,float32,512,864,resnet_exact_archive_v1,dev_val,0.0,0.5,0.5,content_mask,True,True,0.1712105591707022,4.601881240582385,0.7726395855682204,0.7750908061375281,0.052494924523872,-0.7225958816136562,0.9322725490894836,0.7750908061375281,0.7750908061375281,0.7750908061375281,0.0,0.15001295506954193,False,0.052494924523872,0.052494924523872,0.052494924523872,0.0,0.014286434277892113,False,72407,422912,4.527120347552506,0.30661032110486214,0.603880246966826,-0.11871563464683019,True,True,True,True,False,False,False,True
dev_val,digital_1,portugal-NF-1060,iphone15pro,train/attack/digital_1/iphone15pro/portugal-NF-1060.jpg,1.0,0.9999979734420776,2.026557922363281e-06,0.9865096211433412,13.11054801940918,4.292196273803711,True,1.0,0.25,10,0.0039215851575136,0.0,7,0,0.7812133431434631,0.1189103052020073,0.1787682473659515,0.7812133361798097,0.11891029900214746,0.6623029932379723,0.8477876740000018,True,4.369977951049805,0.6651645302772522,3.704813420772553,0.8477876690161654,1.0,0.0,1.0,0.2882360219955444,0.8171764016151428,False,False,True,output/resnet18_localisation_attack_preserve_cls_full_archive_v2/exact_archive/dev_val/digital_1/iphone15pro/portugal-NF-1060__3ea2dd9e9782__exact.npz,531e71d99e58c3e14b70d28b07e889c743729769a1cc024a91b9eff5e721bd4b,4412171,float32,float32,512,864,resnet_exact_archive_v1,dev_val,0.0,0.5,0.5,content_mask,True,True,0.178768241900978,4.36997829073317,0.6651645602019925,0.7914679916122397,0.04038946988820772,-0.751078521724032,0.9489689155894563,0.7914679916122397,0.7914679916122397,0.7914679916122397,0.0,0.1537904441356659,False,0.04038946988820772,0.04038946988820772,0.04038946988820772,0.0,0.015809424221515656,False,74871,418816,4.4273411384257155,0.22593201934927545,0.6126997497112616,-0.1383787720127703,True,True,True,True,False,False,False,True
dev_val,digital_1,portugal-NF-1060,scan,train/attack/digital_1/scan/portugal-NF-1060.jpg,1.0,0.9999998807907104,1.1920928955078125e-07,0.9977267384529114,16.0755672454834,6.084251403808594,True,1.0,0.25,10,0.0039215851575136,0.0,5,0,0.7930114269256592,0.1694013178348541,0.1809935569763183,0.7930114470742591,0.1694013290577095,0.6236100792884827,0.7863822398999414,True,4.381434440612793,0.9359523057937622,3.4454821348190308,0.7863822183168718,1.0,0.0,1.0,0.2664005756378174,0.7727475166320801,False,False,True,output/resnet18_localisation_attack_preserve_cls_full_archive_v2/exact_archive/dev_val/digital_1/scan/portugal-NF-1060__b98096f927a5__exact.npz,e29db7f4049be48edf6f4b60ae4af104ee2017cdb57c1f06d252649cb44415da,4423547,float32,float32,512,864,resnet_exact_archive_v1,dev_val,0.0,0.5,0.5,content_mask,True,True,0.18099356280562348,4.3814345371271965,0.9359522318461493,0.7990448926823477,0.11909818872603986,-0.6799467039563079,0.8509493148423313,0.7990448926823477,0.7990448926823477,0.7990448926823477,0.0,0.14141616225242615,False,0.11909818872603986,0.11909818872603986,0.11909818872603986,0.0,0.05171862244606018,False,75803,418816,4.414769676314264,0.6580244450679407,0.6180513298767242,-0.06189537407958362,True,True,True,True,False,False,False,True
dev_val,digital_1,portugal-NF-1066,huawei,train/attack/digital_1/huawei/portugal-NF-1066.jpg,0.99951171875,0.9994158744812012,9.584426879882812e-05,0.978312373161316,7.444682598114014,3.8090882301330566,True,1.0,0.25,10,0.0019608272705227,0.0,2,0,0.720400333404541,0.2239789813756942,0.1507153511047363,0.7204003208486697,0.22397898948719636,0.4964212924242019,0.6890909359627474,True,4.779872894287109,1.4861059188842771,3.293766975402832,0.689090912718523,1.0,1.0,0.0,0.400442898273468,0.6849510073661804,False,False,True,output/resnet18_localisation_attack_preserve_cls_full_archive_v2/exact_archive/dev_val/digital_1/huawei/portugal-NF-1066__6e4aa48a8c9b__exact.npz,6fa2f239feb3e31646c491678f6a7c21a99b93a09e4da02af62ecd288526833c,3757848,float32,float32,512,864,resnet_exact_archive_v1,dev_val,0.0,0.5,0.5,content_mask,True,True,0.1507153557342233,4.779873406655714,1.4861059670798822,0.7667688920342848,0.13885350318471337,-0.6279153888495714,0.8189108809352887,0.7667688920342848,0.7667688920342848,0.7667688920342848,0.0,0.18370763957500458,False,0.13885350318471337,0.13885350318471337,0.13885350318471337,0.0,0.10941886901855469,False,63585,421888,5.087529988559572,0.9212963238435536,0.6160535363000614,-0.011861852549509916,True,True,True,True,False,False,False,True
dev_val,digital_1,portugal-NF-1066,iphone15pro,train/attack/digital_1/iphone15pro/portugal-NF-1066.jpg,1.0,0.9999942779541016,5.7220458984375e-06,0.9989976286888124,12.074115753173828,6.904431819915772,True,1.0,0.25,10,0.0039215772412717,0.0,4,0,0.7414270043373108,0.213505819439888,0.1539798974990844,0.7414270209099999,0.21350580964193616,0.52792127430439,0.7120339512580928,True,4.815089702606201,1.3865822553634644,3.428507447242737,0.7120339721577841,1.0,1.0,0.0,0.3358284831047058,0.7172049283981323,False,False,True,output/resnet18_localisation_attack_preserve_cls_full_archive_v2/exact_archive/dev_val/digital_1/iphone15pro/portugal-NF-1066__e72a58e9fcdd__exact.npz,e23c75637826e24d4c7ce7b1c55c5de11c53e10d7207147d684cd092366950f5,4391047,float32,float32,512,864,resnet_exact_archive_v1,dev_val,0.0,0.5,0.5,content_mask,True,True,0.15397990005966586,4.815089635872627,1.3865823367803496,0.8131565404292677,0.1586443859171132,-0.6545121545121545,0.8049030192472358,0.8131565404292677,0.8131565404292677,0.8131565404292677,0.0,0.18275226652622223,False,0.1586443859171132,0.1586443859171132,0.1586443859171132,0.0,0.0930674821138382,False,66066,429056,5.280926537256984,1.0302928229959878,0.6591766403696018,0.004664485857447331,True,True,True,True,False,False,False,True
dev_val,digital_1,portugal-NF-1066,scan,train/attack/digital_1/scan/portugal-NF-1066.jpg,1.0,0.9999748468399048,2.5153160095214844e-05,0.9793495535850524,10.590429306030272,3.859153509140015,True,1.0,0.25,10,0.0039215851575136,0.0,10,0,0.7382341027259827,0.184513434767723,0.1573551893234253,0.7382340769388511,0.1845134362538147,0.5537206679582596,0.7500610686803907,True,4.691514492034912,1.172592043876648,3.518922448158264,0.750061084567162,1.0,1.0,0.0,0.2802680730819702,0.779639482498169,False,False,True,output/resnet18_localisation_attack_preserve_cls_full_archive_v2/exact_archive/dev_val/digital_1/scan/portugal-NF-1066__74222ec1da01__exact.npz,2c9084a85d70cdb3eaada96e74cedfacd991ac6b98049cc120c4dee2c0c29e0a,4420354,float32,float32,512,864,resnet_exact_archive_v1,dev_val,0.0,0.5,0.5,content_mask,True,True,0.15735518292682926,4.691514211401175,1.1725920482683696,0.7897947444901914,0.11525187696778881,-0.6745428675224026,0.8540736339766564,0.7897947444901914,0.7897947444901914,0.7897947444901914,0.0,0.17260833084583282,False,0.11525187696778881,0.11525187696778881,0.11525187696778881,0.0,0.029177170246839523,False,66064,419840,5.019184813616523,0.7324314002506124,0.6324395615633621,-0.04210330595904045,True,True,True,True,False,False,False,True
dev_val,digital_1,portugal-NF-1109,huawei,train/attack/digital_1/huawei/portugal-NF-1109.jpg,0.99951171875,0.9996694326400756,0.0001577138900756,0.9232210516929626,8.01430892944336,2.486938714981079,True,1.0,0.25,10,0.0019608272705227,0.0,2,0,0.7891481518745422,0.2313096821308136,0.1937095671892166,0.7891481984711147,0.2313096792299591,0.5578385442495346,0.7068868944032372,True,4.073873043060303,1.1941055059432983,2.8797675371170044,0.7068869124487287,1.0,1.0,0.0,0.3447723984718323,0.7394514679908752,False,False,True,output/resnet18_localisation_attack_preserve_cls_full_archive_v2/exact_archive/dev_val/digital_1/huawei/portugal-NF-1109__a97ae97b1f33__exact.npz,8f0914dd09998120913f63d922b0b03ebee39be07875e6c3fd862ae5476dda60,3543016,float32,float32,512,864,resnet_exact_archive_v1,dev_val,0.0,0.5,0.5,content_mask,True,True,0.19370957430806257,4.07387296828244,1.1941055575399688,0.7170399669975005,0.11074037224878061,-0.6062995947487199,0.8455589962265427,0.7170399669975005,0.7170399669975005,0.7170399669975005,0.0,0.10746286809444427,False,0.11074037224878061,0.11074037224878061,0.11074037224878061,0.0,0.029581349343061447,False,82418,425472,3.701623781678281,0.5716824924340943,0.5233303926894379,-0.08296920205928196,True,True,True,True,False,False,False,True
dev_val,digital_1,portugal-NF-1109,iphone15pro,train/attack/digital_1/iphone15pro/portugal-NF-1109.jpg,1.0,0.9999991655349731,8.344650268554688e-07,0.9787879586219788,13.9913330078125,3.8317465782165527,True,1.0,0.25,10,0.0039215851575136,0.0,10,0,0.7917285561561584,0.121130533516407,0.1859841346740722,0.7917285947979493,0.12113053888882651,0.6705980896949768,0.8470049715461657,True,4.2569684982299805,0.6512948870658875,3.605673611164093,0.8470050019546324,1.0,1.0,0.0,0.2174117267131805,0.8036261796951294,False,False,True,output/resnet18_localisation_attack_preserve_cls_full_archive_v2/exact_archive/dev_val/digital_1/iphone15pro/portugal-NF-1109__01a29bde747d__exact.npz,91f925e48f85d44d88e4c3e0b56b70bb50c050376299e668d228964881f40318,4437813,float32,float32,512,864,resnet_exact_archive_v1,dev_val,0.0,0.5,0.5,content_mask,True,True,0.18598414179104478,4.256968294035871,0.6512949852730885,0.7624477533960292,0.07449059561128527,-0.687957157784744,0.9023007212238535,0.7624477533960292,0.7624477533960292,0.7624477533960292,0.0,0.13189928233623505,False,0.07449059561128527,0.07449059561128527,0.07449059561128527,0.0,0.04343724250793457,False,76560,411648,4.099530992554449,0.40052122129302975,0.5764636116049844,-0.11149354617975951,True,True,True,True,False,False,False,True
dev_val,digital_1,portugal-NF-1109,scan,train/attack/digital_1/scan/portugal-NF-1109.jpg,1.0,0.9999991655349731,8.344650268554688e-07,0.9918226599693298,14.055496215820312,4.7981719970703125,True,1.0,0.25,10,0.0019608272705227,0.0,2,0,0.775976300239563,0.2093511074781417,0.1899001747369766,0.7759762503259047,0.2093511106819221,0.566625103354454,0.730209383864524,True,4.086232662200928,1.102427363395691,2.983805298805237,0.7302093506340138,1.0,1.0,0.0,0.3378145098686218,0.732949435710907,False,False,True,output/resnet18_localisation_attack_preserve_cls_full_archive_v2/exact_archive/dev_val/digital_1/scan/portugal-NF-1109__98ee27d9e1a4__exact.npz,000a070d415b9fcc6ecb34f17f3e5b688f647c66ac1fc241418336e5c330e224,4006299,float32,float32,512,864,resnet_exact_archive_v1,dev_val,0.0,0.5,0.5,content_mask,True,True,0.1899001682986536,4.08623255723258,1.102427199288619,0.7390603756483206,0.1162571126441412,-0.6228032630041794,0.8426960550521224,0.7390603756483206,0.7390603756483206,0.7390603756483206,0.0,0.12679849565029144,False,0.1162571126441412,0.1162571126441412,0.1162571126441412,0.0,0.042362406849861145,False,79436,418304,3.891836338375486,0.6122012091179672,0.549160207349667,-0.07364305565451242,True,True,True,True,False,False,False,True
dev_val,digital_1,russian-062_03,huawei,train/attack/digital_1/huawei/russian-062_03.jpg,0.99658203125,0.9963592886924744,0.0002227425575256,0.5000028610229492,5.611947536468506,1.1444091796875e-05,True,1.0,0.25,10,0.0039215851575136,0.0,10,6,0.8458414673805237,0.194624587893486,0.1335472762584686,0.8458415046065624,0.19462458774509767,0.6512169986963272,0.7699041880953501,True,6.333649635314941,1.4573460817337036,4.876303553581238,0.7699042154766685,1.0,0.0,1.0,0.095520906150341,0.9350024461746216,False,False,True,output/resnet18_localisation_attack_preserve_cls_full_archive_v2/exact_archive/dev_val/digital_1/huawei/russian-062_03__c6ec6c889ef4__exact.npz,a999f3516aee90e898f22dd6cdcf18aa382282b48de6be834ad3b0df4df0fb64,3873706,float32,float32,512,864,resnet_exact_archive_v1,dev_val,0.0,0.5,0.5,content_mask,True,True,0.1335472693810096,6.333648816086096,1.457346066656255,0.7869535411063651,0.130359120392343,-0.6565944207140221,0.8343496615961938,0.7869535411063651,0.7869535411063651,0.7869535411063651,0.0,0.10948831588029861,False,0.130359120392343,0.130359120392343,0.130359120392343,0.0,0.009091821499168873,True,56889,425984,5.892696606631402,0.9761271869994522,0.6534062717253555,-0.0031881489886666226,True,True,True,True,False,False,False,True
dev_val,digital_1,russian-062_03,iphone15pro,train/attack/digital_1/iphone15pro/russian-062_03.jpg,1.0,0.999990940093994,9.059906005859377e-06,0.5041561722755432,11.61411476135254,0.0166250169277191,True,1.0,0.25,10,0.0039215851575136,0.0,10,3,0.8173573017120361,0.2830993831157684,0.1290791630744934,0.8173573156385783,0.2830993637754604,0.5342580676078796,0.6536406313874088,True,6.332218647003174,2.193222761154175,4.138995885848999,0.6536407089808636,1.0,1.0,0.0,0.3666284084320068,0.6710948348045349,False,False,True,output/resnet18_localisation_attack_preserve_cls_full_archive_v2/exact_archive/dev_val/digital_1/iphone15pro/russian-062_03__a8e0ef4a3717__exact.npz,e9e8807e940e59ace12872780d6089a883ed8e8050897fac6c01f13296a5c72f,4223037,float32,float32,512,864,resnet_exact_archive_v1,dev_val,0.0,0.5,0.5,content_mask,True,True,0.12907915757481297,6.332217617432514,2.193222895891452,0.7742580608644793,0.31052959266456615,-0.4637284681999132,0.5989326965251718,0.7742580608644793,0.7742580608644793,0.7742580608644793,0.0,0.18482989072799683,False,0.31052959266456615,0.31052959266456615,0.31052959266456615,0.0,0.11375827342271805,False,53003,410624,5.998319755191517,2.405729929594453,0.6451789032896664,0.18145043508975317,True,True,True,True,False,False,False,True
dev_val,digital_1,russian-062_03,scan,train/attack/digital_1/scan/russian-062_03.jpg,1.0,0.9999953508377076,4.649162292480469e-06,0.5694912672042847,12.281715393066406,0.279775857925415,True,1.0,0.25,10,0.0039215851575136,0.0,10,0,0.7585409879684448,0.1470051109790802,0.1263497769832611,0.7585410178002316,0.1470051193712125,0.611535906791687,0.8062001712214228,True,6.0035014152526855,1.163477659225464,4.840023756027222,0.8062001524194704,1.0,0.0,1.0,0.1669856309890747,0.8836795687675476,False,False,True,output/resnet18_localisation_attack_preserve_cls_full_archive_v2/exact_archive/dev_val/digital_1/scan/russian-062_03__ce4615567ebd__exact.npz,297539d78993f54a6a78f2378d7b12660fdb0a4049a31e3ec264332774018bf9,4160438,float32,float32,512,864,resnet_exact_archive_v1,dev_val,0.0,0.5,0.5,content_mask,True,True,0.1263497786935287,6.003500960932685,1.1634774583007774,0.7847948359820316,0.10339360537541052,-0.6814012306066211,0.8682539682539683,0.7847948359820316,0.7847948359820316,0.7847948359820316,0.0,0.22168251872062683,False,0.10339360537541052,0.10339360537541052,0.10339360537541052,0.0,0.08812609314918518,False,52982,419328,6.2112877766538315,0.8183125166067747,0.6584450572885029,-0.02295617331811818,True,True,True,True,False,False,False,True
dev_val,digital_1,russian-132_03,huawei,train/attack/digital_1/huawei/russian-132_03.jpg,1.0,0.9999204874038696,7.95125961303711e-05,0.8017868399620056,9.440225601196287,1.3974995613098145,True,1.0,0.25,10,0.0039215772412717,0.0,4,0,0.7041895389556885,0.1608242392539978,0.1002336218953132,0.7041895723620517,0.1608242347207569,0.5433652997016907,0.7716179832352433,True,7.025482654571533,1.6044939756393433,5.42098867893219,0.7716179720982889,1.0,1.0,0.0,0.165771871805191,0.8599591255187988,False,False,True,output/resnet18_localisation_attack_preserve_cls_full_archive_v2/exact_archive/dev_val/digital_1/huawei/russian-132_03__692e42c52664__exact.npz,db12afc4841bac6202b0fe5eff137732597e4e2096e56d2500e8a0df28131b67,3652210,float32,float32,512,864,resnet_exact_archive_v1,dev_val,0.0,0.5,0.5,content_mask,True,True,0.10023361834140436,7.025482906977589,1.604493955041867,0.7772116065109695,0.09679169615475348,-0.6804199103562161,0.875462878649912,0.7772116065109695,0.7772116065109695,0.7772116065109695,0.0,0.26204201579093933,False,0.09679169615475348,0.09679169615475348,0.09679169615475348,0.0,0.07890374958515167,False,42390,422912,7.754001295889765,0.9656610003349636,0.6769779881695652,-0.0034419221866508753,True,True,True,True,False,False,False,True
dev_val,digital_1,russian-132_03,iphone15pro,train/attack/digital_1/iphone15pro/russian-132_03.jpg,1.0,0.9999948740005492,5.125999450683594e-06,0.853898286819458,12.174673080444336,1.765508770942688,True,1.0,0.25,10,0.0039215851575136,0.0,7,0,0.6671440601348877,0.1283901333808899,0.0933754295110702,0.6671441030436229,0.1283901328526857,0.5387540012598038,0.807552622788767,True,7.144750118255615,1.374988317489624,5.769761800765991,0.8075526372886885,1.0,0.0,1.0,0.0645671412348747,0.9368194937705994,False,False,True,output/resnet18_localisation_attack_preserve_cls_full_archive_v2/exact_archive/dev_val/digital_1/iphone15pro/russian-132_03__e86b90f0c8d4__exact.npz,96b2e7c29bda8a5de87ce8c51f8d8718e1a7ce267b87d1bf626fe1cc728f8636,4130308,float32,float32,512,864,resnet_exact_archive_v1,dev_val,0.0,0.5,0.5,content_mask,True,True,0.09337542808219178,7.144750141936519,1.3749884256452667,0.7791612399062255,0.09268038551706173,-0.6864808543891638,0.8810510831773202,0.7791612399062255,0.7791612399062255,0.7791612399062255,0.0,0.36486876010894775,False,0.09268038551706173,0.09268038551706173,0.09268038551706173,0.0,0.09830206632614136,False,38390,411136,8.344392694193434,0.9925564725173923,0.6857858118240338,-0.0006950425651300468,True,True,True,True,False,False,False,True
dev_val,digital_1,russian-132_03,scan,train/attack/digital_1/scan/russian-132_03.jpg,1.0,0.999935746192932,6.42538070678711e-05,0.8632150292396545,9.653382301330566,1.8422536849975584,True,1.0,0.25,10,0.0039215851575136,0.0,6,0,0.6795069575309753,0.1123599037528038,0.096323162317276,0.6795069977449515,0.11235990207048718,0.5671471208333969,0.8346449669490221,True,7.054450511932373,1.1664888858795166,5.887961626052856,0.834644968604367,1.0,0.0,1.0,0.1301387548446655,0.915777325630188,False,False,True,output/resnet18_localisation_attack_preserve_cls_full_archive_v2/exact_archive/dev_val/digital_1/scan/russian-132_03__b40dad6eb658__exact.npz,422f5ba3bd1b58992b19d6525c4107a805a35a0c8169764bdc4101928dfc82b5,4201503,float32,float32,512,864,resnet_exact_archive_v1,dev_val,0.0,0.5,0.5,content_mask,True,True,0.09632316468253968,7.054450505072789,1.1664888964227984,0.780371865019435,0.10113639177044391,-0.6792354732489911,0.8703997461928935,0.780371865019435,0.780371865019435,0.780371865019435,0.0,0.2933703660964966,False,0.10113639177044391,0.10113639177044391,0.10113639177044391,0.0,0.168894961476326,False,40391,419328,8.101601183800096,1.0499695696644475,0.6840487003368954,0.004813227087904229,True,True,True,True,False,False,False,True
dev_val,digital_1,russian-NF-1089,huawei,train/attack/digital_1/huawei/russian-NF-1089.jpg,1.0,0.9999995231628418,4.76837158203125e-07,0.9999998807907104,14.467520713806152,16.2908878326416,True,1.0,0.25,10,0.0039215851575136,0.0,10,0,0.9411511421203612,0.0007804217166267,0.2113849371671676,0.9411510980059155,0.000780421740276925,0.9403707203455268,0.999170779546525,True,4.4523091316223145,0.0036919459234923,4.448617185698822,0.9991707795181448,1.0,0.0,1.0,0.0045170048251748,0.9866424202919006,False,False,True,output/resnet18_localisation_attack_preserve_cls_full_archive_v2/exact_archive/dev_val/digital_1/huawei/russian-NF-1089__e9b07d0c1941__exact.npz,427011f26b021da9e1de1849b8c7b2546d71573b3fc6566467caed505cd4584a,4492552,float32,float32,512,864,resnet_exact_archive_v1,dev_val,0.0,0.5,0.5,content_mask,True,True,0.2113849431818182,4.45230906156076,0.0036919457390381023,0.7923596411652051,0.0,-0.7923596411652051,1.0,0.7923596411652051,0.7923596411652051,0.7923596411652051,0.0,0.028509199619293213,False,0.0,0.0,0.0,0.0,0.2937205731868744,False,89289,422400,3.748420437323552,0.0,0.5809746979833869,-0.2113849431818182,True,True,True,True,False,False,False,True
dev_val,digital_1,russian-NF-1089,iphone15pro,train/attack/digital_1/iphone15pro/russian-NF-1089.jpg,1.0,1.0,0.0,0.9998190999031068,18.885520935058597,8.617262840270996,True,1.0,0.25,10,0.0039215851575136,0.0,5,0,0.8990359306335449,0.2422424107789993,0.2167653292417526,0.89903590011574,0.24224242841337562,0.6567933708429337,0.7305531087443896,True,4.147507190704346,1.1175330877304075,3.029974102973938,0.7305530680609564,1.0,0.0,1.0,0.154442086815834,0.8774333596229553,False,False,True,output/resnet18_localisation_attack_preserve_cls_full_archive_v2/exact_archive/dev_val/digital_1/iphone15pro/russian-NF-1089__e93781601779__exact.npz,5f4eec3169cf1556b6da14a7d6d6444a7581269539fffb19d6cbd7f78d61040c,4409683,float32,float32,512,864,resnet_exact_archive_v1,dev_val,0.0,0.5,0.5,content_mask,True,True,0.2167653338509317,4.1475077409471846,1.1175330672567985,0.8186743077164156,0.1751919589890533,-0.6434823487273623,0.7860053047496651,0.8186743077164156,0.8186743077164156,0.8186743077164156,0.0,0.07744639366865158,False,0.1751919589890533,0.1751919589890533,0.1751919589890533,0.0,0.0027762604877352715,False,89342,412160,3.776776909722167,0.8082102238244969,0.6019089738654839,-0.0415733748618784,True,True,True,True,False,False,False,True
dev_val,digital_1,russian-NF-1089,scan,train/attack/digital_1/scan/russian-NF-1089.jpg,1.0,0.9999996423721312,3.5762786865234375e-07,0.6642287969589233,14.883304595947266,0.6821967959403992,True,1.0,0.25,10,0.0039215851575136,0.0,10,0,0.8808756470680237,0.1374163776636123,0.2161029130220413,0.8808756267089369,0.1374163660841377,0.7434592396020889,0.8440002630138119,True,4.076185703277588,0.6358838677406311,3.440301835536957,0.844000270343589,1.0,0.0,1.0,0.0854203552007675,0.9389076232910156,False,False,True,output/resnet18_localisation_attack_preserve_cls_full_archive_v2/exact_archive/dev_val/digital_1/scan/russian-NF-1089__81bbcff3bdcd__exact.npz,9de18cf18769e62f47eacdba51e3a708ab745990e07229b15e93015e737f6f6e,4313118,float32,float32,512,864,resnet_exact_archive_v1,dev_val,0.0,0.5,0.5,content_mask,True,True,0.2161029075091575,4.076185910046625,0.635883929874079,0.7978988721887483,0.09357964201372795,-0.7043192301750204,0.88271741535738,0.7978988721887483,0.7978988721887483,0.7978988721887483,0.0,0.07212548702955246,False,0.1429565656248059,0.09357964201372795,0.30256681895429166,0.2089871769405637,0.0,True,90618,419328,3.692217200524879,0.43303277633949677,0.5817959646795908,-0.12252326549542955,True,True,True,True,False,False,False,True
dev_val,digital_1,russian-NF-1099,huawei,train/attack/digital_1/huawei/russian-NF-1099.jpg,1.0,0.999996542930603,3.457069396972656e-06,0.5024182200431824,12.580991744995115,0.0096730813384056,True,1.0,0.25,10,0.0014553604414686,0.0,10,9,0.9400219321250916,0.4908373057842254,0.2476102113723755,0.9400219035585899,0.4908373204082489,0.4491846561431885,0.47784480494538195,True,3.796377897262573,1.982298254966736,1.8140796422958372,0.4778448540657405,1.0,1.0,0.0,0.4399470090866089,0.6166700720787048,False,False,True,output/resnet18_localisation_attack_preserve_cls_full_archive_v2/exact_archive/dev_val/digital_1/huawei/russian-NF-1099__2fbd3cb4bfe6__exact.npz,db8c93699f2eb7d5d7bb757bcb3a95919f5b993cf1266873e5d240f2dd4d172f,3701863,float32,float32,512,864,resnet_exact_archive_v1,dev_val,0.0,0.5,0.5,content_mask,True,True,0.24761021035844472,3.7963777915207872,1.982298386232557,0.7951254109280504,0.5513480356920364,-0.24377737523601406,0.30658984342040235,0.7951254109280504,0.7951254109280504,0.7951254109280504,0.0,0.012921310029923916,False,0.5592021701698469,0.5513480356920364,0.6054899029107603,0.05414186721872394,0.0,True,104337,421376,3.21119799452944,2.226677304194749,0.5475152005696058,0.30373782533359167,True,True,False,True,False,True,False,False
dev_val,digital_1,russian-NF-1099,iphone15pro,train/attack/digital_1/iphone15pro/russian-NF-1099.jpg,1.0,0.9999998807907104,1.1920928955078125e-07,0.8871665000915527,16.302946090698242,2.062119722366333,True,1.0,0.25,10,0.0039215851575136,0.0,10,0,0.9304441213607788,0.1629053950309753,0.2423422485589981,0.9304441511135084,0.16290538757708392,0.7675388008356094,0.8249165332684105,True,3.8393807411193848,0.6722120642662048,3.16716867685318,0.8249165400381159,1.0,0.0,1.0,0.1452221572399139,0.907774031162262,False,False,True,output/resnet18_localisation_attack_preserve_cls_full_archive_v2/exact_archive/dev_val/digital_1/iphone15pro/russian-NF-1099__202bf56fff17__exact.npz,2c0aef6d61dcf6fd0b9e71259bb0b844556660e1e01ed4362e6a5afe7472676c,4570429,float32,float32,512,864,resnet_exact_archive_v1,dev_val,0.0,0.5,0.5,content_mask,True,True,0.2423422493997599,3.8393806833850004,0.6722120801493449,0.7937460090172024,0.13886685113876043,-0.654879157878442,0.8250487567040469,0.7937460090172024,0.7937460090172024,0.7937460090172024,0.0,0.028207143768668175,False,0.13886685113876043,0.13886685113876043,0.13886685113876043,0.0,0.009118064306676388,False,103358,426496,3.275310066582178,0.5730195683283033,0.5514037596174425,-0.10347539826099947,True,True,True,True,False,False,False,True
dev_val,digital_1,russian-NF-1099,scan,train/attack/digital_1/scan/russian-NF-1099.jpg,1.0,1.0,0.0,0.9999933242797852,16.9250431060791,11.914731979370115,True,1.0,0.25,10,0.0039215851575136,0.0,6,0,0.953262984752655,0.2743808031082153,0.2399522811174392,0.9532629802584796,0.2743808331713338,0.6788822412490845,0.7121666960182019,True,3.972719192504883,1.143480658531189,2.829238533973694,0.7121667545270924,1.0,1.0,0.0,0.0983161479234695,0.902468204498291,False,False,True,output/resnet18_localisation_attack_preserve_cls_full_archive_v2/exact_archive/dev_val/digital_1/scan/russian-NF-1099__f0cdc8ac2449__exact.npz,b7f1a6eb39f5c44a25b17c13267d401d1ee1b4923f08d3b312a557da3a47b401,4612076,float32,float32,512,864,resnet_exact_archive_v1,dev_val,0.0,0.5,0.5,content_mask,True,True,0.23995228350673195,3.9727189353117174,1.1434808169418231,0.856296015860839,0.22370557819333883,-0.6325904376675002,0.7387520506346787,0.856296015860839,0.856296015860839,0.856296015860839,0.0,0.03547455742955208,False,0.22370557819333883,0.22370557819333883,0.22370557819333883,0.0,0.13156859576702118,False,100373,418304,3.5686095724811695,0.9322919328961614,0.6163437323541071,-0.016246705313393117,True,True,True,True,False,False,False,True
dev_val,digital_1,turkiye-032_03,huawei,train/attack/digital_1/huawei/turkiye-032_03.jpg,1.0,1.0,0.0,0.9922711849212646,20.107254028320312,4.855048179626465,True,1.0,0.25,10,0.0039215851575136,0.0,5,0,0.6826587915420532,0.1845384240150451,0.1134538650512695,0.6826588658853783,0.1845384123915049,0.4981204271316528,0.7296769710122101,True,6.017061233520508,1.6265504360198977,4.39051079750061,0.7296769348201858,1.0,1.0,0.0,0.199268490076065,0.8437088131904602,False,False,True,output/resnet18_localisation_attack_preserve_cls_full_archive_v2/exact_archive/dev_val/digital_1/huawei/turkiye-032_03__2aca9eb60c0e__exact.npz,4932dfa6f2f64f30c9d24cb50cd41534fa96e6185568fb48c2372e95d5475f43,3891751,float32,float32,512,864,resnet_exact_archive_v1,dev_val,0.0,0.5,0.5,content_mask,True,True,0.11345386274213075,6.017061467858467,1.6265502815972182,0.770659219274296,0.11781746941497676,-0.6528417498593193,0.8471211834383536,0.770659219274296,0.770659219274296,0.770659219274296,0.0,0.2721140384674072,False,0.11781746941497676,0.11781746941497676,0.11781746941497676,0.0,0.1060381531715393,True,47981,422912,6.792710275770223,1.0384615082058868,0.6572053565321653,0.004363606672846007,True,True,True,True,False,False,False,True
dev_val,digital_1,turkiye-032_03,iphone15pro,train/attack/digital_1/iphone15pro/turkiye-032_03.jpg,1.0,0.9999996423721312,3.5762786865234375e-07,0.9851705431938172,14.74089813232422,4.196198463439941,True,1.0,0.25,10,0.0039215772412717,0.0,4,0,0.7062564492225647,0.1638396382331848,0.1183433830738067,0.7062564520417698,0.16383964414835686,0.5424168109893799,0.7680167824666231,True,5.967857360839844,1.3844428062438965,4.583414554595947,0.7680167734355724,1.0,1.0,0.0,0.2391331195831298,0.8244800567626953,False,False,True,output/resnet18_localisation_attack_preserve_cls_full_archive_v2/exact_archive/dev_val/digital_1/iphone15pro/turkiye-032_03__e8c801757727__exact.npz,9106eb4b9b0b21c83e1dfc43e124d37d2b7680680e56f328848a6f21d8d14fbb,4092923,float32,float32,512,864,resnet_exact_archive_v1,dev_val,0.0,0.5,0.5,content_mask,True,True,0.1183433816687345,5.967857619775605,1.384442812416625,0.7944591191105105,0.09976042754468947,-0.694698691565821,0.8744297533441583,0.7944591191105105,0.7944591191105105,0.7944591191105105,0.0,0.2882930338382721,False,0.09976042754468947,0.09976042754468947,0.09976042754468947,0.0,0.06979063153266907,False,48837,412672,6.713168982565935,0.84297428498315,0.676115737441776,-0.018582954124045023,True,True,True,True,False,False,False,True
dev_val,digital_1,turkiye-032_03,scan,train/attack/digital_1/scan/turkiye-032_03.jpg,1.0,0.9999783039093018,2.1696090698242188e-05,0.9286767244338988,10.73811149597168,2.566537857055664,True,1.0,0.25,10,0.0029412410221993,0.0,3,0,0.6578011512756348,0.1910420060157776,0.1164416298270225,0.6578011111436981,0.19104198918183402,0.4667590856552124,0.7095748457315991,True,5.649191856384277,1.6406675577163696,4.008524298667908,0.709574820713123,1.0,1.0,0.0,0.3651705682277679,0.7568562030792236,False,False,True,output/resnet18_localisation_attack_preserve_cls_full_archive_v2/exact_archive/dev_val/digital_1/scan/turkiye-032_03__8647bfdf8090__exact.npz,774cd2c1f3da4806aeea412a27d3cbe143424f065095e009b4b3b6449b36afb5,3867603,float32,float32,512,864,resnet_exact_archive_v1,dev_val,0.0,0.5,0.5,content_mask,True,True,0.11644163096695226,5.649191836984756,1.6406674107480885,0.8060072267389341,0.11497084667816375,-0.6910363800607704,0.8573575485875851,0.8060072267389341,0.8060072267389341,0.8060072267389341,0.0,0.33548998832702637,False,0.11497084667816375,0.11497084667816375,0.11497084667816375,0.0,0.05807863920927048,False,48708,418304,6.921985032721588,0.9873689137074528,0.6895655957719818,-0.0014707842887885098,True,True,True,True,False,False,False,True
dev_val,digital_1,turkiye-101_03,huawei,train/attack/digital_1/huawei/turkiye-101_03.jpg,1.0,0.99998939037323,1.0609626770019531e-05,0.6580736637115479,11.452071189880373,0.6547216176986694,True,1.0,0.25,10,0.0039215851575136,0.0,10,0,0.706814169883728,0.1254068315029144,0.1232565566897392,0.7068142005724476,0.12540685555863193,0.581407368183136,0.8225745104483396,True,5.734495639801025,1.017445683479309,4.717049956321716,0.8225745126707233,1.0,1.0,0.0,0.2967427372932434,0.7753245234489441,False,False,True,output/resnet18_localisation_attack_preserve_cls_full_archive_v2/exact_archive/dev_val/digital_1/huawei/turkiye-101_03__7643bc90b018__exact.npz,06ff888a0087acd2a8cdc3785d94b84e5aad8cbd5936eaa38c535c831748bc3a,3848525,float32,float32,512,864,resnet_exact_archive_v1,dev_val,0.0,0.5,0.5,content_mask,True,True,0.12325655910735826,5.734495638133157,1.0174456959276361,0.80805107424115,0.07536891199633,-0.73268216224482,0.906727539385911,0.80805107424115,0.80805107424115,0.80805107424115,0.0,0.3322729170322418,False,0.07536891199633,0.07536891199633,0.07536891199633,0.0,0.12828011810779572,False,52316,424448,6.555846440085397,0.611479928874881,0.6847945151337917,-0.04788764711102826,True,True,True,True,False,False,False,True
dev_val,digital_1,turkiye-101_03,iphone15pro,train/attack/digital_1/iphone15pro/turkiye-101_03.jpg,1.0,0.9999998807907104,1.1920928955078125e-07,0.9200266599655152,15.852312088012695,2.442708730697632,True,1.0,0.25,10,0.0029412410221993,0.0,3,0,0.673610508441925,0.1572307646274566,0.1140833422541618,0.6736105395378494,0.15723075856271113,0.5163797736167908,0.7665850675813594,True,5.904547691345215,1.3782094717025757,4.526338219642639,0.7665850893671785,1.0,1.0,0.0,0.2512999176979065,0.825096070766449,False,False,True,output/resnet18_localisation_attack_preserve_cls_full_archive_v2/exact_archive/dev_val/digital_1/iphone15pro/turkiye-101_03__72b8016630b3__exact.npz,4e7cf2f18120f78c67fc253f292087f4ebb34164a0cbd049d77fa18f34a82048,3989996,float32,float32,512,864,resnet_exact_archive_v1,dev_val,0.0,0.5,0.5,content_mask,True,True,0.11408333979528536,5.90454785726467,1.3782096390660619,0.8073663416810043,0.09027379511034644,-0.7170925465706579,0.8881873191265457,0.8073663416810043,0.8073663416810043,0.8073663416810043,0.0,0.30147117376327515,False,0.09027379511034644,0.09027379511034644,0.09027379511034644,0.0,0.03558114543557167,False,47079,412672,7.076987254491034,0.79129691743191,0.6932830018857189,-0.023809544684938913,True,True,True,True,False,False,False,True
dev_val,digital_1,turkiye-101_03,scan,train/attack/digital_1/scan/turkiye-101_03.jpg,1.0,0.9999897480010986,1.0251998901367188e-05,0.9654117822647096,11.486610412597656,3.3290414810180664,True,1.0,0.25,10,0.0019608272705227,0.0,2,0,0.6241641044616699,0.1822909861803054,0.1234604492783546,0.6241640450949412,0.18229097859034127,0.4418730735778808,0.7079438009560242,True,5.055578708648682,1.476513147354126,3.579065561294556,0.7079437919088818,1.0,1.0,0.0,0.5201846361160278,0.6634461879730225,False,False,True,output/resnet18_localisation_attack_preserve_cls_full_archive_v2/exact_archive/dev_val/digital_1/scan/turkiye-101_03__f5fe4e108d1b__exact.npz,fc705f1bbb6407cba24128137c0c8bec384dc1a31a42137a58f8781fb352a88c,3738662,float32,float32,512,864,resnet_exact_archive_v1,dev_val,0.0,0.5,0.5,content_mask,True,True,0.12346044981640147,5.055578900150923,1.4765131575450026,0.7472116799628225,0.10068933467585779,-0.6465223452869646,0.86524657285755,0.7472116799628225,0.7472116799628225,0.7472116799628225,0.0,0.3928694725036621,False,0.10068933467585779,0.10068933467585779,0.10068933467585779,0.0,0.041246384382247925,False,51644,418304,6.052235198186981,0.8155594348278603,0.623751230146421,-0.022771115140543682,True,True,True,True,False,False,False,True
dev_val,digital_1,turkiye-104_03,huawei,train/attack/digital_1/huawei/turkiye-104_03.jpg,1.0,0.9999979734420776,2.026557922363281e-06,0.923771858215332,13.108795166015623,2.494734525680542,True,1.0,0.25,10,0.0039215851575136,0.0,5,0,0.6044261455535889,0.1803280711174011,0.0892587527632713,0.6044261417136046,0.18032806827390868,0.4240981340408325,0.7016540883512058,True,6.771617889404297,2.020284414291382,4.751333475112915,0.7016541028618041,1.0,1.0,0.0,0.2013482451438903,0.8493174910545349,False,False,True,output/resnet18_localisation_attack_preserve_cls_full_archive_v2/exact_archive/dev_val/digital_1/huawei/turkiye-104_03__7ae09fff9101__exact.npz,9846d3eead0de694579d0b96a43ddc140dbaeac4e2e8112a2241bd7b3a1deae3,3769089,float32,float32,512,864,resnet_exact_archive_v1,dev_val,0.0,0.5,0.5,content_mask,True,True,0.08925875603864734,6.7716173576506,2.020284353905067,0.7516649048625793,0.15039640591966175,-0.6012684989429176,0.7999156207151145,0.7516649048625793,0.7516649048625793,0.7516649048625793,0.0,0.38778313994407654,False,0.15039640591966175,0.15039640591966175,0.15039640591966175,0.0,0.19756151735782623,False,37840,423936,8.421189564160212,1.6849484867853521,0.662406148823932,0.0611376498810144,True,True,True,True,False,False,False,True
dev_val,digital_1,turkiye-104_03,iphone15pro,train/attack/digital_1/iphone15pro/turkiye-104_03.jpg,1.0,1.0,0.0,0.996894359588623,17.337722778320312,5.771435737609863,True,1.0,0.25,10,0.0039215772412717,0.0,4,0,0.6026192307472229,0.1311095207929611,0.0898947045207023,0.6026192449775043,0.13110952103975834,0.471509724855423,0.7824338964736304,True,6.703612327575684,1.4584786891937256,5.245133638381958,0.7824339150409709,1.0,1.0,0.0,0.1910867393016815,0.8527358770370483,False,False,True,output/resnet18_localisation_attack_preserve_cls_full_archive_v2/exact_archive/dev_val/digital_1/iphone15pro/turkiye-104_03__5bb6703d4738__exact.npz,f2dea7a1924532ecd08c8c2a4b3e10656a1a214f30c5a01937a0cb83b6a28d0e,4275316,float32,float32,512,864,resnet_exact_archive_v1,dev_val,0.0,0.5,0.5,content_mask,True,True,0.08989470108695652,6.703612534342613,1.4584788586474535,0.7621926533696797,0.1317373350246957,-0.6304553183449839,0.8271600566572237,0.7621926533696797,0.7621926533696797,0.7621926533696797,0.0,0.40018412470817566,False,0.1317373350246957,0.1317373350246957,0.1317373350246957,0.0,0.2239767163991928,False,37051,412160,8.478727268166775,1.465462740648797,0.6722979522827232,0.04184263393773918,True,True,True,True,False,False,False,True
dev_val,digital_1,turkiye-104_03,scan,train/attack/digital_1/scan/turkiye-104_03.jpg,1.0,0.9999938011169434,6.198883056640625e-06,0.6428745985031128,11.985103607177734,0.5878626108169556,True,1.0,0.25,10,0.0039215851575136,0.0,10,0,0.5449184775352478,0.090553730726242,0.0863457918167114,0.5449185138575823,0.09055374405119018,0.4543647915124893,0.8338214948687594,True,6.310886859893799,1.0487337112426758,5.262153148651123,0.8338215001274284,1.0,0.0,1.0,0.2293587327003479,0.7775267362594604,False,False,True,output/resnet18_localisation_attack_preserve_cls_full_archive_v2/exact_archive/dev_val/digital_1/scan/turkiye-104_03__c6163226a98a__exact.npz,bba1d17f9a9020f4d602d77326380abe3ca32b46c53534cb1e0f28944128c8d7,4185948,float32,float32,512,864,resnet_exact_archive_v1,dev_val,0.0,0.5,0.5,content_mask,True,True,0.08634579385696821,6.310886605087443,1.0487337020862006,0.7712579155490419,0.08904128529159638,-0.6822166302574455,0.8845505718690617,0.7712579155490419,0.7712579155490419,0.7712579155490419,0.0,0.4109627902507782,False,0.08904128529159638,0.08904128529159638,0.08904128529159638,0.0,0.22644591331481934,False,36163,418816,8.932200181361821,1.0312174028892855,0.6849121216920737,0.002695491434628175,True,True,True,True,False,False,False,True
dev_val,digital_1,turkiye-115_03,huawei,train/attack/digital_1/huawei/turkiye-115_03.jpg,1.0,0.9999990463256836,9.5367431640625e-07,0.8610458970069885,13.861539840698242,1.8240039348602293,True,1.0,0.25,10,0.0039215851575136,0.0,8,0,0.6586481928825378,0.1015721932053566,0.1029596105217933,0.6586482277507082,0.10157219661966647,0.5570760518312454,0.845786882374926,True,6.397151947021484,0.986524760723114,5.41062718629837,0.8457868800220636,1.0,0.0,1.0,0.1788981258869171,0.8150965571403503,False,False,True,output/resnet18_localisation_attack_preserve_cls_full_archive_v2/exact_archive/dev_val/digital_1/huawei/turkiye-115_03__fc481ae25931__exact.npz,5b649eec349ace4d7623e7f0047ae9473fefd6bbc4f4909745360720c5e6f8e0,3805678,float32,float32,512,864,resnet_exact_archive_v1,dev_val,0.0,0.5,0.5,content_mask,True,True,0.10295960871531966,6.397151620611258,0.9865246953347566,0.7974874716825702,0.10899064094643143,-0.6884968307361388,0.863332472525896,0.7974874716825702,0.7974874716825702,0.7974874716825702,0.0,0.3108797073364258,False,0.10899064094643143,0.10899064094643143,0.10899064094643143,0.0,0.21859371662139893,False,43701,424448,7.745634250491374,1.0585766817333913,0.6945278629672506,0.006031032231111774,True,True,True,True,False,False,False,True
dev_val,digital_1,turkiye-115_03,iphone15pro,train/attack/digital_1/iphone15pro/turkiye-115_03.jpg,1.0,0.9999998807907104,1.1920928955078125e-07,0.9552188515663148,16.262195587158203,3.060154438018799,True,1.0,0.25,10,0.0039215851575136,0.0,7,0,0.6154704093933105,0.1510569006204605,0.102482184767723,0.615470448171745,0.15105690159257512,0.46441350877285,0.7545667675169626,True,6.0056328773498535,1.4739819765090942,4.531650900840759,0.7545667531446697,1.0,1.0,0.0,0.2910111248493194,0.8175585269927979,False,False,True,output/resnet18_localisation_attack_preserve_cls_full_archive_v2/exact_archive/dev_val/digital_1/iphone15pro/turkiye-115_03__a5e0d16d7a2b__exact.npz,0cead3cff0ca85b62b7c9cf58eef05596d20ff9714e378519712ce55e6daca77,4157197,float32,float32,512,864,resnet_exact_archive_v1,dev_val,0.0,0.5,0.5,content_mask,True,True,0.10248218711276331,6.005633422855524,1.4739820240795996,0.79392593992065,0.08272718685055734,-0.7111987530700926,0.8957998691177346,0.79392593992065,0.79392593992065,0.79392593992065,0.0,0.40086159110069275,False,0.08272718685055734,0.08272718685055734,0.08272718685055734,0.0,0.05298706889152527,False,42344,413184,7.746965226718634,0.8072347905644409,0.6914437528078866,-0.019755000262205974,True,True,True,True,False,False,False,True
dev_val,digital_1,turkiye-115_03,scan,train/attack/digital_1/scan/turkiye-115_03.jpg,1.0,0.9999966621398926,3.337860107421875e-06,0.9603041410446168,12.625343322753906,3.1860029697418213,True,1.0,0.25,10,0.0039215772412717,0.0,4,0,0.6268704533576965,0.1553024649620056,0.1028177365660667,0.6268704799140106,0.1553024709293496,0.4715680330991745,0.752257482357994,True,6.096909999847412,1.510463833808899,4.586446166038513,0.7522574822579469,1.0,1.0,0.0,0.3181049823760986,0.7865216732025146,False,False,True,output/resnet18_localisation_attack_preserve_cls_full_archive_v2/exact_archive/dev_val/digital_1/scan/turkiye-115_03__2a4432615b70__exact.npz,4e76410a553540f690502aa7e48f7bb0c79648628d5d843160517678cc3436bf,3943715,float32,float32,512,864,resnet_exact_archive_v1,dev_val,0.0,0.5,0.5,content_mask,True,True,0.10281774009146341,6.096909729355716,1.5104637661866271,0.7891908170593277,0.10950494590775361,-0.6796858711515741,0.8612440191387559,0.7891908170593277,0.7891908170593277,0.7891908170593277,0.0,0.36386987566947937,False,0.10950494590775361,0.10950494590775361,0.10950494590775361,0.0,0.11565524339675903,False,43167,419840,7.675628897866151,1.0650394164503274,0.6863730769678643,0.006687205816290204,True,True,True,True,False,False,False,True
dev_val,digital_1,turkiye-NF-1002,huawei,train/attack/digital_1/huawei/turkiye-NF-1002.jpg,1.0,0.9999768733978271,2.312660217285156e-05,0.6378049254417419,10.675517082214355,0.5658495426177979,True,1.0,0.25,10,0.0039215851575136,0.0,10,0,0.7847138047218323,0.1338198781013488,0.150212213397026,0.7847138660398867,0.13381986257567646,0.6508940160274506,0.829466677770067,True,5.224034786224365,0.8908719420433044,4.333162844181061,0.8294666903075552,1.0,1.0,0.0,0.2520854473114013,0.8265228271484375,False,False,True,output/resnet18_localisation_attack_preserve_cls_full_archive_v2/exact_archive/dev_val/digital_1/huawei/turkiye-NF-1002__8c50d6836678__exact.npz,f42c02c5ccaec4227f5667afc3feb0401e8646fbda37fff062438b2e96275120,4014611,float32,float32,512,864,resnet_exact_archive_v1,dev_val,0.0,0.5,0.5,content_mask,True,True,0.15021221454326922,5.224034998923784,0.8908720438119173,0.7829280490091892,0.06712196036756891,-0.7158060886416203,0.914268034652082,0.7829280490091892,0.7829280490091892,0.7829280490091892,0.0,0.14578118920326233,False,0.06712196036756891,0.06712196036756891,0.06712196036756891,0.0,0.01390871498733759,True,63988,425984,5.212146371649848,0.4468475521225617,0.6327158344659201,-0.0830902541757003,True,True,True,True,False,False,False,True
dev_val,digital_1,turkiye-NF-1002,iphone15pro,train/attack/digital_1/iphone15pro/turkiye-NF-1002.jpg,1.0,0.9999997615814208,2.384185791015625e-07,0.9999959468841552,15.4091796875,12.41082000732422,True,1.0,0.25,10,0.0039215772412717,0.0,4,0,0.7460962533950806,0.1577500700950622,0.1469410806894302,0.746096249372384,0.15775006700652927,0.5883461833000183,0.7885660635082556,True,5.07751989364624,1.073560118675232,4.003959774971008,0.7885660438241449,1.0,1.0,0.0,0.224652424454689,0.7942842841148376,False,False,True,output/resnet18_localisation_attack_preserve_cls_full_archive_v2/exact_archive/dev_val/digital_1/iphone15pro/turkiye-NF-1002__5f84bb701812__exact.npz,9eb5e488b68c1e3b263fa6894b5a2f28b48efa9ecf26bb5084d5f7d282c8a78f,4552456,float32,float32,512,864,resnet_exact_archive_v1,dev_val,0.0,0.5,0.5,content_mask,True,True,0.14694107587064675,5.0775199851481805,1.073560038075383,0.8030187805845788,0.153369263324957,-0.6496495172596217,0.809009120293167,0.8030187805845788,0.8030187805845788,0.8030187805845788,0.0,0.1882694959640503,True,0.153369263324957,0.153369263324957,0.153369263324957,0.0,0.26840636134147644,True,60488,411648,5.464903369099337,1.0437467019771178,0.656077704713932,0.006428187454310258,True,True,True,True,False,False,False,True
dev_val,digital_1,turkiye-NF-1002,scan,train/attack/digital_1/scan/turkiye-NF-1002.jpg,1.0,0.999997854232788,2.1457672119140625e-06,0.9418341517448424,13.03551959991455,2.7845308780670166,True,1.0,0.25,10,0.0039215851575136,0.0,6,0,0.7409271001815796,0.1573351174592971,0.1446844339370727,0.7409270673458133,0.1573351159732281,0.5835919678211212,0.7876510078963075,True,5.1209869384765625,1.0874364376068115,4.033550500869751,0.7876510034742811,1.0,1.0,0.0,0.2846558690071106,0.8055827617645264,False,False,True,output/resnet18_localisation_attack_preserve_cls_full_archive_v2/exact_archive/dev_val/digital_1/scan/turkiye-NF-1002__d05a346f061d__exact.npz,5d64746bfb01de437a9fdc370fca05a1bb751a44683aa3b1297d3a05c6abcd7b,3923948,float32,float32,512,864,resnet_exact_archive_v1,dev_val,0.0,0.5,0.5,content_mask,True,True,0.1446844362745098,5.120986654985145,1.087436354762555,0.7725813922710428,0.0758503176283748,-0.696731074642668,0.9018222307873494,0.7725813922710428,0.7725813922710428,0.7725813922710428,0.0,0.1867491900920868,False,0.08769629569979326,0.0758503176283748,0.15261050820539968,0.07676019057702488,0.0,True,60448,417792,5.339768479349251,0.5242465574145375,0.6278969559965331,-0.068834118646135,True,True,True,True,False,False,False,True
dev_val,digital_1,turkiye-NM-1055,huawei,train/attack/digital_1/huawei/turkiye-NM-1055.jpg,1.0,0.9999983310699464,1.6689300537109375e-06,0.5000550746917725,13.28126621246338,0.0002202540636062,True,1.0,0.25,10,0.0039215851575136,0.0,10,1,0.726783812046051,0.1228029504418373,0.118104949593544,0.7267838509328319,0.12280295095782898,0.6039809212088585,0.8310323615470947,True,6.153712272644043,1.039778232574463,5.11393404006958,0.8310323611981771,1.0,1.0,0.0,0.182313859462738,0.86021888256073,False,False,True,output/resnet18_localisation_attack_preserve_cls_full_archive_v2/exact_archive/dev_val/digital_1/huawei/turkiye-NM-1055__a2c2cb13845a__exact.npz,30055e569f929dfb380a566808900b24257a8bad38c84a4da173813576c186d4,4154236,float32,float32,512,864,resnet_exact_archive_v1,dev_val,0.0,0.5,0.5,content_mask,True,True,0.1181049485472155,6.15371209989801,1.0397782012388357,0.8040161768238968,0.07732041322975895,-0.7266957635941379,0.9038322667397097,0.8040161768238968,0.8040161768238968,0.8040161768238968,0.0,0.24614523351192474,False,0.07732041322975895,0.07732041322975895,0.07732041322975895,0.0,0.07295455783605576,False,49948,422912,6.807641734863215,0.6546754744899459,0.6859112282766813,-0.040784535317456544,True,True,True,True,False,False,False,True
dev_val,digital_1,turkiye-NM-1055,iphone15pro,train/attack/digital_1/iphone15pro/turkiye-NM-1055.jpg,1.0,0.9999998807907104,1.1920928955078125e-07,0.9943559765815736,16.125316619873047,5.171496391296387,True,1.0,0.25,10,0.0039215851575136,0.0,5,0,0.6667788624763489,0.1199382990598678,0.1131473109126091,0.6667788259191605,0.11993830806981004,0.5468405038118362,0.8201228002336848,True,5.893015384674072,1.0600190162658691,4.832996368408203,0.8201228153887645,1.0,1.0,0.0,0.2169959843158722,0.836054801940918,False,False,True,output/resnet18_localisation_attack_preserve_cls_full_archive_v2/exact_archive/dev_val/digital_1/iphone15pro/turkiye-NM-1055__ddd217589118__exact.npz,62ae5f3532b7c992ac67b5ef6eb489431acf356b513ad3ca34bfec622fd48ed5,4447841,float32,float32,512,864,resnet_exact_archive_v1,dev_val,0.0,0.5,0.5,content_mask,True,True,0.11314730751246883,5.893015402471521,1.060019108776343,0.7898882934073739,0.1002776522244463,-0.6896106411829276,0.8730483119431047,0.7898882934073739,0.7898882934073739,0.7898882934073739,0.0,0.30754169821739197,False,0.1002776522244463,0.1002776522244463,0.1002776522244463,0.0,0.1736147701740265,False,46461,410624,6.981061332991315,0.886257520651967,0.6767409858949051,-0.01286965528802253,True,True,True,True,False,False,False,True
dev_val,digital_1,turkiye-NM-1055,scan,train/attack/digital_1/scan/turkiye-NM-1055.jpg,1.0,1.0,0.0,0.9929419755935668,18.74556350708008,4.946507930755615,True,1.0,0.25,10,0.0039215851575136,0.0,5,0,0.6584905982017517,0.1869381070137024,0.1145889088511467,0.6584906041098009,0.18693811296504492,0.4715524315834045,0.7161111915670194,True,5.746546745300293,1.6313804388046265,4.1151663064956665,0.7161111688269445,1.0,1.0,0.0,0.2898227274417877,0.7895433902740479,False,False,True,output/resnet18_localisation_attack_preserve_cls_full_archive_v2/exact_archive/dev_val/digital_1/scan/turkiye-NM-1055__ec91fbe52c37__exact.npz,01a49a659158da1b4716a051ad0998fa35c8d31d223b525da2e363e348b886e2,4053420,float32,float32,512,864,resnet_exact_archive_v1,dev_val,0.0,0.5,0.5,content_mask,True,True,0.1145889114137087,5.746547340278016,1.6313804770352398,0.8080236997475643,0.116934053783406,-0.6910896459641582,0.8552838811288115,0.8080236997475643,0.8080236997475643,0.8080236997475643,0.0,0.2878234088420868,False,0.116934053783406,0.116934053783406,0.116934053783406,0.0,0.08915387839078903,True,47933,418304,7.051499920706092,1.0204657007450788,0.6934347883338556,0.002345142369697309,True,True,True,True,False,False,False,True
dev_val,digital_1,ukraine-025_03,huawei,train/attack/digital_1/huawei/ukraine-025_03.jpg,1.0,0.9999992847442628,7.152557373046875e-07,1.0,14.18842315673828,27.20121192932129,True,1.0,0.25,10,0.0039215772412717,0.0,8,0,0.6443264484405518,0.0103254159912467,0.1027480736374855,0.6443264924764835,0.010325416374352551,0.634001150727272,0.9839748691153973,True,6.270936012268066,0.1004925593733787,6.170443452894688,0.9839748708682752,1.0,0.0,1.0,0.0381145253777504,0.9260777831077576,False,False,True,output/resnet18_localisation_attack_preserve_cls_full_archive_v2/exact_archive/dev_val/digital_1/huawei/ukraine-025_03__752ca3e488b1__exact.npz,9d851784689534a13927ee73fb1632b57b11d949af52f87da8ed2c4230ab8ffd,4040727,float32,float32,512,864,resnet_exact_archive_v1,dev_val,0.0,0.5,0.5,content_mask,True,True,0.10274807285368803,6.270935060689619,0.10049255511639439,0.7856847331402566,0.0,-0.7856847331402566,1.0,0.7856847331402566,0.7856847331402566,0.7856847331402566,0.0,0.3473815619945526,False,0.0,0.0,0.0,0.0,0.3964308202266693,False,43506,423424,7.646710165153771,0.0,0.6829366602865685,-0.10274807285368803,True,True,True,True,False,False,False,True
dev_val,digital_1,ukraine-025_03,iphone15pro,train/attack/digital_1/iphone15pro/ukraine-025_03.jpg,1.0,1.0,0.0,0.983348309993744,19.4746150970459,4.078448295593262,True,1.0,0.25,10,0.0039215851575136,0.0,6,0,0.6332491040229797,0.1580009162425995,0.1042837873101234,0.6332490390284604,0.15800091179014056,0.4752481281757355,0.7504916674922275,True,6.072363376617432,1.5151052474975586,4.557258129119873,0.7504916696303611,1.0,0.0,1.0,0.2225791960954666,0.8407570719718933,False,False,True,output/resnet18_localisation_attack_preserve_cls_full_archive_v2/exact_archive/dev_val/digital_1/iphone15pro/ukraine-025_03__e606f3d1adc9__exact.npz,82208dafaf42506bbcfebd35598e64731e197810185a5f14078f7644ebf937d4,3932567,float32,float32,512,864,resnet_exact_archive_v1,dev_val,0.0,0.5,0.5,content_mask,True,True,0.1042837895471464,6.072363133123105,1.5151051997272194,0.776065992796561,0.10668060880678518,-0.6693853839897758,0.8625366788430444,0.776065992796561,0.776065992796561,0.776065992796561,0.0,0.34699228405952454,False,0.10668060880678518,0.10668060880678518,0.10668060880678518,0.0,0.08572512120008469,False,43035,412672,7.441866048085103,1.0229836225749658,0.6717822032494145,0.002396819259638777,True,True,True,True,False,False,False,True
dev_val,digital_1,ukraine-025_03,scan,train/attack/digital_1/scan/ukraine-025_03.jpg,1.0,0.9999970197677612,2.9802322387695312e-06,0.9512971043586732,12.734106063842772,2.972086906433105,True,1.0,0.25,10,0.0039215851575136,0.0,9,0,0.6436865925788879,0.170232817530632,0.1057918742299079,0.6436866574054223,0.17023280702018978,0.4734538346529007,0.7355346657232796,True,6.08446216583252,1.6091294288635254,4.475332736968994,0.7355346479267074,1.0,0.0,1.0,0.2804095149040222,0.7861259579658508,False,False,True,output/resnet18_localisation_attack_preserve_cls_full_archive_v2/exact_archive/dev_val/digital_1/scan/ukraine-025_03__c244383f9f3c__exact.npz,fd80707435686fdf752c05fa7513eb61a9434f3563a7578f8cfbac3e64383418,4034853,float32,float32,512,864,resnet_exact_archive_v1,dev_val,0.0,0.5,0.5,content_mask,True,True,0.10579187729779412,6.084462000740428,1.6091292769198202,0.7846557614425665,0.10880336659200435,-0.6758523948505621,0.8613361783108906,0.7846557614425665,0.7846557614425665,0.7846557614425665,0.0,0.34932345151901245,True,0.10880336659200435,0.10880336659200435,0.10880336659200435,0.0,0.1195705309510231,False,44199,417792,7.416975494572564,1.0284661674519036,0.6788638841447724,0.0030114892942102317,True,True,True,True,False,False,False,True
dev_val,digital_1,ukraine-NF-1068,huawei,train/attack/digital_1/huawei/ukraine-NF-1068.jpg,1.0,0.9999264478683472,7.355213165283203e-05,0.9999994039535522,9.51707363128662,14.356388092041016,True,1.0,0.25,10,0.0039215851575136,0.0,6,0,0.7178175449371338,0.0271719805896282,0.1502706110477447,0.7178174921664219,0.027171977899234395,0.6906455047428608,0.9621463976626878,True,4.776832103729248,0.1808203160762787,4.596011787652969,0.9621463949015262,1.0,0.0,1.0,0.1118676960468292,0.8469407558441162,False,False,True,output/resnet18_localisation_attack_preserve_cls_full_archive_v2/exact_archive/dev_val/digital_1/huawei/ukraine-NF-1068__9038d6dc8e8a__exact.npz,84eeb29c953f8d14b2f0c45849d2cf85eb5d10c5100313ea650f3b7404c4c022,3993098,float32,float32,512,864,resnet_exact_archive_v1,dev_val,0.0,0.5,0.5,content_mask,True,True,0.15027061370481928,4.776832106219055,0.18082030298092122,0.7657652014594654,0.04174822656164362,-0.7240169748978218,0.9454816874910534,0.7657652014594654,0.7657652014594654,0.7657652014594654,0.0,0.22162187099456787,False,0.04174822656164362,0.04174822656164362,0.04174822656164362,0.0,0.15648189187049866,False,63859,424960,5.095907859694239,0.27782029721160795,0.615494587754646,-0.10852238714317566,True,True,True,True,False,False,False,True
dev_val,digital_1,ukraine-NF-1068,iphone15pro,train/attack/digital_1/iphone15pro/ukraine-NF-1068.jpg,1.0,0.9999985694885254,1.430511474609375e-06,0.9003012180328369,13.487407684326172,2.2005763053894043,True,1.0,0.25,10,0.0039215851575136,0.0,10,0,0.7479860186576843,0.1356280893087387,0.1443080306053161,0.7479859879858473,0.13562808168032897,0.6123579442501068,0.8186756385028763,True,5.1832594871521,0.93985116481781,4.2434083223342896,0.8186756485668049,1.0,0.0,1.0,0.266174167394638,0.8295733332633972,False,False,True,output/resnet18_localisation_attack_preserve_cls_full_archive_v2/exact_archive/dev_val/digital_1/iphone15pro/ukraine-NF-1068__8d560821307d__exact.npz,2fa36d789c84148b123d3b1e4184ec9413dd6c843255d17cc836af9257e93db4,3960878,float32,float32,512,864,resnet_exact_archive_v1,dev_val,0.0,0.5,0.5,content_mask,True,True,0.14430803571428572,5.183259437241447,0.939851207931746,0.8164195164598675,0.06476344194492081,-0.7516560745149468,0.9206738194773368,0.8164195164598675,0.8164195164598675,0.8164195164598675,0.0,0.249483123421669,True,0.06476344194492081,0.06476344194492081,0.06476344194492081,0.0,0.0378425158560276,False,59478,412160,5.657477855746646,0.44878610968792765,0.6721114807455818,-0.0795445937693649,True,True,True,True,False,False,False,True
dev_val,digital_1,ukraine-NF-1068,scan,train/attack/digital_1/scan/ukraine-NF-1068.jpg,1.0,0.9999990463256836,9.5367431640625e-07,0.9669050574302672,13.823323249816896,3.374720573425293,True,1.0,0.25,10,0.0039215851575136,0.0,5,0,0.7366632223129272,0.1547429263591766,0.1464509814977646,0.7366632819352135,0.15474292816703109,0.5819203704595566,0.789940761319715,True,5.030101299285889,1.0566190481185913,3.973482251167298,0.7899408013376198,1.0,0.0,1.0,0.3298316895961761,0.7632964253425598,False,False,True,output/resnet18_localisation_attack_preserve_cls_full_archive_v2/exact_archive/dev_val/digital_1/scan/ukraine-NF-1068__c6a8848e2845__exact.npz,3ccdaba8d06a47770697f62d3d536a139723761d58376a50f29641937921128d,4012225,float32,float32,512,864,resnet_exact_archive_v1,dev_val,0.0,0.5,0.5,content_mask,True,True,0.14645098824786323,5.030101133141119,1.0566192145124622,0.8020387227044015,0.11512595463353471,-0.6869127680708668,0.8564583587119828,0.8020387227044015,0.8020387227044015,0.8020387227044015,0.0,0.22179628908634186,False,0.11512595463353471,0.11512595463353471,0.11512595463353471,0.0,0.04651503637433052,False,61411,419328,5.476499218612159,0.7861056863521332,0.6555877344565382,-0.03132503361432852,True,True,True,True,False,False,False,True
dev_val,digital_1,ukraine-NF-1073,huawei,train/attack/digital_1/huawei/ukraine-NF-1073.jpg,0.9990234375,0.9991071820259094,8.374452590942383e-05,0.9999992847442628,7.020282745361328,14.15243148803711,True,1.0,0.25,10,0.0039215851575136,0.0,10,0,0.7841277122497559,0.0006572099518962,0.2243182808160781,0.7841277405693867,0.0006572099156707071,0.7834705619607121,0.9991618586084029,True,3.495603561401367,0.0029298097360879,3.4926737516652797,0.9991618586934632,1.0,0.0,1.0,0.0047219339758157,0.9862884283065796,False,False,True,output/resnet18_localisation_attack_preserve_cls_full_archive_v2/exact_archive/dev_val/digital_1/huawei/ukraine-NF-1073__943c161a0abe__exact.npz,cb4d824f3f80d6831f12d6b0f0dbcb90e04863924a5bb764efe37f7cf4d7cb29,4067067,float32,float32,512,864,resnet_exact_archive_v1,dev_val,0.0,0.5,0.5,content_mask,True,True,0.22431828425480768,3.4956033262035837,0.0029298098362956853,0.7161350412323664,0.010245301184645653,-0.7058897400477208,0.9856936183893266,0.7161350412323664,0.7161350412323664,0.7161350412323664,0.0,0.04811648279428482,False,0.010245301184645653,0.010245301184645653,0.010245301184645653,0.0,0.00872023031115532,False,95556,425984,3.192495179835158,0.045673054332957576,0.49181675697755867,-0.21407298307016204,True,True,True,True,False,False,False,True
dev_val,digital_1,ukraine-NF-1073,iphone15pro,train/attack/digital_1/iphone15pro/ukraine-NF-1073.jpg,1.0,0.9999982118606568,1.7881393432617188e-06,0.9999945163726808,13.260612487792969,12.11962890625,True,1.0,0.25,10,0.0019608272705227,0.0,2,0,0.7710474729537964,0.2326838672161102,0.2297821193933487,0.7710475462826861,0.23268387361601914,0.5383636653423309,0.6982237026266196,True,3.3555593490600586,1.012628197669983,2.342931151390076,0.698223725962816,1.0,0.0,1.0,0.3286850452423095,0.701526939868927,False,False,True,output/resnet18_localisation_attack_preserve_cls_full_archive_v2/exact_archive/dev_val/digital_1/iphone15pro/ukraine-NF-1073__725b0612a000__exact.npz,d05f6083c11ac05c1be0e83303e8df56dcdd3844c61b0da87503993998d2366c,4217112,float32,float32,512,864,resnet_exact_archive_v1,dev_val,0.0,0.5,0.5,content_mask,True,True,0.22978212344720497,3.3555593216538577,1.012628267705433,0.7107605562418828,0.1516994519940448,-0.5590611042478381,0.7865674302522506,0.7107605562418828,0.7107605562418828,0.7107605562418828,0.0,0.10997568815946579,False,0.1516994519940448,0.1516994519940448,0.1516994519940448,0.0,0.06084653362631798,False,94707,412160,3.093193437239638,0.6601882240369298,0.4809784327946779,-0.07808267145316017,True,True,True,True,False,False,False,True
dev_val,digital_1,ukraine-NF-1073,scan,train/attack/digital_1/scan/ukraine-NF-1073.jpg,0.9970703125,0.9971200227737428,4.971027374267578e-05,0.6643872857093811,5.847099304199219,0.682907223701477,True,1.0,0.25,10,0.0009804136352613,0.0,1,0,0.7661243677139282,0.2075410038232803,0.2310441881418228,0.766124397555202,0.2075410104192438,0.5585833489894867,0.72910272655259,True,3.3159215450286865,0.8982741832733154,2.417647361755371,0.7291027031022399,1.0,0.0,1.0,0.4946644306182861,0.6877610683441162,False,False,True,output/resnet18_localisation_attack_preserve_cls_full_archive_v2/exact_archive/dev_val/digital_1/scan/ukraine-NF-1073__e76388eb61c0__exact.npz,1d863bc192ccc6f04cf456be5e9aac9c6678b4424f0928ca1e170848e26d24e3,3489654,float32,float32,512,864,resnet_exact_archive_v1,dev_val,0.0,0.5,0.5,content_mask,True,True,0.23104418169315402,3.3159216213143132,0.8982741261793625,0.6835632718441585,0.27215418798119156,-0.411409083862967,0.6018595509864691,0.6835632718441585,0.6835632718441585,0.6835632718441585,0.0,0.05173313990235329,False,0.3175788627070836,0.27215418798119156,0.49369090063556037,0.2215367126543688,0.0,True,96765,418816,2.9585824963642136,1.1779313635460211,0.45251909015100455,0.04111000628803754,True,True,True,True,False,False,False,True
dev_val,digital_1,ukraine-NF-1106,huawei,train/attack/digital_1/huawei/ukraine-NF-1106.jpg,1.0,0.9998693466186525,0.0001306533813476,0.9999988079071044,8.943166732788086,13.645691871643066,True,1.0,0.25,10,0.0039215851575136,0.0,10,0,0.7018132209777832,0.0002977561962325,0.1301108747720718,0.701813193533179,0.0002977561874235852,0.7015153455722611,0.9995757329868301,True,5.3939619064331055,0.002288480522111,5.391673425910994,0.9995757329099078,1.0,0.0,1.0,0.0022942540235817,0.9909198880195618,False,False,True,output/resnet18_localisation_attack_preserve_cls_full_archive_v2/exact_archive/dev_val/digital_1/huawei/ukraine-NF-1106__9de056fc8b1d__exact.npz,5fc1698abae106a23d193e4182e8e0624c81943a0b996f0cf51d40a0fc91e4a3,3969486,float32,float32,512,864,resnet_exact_archive_v1,dev_val,0.0,0.5,0.5,content_mask,True,True,0.13011087200598803,5.393962723583005,0.0022884804538846047,0.7790202247191012,0.0,-0.7790202247191012,1.0,0.7790202247191012,0.7790202247191012,0.7790202247191012,0.0,0.2895489037036896,False,0.0,0.0,0.0,0.0,0.12841933965682983,False,55625,427520,5.9873568803938895,0.0,0.6489093527131131,-0.13011087200598803,True,True,True,True,False,False,False,True
dev_val,digital_1,ukraine-NF-1106,iphone15pro,train/attack/digital_1/iphone15pro/ukraine-NF-1106.jpg,1.0,0.9999947547912598,5.245208740234375e-06,0.932552456855774,12.161489486694336,2.6265764236450195,True,1.0,0.25,10,0.0039215851575136,0.0,6,0,0.7669953107833862,0.1428655833005905,0.1280278265476226,0.7669952813525993,0.14286558083811962,0.6241298019886017,0.8137334292511219,True,5.990849018096924,1.1158946752548218,4.874954342842102,0.8137334671790308,1.0,1.0,0.0,0.1927891671657562,0.8569624423980713,False,False,True,output/resnet18_localisation_attack_preserve_cls_full_archive_v2/exact_archive/dev_val/digital_1/iphone15pro/ukraine-NF-1106__5c82a0a4c04d__exact.npz,ce978ea643846fca282ed7ad91f4bbfb68c8c1952b2bb481404ad52700a6fb57,3953487,float32,float32,512,864,resnet_exact_archive_v1,dev_val,0.0,0.5,0.5,content_mask,True,True,0.12802782245710784,5.990848447098752,1.1158947961173264,0.810577875824936,0.08491465534969807,-0.7256632204752379,0.8952418294623705,0.810577875824936,0.810577875824936,0.810577875824936,0.0,0.24775330722332,False,0.08491465534969807,0.08491465534969807,0.08491465534969807,0.0,0.06283645331859589,False,53489,417792,6.331263472800981,0.6632515786023492,0.6825500533678281,-0.04311316710740977,True,True,True,True,False,False,False,True
dev_val,digital_1,ukraine-NF-1106,scan,train/attack/digital_1/scan/ukraine-NF-1106.jpg,1.0,0.999987006187439,1.2993812561035156e-05,0.6088138222694397,11.250953674316406,0.4423287510871887,True,1.0,0.25,10,0.0039215851575136,0.0,10,0,0.691376805305481,0.1223146617412567,0.1354539841413498,0.691376749132786,0.12231466934764751,0.5690620094537735,0.8230853590302676,True,5.10414457321167,0.9029980301856996,4.2011465430259705,0.8230853344309744,1.0,0.0,1.0,0.3568249046802521,0.7485076785087585,False,False,True,output/resnet18_localisation_attack_preserve_cls_full_archive_v2/exact_archive/dev_val/digital_1/scan/ukraine-NF-1106__f02adeb62db1__exact.npz,e80a803eb79fb01b3f08480452701f0360aa6e6c78c4d41ac6f31b86c6577c7d,3919018,float32,float32,512,864,resnet_exact_archive_v1,dev_val,0.0,0.5,0.5,content_mask,True,True,0.1354539824695122,5.104144865496296,0.9029979563367797,0.774727883381104,0.07800383337143259,-0.6967240500096714,0.8993145399246448,0.774727883381104,0.774727883381104,0.774727883381104,0.0,0.32963570952415466,False,0.07800383337143259,0.07800383337143259,0.07800383337143259,0.0,0.0076027740724384785,False,56869,419840,5.719491367154736,0.5758696196989969,0.6392739009115918,-0.05745014909807962,True,True,True,True,False,False,False,True
dev_val,digital_1,usa-034_03,huawei,train/attack/digital_1/huawei/usa-034_03.jpg,1.0,0.9999996423721312,3.5762786865234375e-07,0.9793294668197632,14.75289535522461,3.858156681060791,True,1.0,0.25,10,0.0019608272705227,0.0,2,0,0.716183066368103,0.2074605226516723,0.1514929234981537,0.7161830191387626,0.20746052303612303,0.5087224841117859,0.7103247110136705,True,4.727501392364502,1.3694403171539309,3.3580610752105717,0.7103247141575155,1.0,1.0,0.0,0.3418595194816589,0.7691363096237183,False,False,True,output/resnet18_localisation_attack_preserve_cls_full_archive_v2/exact_archive/dev_val/digital_1/huawei/usa-034_03__18f7a98c4240__exact.npz,dd91c39a57e476fbd51dee063900fd5cd29dcbc1e8f529128dfe0ab9c1a866a2,3351669,float32,float32,512,864,resnet_exact_archive_v1,dev_val,0.0,0.5,0.5,content_mask,True,True,0.1514929302045728,4.72750126472334,1.369440295041972,0.7331047536303835,0.08458483306441604,-0.6485199205659675,0.8846210822593275,0.7331047536303835,0.7331047536303835,0.7331047536303835,0.0,0.21641278266906738,False,0.08458483306441604,0.08458483306441604,0.08458483306441604,0.0,0.020634029060602188,False,64456,425472,4.839201094337634,0.5583417849941545,0.5816118234258107,-0.06690809714015676,True,True,True,True,False,False,False,True
dev_val,digital_1,usa-034_03,iphone15pro,train/attack/digital_1/iphone15pro/usa-034_03.jpg,1.0,0.9999998807907104,1.1920928955078125e-07,0.970437228679657,16.024497985839844,3.491232395172119,True,1.0,0.25,10,0.0039215851575136,0.0,6,0,0.7455596923828125,0.1568954288959503,0.1472880244255066,0.7455597316759099,0.1568954379792778,0.5886642336845398,0.7895602038127789,True,5.061916351318359,1.065228819847107,3.996687531471253,0.789560169328031,1.0,1.0,0.0,0.2271479368209839,0.8382711410522461,False,False,True,output/resnet18_localisation_attack_preserve_cls_full_archive_v2/exact_archive/dev_val/digital_1/iphone15pro/usa-034_03__6799654928ab__exact.npz,d061c87e4f2a72ca6bb03129a5764a6b69735913ef52f3dac428d1a3d375df01,3911524,float32,float32,512,864,resnet_exact_archive_v1,dev_val,0.0,0.5,0.5,content_mask,True,True,0.14728802992518703,5.0619166544260725,1.0652287090741233,0.7462136243386244,0.07615740740740741,-0.670056216931217,0.8979415479382243,0.7462136243386244,0.7462136243386244,0.7462136243386244,0.0,0.22236749529838562,False,0.07615740740740741,0.07615740740740741,0.07615740740740741,0.0,0.06360137462615967,False,60480,410624,5.066356205033454,0.5170644718792867,0.5989255944134373,-0.07113062251777962,True,True,True,True,False,False,False,True
dev_val,digital_1,usa-034_03,scan,train/attack/digital_1/scan/usa-034_03.jpg,1.0,0.9999998807907104,1.1920928955078125e-07,0.9952675104141236,15.941953659057615,5.348550319671631,True,1.0,0.25,10,0.0039215851575136,0.0,5,0,0.7242426872253418,0.1499018967151641,0.1539306640625,0.7242427344231043,0.14990189186454647,0.5743407905101776,0.7930225810495001,True,4.704992771148682,0.9738273620605468,3.731165409088135,0.7930225593475682,1.0,1.0,0.0,0.269788384437561,0.8084319829940796,False,False,True,output/resnet18_localisation_attack_preserve_cls_full_archive_v2/exact_archive/dev_val/digital_1/scan/usa-034_03__3b8af47e8bc6__exact.npz,eef6eae3b59976052c748b26725d3fc514ae5b1efee8782c788056c3f408c726,4050933,float32,float32,512,864,resnet_exact_archive_v1,dev_val,0.0,0.5,0.5,content_mask,True,True,0.1539306640625,4.70499324377008,0.9738273577750711,0.7404021085039885,0.0995630607516599,-0.6408390477523286,0.8655283938172044,0.7404021085039885,0.7404021085039885,0.7404021085039885,0.0,0.2042982131242752,False,0.0995630607516599,0.0995630607516599,0.0995630607516599,0.0,0.0683036670088768,False,64311,417792,4.8099715090124295,0.6468045945103869,0.5864714444414885,-0.054367603310840104,True,True,True,True,False,False,False,True
dev_val,digital_1,usa-067_03,huawei,train/attack/digital_1/huawei/usa-067_03.jpg,1.0,0.9998934268951416,0.0001065731048583,0.7168228030204773,9.146601676940918,0.9287557601928712,True,1.0,0.25,10,0.0039215851575136,0.0,10,0,0.7580177187919617,0.0012504059122875,0.1439851373434066,0.7580177229454204,0.0012504057694391433,0.7567673726007342,0.9983504267359602,True,5.26455545425415,0.0086842700839042,5.255871184170246,0.998350426705661,1.0,0.0,1.0,0.0067452313378453,0.9796223044395448,False,False,True,output/resnet18_localisation_attack_preserve_cls_full_archive_v2/exact_archive/dev_val/digital_1/huawei/usa-067_03__ad0291cdb7df__exact.npz,9195428f666a1259f1dfd51dc87680c1fefd1cb8a0ccacae52c52dbfa52ede64,3646227,float32,float32,512,864,resnet_exact_archive_v1,dev_val,0.0,0.5,0.5,content_mask,True,True,0.14398513812576313,5.264555306279829,0.00868426968029841,0.7296155820925186,0.01576759362008712,-0.7138479884724315,0.9783891764278579,0.7296155820925186,0.7296155820925186,0.7296155820925186,0.0,0.17059193551540375,False,0.01576759362008712,0.01576759362008712,0.01576759362008712,0.0,0.00853435043245554,False,60377,419328,5.067297858583428,0.1095084800093395,0.5856304439667555,-0.12821754450567602,True,True,True,True,False,False,False,True
dev_val,digital_1,usa-067_03,iphone15pro,train/attack/digital_1/iphone15pro/usa-067_03.jpg,1.0,0.9999997615814208,2.384185791015625e-07,0.9905641078948976,15.32325267791748,4.653759479522705,True,1.0,0.25,10,0.0039215851575136,0.0,6,0,0.6738778352737427,0.1134848147630691,0.142734095454216,0.673877903555287,0.11348481481258355,0.5603930801153183,0.8315943968278923,True,4.721211910247803,0.7950785160064697,3.926133394241333,0.8315944017931747,1.0,1.0,0.0,0.302995502948761,0.7634775638580322,False,False,True,output/resnet18_localisation_attack_preserve_cls_full_archive_v2/exact_archive/dev_val/digital_1/iphone15pro/usa-067_03__31f2d45c67aa__exact.npz,780bd9313dbff62356d0d8b508cc805bfa7254ef77de0fd0d5cc697723dfabea,4198837,float32,float32,512,864,resnet_exact_archive_v1,dev_val,0.0,0.5,0.5,content_mask,True,True,0.14273409564958284,4.721211848426746,0.7950785290376079,0.714567635450305,0.08068304139348273,-0.6338845940568223,0.8870883071234565,0.714567635450305,0.714567635450305,0.714567635450305,0.0,0.2505749464035034,False,0.08068304139348273,0.08068304139348273,0.08068304139348273,0.0,0.08318488299846649,False,61314,429568,5.006285514321633,0.5652681724453729,0.5718335398007222,-0.06205105425610011,True,True,True,True,False,False,False,True
dev_val,digital_1,usa-067_03,scan,train/attack/digital_1/scan/usa-067_03.jpg,1.0,0.9999998807907104,1.1920928955078125e-07,0.9791247248649596,16.339786529541016,3.8480942249298096,True,1.0,0.25,10,0.0039215851575136,0.0,10,0,0.687272310256958,0.0764485970139503,0.1399644166231155,0.6872722357342179,0.07644859500439087,0.6108236610889435,0.8887651922637029,True,4.910335540771484,0.546200156211853,4.364135384559631,0.8887652072497602,1.0,1.0,0.0,0.1734697669744491,0.8247150182723999,False,False,True,output/resnet18_localisation_attack_preserve_cls_full_archive_v2/exact_archive/dev_val/digital_1/scan/usa-067_03__4a9ef7617e47__exact.npz,ee5824e545da9a771f622ff99161cef983608471b5f85fb19cfea220e86e5fd0,4305457,float32,float32,512,864,resnet_exact_archive_v1,dev_val,0.0,0.5,0.5,content_mask,True,True,0.13996441926129427,4.910335350666339,0.5462002086521138,0.7378473701248914,0.06268422756470328,-0.6751631425601882,0.915044452141785,0.7378473701248914,0.7378473701248914,0.7378473701248914,0.0,0.24115532636642456,False,0.06268422756470328,0.06268422756470328,0.06268422756470328,0.0,0.1382683962583542,False,58691,419328,5.271678145196545,0.4478583049573511,0.5978829508635972,-0.07728019169659099,True,True,True,True,False,False,False,True
dev_val,digital_1,usa-NF-1036,huawei,train/attack/digital_1/huawei/usa-NF-1036.jpg,1.0,0.999996304512024,3.6954879760742183e-06,0.9996628761291504,12.501075744628906,7.994606018066406,True,1.0,0.25,10,0.0019608272705227,0.0,2,0,0.6776258945465088,0.2523496448993683,0.1975183337926864,0.6776258871393616,0.2523496645113801,0.4252761602401733,0.6275973670712472,True,3.4306986331939697,1.2776013612747192,2.1530972719192505,0.6275973211656669,1.0,1.0,0.0,0.5573217868804932,0.595435380935669,False,False,True,output/resnet18_localisation_attack_preserve_cls_full_archive_v2/exact_archive/dev_val/digital_1/huawei/usa-NF-1036__7d72d80be87d__exact.npz,21f47b8eba7ef05c982d4cc90c6e3d3f979aa2e82e9ba5cb01e29f341dce56e7,3947225,float32,float32,512,864,resnet_exact_archive_v1,dev_val,0.0,0.5,0.5,content_mask,True,True,0.19751832678355502,3.43069880235427,1.2776012667822487,0.6610110720520362,0.21755506133869001,-0.4434560107133462,0.6708753142919162,0.6610110720520362,0.6610110720520362,0.6610110720520362,0.0,0.15722408890724182,False,0.21755506133869001,0.21755506133869001,0.21755506133869001,0.0,0.05745919048786163,False,83634,423424,3.346580961959985,1.101442407301737,0.4634927452684812,0.020036734555134994,True,True,True,True,False,False,False,True
dev_val,digital_1,usa-NF-1036,iphone15pro,train/attack/digital_1/iphone15pro/usa-NF-1036.jpg,1.0,0.9999988079071044,1.1920928955078125e-06,0.9995903372764589,13.598240852355955,7.799877166748047,True,1.0,0.25,10,0.0039215851575136,0.0,5,0,0.7572669982910156,0.1446053385734558,0.1987414807081222,0.7572670699506582,0.14460532882388702,0.6126617342233658,0.8090431572135982,True,3.810312032699585,0.7276051640510559,3.082706868648529,0.8090431550469236,1.0,1.0,0.0,0.2628399729728699,0.7863224744796753,False,False,True,output/resnet18_localisation_attack_preserve_cls_full_archive_v2/exact_archive/dev_val/digital_1/iphone15pro/usa-NF-1036__9d69241e1f1b__exact.npz,3fc0ea661433b488e6323b784248d3f65090a45c2c0a1553b1ad93dff20de46d,4651112,float32,float32,512,864,resnet_exact_archive_v1,dev_val,0.0,0.5,0.5,content_mask,True,True,0.19874148261278196,3.810312069705547,0.7276051628618916,0.7678230563663009,0.09326239824632701,-0.6745606581199739,0.8785366010136653,0.7678230563663009,0.7678230563663009,0.7678230563663009,0.0,0.16822245717048645,False,0.09326239824632701,0.09326239824632701,0.09326239824632701,0.0,0.11429008096456528,False,81201,408576,3.863426227237568,0.46926488129322674,0.5690815737535189,-0.10547908436645495,True,True,True,True,False,False,False,True
dev_val,digital_1,usa-NF-1036,scan,train/attack/digital_1/scan/usa-NF-1036.jpg,1.0,0.9999992847442628,7.152557373046875e-07,0.9977176189422609,14.20966339111328,6.080222129821777,True,1.0,0.25,10,0.0039215851575136,0.0,10,0,0.6733902096748352,0.0948180705308914,0.2014736384153366,0.6733901705248757,0.09481806495364031,0.5785720273852348,0.8591929774090196,True,3.342323541641236,0.4706226885318756,2.87170085310936,0.859192958829839,1.0,1.0,0.0,0.3527688980102539,0.7228199243545532,False,False,True,output/resnet18_localisation_attack_preserve_cls_full_archive_v2/exact_archive/dev_val/digital_1/scan/usa-NF-1036__d5d3682b04d9__exact.npz,bc19843a3a3a78a42268b170d6e60ef8fb25ae706194d02f4415fd82226c6fa6,4584320,float32,float32,512,864,resnet_exact_archive_v1,dev_val,0.0,0.5,0.5,content_mask,True,True,0.20147363518856448,3.342324021178414,0.4706226939564454,0.7214392697510408,0.07803710211927871,-0.6434021676317621,0.8918313635100452,0.7214392697510408,0.7214392697510408,0.7214392697510408,0.0,0.2041265070438385,False,0.07803710211927871,0.07803710211927871,0.07803710211927871,0.0,0.06988266110420227,False,84793,420864,3.580812293756584,0.38733158334211687,0.5199656345624764,-0.12343653306928577,True,True,True,True,False,False,False,True
dev_val,digital_1,usa-NF-1065,huawei,train/attack/digital_1/huawei/usa-NF-1065.jpg,1.0,0.999997854232788,2.1457672119140625e-06,0.9961305856704712,13.073721885681152,5.550779819488525,True,1.0,0.25,10,0.0019608272705227,0.0,2,0,0.8065563440322876,0.3160743415355682,0.2426349371671676,0.8065563484591443,0.316074340360575,0.4904820024967193,0.6081187123944811,True,3.324155807495117,1.302674412727356,2.021481394767761,0.6081187260265719,1.0,1.0,0.0,0.4109106063842773,0.6881489157676697,False,False,True,output/resnet18_localisation_attack_preserve_cls_full_archive_v2/exact_archive/dev_val/digital_1/huawei/usa-NF-1065__fec0be7dedc5__exact.npz,84433008a7396ba8c37e98c6fd58da1b64b69ae90b79c5d55909101b588f88ec,3875798,float32,float32,512,864,resnet_exact_archive_v1,dev_val,0.0,0.5,0.5,content_mask,True,True,0.2426349431818182,3.3241557785629925,1.3026744467045916,0.7247802203163266,0.34314902087053245,-0.38163119944579416,0.5265474812202149,0.7247802203163266,0.7247802203163266,0.7247802203163266,0.0,0.07959341257810593,False,0.34314902087053245,0.34314902087053245,0.34314902087053245,0.0,0.02624986693263054,False,102489,422400,2.987122179566747,1.414260519818838,0.4821452771345084,0.10051407768871426,True,True,True,True,False,False,False,True
dev_val,digital_1,usa-NF-1065,iphone15pro,train/attack/digital_1/iphone15pro/usa-NF-1065.jpg,1.0,1.0,0.0,0.9999748468399048,18.61400985717773,10.589381217956545,True,1.0,0.25,10,0.0039215772412717,0.0,4,0,0.8203129768371582,0.1967994570732116,0.2516860365867615,0.8203130057691348,0.19679945279570843,0.6235135942697525,0.7600922435562423,True,3.2592709064483643,0.781924307346344,2.4773465991020203,0.7600922630274974,1.0,1.0,0.0,0.3048556447029114,0.735173225402832,False,False,True,output/resnet18_localisation_attack_preserve_cls_full_archive_v2/exact_archive/dev_val/digital_1/iphone15pro/usa-NF-1065__523e5c558d74__exact.npz,ab830bad059f0a422658571d97b92ff9cd69e7295ce117819ef61ebbde9512a3,4677015,float32,float32,512,864,resnet_exact_archive_v1,dev_val,0.0,0.5,0.5,content_mask,True,True,0.25168605083234247,3.2592708378406563,0.7819243543489184,0.7338383745178733,0.19308136637938988,-0.5407570081384834,0.7368884306353657,0.7338383745178733,0.7338383745178733,0.7338383745178733,0.0,0.07889492064714432,False,0.19308136637938988,0.19308136637938988,0.19308136637938988,0.0,0.04492834955453873,False,108374,430592,2.9156894952700836,0.7671516388804902,0.4821523236855308,-0.05860468445295258,True,True,True,True,False,False,False,True
dev_val,digital_1,usa-NF-1065,scan,train/attack/digital_1/scan/usa-NF-1065.jpg,1.0,1.0,0.0,0.998544454574585,20.484607696533203,6.530862808227539,True,1.0,0.25,10,0.0039215851575136,0.0,7,0,0.7861659526824951,0.1400046497583389,0.2465402483940124,0.7861659603985663,0.14000464200807752,0.6461613774299622,0.8219146477200582,True,3.188793897628784,0.5678774118423462,2.620916485786438,0.821914670539032,1.0,1.0,0.0,0.3067079484462738,0.7892017364501953,False,False,True,output/resnet18_localisation_attack_preserve_cls_full_archive_v2/exact_archive/dev_val/digital_1/scan/usa-NF-1065__b9284824402a__exact.npz,4cbc428f8e65be2838c1d10962d863e228cf0ea3d51ebce4b7afe7ee905ad48e,4387903,float32,float32,512,864,resnet_exact_archive_v1,dev_val,0.0,0.5,0.5,content_mask,True,True,0.24654024679095354,3.1887935971167107,0.5678774310905524,0.7330976708149727,0.11238196697496489,-0.6207157038400077,0.8467025998731769,0.7330976708149727,0.7330976708149727,0.7330976708149727,0.0,0.10627909004688263,False,0.11238196697496489,0.11238196697496489,0.11238196697496489,0.0,0.007586561609059572,False,103255,418816,2.973541563120852,0.4558361907954762,0.48655742402401914,-0.13415827981598866,True,True,True,True,False,False,False,True
dev_val,digital_1,usa-NF-1076,huawei,train/attack/digital_1/huawei/usa-NF-1076.jpg,1.0,0.999980330467224,1.9669532775878903e-05,0.9955413937568665,10.835745811462402,5.408445358276367,True,1.0,0.25,10,0.0039215851575136,0.0,6,0,0.6129086017608643,0.1041526645421981,0.299313485622406,0.6129086235890774,0.10415266291982983,0.5087559968233109,0.8300682044414199,True,2.047714948654175,0.3479718565940857,1.6997430920600891,0.8300682149032588,1.0,1.0,0.0,0.5372560024261475,0.6446026563644409,False,False,True,output/resnet18_localisation_attack_preserve_cls_full_archive_v2/exact_archive/dev_val/digital_1/huawei/usa-NF-1076__3e77bcc46ab5__exact.npz,58306bf88b16b521ea74498ce06a2e3137bf345b1e65698977fb6f4756d8f3a9,4153862,float32,float32,512,864,resnet_exact_archive_v1,dev_val,0.0,0.5,0.5,content_mask,True,True,0.29931347539015607,2.047714767235752,0.34797184718819124,0.6089647176787617,0.13185435858870714,-0.47711035909005456,0.7834778358074558,0.6089647176787617,0.6089647176787617,0.6089647176787617,0.0,0.07833003997802734,False,0.13185827536504355,0.13185435858870714,0.13186219214137995,7.833552672809052e-06,0.00019688975589815527,True,127656,426496,2.0345382608817535,0.44052262737865233,0.30965124228860563,-0.16745911680144893,True,True,True,True,False,False,False,True
dev_val,digital_1,usa-NF-1076,iphone15pro,train/attack/digital_1/iphone15pro/usa-NF-1076.jpg,1.0,0.999997615814209,2.384185791015625e-06,0.9461573958396912,12.934354782104492,2.8663439750671387,True,1.0,0.25,10,0.0039215851575136,0.0,10,0,0.8327071666717529,0.0754145085811615,0.3010009825229645,0.8327071473333019,0.07541450782213309,0.7572927251458168,0.9094345376238887,True,2.7664601802825928,0.2505457103252411,2.515914469957352,0.9094345502924795,1.0,1.0,0.0,0.1331593990325927,0.8562518358230591,False,False,True,output/resnet18_localisation_attack_preserve_cls_full_archive_v2/exact_archive/dev_val/digital_1/iphone15pro/usa-NF-1076__813a1d657885__exact.npz,0dea849722badc59421024022db23b54b9f608b50e9fca8a3f768be33965fbd0,4443477,float32,float32,512,864,resnet_exact_archive_v1,dev_val,0.0,0.5,0.5,content_mask,True,True,0.3010009765625,2.7664599525324065,0.2505457247460922,0.7428258577337984,0.0644010057587801,-0.6784248519750182,0.9133026871799351,0.7428258577337984,0.7428258577337984,0.7428258577337984,0.0,0.06471230834722519,False,0.06906365366018521,0.0644010057587801,0.07603211939330035,0.01163111363452024,0.0,True,123290,409600,2.4678519857876857,0.21395613560545323,0.44182488117129837,-0.23659997080371992,True,True,True,True,False,False,False,True
dev_val,digital_1,usa-NF-1076,scan,train/attack/digital_1/scan/usa-NF-1076.jpg,1.0,0.9999996423721312,3.5762786865234375e-07,0.9984754920005798,14.803505897521973,6.4845404624938965,True,1.0,0.25,10,0.0019608272705227,0.0,2,0,0.7226460576057434,0.2057411968708038,0.3055550158023834,0.7226460704454618,0.20574117557490845,0.5169048756361008,0.7152946871376702,True,2.365027666091919,0.6733359694480896,1.6916916966438291,0.7152946753638865,1.0,1.0,0.0,0.4869025349617004,0.6693567037582397,False,False,True,output/resnet18_localisation_attack_preserve_cls_full_archive_v2/exact_archive/dev_val/digital_1/scan/usa-NF-1076__762eef4f26b5__exact.npz,bec2bece75b9a3a5ffe0e3f0db7e9cb9aa9b1c0379b87b7f70da95290c9170fa,4129117,float32,float32,512,864,resnet_exact_archive_v1,dev_val,0.0,0.5,0.5,content_mask,True,True,0.30555502300613496,2.36502762525672,0.6733359299767674,0.6697385139056642,0.2631409703377202,-0.406597543567944,0.6070989425362734,0.6697385139056642,0.6697385139056642,0.6697385139056642,0.0,0.06747344136238098,False,0.2631409703377202,0.2631409703377202,0.2631409703377202,0.0,0.001087116776034236,False,127502,417280,2.1918753202503143,0.8611901311549928,0.3641834908995292,-0.04241405266841475,True,True,True,True,False,False,False,True
dev_val,digital_1,usa-NM-1038,huawei,train/attack/digital_1/huawei/usa-NM-1038.jpg,0.9912109375,0.9910650849342346,0.0001458525657653,0.9922205805778505,4.708812236785889,4.848467826843262,True,1.0,0.25,10,0.0009804136352613,0.0,1,0,0.3739087879657745,0.2000395357608795,0.1865978240966797,0.37390881224451705,0.20003955093886838,0.1738692820072174,0.4650044492450934,True,2.003821849822998,1.0720356702804563,0.9317861795425416,0.4650045010861859,1.0,1.0,0.0,0.9459190368652344,0.2083850502967834,False,False,True,output/resnet18_localisation_attack_preserve_cls_full_archive_v2/exact_archive/dev_val/digital_1/huawei/usa-NM-1038__26fc306b5fd1__exact.npz,d4f677d38c49c562eed65f414c716648c4dbe14e303ec9b7b651e7610a25568d,3239822,float32,float32,512,864,resnet_exact_archive_v1,dev_val,0.0,0.5,0.5,content_mask,True,True,0.18659783101571947,2.003821856927255,1.0720357779615164,0.35176559929122897,0.07643336286546007,-0.2753322364257689,0.782715072140467,0.35176559929122897,0.35176559929122897,0.35176559929122897,0.0,0.04542215168476105,False,0.07643336286546007,0.07643336286546007,0.07643336286546007,0.0,0.013583773747086525,False,79010,423424,1.8851537414794246,0.40961549472148545,0.1651677682755095,-0.1101644681502594,False,True,True,False,False,False,False,False
dev_val,digital_1,usa-NM-1038,iphone15pro,train/attack/digital_1/iphone15pro/usa-NM-1038.jpg,1.0,0.9999761581420898,2.384185791015625e-05,0.998065173625946,10.645498275756836,6.245795249938965,True,1.0,0.25,10,0.0019608272705227,0.0,2,0,0.5492557883262634,0.1832356303930282,0.1938086599111557,0.5492558047570872,0.18323563167861448,0.3660201728343963,0.6663929082012126,True,2.834010601043701,0.945445954799652,1.888564646244049,0.6663929364091066,1.0,1.0,0.0,0.7800755500793457,0.472584068775177,False,False,True,output/resnet18_localisation_attack_preserve_cls_full_archive_v2/exact_archive/dev_val/digital_1/iphone15pro/usa-NM-1038__2a32d99f6472__exact.npz,28ea707d5e7d9d34dda8a74337686db34ddd1e9fca9ca6343f02e7c342af9eb8,3985200,float32,float32,512,864,resnet_exact_archive_v1,dev_val,0.0,0.5,0.5,content_mask,True,True,0.1938086635876043,2.8340105885349947,0.9454460305681296,0.6023254137939318,0.08190597448771231,-0.5204194393062195,0.864017070155147,0.6023254137939318,0.6023254137939318,0.6023254137939318,0.0,0.16458971798419952,False,0.08190597448771231,0.08190597448771231,0.08190597448771231,0.0,0.021662816405296326,False,83254,429568,3.1078353394747604,0.4226125549371514,0.4085167502063275,-0.11190268909989198,True,True,True,True,False,False,False,True
dev_val,digital_1,usa-NM-1038,scan,train/attack/digital_1/scan/usa-NM-1038.jpg,1.0,0.9997979998588562,0.0002020001411437,0.996187388896942,8.506861686706543,5.565605163574219,True,1.0,0.25,10,0.0039215851575136,0.0,5,0,0.657404363155365,0.1354096829891204,0.1930936872959137,0.6574043475799135,0.13540967207312013,0.5219946354627609,0.7940237654776692,True,3.4045870304107666,0.7012640833854675,2.703322947025299,0.7940237458694486,1.0,1.0,0.0,0.5376503467559814,0.6393387317657471,False,False,True,output/resnet18_localisation_attack_preserve_cls_full_archive_v2/exact_archive/dev_val/digital_1/scan/usa-NM-1038__3a400d69e124__exact.npz,501471d29c320019b008c6eaeae00ae277416641a7f66a8f52a9b26bb6b219a7,4223734,float32,float32,512,864,resnet_exact_archive_v1,dev_val,0.0,0.5,0.5,content_mask,True,True,0.19309369255514705,3.40458737352159,0.7012640873002493,0.6741536821489222,0.06185464777558787,-0.6122990343733343,0.908248446291325,0.6741536821489222,0.6741536821489222,0.6741536821489222,0.0,0.13071918487548828,False,0.06185464777558787,0.06185464777558787,0.06185464777558787,0.0,0.041543107479810715,False,80673,417792,3.4913293812348933,0.32033489523704844,0.48105998959377516,-0.13123904477955917,True,True,True,True,False,False,False,True
dev_val,digital_2,arabic-024_03,huawei,train/attack/digital_2/huawei/arabic-024_03.jpg,1.0,0.9999984502792358,1.5497207641601562e-06,0.96585351228714,13.358942985534668,3.3423550128936768,True,1.0,0.25,10,0.0039215851575136,0.0,10,0,0.4197141528129577,0.0013823490589857,0.0696895644068718,0.419714152652724,0.001382348995117223,0.418331803753972,0.9967064513160198,True,6.022625923156738,0.0198358129709959,6.002790110185742,0.996706451102213,0.0,0.0,0.0,0.0560388527810573,0.9342533946037292,False,False,True,output/resnet18_localisation_attack_preserve_cls_full_archive_v2/exact_archive/dev_val/digital_2/huawei/arabic-024_03__098c59508303__exact.npz,b360917ef1bbc48bde6f2ff1e0ade9076caf3a7f07f6acd62be7dcfd2beb70f6,4573499,float32,float32,512,864,resnet_exact_archive_v1,dev_val,0.0,0.5,0.5,content_mask,True,True,0.06968956085131894,6.02262587861867,0.019835811536629316,0.6013508972377176,0.0,-0.6013508972377176,1.0,0.6013508972377176,0.6013508972377176,0.6013508972377176,0.0,0.5187146067619324,False,0.0,0.0,0.0,0.0,0.40244483947753906,False,29758,427008,8.628995360161413,0.0,0.5316613363863987,-0.06968956085131894,False,True,True,False,False,False,False,False
dev_val,digital_2,arabic-024_03,iphone15pro,train/attack/digital_2/iphone15pro/arabic-024_03.jpg,1.0,0.9999992847442628,7.152557373046875e-07,0.9799158573150636,14.23469352722168,3.8875374794006343,True,1.0,0.25,10,0.0039215851575136,0.0,10,0,0.4460954964160919,0.0107398247346282,0.0693130567669868,0.44609549461016323,0.010739823903558451,0.4353557033464312,0.9759248321641449,True,6.435952186584473,0.1549465954303741,6.2810055911540985,0.9759248373918384,1.0,0.0,1.0,0.1093175411224365,0.8551287055015564,False,False,True,output/resnet18_localisation_attack_preserve_cls_full_archive_v2/exact_archive/dev_val/digital_2/iphone15pro/arabic-024_03__af12047648ad__exact.npz,43e1303cb01f29ad83fd363f2de7cba4359e0b8cf7b7e8265ca75270dbcf6687,4930071,float32,float32,512,864,resnet_exact_archive_v1,dev_val,0.0,0.5,0.5,content_mask,True,True,0.06931305872379778,6.435951649281376,0.15494661613989724,0.6809700844307008,0.0,-0.6809700844307008,1.0,0.6809700844307008,0.6809700844307008,0.6809700844307008,0.0,0.5975884795188904,False,0.0,0.0,0.0,0.0,0.32145094871520996,False,28781,415232,9.824556829100057,0.0,0.6116570257069031,-0.06931305872379778,False,True,True,False,False,False,False,False
dev_val,digital_2,arabic-024_03,scan,train/attack/digital_2/scan/arabic-024_03.jpg,1.0,0.9999996423721312,3.5762786865234375e-07,0.9271811842918396,14.92149543762207,2.544175624847412,True,1.0,0.25,10,0.0039215851575136,0.0,10,0,0.4242089986801147,0.0691989287734031,0.068115234375,0.42420899531101425,0.06919892437210245,0.3550100773572922,0.8368753960029339,True,6.227813720703125,1.0159095525741575,5.211904168128967,0.836875411158017,1.0,0.0,1.0,0.4261187314987182,0.6559290885925293,False,False,True,output/resnet18_localisation_attack_preserve_cls_full_archive_v2/exact_archive/dev_val/digital_2/scan/arabic-024_03__fbed0fa88c98__exact.npz,df072c9fccb1bbbd665b27ba9ff92f1ad762de5d79ac046ad19e0f8369a56018,4581239,float32,float32,512,864,resnet_exact_archive_v1,dev_val,0.0,0.5,0.5,content_mask,True,True,0.068115234375,6.227813780623349,1.0159096567316548,0.6332950551553747,0.034380763475658556,-0.5989142916797161,0.9457113028188362,0.6332950551553747,0.6332950551553747,0.6332950551553747,0.0,0.5859563946723938,False,0.034380763475658556,0.034380763475658556,0.034380763475658556,0.0,0.37326934933662415,False,28737,421888,9.297406974610805,0.5047441118146861,0.5651798207803747,-0.033734470899341444,False,True,True,False,False,False,False,False
dev_val,digital_2,arabic-120_03,huawei,train/attack/digital_2/huawei/arabic-120_03.jpg,1.0,0.999991536140442,8.463859558105469e-06,0.716090977191925,11.68321418762207,0.9251536130905152,True,1.0,0.25,10,0.0039215851575136,0.0,10,0,0.558602511882782,0.0049535282887518,0.0849244222044944,0.558602517579496,0.004953527958533455,0.5536489845253527,0.9911322849384966,True,6.577642917633057,0.0583286583423614,6.519314259290695,0.9911322856724258,1.0,0.0,1.0,0.0047822799533605,0.9805538654327391,False,False,True,output/resnet18_localisation_attack_preserve_cls_full_archive_v2/exact_archive/dev_val/digital_2/huawei/arabic-120_03__98468458e77c__exact.npz,2d77e1f99e36f512d012ee8ac15bbe934bc35420dc07de503609d28e9903deba,4554560,float32,float32,512,864,resnet_exact_archive_v1,dev_val,0.0,0.5,0.5,content_mask,True,True,0.08492441948130278,6.5776430500355625,0.058328664343994,0.6845142318149032,0.0,-0.6845142318149032,1.0,0.6845142318149032,0.6845142318149032,0.6845142318149032,0.0,0.4050404131412506,False,0.0,0.0,0.0,0.0,0.205659419298172,False,36046,424448,8.060275666242358,0.0,0.5995898123336004,-0.08492441948130278,True,True,True,True,False,False,False,True
dev_val,digital_2,arabic-120_03,iphone15pro,train/attack/digital_2/iphone15pro/arabic-120_03.jpg,1.0,0.9999790191650392,2.09808349609375e-05,0.6694784760475159,10.76909637451172,0.7058272957801819,True,1.0,0.25,10,0.0039215851575136,0.0,10,0,0.5812207460403442,0.0,0.0825123488903045,0.5812207420334087,0.0,0.5812206864356995,1.0,True,7.044044494628906,0.0,7.044044494628906,1.0,1.0,0.0,1.0,0.0006955740391276,0.9995770454406738,False,False,True,output/resnet18_localisation_attack_preserve_cls_full_archive_v2/exact_archive/dev_val/digital_2/iphone15pro/arabic-120_03__d6f31557c840__exact.npz,e7a5d0e398e87d12bad3c77b9c646fb74849651b2ef75b8d77fccf31e034062b,4257284,float32,float32,512,864,resnet_exact_archive_v1,dev_val,0.0,0.5,0.5,content_mask,True,True,0.08251235064338236,7.044045376254514,0.0,0.7113973254431004,0.0,-0.7113973254431004,1.0,0.7113973254431004,0.7113973254431004,0.7113973254431004,0.0,0.49496719241142273,False,0.0,0.0,0.0,0.0,0.19101907312870026,False,34473,417792,8.621707173484285,0.0,0.628884974799718,-0.08251235064338236,True,True,True,True,False,False,False,True
dev_val,digital_2,arabic-120_03,scan,train/attack/digital_2/scan/arabic-120_03.jpg,1.0,0.9999959468841552,4.0531158447265625e-06,0.8866158127784729,12.40422534942627,2.0566296577453613,True,1.0,0.25,10,0.0039215851575136,0.0,7,0,0.5791480541229248,0.0956605076789856,0.0882826820015907,0.579148014387744,0.09566050157564285,0.4834875017404556,0.8348254691388833,True,6.560153961181641,1.0835702419281006,5.47658371925354,0.8348254860572016,1.0,0.0,1.0,0.0885729491710662,0.9253835082054138,False,False,True,output/resnet18_localisation_attack_preserve_cls_full_archive_v2/exact_archive/dev_val/digital_2/scan/arabic-120_03__e0ba0cf07d62__exact.npz,77458e9cd9197100e87f49dc6ccb8a8093742c35951360245922f50b3efb8132,4375156,float32,float32,512,864,resnet_exact_archive_v1,dev_val,0.0,0.5,0.5,content_mask,True,True,0.08828268436352509,6.560154106811743,1.0835703769692575,0.700127271250237,0.057813642394865826,-0.6423136288553711,0.9174240959195513,0.700127271250237,0.700127271250237,0.700127271250237,0.0,0.44236674904823303,False,0.057813642394865826,0.057813642394865826,0.057813642394865826,0.0,0.1475500911474228,False,36929,418304,7.9305163441484785,0.6548695569428351,0.611844586886712,-0.03046904196865926,True,True,True,True,False,False,False,True
dev_val,digital_2,arabic-NF-1048,huawei,train/attack/digital_2/huawei/arabic-NF-1048.jpg,1.0,0.9999995231628418,4.76837158203125e-07,0.971255898475647,14.534346580505373,3.5201563835144043,True,1.0,0.25,10,0.0039215851575136,0.0,7,0,0.665306031703949,0.1279617846012115,0.1107094809412956,0.6653060797001366,0.12796178223061974,0.5373443067073822,0.8076647934912995,True,6.009477138519287,1.155834078788757,4.85364305973053,0.8076647847813345,1.0,1.0,0.0,0.1620588898658752,0.83286052942276,False,False,True,output/resnet18_localisation_attack_preserve_cls_full_archive_v2/exact_archive/dev_val/digital_2/huawei/arabic-NF-1048__c09d0d826273__exact.npz,97f36cf650499b6c78ce6e3dc8b614c5f3465b588d1468fdbbe1bf1d1d7dd866,4415683,float32,float32,512,864,resnet_exact_archive_v1,dev_val,0.0,0.5,0.5,content_mask,True,True,0.11070947739684465,6.009477195121314,1.1558340373329845,0.6990600980581069,0.08701051234290363,-0.6120495857152033,0.8755321429665248,0.6990600980581069,0.6990600980581069,0.6990600980581069,0.0,0.2917463779449463,False,0.08701051234290363,0.08701051234290363,0.08701051234290363,0.0,0.17491571605205536,False,46707,421888,6.314365440930452,0.7859355349588484,0.5883506206612622,-0.02369896505394102,True,True,True,True,False,False,False,True
dev_val,digital_2,arabic-NF-1048,iphone15pro,train/attack/digital_2/iphone15pro/arabic-NF-1048.jpg,1.0,0.9999997615814208,2.384185791015625e-07,0.9524437189102172,15.32920265197754,2.9971179962158203,True,1.0,0.25,10,0.0039215851575136,0.0,8,0,0.7032065987586975,0.0994948670268058,0.108562558889389,0.703206609812572,0.09949486222951671,0.603711798787117,0.8585126179970984,True,6.477432727813721,0.9164749383926392,5.5609577894210815,0.8585126273164754,1.0,0.0,1.0,0.0619688294827938,0.9245155453681946,False,False,True,output/resnet18_localisation_attack_preserve_cls_full_archive_v2/exact_archive/dev_val/digital_2/iphone15pro/arabic-NF-1048__b94c3b91cfb4__exact.npz,bc7cbe76d73d0cdd10c0a371d263d667765ea79eb32b5ccc9ae34e95f8ee9879,4833138,float32,float32,512,864,resnet_exact_archive_v1,dev_val,0.0,0.5,0.5,content_mask,True,True,0.10856255587008343,6.477432335455494,0.9164749432445382,0.7530824488045459,0.09437118044387263,-0.6587112683606733,0.8746867881548975,0.7530824488045459,0.7530824488045459,0.7530824488045459,0.0,0.31286221742630005,False,0.09437118044387263,0.09437118044387263,0.09437118044387263,0.0,0.17352735996246338,False,46635,429568,6.9368526078711525,0.8692792803884096,0.6445198929344624,-0.014191375426210795,True,True,True,True,False,False,False,True
dev_val,digital_2,arabic-NF-1048,scan,train/attack/digital_2/scan/arabic-NF-1048.jpg,1.0,0.9999823570251464,1.7642974853515625e-05,0.9613255858421326,10.945439338684082,3.213134527206421,True,1.0,0.25,10,0.0039215851575136,0.0,10,0,0.6488068103790283,0.19401815533638,0.1050415784120559,0.6488068794411066,0.19401815630097888,0.4547887146472931,0.7009616228667158,True,6.176667213439941,1.8470605611801147,4.329606652259827,0.7009616193728138,0.0,1.0,-1.0,0.1757720112800598,0.8193017244338989,False,False,True,output/resnet18_localisation_attack_preserve_cls_full_archive_v2/exact_archive/dev_val/digital_2/scan/arabic-NF-1048__cdd8866c72c7__exact.npz,4971e97fb060073677a744bb5f867450aa507c9e8fe8842ca6fbd4c25374d6d9,4442343,float32,float32,512,864,resnet_exact_archive_v1,dev_val,0.0,0.5,0.5,content_mask,True,True,0.10504157806804375,6.176667290935243,1.847060562773514,0.7327956260449143,0.14795987528805749,-0.5848357507568569,0.798088484661631,0.7327956260449143,0.7327956260449143,0.7327956260449143,0.0,0.29644304513931274,False,0.14795987528805749,0.14795987528805749,0.14795987528805749,0.0,0.26279014348983765,True,44262,421376,6.976243498267177,1.4085838961045707,0.6277540479768706,0.04291829722001374,True,True,True,True,False,False,False,True
dev_val,digital_2,arabic-NF-1098,huawei,train/attack/digital_2/huawei/arabic-NF-1098.jpg,1.0,0.9999998807907104,1.1920928955078125e-07,0.7997005581855774,16.470735549926758,1.3844242095947266,True,1.0,0.25,10,0.0039215851575136,0.0,10,0,0.5859782695770264,0.0076561318710446,0.1166760250926017,0.5859782889430696,0.007656131975661308,0.5783221377059817,0.9869344442957594,True,5.022268295288086,0.0656187236309051,4.956649571657181,0.986934444802069,1.0,0.0,1.0,0.0239981412887573,0.9530029892921448,False,False,True,output/resnet18_localisation_attack_preserve_cls_full_archive_v2/exact_archive/dev_val/digital_2/huawei/arabic-NF-1098__2b7e373888ff__exact.npz,000ece76d0ee91df0ef42259a40ead3e14c63f9ddc69ad53863b1d45993b650e,4526350,float32,float32,512,864,resnet_exact_archive_v1,dev_val,0.0,0.5,0.5,content_mask,True,True,0.11667602390377588,5.022268237614378,0.06561872542018926,0.743929044754817,0.0,-0.743929044754817,1.0,0.743929044754817,0.743929044754817,0.743929044754817,0.0,0.34754589200019836,False,0.0,0.0,0.0,0.0,0.1750210076570511,False,49045,420352,6.3760232810842465,0.0,0.6272530208510412,-0.11667602390377588,True,True,True,True,False,False,False,True
dev_val,digital_2,arabic-NF-1098,iphone15pro,train/attack/digital_2/iphone15pro/arabic-NF-1098.jpg,1.0,1.0,0.0,0.9994099140167236,17.793052673339844,7.43463134765625,True,1.0,0.25,10,0.0039215851575136,0.0,10,0,0.5577025413513184,0.1101010367274284,0.1229651048779487,0.5577024872688575,0.11010103455014247,0.4476014450192451,0.8025810587840091,True,4.5354533195495605,0.8953843712806702,3.6400689482688895,0.8025810634140547,1.0,0.0,1.0,0.48139488697052,0.6698172688484192,False,False,True,output/resnet18_localisation_attack_preserve_cls_full_archive_v2/exact_archive/dev_val/digital_2/iphone15pro/arabic-NF-1098__bce26a91c0ff__exact.npz,b99aaea51d8ff1141b3b02d871895a871da2de9798cbacf94dee21ef5bb7e091,5056099,float32,float32,512,864,resnet_exact_archive_v1,dev_val,0.0,0.5,0.5,content_mask,True,True,0.12296510541267942,4.535453252344795,0.8953843790125318,0.7003780897915757,0.09818934888758003,-0.6021887409039957,0.8598052247511054,0.7003780897915757,0.7003780897915757,0.7003780897915757,0.0,0.4930712878704071,False,0.09818934888758003,0.09818934888758003,0.09818934888758003,0.0,0.2349645048379898,False,52633,428032,5.6957466709035725,0.7985139244019657,0.5774129843788962,-0.02477575652509939,True,True,True,True,False,False,False,True
dev_val,digital_2,arabic-NF-1098,scan,train/attack/digital_2/scan/arabic-NF-1098.jpg,1.0,0.9999998807907104,1.1920928955078125e-07,0.9977503418922424,15.996232986450195,6.094722270965576,True,1.0,0.25,10,0.0039215851575136,0.0,10,0,0.5501385927200317,0.118659995496273,0.1206750497221946,0.5501385600346418,0.1186600007662471,0.4314785376191139,0.7843088825499249,True,4.558842182159424,0.9833017587661744,3.575540423393249,0.7843088838183019,1.0,0.0,1.0,0.4585275053977966,0.6949934363365173,False,False,True,output/resnet18_localisation_attack_preserve_cls_full_archive_v2/exact_archive/dev_val/digital_2/scan/arabic-NF-1098__7c977c998d30__exact.npz,96793a3c40cf9944fa0fac1c1b632ec593eb5d29f6a450e41b275c1daa203485,4385827,float32,float32,512,864,resnet_exact_archive_v1,dev_val,0.0,0.5,0.5,content_mask,True,True,0.12067505328867235,4.55884248684465,0.9833018302664018,0.683554784528644,0.09610456176319836,-0.5874502227654457,0.859404741304724,0.683554784528644,0.683554784528644,0.683554784528644,0.0,0.4039658308029175,False,0.09610456176319836,0.09610456176319836,0.09610456176319836,0.0,0.11524970084428787,False,50726,420352,5.664424965228573,0.796391293346291,0.5628797312399717,-0.024570491525473998,True,True,True,True,False,False,False,True
dev_val,digital_2,arabic-NM-1090,huawei,train/attack/digital_2/huawei/arabic-NM-1090.jpg,1.0,1.0,0.0,0.9996522665023804,18.098575592041016,7.96383810043335,True,1.0,0.25,10,0.0039215851575136,0.0,8,0,0.7823019027709961,0.0372810363769531,0.1435570418834686,0.7823019126728372,0.03728103830287457,0.7450209222733974,0.9523444367207298,True,5.44941520690918,0.2596949636936188,5.189720243215561,0.9523444344331924,1.0,0.0,1.0,0.0515315160155296,0.9244272708892822,False,False,True,output/resnet18_localisation_attack_preserve_cls_full_archive_v2/exact_archive/dev_val/digital_2/huawei/arabic-NM-1090__725b8ce3558d__exact.npz,416510c7cf5e8e1e160c532f618cea39e81c546386ece570f6d2a07d2c102b3e,4822659,float32,float32,512,864,resnet_exact_archive_v1,dev_val,0.0,0.5,0.5,content_mask,True,True,0.14355704634661837,5.449414936999817,0.25969493836519547,0.7571928556170822,0.03785799963850869,-0.7193348559785735,0.950002170044703,0.7571928556170822,0.7571928556170822,0.7571928556170822,0.0,0.17807604372501373,False,0.03785799963850869,0.03785799963850869,0.03785799963850869,0.0,0.2430122345685959,False,60859,423936,5.274508461178845,0.26371397713979555,0.6136358092704638,-0.10569904670810967,True,True,True,True,False,False,False,True
dev_val,digital_2,arabic-NM-1090,iphone15pro,train/attack/digital_2/iphone15pro/arabic-NM-1090.jpg,1.0,0.9999997615814208,2.384185791015625e-07,0.9419001340866088,15.446123123168944,2.785736560821533,True,1.0,0.25,10,0.0039215851575136,0.0,10,0,0.7658765316009521,0.0079826610162854,0.115948811173439,0.7658765514876676,0.00798266055016247,0.7578939301893115,0.9895770923725806,True,6.60529899597168,0.0688464194536209,6.536452576518059,0.9895770926500664,1.0,0.0,1.0,0.0022560711950063,0.991030752658844,False,False,True,output/resnet18_localisation_attack_preserve_cls_full_archive_v2/exact_archive/dev_val/digital_2/iphone15pro/arabic-NM-1090__dcb62e3c3963__exact.npz,cf19d203ce5e9efa6bbcc5c40a45d4832a564a8fb3e1df38fd5e62f9a46d81a9,4594568,float32,float32,512,864,resnet_exact_archive_v1,dev_val,0.0,0.5,0.5,content_mask,True,True,0.11594881398252185,6.60529871054236,0.06884641831149543,0.7890309555854643,0.004710632570659489,-0.7843203230148048,0.9940298507462686,0.7890309555854643,0.7890309555854643,0.7890309555854643,0.0,0.28139007091522217,False,0.004710632570659489,0.004710632570659489,0.004710632570659489,0.0,0.11113980412483215,False,47552,410112,6.804993759611918,0.04062682841559354,0.6730821416029424,-0.11123818141186237,True,True,True,True,False,False,False,True
dev_val,digital_2,arabic-NM-1090,scan,train/attack/digital_2/scan/arabic-NM-1090.jpg,1.0,1.0,0.0,0.9899744391441344,16.673887252807617,4.592546463012695,True,1.0,0.25,10,0.0039215851575136,0.0,10,0,0.7636985182762146,0.0200174786150455,0.1318036615848541,0.7636985470262748,0.020017480496258358,0.7436810955405235,0.9737887670806715,True,5.794213771820068,0.1518734842538833,5.642340287566185,0.9737887675127704,1.0,0.0,1.0,0.0467957183718681,0.9384764432907104,False,False,True,output/resnet18_localisation_attack_preserve_cls_full_archive_v2/exact_archive/dev_val/digital_2/scan/arabic-NM-1090__871b8ecbf0ff__exact.npz,c6483278708f43752c8e37c1718097edb3dae1b29b22f7d5846f9e964775a413,4485324,float32,float32,512,864,resnet_exact_archive_v1,dev_val,0.0,0.5,0.5,content_mask,True,True,0.13180366432068544,5.7942133169238375,0.15187347483416505,0.7272282076395691,0.0,-0.7272282076395691,1.0,0.7272282076395691,0.7272282076395691,0.7272282076395691,0.0,0.18893785774707794,False,0.0,0.0,0.0,0.0,0.16985127329826355,False,55134,418304,5.517511302797952,0.0,0.5954245433188836,-0.13180366432068544,True,True,True,True,False,False,False,True
dev_val,digital_2,chinese-001_03,huawei,train/attack/digital_2/huawei/chinese-001_03.jpg,1.0,0.9999998807907104,1.1920928955078125e-07,0.7006076574325562,15.89097785949707,0.850193202495575,True,1.0,0.25,10,0.0039215851575136,0.0,10,0,0.5183777809143066,0.0210699662566185,0.084808349609375,0.5183777721827224,0.021069968638281644,0.497307812795043,0.9593540275664931,True,6.112343788146973,0.248442143201828,5.863901644945145,0.9593540298430848,0.0,0.0,0.0,0.1659076511859893,0.7938723564147949,False,False,True,output/resnet18_localisation_attack_preserve_cls_full_archive_v2/exact_archive/dev_val/digital_2/huawei/chinese-001_03__d8bde492bfa3__exact.npz,fb5317ea36cc43c10b620a8dad776cdf9c1e2df45248f833ed001bb0f9f338be,3992720,float32,float32,512,864,resnet_exact_archive_v1,dev_val,0.0,0.5,0.5,content_mask,True,True,0.084808349609375,6.112343590818082,0.2484421490965142,0.6670910953026822,0.00675395133833421,-0.660337143964348,0.9898755186721991,0.6670910953026822,0.6670910953026822,0.6670910953026822,0.0,0.4297283887863159,False,0.00675395133833421,0.00675395133833421,0.00675395133833421,0.0,0.18782643973827362,False,36127,425984,7.865865782971677,0.0796378112466842,0.5822827456933072,-0.07805439827104078,True,True,True,True,False,False,False,True
dev_val,digital_2,chinese-001_03,iphone15pro,train/attack/digital_2/iphone15pro/chinese-001_03.jpg,1.0,1.0,0.0,0.9511114358901978,17.22910499572754,2.968088865280152,True,1.0,0.25,10,0.0039215851575136,0.0,10,0,0.5508123636245728,0.0922479331493377,0.090872474014759,0.5508123714587047,0.09224793928902204,0.458564430475235,0.8325238428383085,True,6.061377048492432,1.0151361227035522,5.046240925788879,0.8325238448982424,0.0,0.0,0.0,0.2648252844810486,0.7339044809341431,False,False,True,output/resnet18_localisation_attack_preserve_cls_full_archive_v2/exact_archive/dev_val/digital_2/iphone15pro/chinese-001_03__5fad7f364737__exact.npz,3e19daceba199018b525a9baf712f6fe23b5c039b4cf8d07a755e5f8afe8bae0,4445659,float32,float32,512,864,resnet_exact_archive_v1,dev_val,0.0,0.5,0.5,content_mask,True,True,0.09087247670807454,6.061377343419119,1.0151361845827769,0.7024082874993325,0.08372937469963154,-0.618678912799701,0.8807967158278851,0.7024082874993325,0.7024082874993325,0.7024082874993325,0.0,0.40356674790382385,False,0.08372937469963154,0.08372937469963154,0.08372937469963154,0.0,0.2772105634212494,False,37454,412160,7.729604308637926,0.9213942189405707,0.611535810791258,-0.007143102008442995,True,True,True,True,False,False,False,True
dev_val,digital_2,chinese-001_03,scan,train/attack/digital_2/scan/chinese-001_03.jpg,1.0,0.9999998807907104,1.1920928955078125e-07,0.9596021771430968,15.648504257202148,3.167742252349853,True,1.0,0.25,10,0.0039215851575136,0.0,10,0,0.5708537101745605,0.0966880396008491,0.0904256328940391,0.5708536759838417,0.0966880460915702,0.4741656705737114,0.8306255172572331,True,6.312963485717773,1.069254755973816,5.2437087297439575,0.830625544026532,1.0,0.0,1.0,0.1729365289211273,0.8248841762542725,False,False,True,output/resnet18_localisation_attack_preserve_cls_full_archive_v2/exact_archive/dev_val/digital_2/scan/chinese-001_03__4b7a86ad268d__exact.npz,3e896350d2f8602e76987679751a0893f0babdcb2f59a1a6543798a440548906,4323819,float32,float32,512,864,resnet_exact_archive_v1,dev_val,0.0,0.5,0.5,content_mask,True,True,0.09042563339438339,6.312962979137939,1.0692548391657246,0.6928899203544491,0.1360567540482093,-0.5568331663062398,0.8036387165531154,0.6928899203544491,0.6928899203544491,0.6928899203544491,0.0,0.3997773826122284,False,0.1360567540482093,0.1360567540482093,0.1360567540482093,0.0,0.42257675528526306,False,37918,419328,7.66253875527165,1.5046259444466352,0.6024642869600657,0.04563112065382591,True,True,True,True,False,False,False,True
dev_val,digital_2,chinese-113_03,huawei,train/attack/digital_2/huawei/chinese-113_03.jpg,1.0,0.99998140335083,1.8596649169921875e-05,0.5014360547065735,10.8914213180542,0.0057442188262939,True,1.0,0.25,10,0.0039215772412717,0.0,10,6,0.4820786714553833,0.128685787320137,0.078276515007019,0.48207865904679414,0.1286857934368676,0.3533928841352463,0.7330605887194513,True,6.158662796020508,1.6439896821975708,4.514673113822937,0.7330606112645339,1.0,0.0,1.0,0.5159987211227417,0.5562515258789062,False,False,True,output/resnet18_localisation_attack_preserve_cls_full_archive_v2/exact_archive/dev_val/digital_2/huawei/chinese-113_03__8d4683b83d83__exact.npz,e082e9949ae8665eafbb1d4b5feb24d68cf14b9be92d4a46889665ee12821d09,3258406,float32,float32,512,864,resnet_exact_archive_v1,dev_val,0.0,0.5,0.5,content_mask,True,True,0.07827651515151515,6.15866276256248,1.643989812113866,0.6432071134768933,0.13673481732397774,-0.5064722961529156,0.7874171251234307,0.6432071134768933,0.6432071134768933,0.6432071134768933,0.0,0.5588251352310181,False,0.13673481732397774,0.13673481732397774,0.13673481732397774,0.0,0.18396106362342834,False,33064,422400,8.217114829804007,1.7468178937106278,0.5649305983253782,0.05845830217246259,False,True,True,False,False,False,False,False
dev_val,digital_2,chinese-113_03,iphone15pro,train/attack/digital_2/iphone15pro/chinese-113_03.jpg,1.0,1.0,0.0,0.8522924780845642,20.457231521606445,1.7526960372924805,True,1.0,0.25,10,0.0039215851575136,0.0,10,0,0.47084841132164,0.0783965811133384,0.077570766210556,0.4708484269682498,0.0783965790773576,0.3924518078565597,0.833499328898376,True,6.069920539855957,1.010645866394043,5.059274673461914,0.8334993251134015,0.0,0.0,0.0,0.2885443866252899,0.7180368304252625,False,False,True,output/resnet18_localisation_attack_preserve_cls_full_archive_v2/exact_archive/dev_val/digital_2/iphone15pro/chinese-113_03__4c9271537386__exact.npz,ef2f5227656112caa011fa47d3b7b8023b1446438ad10ac3e4965ceaa4ced4b5,4057547,float32,float32,512,864,resnet_exact_archive_v1,dev_val,0.0,0.5,0.5,content_mask,True,True,0.0775707675030979,6.069920952496001,1.0106459121243931,0.6376712115066613,0.053352469501731614,-0.5843187420049296,0.9163323221450239,0.6376712115066613,0.6376712115066613,0.6376712115066613,0.0,0.5734485983848572,False,0.053352469501731614,0.053352469501731614,0.053352469501731614,0.0,0.2955286502838135,False,32051,413184,8.220509246362619,0.6877909194285193,0.5601004440035634,-0.02421829800136628,False,True,True,False,False,False,False,False
dev_val,digital_2,chinese-113_03,scan,train/attack/digital_2/scan/chinese-113_03.jpg,1.0,0.999998927116394,1.0728836059570312e-06,0.5002378821372986,13.793985366821287,0.0009515434503555,True,1.0,0.25,10,0.0039215851575136,0.0,10,3,0.4568353295326233,0.081109270453453,0.0766176208853721,0.45683529533605827,0.08110926461703231,0.375726006925106,0.8224540322407301,True,5.962535381317139,1.0586241483688354,4.903911232948303,0.8224540265730075,1.0,0.0,1.0,0.2839754819869995,0.7354038953781128,False,False,True,output/resnet18_localisation_attack_preserve_cls_full_archive_v2/exact_archive/dev_val/digital_2/scan/chinese-113_03__9ea16bc95786__exact.npz,d8a7d29da5eafb650cd7cf74e2893f2952cb368f88b4fd917d544e30b26ef31a,4206466,float32,float32,512,864,resnet_exact_archive_v1,dev_val,0.0,0.5,0.5,content_mask,True,True,0.07661761886503067,5.96253579925027,1.0586241887771808,0.6357011041256139,0.06365143411216415,-0.5720496700134498,0.8998720724266878,0.6357011041256139,0.6357011041256139,0.6357011041256139,0.0,0.5708063840866089,False,0.06365143411216415,0.06365143411216415,0.06365143411216415,0.0,0.24936623871326447,False,31971,417280,8.297061609881961,0.8307675839455712,0.5590834852605832,-0.012966184752866525,False,True,True,False,False,False,False,False
dev_val,digital_2,chinese-142_03,huawei,train/attack/digital_2/huawei/chinese-142_03.jpg,1.0,1.0,0.0,0.9988452196121216,24.866783142089844,6.762675285339356,True,1.0,0.25,10,0.0039215851575136,0.0,10,0,0.4896414875984192,0.0449101999402046,0.0874492973089218,0.48964147758995236,0.04491020133882262,0.4447312280535698,0.908279417912319,True,5.599146842956543,0.5135570168495178,5.085589826107025,0.9082794162657928,1.0,0.0,1.0,0.2354747056961059,0.7311147451400757,False,False,True,output/resnet18_localisation_attack_preserve_cls_full_archive_v2/exact_archive/dev_val/digital_2/huawei/chinese-142_03__17a1befbac73__exact.npz,70a8074917405bc5618a10f52fe429e0c2b6ae4223dab54f1c1f45633a357f46,4146814,float32,float32,512,864,resnet_exact_archive_v1,dev_val,0.0,0.5,0.5,content_mask,True,True,0.0874492938701923,5.599147299196775,0.513557049476995,0.6599377214646194,0.0,-0.6599377214646194,1.0,0.6599377214646194,0.6599377214646194,0.6599377214646194,0.0,0.4811975657939911,False,0.0,0.0,0.0,0.0,0.25224947929382324,False,37252,425984,7.546518585321175,0.0,0.5724884275944271,-0.0874492938701923,False,True,True,False,False,False,False,False
dev_val,digital_2,chinese-142_03,iphone15pro,train/attack/digital_2/iphone15pro/chinese-142_03.jpg,1.0,1.0,0.0,0.9753791689872742,21.102075576782227,3.679234981536865,True,1.0,0.25,10,0.0039215851575136,0.0,10,0,0.4860125184059143,0.0451961234211921,0.0867438614368438,0.48601248617467463,0.04519612471647873,0.440816331654787,0.907006247777274,True,5.602845668792725,0.5210297107696533,5.081815958023071,0.9070062354792788,1.0,0.0,1.0,0.2655466198921203,0.7002395391464233,False,False,True,output/resnet18_localisation_attack_preserve_cls_full_archive_v2/exact_archive/dev_val/digital_2/iphone15pro/chinese-142_03__b76181f67b96__exact.npz,aa1091cac4c63b82ccbcfb49a5566bf9a16eafd06cbde6fb5ffdf5b02b99c8c6,4372552,float32,float32,512,864,resnet_exact_archive_v1,dev_val,0.0,0.5,0.5,content_mask,True,True,0.08674385815822003,5.602846086096288,0.5210296806725082,0.6664069023100473,0.016754801001948233,-0.649652101308099,0.9748580020046775,0.6664069023100473,0.6664069023100473,0.6664069023100473,0.0,0.46941477060317993,False,0.016754801001948233,0.016754801001948233,0.016754801001948233,0.0,0.17042569816112518,False,35930,414208,7.682467859505707,0.1931525915228214,0.5796630441518272,-0.0699890571562718,False,True,True,False,False,False,False,False
dev_val,digital_2,chinese-142_03,scan,train/attack/digital_2/scan/chinese-142_03.jpg,1.0,1.0,0.0,0.9833643436431884,18.428131103515625,4.079428672790527,True,1.0,0.25,10,0.0039215851575136,0.0,10,0,0.4815962314605713,0.0561248399317264,0.0841371864080429,0.48159623505858196,0.056124842242081814,0.4254714213311672,0.8834607952546499,True,5.723940849304199,0.6670634150505066,5.056877434253693,0.8834608126442126,1.0,0.0,1.0,0.2592083811759949,0.7431929111480713,False,False,True,output/resnet18_localisation_attack_preserve_cls_full_archive_v2/exact_archive/dev_val/digital_2/scan/chinese-142_03__91ef7aa56902__exact.npz,aed41c47e9d85a89dd0f628f8fbbe08cc9c0bb2784996aabf726d4e6923e14a3,4424102,float32,float32,512,864,resnet_exact_archive_v1,dev_val,0.0,0.5,0.5,content_mask,True,True,0.08413718673594132,5.723940313930843,0.6670634521953498,0.6528179805891368,0.0338554969067484,-0.6189624836823884,0.9481394540079986,0.6528179805891368,0.6528179805891368,0.6528179805891368,0.0,0.4888913929462433,False,0.0338554969067484,0.0338554969067484,0.0338554969067484,0.0,0.26613152027130127,False,35238,418816,7.758970865498038,0.40238446542075984,0.5686807938531955,-0.05028168982919293,False,True,True,False,False,False,False,False
dev_val,digital_2,chinese-NF-1050,huawei,train/attack/digital_2/huawei/chinese-NF-1050.jpg,1.0,0.9999151229858398,8.487701416015625e-05,0.9999992847442628,9.373783111572266,14.21746063232422,True,1.0,0.25,10,0.0019608272705227,0.0,2,0,0.6270044445991516,0.3167524635791778,0.1848707944154739,0.6270043957670943,0.31675244726253615,0.3102520406246185,0.49481622553058413,True,3.3915820121765137,1.713371753692627,1.6782102584838867,0.4948163578114132,1.0,0.0,1.0,0.6948521137237549,0.538972020149231,False,False,True,output/resnet18_localisation_attack_preserve_cls_full_archive_v2/exact_archive/dev_val/digital_2/huawei/chinese-NF-1050__c34f17520ff5__exact.npz,ca43c5764b6b521b34f5eb7b6e1d3bf48b98552656e095112e5a13de22c3309d,3592815,float32,float32,512,864,resnet_exact_archive_v1,dev_val,0.0,0.5,0.5,content_mask,True,True,0.18487079326923078,3.391581680801121,1.713372034928436,0.6566563388866314,0.2013028240552621,-0.4553535148313693,0.6934426546516349,0.6566563388866314,0.6566563388866314,0.6566563388866314,0.0,0.232086643576622,False,0.2013028240552621,0.2013028240552621,0.2013028240552621,0.0,0.016029881313443184,False,78752,425984,3.551974475115334,1.088883865836509,0.47178554561740066,0.01643203078603131,True,True,True,True,False,False,False,True
dev_val,digital_2,chinese-NF-1050,iphone15pro,train/attack/digital_2/iphone15pro/chinese-NF-1050.jpg,1.0,0.9999990463256836,9.5367431640625e-07,0.9694218635559082,13.812285423278809,3.456413745880127,True,1.0,0.25,10,0.0039215851575136,0.0,9,0,0.625856876373291,0.0926964953541755,0.2003243863582611,0.6258568716539944,0.09269649603314718,0.5331603735685349,0.8518886661926841,True,3.1242170333862305,0.4627319872379303,2.6614850461483,0.8518886548875924,1.0,0.0,1.0,0.2327638864517212,0.7927900552749634,False,False,True,output/resnet18_localisation_attack_preserve_cls_full_archive_v2/exact_archive/dev_val/digital_2/iphone15pro/chinese-NF-1050__63d8a3b3944f__exact.npz,bda4aa403982de169df098bd3d82976a240301da3027f48fff1c3db648b8a064,4557607,float32,float32,512,864,resnet_exact_archive_v1,dev_val,0.0,0.5,0.5,content_mask,True,True,0.20032438435162095,3.124217122541878,0.4627319651233318,0.6339687325244961,0.11709499379999513,-0.516873738724501,0.8152984716868972,0.6339687325244961,0.6339687325244961,0.6339687325244961,0.0,0.18226003646850586,False,0.11709499379999513,0.11709499379999513,0.11709499379999513,0.0,0.05436398461461067,False,82258,410624,3.164710749399921,0.5845269120830704,0.4336443481728752,-0.08322939055162581,True,True,True,True,False,False,False,True
dev_val,digital_2,chinese-NF-1050,scan,train/attack/digital_2/scan/chinese-NF-1050.jpg,1.0,0.9999994039535522,5.960464477539062e-07,0.8330361247062683,14.297822952270508,1.607299566268921,True,1.0,0.25,10,0.0039215851575136,0.0,9,0,0.6722811460494995,0.1122037470340728,0.185078889131546,0.6722810862076972,0.112203738201157,0.5600774064660072,0.8330999629424465,True,3.6324031352996826,0.6062481999397278,3.026154935359955,0.8330999678840133,1.0,0.0,1.0,0.2671869993209839,0.770148754119873,False,False,True,output/resnet18_localisation_attack_preserve_cls_full_archive_v2/exact_archive/dev_val/digital_2/scan/chinese-NF-1050__cf7e1120b238__exact.npz,4b0a69472e8c334318d8e4a2b9d8c281f21e0e8cae1f8b086d8cc9e33b83bbd5,4412340,float32,float32,512,864,resnet_exact_archive_v1,dev_val,0.0,0.5,0.5,content_mask,True,True,0.1850788890586797,3.6324028614335853,0.6062481721812288,0.6783935805144877,0.21767680677038986,-0.46071677374409786,0.679129029190834,0.6783935805144877,0.6783935805144877,0.6783935805144877,0.0,0.22325877845287323,False,0.21767680677038986,0.21767680677038986,0.21767680677038986,0.0,0.012343992479145527,False,77514,418816,3.665429287828724,1.176129854017953,0.49331469145580803,0.03259791771171017,True,True,True,True,False,False,False,True
dev_val,digital_2,chinese-NF-1085,huawei,train/attack/digital_2/huawei/chinese-NF-1085.jpg,1.0,1.0,0.0,1.0,20.162498474121094,19.14211654663086,True,1.0,0.25,10,0.0029412410221993,0.0,3,0,0.53733891248703,0.2070434391498565,0.1154059469699859,0.5373389561828456,0.2070434519743402,0.3302954435348511,0.6146874340823197,True,4.656076431274414,1.7940449714660645,2.8620314598083496,0.6146873879870961,1.0,0.0,1.0,0.4330561757087707,0.703665018081665,False,False,True,output/resnet18_localisation_attack_preserve_cls_full_archive_v2/exact_archive/dev_val/digital_2/huawei/chinese-NF-1085__ca46c08ac27c__exact.npz,732abc7cc9609a8fe4df58b1984378041a400ce10034da5367ee5f9013e8865d,3761038,float32,float32,512,864,resnet_exact_archive_v1,dev_val,0.0,0.5,0.5,content_mask,True,True,0.1154059491576414,4.656076745652472,1.7940448779769964,0.6989939310007739,0.17186672640625636,-0.5271272045945176,0.7541227201212051,0.6989939310007739,0.6989939310007739,0.6989939310007739,0.0,0.43421098589897156,False,0.17186672640625636,0.17186672640625636,0.17186672640625636,0.0,0.15886035561561584,False,49102,425472,6.0568275388122945,1.4892362799381431,0.5835879818431325,0.056460777248614966,True,True,True,True,False,False,False,True
dev_val,digital_2,chinese-NF-1085,iphone15pro,train/attack/digital_2/iphone15pro/chinese-NF-1085.jpg,1.0,1.0,0.0,1.0,22.98643493652344,21.23089027404785,True,1.0,0.25,10,0.0039215851575136,0.0,5,0,0.5494242906570435,0.1786003410816192,0.1255745887756347,0.5494242728869283,0.17860034609666314,0.3708238899707794,0.674931824256299,True,4.375281810760498,1.4222649335861206,2.953016877174377,0.6749318112291133,1.0,0.0,1.0,0.4555028676986694,0.6544721126556396,False,False,True,output/resnet18_localisation_attack_preserve_cls_full_archive_v2/exact_archive/dev_val/digital_2/iphone15pro/chinese-NF-1085__ddffe2a0abec__exact.npz,542821b701a306d6118b79f857e9d3d549d77ecfefb078340a513bcbb73ae75d,4820230,float32,float32,512,864,resnet_exact_archive_v1,dev_val,0.0,0.5,0.5,content_mask,True,True,0.12557459054388134,4.375282216786803,1.4222650085747421,0.7275733456377129,0.2288230091898335,-0.4987503364478794,0.685498361695381,0.7275733456377129,0.7275733456377129,0.7275733456377129,0.0,0.42896267771720886,False,0.2288230091898335,0.2288230091898335,0.2288230091898335,0.0,0.3369569182395935,False,52014,414208,5.793953557694193,1.8222078861556994,0.6019987550938316,0.10324841864595216,True,True,True,True,False,False,False,True
dev_val,digital_2,chinese-NF-1085,scan,train/attack/digital_2/scan/chinese-NF-1085.jpg,1.0,1.0,0.0,0.9998958110809326,21.03282928466797,9.16921043395996,True,1.0,0.25,10,0.0039215851575136,0.0,10,0,0.5641142129898071,0.1490015238523483,0.1187648400664329,0.5641142121560216,0.1490015402683774,0.4151126891374588,0.7358663599364044,True,4.749841690063477,1.2545928955078125,3.495248794555664,0.7358663767400117,1.0,1.0,0.0,0.4295051693916321,0.5973087549209595,False,False,True,output/resnet18_localisation_attack_preserve_cls_full_archive_v2/exact_archive/dev_val/digital_2/scan/chinese-NF-1085__94c7891c6243__exact.npz,f96faaf7ddd3509dfaefe2d3feb06241451afc1bcb119214753bc8e905b23261,4736292,float32,float32,512,864,resnet_exact_archive_v1,dev_val,0.0,0.5,0.5,content_mask,True,True,0.11876483992034313,4.74984189373201,1.2545930291179976,0.700255950341603,0.11608456438058001,-0.584171385961023,0.8342255223622863,0.700255950341603,0.700255950341603,0.700255950341603,0.0,0.38795286417007446,False,0.11608456438058001,0.11608456438058001,0.11608456438058001,0.0,0.39184948801994324,False,49619,417792,5.896155384129447,0.9774320788748521,0.5814911104212599,-0.002680275539763119,True,True,True,True,False,False,False,True
dev_val,digital_2,chinese-NM-1092,huawei,train/attack/digital_2/huawei/chinese-NM-1092.jpg,1.0,0.9999992847442628,7.152557373046875e-07,0.9836392998695374,14.21948528289795,4.096378803253174,True,1.0,0.25,10,0.0039215851575136,0.0,9,0,0.7238802909851074,0.036262534558773,0.1235678642988205,0.7238803004171888,0.036262535164240585,0.6876176930963993,0.9499053432682977,True,5.858159065246582,0.2934625446796417,5.56469652056694,0.9499053300855892,1.0,0.0,1.0,0.0894398391246795,0.8824142813682556,False,False,True,output/resnet18_localisation_attack_preserve_cls_full_archive_v2/exact_archive/dev_val/digital_2/huawei/chinese-NM-1092__9de47aa6d7b2__exact.npz,3f42074969abcec270d10349e728c9d4fee1fbaa815b644d669eb7689969db0c,4300394,float32,float32,512,864,resnet_exact_archive_v1,dev_val,0.0,0.5,0.5,content_mask,True,True,0.12356786408492823,5.85815985230323,0.29346250688056996,0.7151122119075078,0.02943790058800174,-0.6856743113195061,0.958834571556989,0.7151122119075078,0.7151122119075078,0.7151122119075078,0.0,0.2019522488117218,False,0.02943790058800174,0.02943790058800174,0.02943790058800174,0.0,0.19780096411705017,False,52891,428032,5.787202175931527,0.23823265705854607,0.5915443478225796,-0.09412996349692648,True,True,True,True,False,False,False,True
dev_val,digital_2,chinese-NM-1092,iphone15pro,train/attack/digital_2/iphone15pro/chinese-NM-1092.jpg,1.0,0.9999997615814208,2.384185791015625e-07,0.9790615439414978,15.347105026245115,3.845004558563232,True,1.0,0.25,10,0.0039215851575136,0.0,10,0,0.723752498626709,0.1258215755224228,0.1263667047023773,0.7237524346777847,0.12582156968362576,0.5979308784008026,0.8261538564085913,True,5.72739839553833,0.9956860542297364,4.731712341308594,0.8261538685687763,1.0,1.0,0.0,0.1057464480400085,0.8682651519775391,False,False,True,output/resnet18_localisation_attack_preserve_cls_full_archive_v2/exact_archive/dev_val/digital_2/iphone15pro/chinese-NM-1092__ffea6d304ce1__exact.npz,4323a630b340c3dae70204301d170c5840211b4573466ca68f37681116328047,4575921,float32,float32,512,864,resnet_exact_archive_v1,dev_val,0.0,0.5,0.5,content_mask,True,True,0.12636670285359802,5.727398265002507,0.9956861011828106,0.7252435376236864,0.07626371097645164,-0.6489798266472347,0.894843997884717,0.7252435376236864,0.7252435376236864,0.7252435376236864,0.0,0.20907801389694214,False,0.07626371097645164,0.07626371097645164,0.07626371097645164,0.0,0.1744835078716278,False,52148,412672,5.739198073909678,0.6035111248000739,0.5988768347700884,-0.05010299187714638,True,True,True,True,False,False,False,True
dev_val,digital_2,chinese-NM-1092,scan,train/attack/digital_2/scan/chinese-NM-1092.jpg,1.0,0.9999592304229736,4.076957702636719e-05,0.9355929493904114,10.107921600341797,2.675958633422852,True,1.0,0.25,10,0.0039215851575136,0.0,10,0,0.7629156112670898,0.1121482923626899,0.1261618882417678,0.7629156354822573,0.11214829179752288,0.6507673263549805,0.8530004019033753,True,6.047115802764893,0.8889235854148865,5.158192217350006,0.8530004030998631,1.0,1.0,0.0,0.1772839426994323,0.8236725926399231,False,False,True,output/resnet18_localisation_attack_preserve_cls_full_archive_v2/exact_archive/dev_val/digital_2/scan/chinese-NM-1092__58a084792efd__exact.npz,6c29e036bf1b92e89699d07a519b558b62117cc0c8ab027ec1de55cf1cf3ac83,4483539,float32,float32,512,864,resnet_exact_archive_v1,dev_val,0.0,0.5,0.5,content_mask,True,True,0.12616189552919707,6.047116146140173,0.8889236431262156,0.7182891688795977,0.10300016950110176,-0.6152889993784959,0.8566034767560764,0.7182891688795977,0.7182891688795977,0.7182891688795977,0.0,0.18354924023151398,False,0.10300016950110176,0.10300016950110176,0.10300016950110176,0.0,0.1574610322713852,False,53097,420864,5.6933923342438,0.8164126661941672,0.5921272733504006,-0.02316172602809531,True,True,True,True,False,False,False,True
dev_val,digital_2,french-019_03,huawei,train/attack/digital_2/huawei/french-019_03.jpg,1.0,0.9999998807907104,1.1920928955078125e-07,0.9841933846473694,16.54863739013672,4.131397724151611,True,1.0,0.25,10,0.0039215851575136,0.0,10,0,0.5210191011428833,0.0116367787122726,0.0741555914282798,0.5210190739188093,0.011636778589253266,0.5093823233619332,0.9776653501344432,True,7.026025295257568,0.1569238007068634,6.869101494550705,0.9776653521568184,1.0,0.0,1.0,0.0566808655858039,0.9132469296455384,False,False,True,output/resnet18_localisation_attack_preserve_cls_full_archive_v2/exact_archive/dev_val/digital_2/huawei/french-019_03__0e88fbc99fcd__exact.npz,16f07031c475b6a3afc5036998746ecf7b31d10a7d4bbaf18cee51f3afa8274b,4661931,float32,float32,512,864,resnet_exact_archive_v1,dev_val,0.0,0.5,0.5,content_mask,True,True,0.07415559505988024,7.026025123230273,0.15692381107395376,0.706463110746617,0.0,-0.706463110746617,1.0,0.706463110746617,0.706463110746617,0.706463110746617,0.0,0.5388228893280029,False,0.0,0.0,0.0,0.0,0.2538803815841675,False,31703,427520,9.5267674701572,0.0,0.6323075156867368,-0.07415559505988024,True,True,True,True,False,False,False,True
dev_val,digital_2,french-019_03,iphone15pro,train/attack/digital_2/iphone15pro/french-019_03.jpg,1.0,1.0,0.0,0.9995452761650084,17.959819793701172,7.6955366134643555,True,1.0,0.25,10,0.0039215851575136,0.0,5,0,0.4402709901332855,0.0776902586221695,0.0683956816792488,0.4402710122036511,0.07769025847086376,0.362580731511116,0.8235399190103221,True,6.437117099761963,1.1358942985534668,5.301222801208496,0.8235399044402236,0.0,1.0,-1.0,0.1554014086723327,0.8628998398780823,False,False,True,output/resnet18_localisation_attack_preserve_cls_full_archive_v2/exact_archive/dev_val/digital_2/iphone15pro/french-019_03__dba817be7ec2__exact.npz,f461dbb58f570df1979dcd86782b37a5dfcccf62cbc6a64d158160ad9700bc71,4916681,float32,float32,512,864,resnet_exact_archive_v1,dev_val,0.0,0.5,0.5,content_mask,True,True,0.0683956784386617,6.437117406452703,1.1358942588827097,0.7206298655343242,0.10318471337579618,-0.617445152158528,0.856813159833047,0.7206298655343242,0.7206298655343242,0.7206298655343242,0.0,0.6156724691390991,False,0.10318471337579618,0.10318471337579618,0.10318471337579618,0.0,0.3803535997867584,False,28260,413184,10.536190034003335,1.5086437583674797,0.6522341870956625,0.03478903493713448,False,True,True,False,False,False,False,False
dev_val,digital_2,french-019_03,scan,train/attack/digital_2/scan/french-019_03.jpg,1.0,0.9999986886978148,1.3113021850585938e-06,0.9989898800849916,13.549358367919922,6.896706581115723,True,1.0,0.25,10,0.0039215851575136,0.0,6,0,0.4441244304180145,0.1555930525064468,0.0693335607647895,0.4441243773799149,0.15559304744107216,0.2885313630104065,0.6496633480040344,True,6.405619144439697,2.2441229820251465,4.161496162414551,0.6496633765725638,0.0,1.0,-1.0,0.1861659586429596,0.8233175277709961,False,False,True,output/resnet18_localisation_attack_preserve_cls_full_archive_v2/exact_archive/dev_val/digital_2/scan/french-019_03__5ebe8067fcfe__exact.npz,990edc49da6d35d6c6ae0b511afc8ba6d517523dc046bc49b0eb951c12516c70,4676316,float32,float32,512,864,resnet_exact_archive_v1,dev_val,0.0,0.5,0.5,content_mask,True,True,0.06933356143552312,6.405618984291312,2.2441231089184166,0.6781357093899931,0.1653529814941741,-0.512782727895819,0.7561653527390337,0.6781357093899931,0.6781357093899931,0.6781357093899931,0.0,0.5789772272109985,False,0.1653529814941741,0.1653529814941741,0.1653529814941741,0.0,0.2724526524543762,False,29180,420864,9.780771322711105,2.3848909254134365,0.60880214795447,0.09601942005865098,False,True,True,False,False,False,False,False
dev_val,digital_2,french-114_03,huawei,train/attack/digital_2/huawei/french-114_03.jpg,1.0,1.0,0.0,0.9913439750671388,22.00347900390625,4.740801811218262,True,1.0,0.25,10,0.0039215851575136,0.0,10,0,0.5510563850402832,0.1164948493242263,0.0830867365002632,0.5510563809183328,0.11649484433515586,0.4345615282654762,0.7885972318458271,True,6.632302284240723,1.4020872116088867,5.230215072631836,0.7885972093068734,1.0,1.0,0.0,0.1441375911235809,0.8542051315307617,False,False,True,output/resnet18_localisation_attack_preserve_cls_full_archive_v2/exact_archive/dev_val/digital_2/huawei/french-114_03__cdc4093b2a79__exact.npz,e1edcb3deca30c968b2400f577292f63a6f0c1bc74d75eb9dce6d835cda74d72,4760545,float32,float32,512,864,resnet_exact_archive_v1,dev_val,0.0,0.5,0.5,content_mask,True,True,0.08308673854041013,6.632302466058655,1.4020871005605466,0.7550048205070039,0.11790393013100436,-0.6371008903759996,0.8438368511980772,0.7550048205070039,0.7550048205070039,0.7550048205070039,0.0,0.486969918012619,False,0.11790393013100436,0.11790393013100436,0.11790393013100436,0.0,0.2528064548969269,False,35266,424448,9.086947372952896,1.4190463147576857,0.6719180819665937,0.03481719159059424,True,True,True,True,False,False,False,True
dev_val,digital_2,french-114_03,iphone15pro,train/attack/digital_2/iphone15pro/french-114_03.jpg,1.0,1.0,0.0,0.9941028952598572,19.33314514160156,5.12738037109375,True,1.0,0.25,10,0.0039215851575136,0.0,10,0,0.5765646696090698,0.0935812518000602,0.0818616226315498,0.5765646491941638,0.0935812432861382,0.4829834848642349,0.8376916735756655,True,7.043162822723389,1.143163800239563,5.899999022483826,0.8376916977481526,1.0,1.0,0.0,0.044004388153553,0.9611629247665404,False,False,True,output/resnet18_localisation_attack_preserve_cls_full_archive_v2/exact_archive/dev_val/digital_2/iphone15pro/french-114_03__a7ce04efa6f1__exact.npz,f75d51208eeb97d6bf5dc7a0131dec5839e867eb5b00115f589bca24f6aab5af,4883528,float32,float32,512,864,resnet_exact_archive_v1,dev_val,0.0,0.5,0.5,content_mask,True,True,0.08186162375930521,7.043161651537919,1.1431637803971708,0.7616482150257533,0.08471967319874489,-0.6769285418270085,0.8887679751263118,0.7616482150257533,0.7616482150257533,0.7616482150257533,0.0,0.5054692029953003,False,0.08471967319874489,0.08471967319874489,0.08471967319874489,0.0,0.33136263489723206,False,33782,412672,9.304093665002299,1.0349131779726615,0.6797865912664481,0.0028580494394396805,True,True,True,True,False,False,False,True
dev_val,digital_2,french-114_03,scan,train/attack/digital_2/scan/french-114_03.jpg,1.0,1.0,0.0,0.9316498637199402,19.750104904174805,2.612312793731689,True,1.0,0.25,10,0.0039215851575136,0.0,10,0,0.5271586775779724,0.1698059439659118,0.0782779976725578,0.5271586381634306,0.16980594484442138,0.3573526740074157,0.677884544515843,True,6.734441757202148,2.1692678928375244,4.565173864364624,0.6778845268774355,1.0,1.0,0.0,0.3080641329288482,0.705849826335907,False,False,True,output/resnet18_localisation_attack_preserve_cls_full_archive_v2/exact_archive/dev_val/digital_2/scan/french-114_03__920ee2ce7a9d__exact.npz,0dfb08a03e0c8ef1dc641e13619813a7fbab3c116072c1869d2d213ad758957c,4536437,float32,float32,512,864,resnet_exact_archive_v1,dev_val,0.0,0.5,0.5,content_mask,True,True,0.07827799877600979,6.734441942899942,2.169267833868826,0.7364402638651356,0.1312301490349377,-0.6052101148301979,0.8218047607199138,0.7364402638651356,0.7364402638651356,0.7364402638651356,0.0,0.5553802251815796,False,0.1312301490349377,0.1312301490349377,0.1312301490349377,0.0,0.17718863487243652,False,32744,418304,9.408010876369463,1.6764627492643107,0.6581622650891258,0.052952150258927924,True,True,True,True,False,False,False,True
dev_val,digital_2,french-124_03,huawei,train/attack/digital_2/huawei/french-124_03.jpg,1.0,0.9999604225158693,3.9577484130859375e-05,0.9036628007888794,10.13837432861328,2.2386021614074707,True,1.0,0.25,10,0.0039215851575136,0.0,10,0,0.5102235078811646,0.0369998514652252,0.0764492154121398,0.5102235656841617,0.0369998548835963,0.4732237681746483,0.9274830537590262,True,6.674020767211914,0.48397958278656,6.190041184425354,0.9274830571153972,1.0,0.0,1.0,0.1634530872106552,0.8210625052452087,False,False,True,output/resnet18_localisation_attack_preserve_cls_full_archive_v2/exact_archive/dev_val/digital_2/huawei/french-124_03__b0226581b161__exact.npz,2f6b32a38e1e3e270e91bcd9e79215c34f68f0e1719676e279613b7010b19f6b,4608863,float32,float32,512,864,resnet_exact_archive_v1,dev_val,0.0,0.5,0.5,content_mask,True,True,0.07644921404933815,6.6740197663101934,0.48397953260471255,0.6794048021643557,0.011651858456051895,-0.6677529437083038,0.98284990271053,0.6794048021643557,0.6794048021643557,0.6794048021643557,0.0,0.5276588797569275,False,0.011651858456051895,0.011651858456051895,0.011651858456051895,0.0,0.3089637756347656,False,32527,425472,8.887008331124074,0.15241305749110928,0.6029555881150176,-0.06479735559328625,True,True,True,True,False,False,False,True
dev_val,digital_2,french-124_03,iphone15pro,train/attack/digital_2/iphone15pro/french-124_03.jpg,1.0,1.0,0.0,0.9998552799224854,21.20419311523437,8.840890884399414,True,1.0,0.25,10,0.0039215851575136,0.0,10,0,0.4591449797153473,0.1274551898241043,0.0750019326806068,0.4591449821482134,0.12745518619542467,0.331689789891243,0.7224075375949949,True,6.121775150299072,1.6993587017059326,4.42241644859314,0.7224075272312293,0.0,1.0,-1.0,0.2299871146678924,0.7538566589355469,False,False,True,output/resnet18_localisation_attack_preserve_cls_full_archive_v2/exact_archive/dev_val/digital_2/iphone15pro/french-124_03__5db2303bf335__exact.npz,3ee9ad1b781ea34209703b9406b918ec1e6c517606d629f5d29f83b9867bf332,5046107,float32,float32,512,864,resnet_exact_archive_v1,dev_val,0.0,0.5,0.5,content_mask,True,True,0.07500193378712872,6.121775252507003,1.6993586666334408,0.7193824932319196,0.13391130591723605,-0.5854711873146836,0.8138524259665787,0.7193824932319196,0.7193824932319196,0.7193824932319196,0.0,0.5320969820022583,False,0.13391130591723605,0.13391130591723605,0.13391130591723605,0.0,0.2551623582839966,False,31028,413696,9.591519270338797,1.7854380434683796,0.6443805594447909,0.05890937213010733,False,True,True,False,False,False,False,False
dev_val,digital_2,french-124_03,scan,train/attack/digital_2/scan/french-124_03.jpg,1.0,0.9999980926513672,1.9073486328125e-06,0.9967949986457824,13.1893310546875,5.739839553833008,True,1.0,0.25,10,0.0039215851575136,0.0,8,0,0.5377770066261292,0.1774762123823166,0.0815226733684539,0.5377769956291646,0.17747622510396072,0.3603007793426513,0.6699817460649745,True,6.59665584564209,2.1770167350769043,4.4196391105651855,0.6699817625751852,0.0,0.0,0.0,0.4060844779014587,0.6591814756393433,False,False,True,output/resnet18_localisation_attack_preserve_cls_full_archive_v2/exact_archive/dev_val/digital_2/scan/french-124_03__ceb6c68f36e6__exact.npz,63104805bff6c97b6bbf7da50b2a69f7745ad756309f2a16e5de99aade637e28,4655873,float32,float32,512,864,resnet_exact_archive_v1,dev_val,0.0,0.5,0.5,content_mask,True,True,0.08152267344132029,6.59665554290555,2.1770167440804973,0.702486600474475,0.17104530943385174,-0.5314412910406232,0.7565144882218052,0.702486600474475,0.702486600474475,0.702486600474475,0.0,0.5212646126747131,False,0.17104530943385174,0.17104530943385174,0.17104530943385174,0.0,0.31322067975997925,False,34143,418816,8.617070206610952,2.0981317492853018,0.6209639270331547,0.08952263599253145,True,True,True,True,False,False,False,True
dev_val,digital_2,french-128_03,huawei,train/attack/digital_2/huawei/french-128_03.jpg,1.0,0.999998927116394,1.0728836059570312e-06,0.996707320213318,13.783903121948242,5.712767601013184,True,1.0,0.25,10,0.0039215851575136,0.0,10,0,0.4329820275306701,0.0158069152384996,0.0664792880415916,0.43298204306282717,0.01580691632499954,0.4171751104295254,0.9634929055875283,True,6.513036727905273,0.237772062420845,6.275264665484428,0.9634929031795408,0.0,0.0,0.0,0.0966104716062545,0.8579382300376892,False,False,True,output/resnet18_localisation_attack_preserve_cls_full_archive_v2/exact_archive/dev_val/digital_2/huawei/french-128_03__1730da6fbf20__exact.npz,396822ecc782957c349072129300e31bb7532afc78e6c43b5c91516f49a59f00,4895283,float32,float32,512,864,resnet_exact_archive_v1,dev_val,0.0,0.5,0.5,content_mask,True,True,0.06647928603739445,6.5130369002349955,0.2377720530287913,0.682071091894957,3.543962859269235e-05,-0.6820356522663643,0.9999480411514081,0.682071091894957,0.682071091894957,0.682071091894957,0.0,0.5625255703926086,False,3.543962859269235e-05,3.543962859269235e-05,3.543962859269235e-05,0.0,0.43497493863105774,False,28217,424448,10.259903987405844,0.0005330927978492073,0.6155918058575625,-0.06644384640880176,False,True,True,False,False,False,False,False
dev_val,digital_2,french-128_03,iphone15pro,train/attack/digital_2/iphone15pro/french-128_03.jpg,1.0,0.9998894929885864,0.0001105070114135,0.8256001472473145,9.1107177734375,1.554760217666626,True,1.0,0.25,10,0.0039215851575136,0.0,10,0,0.4464425444602966,0.0,0.0685512870550155,0.44644255267557353,0.0,0.4464425444602966,1.0,True,6.512533187866211,0.0,6.512533187866211,1.0,0.0,0.0,0.0,0.180068165063858,0.895459771156311,False,False,True,output/resnet18_localisation_attack_preserve_cls_full_archive_v2/exact_archive/dev_val/digital_2/iphone15pro/french-128_03__9f7824c7fb99__exact.npz,21dc05c57b88626331aa47c6dc5b66482dbbc3ba5a5c50663e7fb9634197fb5a,4426323,float32,float32,512,864,resnet_exact_archive_v1,dev_val,0.0,0.5,0.5,content_mask,True,True,0.06855128653606965,6.512533538530582,0.0,0.71480208370247,0.0,-0.71480208370247,1.0,0.71480208370247,0.71480208370247,0.71480208370247,0.0,0.5346340537071228,False,0.0,0.0,0.0,0.0,0.12069325894117355,False,28219,411648,10.427259936636819,0.0,0.6462507971664003,-0.06855128653606965,False,True,True,False,False,False,False,False
dev_val,digital_2,french-128_03,scan,train/attack/digital_2/scan/french-128_03.jpg,1.0,0.9999958276748656,4.172325134277344e-06,0.7877114415168762,12.37542724609375,1.311185598373413,True,1.0,0.25,10,0.0039215851575136,0.0,10,0,0.4452491104602813,0.0254904348403215,0.0721487700939178,0.44524913857818366,0.02549043762295413,0.4197587072849273,0.9427501697041956,True,6.171264171600342,0.3533037602901459,5.817960411310196,0.9427501804385524,0.0,0.0,0.0,0.1139568090438842,0.8166435956954956,False,False,True,output/resnet18_localisation_attack_preserve_cls_full_archive_v2/exact_archive/dev_val/digital_2/scan/french-128_03__63249a250b78__exact.npz,babf0d61abc94fd9373c6d26e945f8fb016931f48fff438e0b21edd628778123,4791309,float32,float32,512,864,resnet_exact_archive_v1,dev_val,0.0,0.5,0.5,content_mask,True,True,0.07214877136752136,6.1712643214686524,0.35330383511463315,0.6976267600978383,0.0020823692734844978,-0.6955443908243538,0.9970150668056477,0.6976267600978383,0.6976267600978383,0.6976267600978383,0.0,0.5278286933898926,False,0.0020823692734844978,0.0020823692734844978,0.0020823692734844978,0.0,0.15102340281009674,False,30254,419328,9.66928122093959,0.02886215848191008,0.6254779887303169,-0.07006640209403686,False,True,True,False,False,False,False,False
dev_val,digital_2,french-NF-1047,huawei,train/attack/digital_2/huawei/french-NF-1047.jpg,1.0,1.0,0.0,0.5454263091087341,21.787918090820312,0.1822076439857483,True,1.0,0.25,10,0.0039215851575136,0.0,10,0,0.6911889314651489,0.0867469683289527,0.1046982705593109,0.6911890001936033,0.08674698068037676,0.6044420674443245,0.8744960052083022,True,6.601723670959473,0.8285426497459412,5.773181021213532,0.8744960117930044,1.0,0.0,1.0,0.2349901795387268,0.7424620389938354,False,False,True,output/resnet18_localisation_attack_preserve_cls_full_archive_v2/exact_archive/dev_val/digital_2/huawei/french-NF-1047__894738025275__exact.npz,1554a57e906f8ca5d765ea547154d7638dfe39c83edacc2016b4da339816cceb,4283293,float32,float32,512,864,resnet_exact_archive_v1,dev_val,0.0,0.5,0.5,content_mask,True,True,0.10469827263189449,6.601723054435998,0.8285426158401663,0.7641308967275818,0.10345136108439394,-0.6606795356431879,0.8646156548211463,0.7641308967275818,0.7641308967275818,0.7641308967275818,0.0,0.3635232448577881,False,0.10345136108439394,0.10345136108439394,0.10345136108439394,0.0,0.11665376275777817,False,44707,427008,7.298409778107483,0.9880904286560245,0.6594326240956874,-0.0012469115475005482,True,True,True,True,False,False,False,True
dev_val,digital_2,french-NF-1047,iphone15pro,train/attack/digital_2/iphone15pro/french-NF-1047.jpg,1.0,1.0,0.0,0.9998664855957032,29.226572036743164,8.92088794708252,True,1.0,0.25,10,0.0039215851575136,0.0,10,0,0.6364964842796326,0.0986913368105888,0.1088897511363029,0.6364964945038328,0.09869132992977757,0.5378051027655602,0.8449459961178415,True,5.8453288078308105,0.9063416719436646,4.938987135887146,0.8449459899108728,1.0,1.0,0.0,0.1422872543334961,0.8650986552238464,False,False,True,output/resnet18_localisation_attack_preserve_cls_full_archive_v2/exact_archive/dev_val/digital_2/iphone15pro/french-NF-1047__0c0f3720d9e4__exact.npz,34be52ee8b35af902727ab9f8191bcbca611a4db7c9c407c25a68a915fae0be9,5179605,float32,float32,512,864,resnet_exact_archive_v1,dev_val,0.0,0.5,0.5,content_mask,True,True,0.10888975155279502,5.845329660755342,0.906341767911255,0.7817959001782531,0.08469251336898395,-0.6971033868092691,0.891669279220224,0.7817959001782531,0.7817959001782531,0.7817959001782531,0.0,0.40449076890945435,False,0.08469251336898395,0.08469251336898395,0.08469251336898395,0.0,0.2773192822933197,False,44880,412160,7.179701386307237,0.7777822261622198,0.6729061486254581,-0.024197238183811073,True,True,True,True,False,False,False,True
dev_val,digital_2,french-NF-1047,scan,train/attack/digital_2/scan/french-NF-1047.jpg,1.0,1.0,0.0,0.9994797110557556,20.557151794433597,7.560530662536621,True,1.0,0.25,10,0.0039215851575136,0.0,10,0,0.6642429232597351,0.1510289311408996,0.1107660084962844,0.6642429355183987,0.15102894756598176,0.5132139176130295,0.7726299528528469,True,5.996811389923096,1.3634954690933228,4.633315920829773,0.7726299227311852,0.0,1.0,-1.0,0.2558299601078033,0.7625079154968262,False,False,True,output/resnet18_localisation_attack_preserve_cls_full_archive_v2/exact_archive/dev_val/digital_2/scan/french-NF-1047__1e6938f1c4c7__exact.npz,bc4761e3e51b5932c111bb7a24a55bfd9da6334c81855cd9b4c84eaf50152a5a,4947056,float32,float32,512,864,resnet_exact_archive_v1,dev_val,0.0,0.5,0.5,content_mask,True,True,0.11076600609756097,5.996812189231991,1.3634954701983009,0.7585153965250301,0.07171426113882677,-0.6868011353862034,0.9054544423654817,0.7585153965250301,0.7585153965250301,0.7585153965250301,0.0,0.3230895698070526,False,0.07171426113882677,0.07171426113882677,0.07171426113882677,0.0,0.19034940004348755,False,46504,419840,6.8479077945352795,0.6474392610641027,0.6477493904274692,-0.0390517449587342,True,True,True,True,False,False,False,True
dev_val,digital_2,french-NF-1082,huawei,train/attack/digital_2/huawei/french-NF-1082.jpg,0.994140625,0.9942969679832458,0.0001563429832458,0.9712262153625488,5.161035537719727,3.5190963745117188,True,1.0,0.25,10,0.0039215851575136,0.0,9,0,0.6782762408256531,4.560999059322057e-06,0.0915155112743377,0.67827620556603,4.560999139358257e-06,0.678271620221949,0.9999932756020307,True,7.411597728729248,4.983853432349861e-05,7.4115478901949245,0.9999932756018138,1.0,0.0,1.0,0.0101073095574975,0.981644093990326,False,False,True,output/resnet18_localisation_attack_preserve_cls_full_archive_v2/exact_archive/dev_val/digital_2/huawei/french-NF-1082__22d725a4a656__exact.npz,bef32712a0db1889cb3c2c3e76e560fb3ef13f664a2454253dc00e91c301f3ce,4563014,float32,float32,512,864,resnet_exact_archive_v1,dev_val,0.0,0.5,0.5,content_mask,True,True,0.09151551245498199,7.411598180141158,4.983853575208781e-05,0.7267556557608055,0.0,-0.7267556557608055,1.0,0.7267556557608055,0.7267556557608055,0.7267556557608055,0.0,0.32186567783355713,False,0.0,0.0,0.0,0.0,0.2480076104402542,False,39031,426496,7.941338427387474,0.0,0.6352401433058235,-0.09151551245498199,True,True,True,True,False,False,False,True
dev_val,digital_2,french-NF-1082,iphone15pro,train/attack/digital_2/iphone15pro/french-NF-1082.jpg,1.0,0.9999971389770508,2.86102294921875e-06,0.984432816505432,12.777682304382324,4.146902084350586,True,1.0,0.25,10,0.0039215851575136,0.0,10,0,0.657875120639801,0.0617384575307369,0.0949710085988044,0.6578751150362344,0.06173845246861284,0.5961367264389992,0.9061547532996252,True,6.9271159172058105,0.6500768661499023,6.277039051055908,0.9061547584998224,1.0,0.0,1.0,0.128311276435852,0.8584094643592834,False,False,True,output/resnet18_localisation_attack_preserve_cls_full_archive_v2/exact_archive/dev_val/digital_2/iphone15pro/french-NF-1082__98bb21c36279__exact.npz,7dfaef6b6ccc4ec1490a54044151f7c13338cd59d3a2ec605f2d4172f122465d,4955376,float32,float32,512,864,resnet_exact_archive_v1,dev_val,0.0,0.5,0.5,content_mask,True,True,0.09497100716064757,6.927115281860812,0.6500768425481639,0.7589509808943298,0.07217128515084772,-0.6867796957434821,0.9049065262873727,0.7589509808943298,0.7589509808943298,0.7589509808943298,0.0,0.43829822540283203,False,0.07217128515084772,0.07217128515084772,0.07217128515084772,0.0,0.39412328600883484,False,39046,411136,7.991396570224124,0.7599296596777885,0.6639799737336822,-0.02279972200979985,True,True,True,True,False,False,False,True
dev_val,digital_2,french-NF-1082,scan,train/attack/digital_2/scan/french-NF-1082.jpg,0.99951171875,0.9996801614761353,0.0001684427261352,0.8544529676437378,8.047372817993164,1.7699620723724363,True,1.0,0.25,10,0.0039215851575136,0.0,8,0,0.5932475924491882,0.1058755069971084,0.0895031467080116,0.5932475887128988,0.10587550431213916,0.4873720407485962,0.8215323478316278,True,6.628231048583984,1.1829248666763306,5.445306181907654,0.8215323427916649,0.0,1.0,-1.0,0.3136078119277954,0.7298486232757568,False,False,True,output/resnet18_localisation_attack_preserve_cls_full_archive_v2/exact_archive/dev_val/digital_2/scan/french-NF-1082__741d9721edbe__exact.npz,110fb459b24d04084cc72f4fd465060673f4b86eab73417882e2760b26699f71,4512369,float32,float32,512,864,resnet_exact_archive_v1,dev_val,0.0,0.5,0.5,content_mask,True,True,0.08950314405487805,6.628231834505773,1.1829249735319078,0.6820129334433297,0.07030896559065386,-0.6117039678526759,0.8969096300920869,0.6820129334433297,0.6820129334433297,0.6820129334433297,0.0,0.3681560158729553,False,0.07030896559065386,0.07030896559065386,0.07030896559065386,0.0,0.1903529167175293,False,37577,419840,7.619988556213841,0.7855474389541506,0.5925097893884517,-0.019194178464224193,True,True,True,True,False,False,False,True
dev_val,digital_2,indian-014_03,huawei,train/attack/digital_2/huawei/indian-014_03.jpg,1.0,1.0,0.0,0.9442949295043944,19.51421356201172,2.8303675651550293,True,1.0,0.25,10,0.0039215851575136,0.0,10,0,0.2733537852764129,0.0011981750139966,0.0677589625120163,0.2733537912010796,0.0011981749740955163,0.2721556102624163,0.9956167610888772,True,4.03420877456665,0.0176829006522893,4.016525873914361,0.9956167611443985,0.0,0.0,0.0,0.0913673788309097,0.8905272483825684,False,False,True,output/resnet18_localisation_attack_preserve_cls_full_archive_v2/exact_archive/dev_val/digital_2/huawei/indian-014_03__988e9f068184__exact.npz,45aa7fae82686b6f8ca85558f35165348a090cd8a9622bb8d9bf348220d1e877,4193533,float32,float32,512,864,resnet_exact_archive_v1,dev_val,0.0,0.5,0.5,content_mask,True,True,0.06775896111786148,4.034208711163706,0.01768290059836342,0.4220720089660969,0.0,-0.4220720089660969,1.0,0.4220720089660969,0.4220720089660969,0.4220720089660969,0.0,0.5672815442085266,False,0.0,0.0,0.0,0.0,0.46902456879615784,False,28552,421376,6.229021254206293,0.0,0.3543130478482355,-0.06775896111786148,False,True,True,False,False,False,False,False
dev_val,digital_2,indian-014_03,iphone15pro,train/attack/digital_2/iphone15pro/indian-014_03.jpg,1.0,1.0,0.0,0.999968409538269,18.559120178222656,10.364143371582031,True,1.0,0.25,10,0.0039215851575136,0.0,10,0,0.2786803543567657,0.1201804652810096,0.0644434317946434,0.27868037069765195,0.12018046809209791,0.1584998816251754,0.5687515852256237,True,4.324418067932129,1.864898681640625,2.459519386291504,0.5687515285652316,1.0,0.0,1.0,0.5349475145339966,0.5175632238388062,False,False,True,output/resnet18_localisation_attack_preserve_cls_full_archive_v2/exact_archive/dev_val/digital_2/iphone15pro/indian-014_03__7946a12e125d__exact.npz,223c6051b58aee2e980869e9d0ba64636cd6e56c3401253bc5247806cbb064e5,4620454,float32,float32,512,864,resnet_exact_archive_v1,dev_val,0.0,0.5,0.5,content_mask,True,True,0.0644434320719603,4.324418513068415,1.8648986285817188,0.4394224261111529,0.16319470557268556,-0.27622772053846734,0.6286154372753723,0.4394224261111529,0.4394224261111529,0.4394224261111529,0.0,0.5995391607284546,False,0.16319470557268556,0.16319470557268556,0.16319470557268556,0.0,0.5519123077392578,False,26594,412672,6.818730970449789,2.5323714197973715,0.3749789940391926,0.09875127350072527,False,True,True,False,False,False,False,False
dev_val,digital_2,indian-014_03,scan,train/attack/digital_2/scan/indian-014_03.jpg,1.0,0.9999998807907104,1.1920928955078125e-07,1.0,15.617446899414062,16.92584228515625,True,1.0,0.25,10,0.0039215851575136,0.0,10,0,0.3080496490001678,0.182454839348793,0.0687194764614105,0.308049634735986,0.18245485216696053,0.1255947798490524,0.40770956497535377,True,4.482712268829346,2.655067443847656,1.8276448249816892,0.4077095997640233,0.0,0.0,0.0,0.5757402181625366,0.5312020778656006,False,False,True,output/resnet18_localisation_attack_preserve_cls_full_archive_v2/exact_archive/dev_val/digital_2/scan/indian-014_03__c28e03a7ace1__exact.npz,437b20ef77fbab826d465485c924fd4424efd1b2682b112610e530d04397e78d,4445904,float32,float32,512,864,resnet_exact_archive_v1,dev_val,0.0,0.5,0.5,content_mask,True,True,0.06871947496947498,4.4827122860414885,2.65506760998984,0.4414214325374792,0.2642282065519156,-0.17719322598556358,0.4014150943396227,0.4414214325374792,0.4414214325374792,0.4414214325374792,0.0,0.5798684358596802,False,0.2642282065519156,0.2642282065519156,0.2642282065519156,0.0,0.5470615029335022,False,28816,419328,6.4235274313949215,3.8450265615283747,0.37270195756800417,0.19550873158244061,False,True,True,False,False,False,False,False
dev_val,digital_2,indian-021_03,huawei,train/attack/digital_2/huawei/indian-021_03.jpg,1.0,0.9999997615814208,2.384185791015625e-07,0.9980390667915344,15.530929565429688,6.232332706451416,True,1.0,0.25,10,0.0039215851575136,0.0,9,0,0.3032412230968475,0.0033427998423576,0.067176230251789,0.303241219907693,0.0033427998884088925,0.2998984232544899,0.9889764330540998,True,4.514114856719971,0.0497616454958915,4.464353211224079,0.9889764334591944,0.0,0.0,0.0,0.1526581645011901,0.8487399816513062,False,False,True,output/resnet18_localisation_attack_preserve_cls_full_archive_v2/exact_archive/dev_val/digital_2/huawei/indian-021_03__7edc6039756b__exact.npz,b59544f5927bebc4f6bfe4cab123c3f2d0340997ed6b96cbec470fcfe4739d2a,4270045,float32,float32,512,864,resnet_exact_archive_v1,dev_val,0.0,0.5,0.5,content_mask,True,True,0.06717623197115384,4.514114754723186,0.04976164620016682,0.4324853228962818,0.0,-0.4324853228962818,1.0,0.4324853228962818,0.4324853228962818,0.4324853228962818,0.0,0.5847263336181641,False,0.0,0.0,0.0,0.0,0.3906719386577606,False,28616,425984,6.438070582494049,0.0,0.3653090909251279,-0.06717623197115384,False,True,True,False,False,False,False,False
dev_val,digital_2,indian-021_03,iphone15pro,train/attack/digital_2/iphone15pro/indian-021_03.jpg,1.0,0.9999972581863404,2.7418136596679688e-06,0.9535637497901917,12.79483413696289,3.022124767303467,True,1.0,0.25,10,0.0039215851575136,0.0,10,0,0.3317468464374542,0.0489424653351306,0.0489079914987087,0.3317468400893154,0.0489424665644082,0.2828043513000011,0.8524704363386505,True,6.783079624176025,1.0007048845291138,5.782374739646912,0.8524704205207271,0.0,0.0,0.0,0.3954501152038574,0.6356799602508545,False,False,True,output/resnet18_localisation_attack_preserve_cls_full_archive_v2/exact_archive/dev_val/digital_2/iphone15pro/indian-021_03__2be780df317f__exact.npz,2fa3722edae5642381f00809ed687ee920be05759f395a71d00c0d5df451463f,4142220,float32,float32,512,864,resnet_exact_archive_v1,dev_val,0.0,0.5,0.5,content_mask,True,True,0.04890799256505576,6.783080283821441,1.0007048745520801,0.599020190023753,0.0,-0.599020190023753,1.0,0.599020190023753,0.599020190023753,0.599020190023753,0.0,0.6983464956283569,False,0.0,0.0,0.0,0.0,0.3698168992996216,False,20208,413184,12.247899752314645,0.0,0.5501121974586972,-0.04890799256505576,False,True,True,False,False,False,False,False
dev_val,digital_2,indian-021_03,scan,train/attack/digital_2/scan/indian-021_03.jpg,1.0,0.9999908208847046,9.179115295410156e-06,0.9356188774108888,11.594406127929688,2.6763877868652344,True,1.0,0.25,10,0.0039215851575136,0.0,10,0,0.31036376953125,0.0882181897759437,0.0484838783740997,0.310363741144705,0.08821819812460013,0.2221455499529838,0.7157586843127111,True,6.401380062103272,1.819536566734314,4.5818434953689575,0.7157587037354446,0.0,0.0,0.0,0.6670364737510681,0.4255928993225097,False,False,True,output/resnet18_localisation_attack_preserve_cls_full_archive_v2/exact_archive/dev_val/digital_2/scan/indian-021_03__3348e00aaad9__exact.npz,309967617f6448b12edaa68b15fb36c6c66fc20fad5370bdbb6f1723f9c21554,3582718,float32,float32,512,864,resnet_exact_archive_v1,dev_val,0.0,0.5,0.5,content_mask,True,True,0.048483877753977965,6.401380325220388,1.819536765855369,0.5087027266900054,0.0,-0.5087027266900054,1.0,0.5087027266900054,0.5087027266900054,0.5087027266900054,0.0,0.6749340295791626,False,0.0,0.0,0.0,0.0,0.4880093038082123,False,20281,418304,10.492203805795377,0.0,0.46021884893602744,-0.048483877753977965,False,True,True,False,False,False,False,False
dev_val,digital_2,indian-NF-1061,huawei,train/attack/digital_2/huawei/indian-NF-1061.jpg,1.0,0.9999996423721312,3.5762786865234375e-07,0.9988701939582824,14.73274040222168,6.784602642059326,True,1.0,0.25,10,0.0039215772412717,0.0,10,0,0.5552101135253906,0.0046863001771271,0.1116866692900657,0.5552101023373036,0.004686299987954301,0.5505237537436187,0.9915594115304709,True,4.971139907836914,0.0419593527913093,4.929180555045605,0.991559410201841,1.0,0.0,1.0,0.021393721923232,0.9539308547973632,False,False,True,output/resnet18_localisation_attack_preserve_cls_full_archive_v2/exact_archive/dev_val/digital_2/huawei/indian-NF-1061__bac7a1736da0__exact.npz,6b20f1f1931f04a50b72ae7c2208f3cbf648177584bf45d029b294182e15fa07,3871654,float32,float32,512,864,resnet_exact_archive_v1,dev_val,0.0,0.5,0.5,content_mask,True,True,0.11168666968599034,4.971140279303606,0.041959349321901554,0.5149531131198783,0.0,-0.5149531131198783,1.0,0.5149531131198783,0.5149531131198783,0.5149531131198783,0.0,0.23075559735298157,False,0.0,0.0,0.0,0.0,0.29462307691574097,True,47348,423936,4.610694495302626,0.0,0.403266443433888,-0.11168666968599034,True,True,True,True,False,False,False,True
dev_val,digital_2,indian-NF-1061,iphone15pro,train/attack/digital_2/iphone15pro/indian-NF-1061.jpg,1.0,1.0,0.0,0.9983898401260376,28.950763702392575,6.4298295974731445,True,1.0,0.25,10,0.0039215851575136,0.0,10,0,0.4931009113788605,0.0996050834655761,0.1129232570528984,0.49310091013276075,0.0996050874181844,0.3934958279132843,0.7980026291345375,True,4.366690635681152,0.8820599317550659,3.4846307039260864,0.7980026511272478,0.0,0.0,0.0,0.099937655031681,0.89637291431427,False,False,True,output/resnet18_localisation_attack_preserve_cls_full_archive_v2/exact_archive/dev_val/digital_2/iphone15pro/indian-NF-1061__f9da0b764c89__exact.npz,dadf5696a6daa747db10703442d5e76bae918311caf1e95481eedcb23bee5254,4989360,float32,float32,512,864,resnet_exact_archive_v1,dev_val,0.0,0.5,0.5,content_mask,True,True,0.1129232582605985,4.366690420806029,0.8820599843862182,0.6607216027949708,0.12342297655761392,-0.5372986262373569,0.8131997258217188,0.6607216027949708,0.6607216027949708,0.6607216027949708,0.0,0.427287757396698,False,0.12342297655761392,0.12342297655761392,0.12342297655761392,0.0,0.23812946677207947,False,46369,410624,5.8510674680515455,1.09298100726765,0.5477983445343724,0.010499718297015417,False,True,True,False,False,False,False,False
dev_val,digital_2,indian-NF-1061,scan,train/attack/digital_2/scan/indian-NF-1061.jpg,1.0,0.9999997615814208,2.384185791015625e-07,0.9634807705879213,15.451940536499023,3.2727150917053223,True,1.0,0.25,10,0.0039215851575136,0.0,10,0,0.55414217710495,0.2284963876008987,0.1160584986209869,0.5541421555425673,0.228496383741026,0.325645849108696,0.5876574603545504,True,4.774680614471436,1.9688035249710083,2.8058770895004272,0.5876575453018111,1.0,1.0,0.0,0.4885221123695373,0.5969332456588745,False,False,True,output/resnet18_localisation_attack_preserve_cls_full_archive_v2/exact_archive/dev_val/digital_2/scan/indian-NF-1061__beddcb399a63__exact.npz,436cd788e9a5efbb28d81e833beeca687eb832161fb2d2ec182768ef0792694a,4054336,float32,float32,512,864,resnet_exact_archive_v1,dev_val,0.0,0.5,0.5,content_mask,True,True,0.11605849847560976,4.7746796901652395,1.9688035494362834,0.5197225300660838,0.22675778844969832,-0.2929647416163855,0.5636945190333281,0.5197225300660838,0.5197225300660838,0.5197225300660838,0.0,0.20936422049999237,False,0.22675778844969832,0.22675778844969832,0.22675778844969832,0.0,0.08667100220918655,False,48726,419840,4.478108340987248,1.9538232135353064,0.40366403159047404,0.11069928997408857,True,True,True,True,False,False,False,True
dev_val,digital_2,persian-144_03,huawei,train/attack/digital_2/huawei/persian-144_03.jpg,1.0,0.9999997615814208,2.384185791015625e-07,0.99800843000412,15.02659511566162,6.216835975646973,True,1.0,0.25,10,0.0039215772412717,0.0,6,0,0.4866039156913757,0.1014892980456352,0.0645527988672256,0.48660394918156386,0.10148929989855145,0.3851146772503853,0.791433464382585,True,7.538077354431152,1.572190523147583,5.965886831283569,0.7914334850618914,0.0,1.0,-1.0,0.1757853031158447,0.8347610235214233,False,False,True,output/resnet18_localisation_attack_preserve_cls_full_archive_v2/exact_archive/dev_val/digital_2/huawei/persian-144_03__b65dc18f6be9__exact.npz,612ecd10104b97c319e0bd858b6e6bbffa9c3fcf2a585606b9cf5c3d1524c566,3838814,float32,float32,512,864,resnet_exact_archive_v1,dev_val,0.0,0.5,0.5,content_mask,True,True,0.06455279845078979,7.538076750499271,1.5721905530698141,0.7517003051358406,0.13845079225028492,-0.6132495128855557,0.8158165011982198,0.7517003051358406,0.7517003051358406,0.7517003051358406,0.0,0.5662838220596313,False,0.13845079225028492,0.13845079225028492,0.13845079225028492,0.0,0.4761570394039154,False,27201,421376,11.644736141205103,2.1447682451106966,0.6871475066850509,0.07389799379949513,False,True,True,False,False,False,False,False
dev_val,digital_2,persian-144_03,iphone15pro,train/attack/digital_2/iphone15pro/persian-144_03.jpg,1.0,0.9999997615814208,2.384185791015625e-07,0.9889093041419984,15.209352493286133,4.490495681762695,True,1.0,0.25,10,0.0039215851575136,0.0,10,0,0.5173132419586182,0.1145272925496101,0.0647949203848838,0.5173131756613875,0.11452730176580635,0.402785874903202,0.7786112800637977,True,7.983853816986084,1.7675352096557615,6.216318607330322,0.7786112759360355,0.0,0.0,0.0,0.3155990839004516,0.7210328578948975,False,False,True,output/resnet18_localisation_attack_preserve_cls_full_archive_v2/exact_archive/dev_val/digital_2/iphone15pro/persian-144_03__edd5a6a6a71d__exact.npz,d30d1b258e8e68500bd8ccae61575db51a0631a02e1ac05ee98d8a9ac266cead,4445861,float32,float32,512,864,resnet_exact_archive_v1,dev_val,0.0,0.5,0.5,content_mask,True,True,0.064794921875,7.983853683153893,1.7675351470713747,0.751892919941149,0.1263501632755589,-0.6255427566655901,0.8319572376270701,0.751892919941149,0.751892919941149,0.751892919941149,0.0,0.5122668147087097,False,0.1263501632755589,0.1263501632755589,0.1263501632755589,0.0,0.47418099641799927,False,27867,430080,11.604195177388647,1.9500010127230192,0.687097998066149,0.0615552414005589,True,True,True,True,False,False,False,True
dev_val,digital_2,persian-144_03,scan,train/attack/digital_2/scan/persian-144_03.jpg,1.0,0.9999991655349731,8.344650268554688e-07,0.971837282180786,14.019418716430664,3.5411911010742188,True,1.0,0.25,10,0.0039215851575136,0.0,9,0,0.5021227598190308,0.1324146687984466,0.0642838031053543,0.5021228260458025,0.13241466680272726,0.3697081506252289,0.7362902860929713,True,7.811031341552734,2.059844970703125,5.751186370849609,0.7362902694109976,0.0,1.0,-1.0,0.239862322807312,0.7704041600227356,False,False,True,output/resnet18_localisation_attack_preserve_cls_full_archive_v2/exact_archive/dev_val/digital_2/scan/persian-144_03__404dbd1bc3d8__exact.npz,410e527d9d885d53372f450dc7687f2b7e3134715c803619d31650ba50de02b8,3812180,float32,float32,512,864,resnet_exact_archive_v1,dev_val,0.0,0.5,0.5,content_mask,True,True,0.06428380647130646,7.811031325127404,2.059844836068186,0.7421724291437899,0.1415269327793441,-0.6006454963644458,0.8093072078376486,0.7421724291437899,0.7421724291437899,0.7421724291437899,0.0,0.5490232706069946,False,0.1415269327793441,0.1415269327793441,0.1415269327793441,0.0,0.41558197140693665,False,26956,419328,11.545247082950258,2.201595402452026,0.6778886226724834,0.07724312630803765,True,True,True,True,False,False,False,True
dev_val,digital_2,persian-NF-1018,huawei,train/attack/digital_2/huawei/persian-NF-1018.jpg,1.0,0.9999986886978148,1.3113021850585938e-06,0.502936065196991,13.5160551071167,0.0117441974580287,True,1.0,0.25,10,0.0039215851575136,0.0,10,3,0.6072161197662354,0.0786308199167251,0.0906005576252937,0.6072160745660253,0.07863082125095941,0.5285852402448654,0.8705060281759561,True,6.702122688293457,0.8678845167160034,5.834238171577454,0.87050602367636,0.0,0.0,0.0,0.2808735370635986,0.7002829313278198,False,False,True,output/resnet18_localisation_attack_preserve_cls_full_archive_v2/exact_archive/dev_val/digital_2/huawei/persian-NF-1018__272b39b34fec__exact.npz,4ee8dc9f426f7a25cde486c6190a1e9051264254ba3f886df7d04d4bc118229f,3615198,float32,float32,512,864,resnet_exact_archive_v1,dev_val,0.0,0.5,0.5,content_mask,True,True,0.09060055655836342,6.702123007101689,0.8678845278429024,0.755914703745979,0.10358514060392238,-0.6523295631420567,0.8629671574178936,0.755914703745979,0.755914703745979,0.755914703745979,0.0,0.37927278876304626,False,0.10358514060392238,0.10358514060392238,0.10358514060392238,0.0,0.1186978816986084,False,38548,425472,8.343378147561719,1.143316824297812,0.6653141471876156,0.012984584045558953,True,True,True,True,False,False,False,True
dev_val,digital_2,persian-NF-1018,iphone15pro,train/attack/digital_2/iphone15pro/persian-NF-1018.jpg,1.0,0.9999998807907104,1.1920928955078125e-07,0.5005671977996826,16.042394638061523,0.0022688284516334,True,1.0,0.25,10,0.0039215851575136,0.0,10,3,0.6019647121429443,0.0873608365654945,0.0918843299150466,0.6019646404941679,0.08736083619340781,0.514603815972805,0.8548738076680199,True,6.551331043243408,0.9507697224617004,5.600561320781708,0.8548738086678952,0.0,0.0,0.0,0.4260379672050476,0.6358538866043091,False,False,True,output/resnet18_localisation_attack_preserve_cls_full_archive_v2/exact_archive/dev_val/digital_2/iphone15pro/persian-NF-1018__1d204f601ac1__exact.npz,a4e9d7e54e19ded75923cf6b7882f978dd5b4f13fdc58e540afa11dc48bc172d,4014860,float32,float32,512,864,resnet_exact_archive_v1,dev_val,0.0,0.5,0.5,content_mask,True,True,0.09188432835820895,6.551330909743634,0.9507697096379003,0.7857180626057529,0.08021362098138748,-0.7055044416243654,0.8979104276725327,0.7857180626057529,0.7857180626057529,0.7857180626057529,0.0,0.4449595510959625,False,0.08021362098138748,0.08021362098138748,0.08021362098138748,0.0,0.18918436765670776,False,37824,411648,8.55116510774992,0.8729847887517501,0.693833734247544,-0.011670707376821465,True,True,True,True,False,False,False,True
dev_val,digital_2,persian-NF-1018,scan,train/attack/digital_2/scan/persian-NF-1018.jpg,1.0,0.9999992847442628,7.152557373046875e-07,0.5019636154174805,14.147829055786133,0.00785443931818,True,1.0,0.25,10,0.0039215851575136,0.0,10,3,0.6203687787055969,0.1259606182575225,0.092266097664833,0.6203687033811581,0.125960628342593,0.4944080263376236,0.7969584415589029,True,6.723690032958984,1.3651885986328125,5.358501434326172,0.7969584273009659,0.0,0.0,0.0,0.5123915672302246,0.5888140201568604,False,False,True,output/resnet18_localisation_attack_preserve_cls_full_archive_v2/exact_archive/dev_val/digital_2/scan/persian-NF-1018__474eca139c7a__exact.npz,65a65ba86bc1acdc716b2b829a6f11f1c33bbb9af43d75d783af07af8a6d183c,3764278,float32,float32,512,864,resnet_exact_archive_v1,dev_val,0.0,0.5,0.5,content_mask,True,True,0.09226610137195122,6.72369043621203,1.3651885846439902,0.7659860082092057,0.14107958799080983,-0.6249064202183958,0.8158196279320571,0.7659860082092057,0.7659860082092057,0.7659860082092057,0.0,0.4411982595920563,False,0.14107958799080983,0.14107958799080983,0.14107958799080983,0.0,0.16910125315189362,False,38737,419840,8.30192234005093,1.529051145469747,0.6737199068372545,0.048813486618858606,True,True,True,True,False,False,False,True
dev_val,digital_2,persian-NF-1097,huawei,train/attack/digital_2/huawei/persian-NF-1097.jpg,1.0,0.9999737739562988,2.6226043701171875e-05,0.9300399422645568,10.547689437866213,2.5873026847839355,True,1.0,0.25,10,0.0039215851575136,0.0,6,0,0.6512964367866516,0.1043015196919441,0.0832120478153228,0.6512964249776675,0.10430152275095769,0.5469948500394821,0.8398555269905955,True,7.826948165893555,1.253442645072937,6.573505520820618,0.8398555070883316,1.0,0.0,1.0,0.0147901009768247,0.9757332801818848,False,False,True,output/resnet18_localisation_attack_preserve_cls_full_archive_v2/exact_archive/dev_val/digital_2/huawei/persian-NF-1097__d8fa9c819ba0__exact.npz,dcdf4fa9c5e61ccbf7d4282eb71cd294e16774ec5608bdb5bf76a5e90d687293,3815461,float32,float32,512,864,resnet_exact_archive_v1,dev_val,0.0,0.5,0.5,content_mask,True,True,0.08321204552283654,7.826948861615559,1.253442600714982,0.7727311196998335,0.09549468220159675,-0.6772364374982368,0.8764192618013216,0.7727311196998335,0.7727311196998335,0.7727311196998335,0.0,0.46287938952445984,False,0.09549468220159675,0.09549468220159675,0.09549468220159675,0.0,0.21310628950595856,False,35447,425984,9.286289200615395,1.1476064745384655,0.689519074176997,0.012282636678760214,True,True,True,True,False,False,False,True
dev_val,digital_2,persian-NF-1097,iphone15pro,train/attack/digital_2/iphone15pro/persian-NF-1097.jpg,0.99951171875,0.999705970287323,0.0001942515373229,0.5025028586387634,8.131624221801758,0.0100115835666656,True,1.0,0.25,10,0.0039215851575136,0.0,10,6,0.6434149742126465,0.1960348486900329,0.0897689089179039,0.6434149644859144,0.19603486190588207,0.4473801851272583,0.6953212580896172,True,7.167459487915039,2.183772325515747,4.983687162399292,0.6953212879406186,1.0,0.0,1.0,0.5492380857467651,0.5539911389350891,False,False,True,output/resnet18_localisation_attack_preserve_cls_full_archive_v2/exact_archive/dev_val/digital_2/iphone15pro/persian-NF-1097__0141c78ab92e__exact.npz,e4aee2b5a58a5975057b2d75f20478619f99617faa5bffe487cc1316ecaae5c7,3739141,float32,float32,512,864,resnet_exact_archive_v1,dev_val,0.0,0.5,0.5,content_mask,True,True,0.08976890837453647,7.167458935798123,2.183772371253304,0.7878062555468897,0.2166850442406476,-0.571121211306242,0.7249513535656983,0.7878062555468897,0.7878062555468897,0.7878062555468897,0.0,0.49534380435943604,False,0.2166850442406476,0.2166850442406476,0.2166850442406476,0.0,0.20536106824874878,False,37183,414208,8.775936677986339,2.413809504473285,0.6980373471723532,0.12691613586611114,True,True,True,True,False,False,False,True
dev_val,digital_2,persian-NF-1097,scan,train/attack/digital_2/scan/persian-NF-1097.jpg,1.0,0.9999675750732422,3.24249267578125e-05,0.5010403394699097,10.33723258972168,0.0041613578796386,True,1.0,0.25,10,0.0039215851575136,0.0,10,3,0.6855291128158569,0.1575274914503097,0.0929934903979301,0.6855290634424067,0.15752747599478142,0.5280015170574188,0.7702103610257571,True,7.371795654296875,1.693962335586548,5.677833318710327,0.7702103510426024,1.0,0.0,1.0,0.4533799886703491,0.6190688610076904,False,False,True,output/resnet18_localisation_attack_preserve_cls_full_archive_v2/exact_archive/dev_val/digital_2/scan/persian-NF-1097__23f519e0b01f__exact.npz,6eb52a7dc4893ac11af1e38f853fb1b663fd059505561ac3c0ff127d428bdb69,3647023,float32,float32,512,864,resnet_exact_archive_v1,dev_val,0.0,0.5,0.5,content_mask,True,True,0.09299349116930572,7.3717961851149285,1.6939623839692597,0.7806344333589154,0.1862368892299821,-0.5943975441289333,0.7614288055054892,0.7806344333589154,0.7806344333589154,0.7806344333589154,0.0,0.4353075623512268,False,0.1862368892299821,0.1862368892299821,0.1862368892299821,0.0,0.16917958855628967,False,39090,420352,8.394506148152642,2.0026873589562917,0.6876409421896097,0.09324339806067639,True,True,True,True,False,False,False,True
dev_val,digital_2,persian-NM-1035,huawei,train/attack/digital_2/huawei/persian-NM-1035.jpg,0.9951171875,0.9950791597366332,3.802776336669922e-05,0.5007854700088501,5.309339046478272,0.0031417105346918,True,1.0,0.25,10,0.0019531836733222,0.0,10,9,0.8363931775093079,0.3409417867660522,0.1343085616827011,0.8363931694790526,0.34094176538813964,0.4954513609409332,0.5923666311138156,True,6.227399826049805,2.5384960174560547,3.68890380859375,0.592366623572605,1.0,0.0,1.0,0.3904346823692322,0.6676825881004333,False,False,True,output/resnet18_localisation_attack_preserve_cls_full_archive_v2/exact_archive/dev_val/digital_2/huawei/persian-NM-1035__2f2cf8122deb__exact.npz,9c4bed1eeaf0097e95b822ae0036f0734a654aa461f93b955204fd8ce05b3828,3431185,float32,float32,512,864,resnet_exact_archive_v1,dev_val,0.0,0.5,0.5,content_mask,True,True,0.1343085607659831,6.2274002841588745,2.5384961572344644,0.82395144455944,0.36267475924009335,-0.4612766853193467,0.5598347916799727,0.82395144455944,0.82395144455944,0.82395144455944,0.0,0.16777977347373962,False,0.36267475924009335,0.36267475924009335,0.36267475924009335,0.0,0.026565341278910637,False,57007,424448,6.1347649015097305,2.7003100708674226,0.689642883793457,0.22836619847411024,True,True,True,True,False,False,False,True
dev_val,digital_2,persian-NM-1035,iphone15pro,train/attack/digital_2/iphone15pro/persian-NM-1035.jpg,0.99951171875,0.9997372031211852,0.0002254843711853,0.5023155808448792,8.243908882141113,0.0092624500393867,True,1.0,0.25,10,0.0039215851575136,0.0,10,5,0.7862884402275085,0.0398147590458393,0.1137258037924766,0.7862884385343135,0.03981475594218078,0.7464736886322498,0.9493636762402385,True,6.913896560668945,0.3500942587852478,6.5638023018836975,0.9493636828793726,1.0,0.0,1.0,0.073561355471611,0.9069972038269044,False,False,True,output/resnet18_localisation_attack_preserve_cls_full_archive_v2/exact_archive/dev_val/digital_2/iphone15pro/persian-NM-1035__7e808dc5de23__exact.npz,cbf34ea8fdca6aff87d39decb5487556dfa52015d2b5f06da7bcb26996f64aa3,4212280,float32,float32,512,864,resnet_exact_archive_v1,dev_val,0.0,0.5,0.5,content_mask,True,True,0.11372580457089553,6.9138964679220996,0.3500942999911745,0.8337498664957813,0.05598632916800171,-0.7777635373277796,0.9328499692559951,0.8337498664957813,0.8337498664957813,0.8337498664957813,0.0,0.26538386940956116,False,0.05598632916800171,0.05598632916800171,0.05598632916800171,0.0,0.04358018934726715,False,46815,411648,7.331228560146435,0.49229222320516003,0.7200240619248858,-0.057739475402893814,True,True,True,True,False,False,False,True
dev_val,digital_2,persian-NM-1035,scan,train/attack/digital_2/scan/persian-NM-1035.jpg,0.99951171875,0.9997320771217346,0.0002203583717346,0.5009214282035828,8.224504470825195,0.0036858655512332,True,1.0,0.25,10,0.0039215851575136,0.0,10,4,0.8466895222663879,0.1149301081895828,0.1299817860126495,0.8466895763272614,0.11493010196866248,0.7317594066262245,0.8642594580327752,True,6.513909339904785,0.88420170545578,5.629707634449005,0.8642594394062131,1.0,0.0,1.0,0.0814200341701507,0.8856090903282166,False,False,True,output/resnet18_localisation_attack_preserve_cls_full_archive_v2/exact_archive/dev_val/digital_2/scan/persian-NM-1035__ff9a6a72c2a2__exact.npz,85c4173333756f31d7afdfcff08870ad3b92d388f9f7af90ad7eb5408e2b4c1a,3993270,float32,float32,512,864,resnet_exact_archive_v1,dev_val,0.0,0.5,0.5,content_mask,True,True,0.12998178037240538,6.513909671812822,0.8842016291774204,0.8057242454820659,0.10501788826713146,-0.7007063572149345,0.869660260497313,0.8057242454820659,0.8057242454820659,0.8057242454820659,0.0,0.17801456153392792,False,0.10501788826713146,0.10501788826713146,0.10501788826713146,0.0,0.056823574006557465,False,54505,419328,6.198747571956769,0.8079431437717586,0.6757424651096605,-0.024963892105273916,True,True,True,True,False,False,False,True
dev_val,digital_2,portugal-013_03,huawei,train/attack/digital_2/huawei/portugal-013_03.jpg,1.0,0.99999737739563,2.6226043701171875e-06,0.9308138489723206,12.829720497131348,2.5992588996887207,True,1.0,0.25,10,0.0039215851575136,0.0,9,0,0.4588214457035064,0.1165769845247268,0.0722443163394928,0.4588214586572507,0.11657698747898271,0.3422444611787796,0.7459208036604318,True,6.350969314575195,1.6136491298675537,4.737320184707642,0.745920811463488,0.0,0.0,0.0,0.5445306301116943,0.545197069644928,False,False,True,output/resnet18_localisation_attack_preserve_cls_full_archive_v2/exact_archive/dev_val/digital_2/huawei/portugal-013_03__1649c58561d3__exact.npz,bce99dad7cf83457d4dc79a2603223cb95eb9b4ec2a1dfb4a8f9fc6f68936702,3844076,float32,float32,512,864,resnet_exact_archive_v1,dev_val,0.0,0.5,0.5,content_mask,True,True,0.07224431818181819,6.350969463128283,1.6136492171687735,0.67014025429283,0.035522348931707956,-0.6346179053611221,0.9469926650366749,0.67014025429283,0.67014025429283,0.67014025429283,0.0,0.5543477535247803,False,0.035522348931707956,0.035522348931707956,0.035522348931707956,0.0,0.33355382084846497,False,30516,422400,9.276027114080854,0.49169747636497046,0.5978959361110118,-0.03672196925011023,False,True,True,False,False,False,False,False
dev_val,digital_2,portugal-013_03,iphone15pro,train/attack/digital_2/iphone15pro/portugal-013_03.jpg,1.0,1.0,0.0,0.9279677867889404,18.41078186035156,2.5558836460113525,True,1.0,0.25,10,0.0039215851575136,0.0,10,0,0.4427363276481628,0.0873463377356529,0.0712307915091514,0.44273634150293933,0.08734633991573099,0.3553899899125099,0.8027125136842848,True,6.215518474578857,1.22624409198761,4.989274382591248,0.8027125014585857,0.0,0.0,0.0,0.3737960457801819,0.6896572113037109,False,False,True,output/resnet18_localisation_attack_preserve_cls_full_archive_v2/exact_archive/dev_val/digital_2/iphone15pro/portugal-013_03__938ada69d803__exact.npz,ce1781766e499f123ead3c87188340b3af34d9c3dfd5bdb331ac8918b32562a2,4755745,float32,float32,512,864,resnet_exact_archive_v1,dev_val,0.0,0.5,0.5,content_mask,True,True,0.07123079504773269,6.215518740261931,1.2262440684144977,0.6782605850402461,0.06596426935409987,-0.6122963156861463,0.9027449466930388,0.6782605850402461,0.6782605850402461,0.6782605850402461,0.0,0.5989804267883301,False,0.06596426935409987,0.06596426935409987,0.06596426935409987,0.0,0.43405410647392273,False,30562,429056,9.522013401447152,0.9260639209473422,0.6070297899925134,-0.005266525693632826,False,True,True,False,False,False,False,False
dev_val,digital_2,portugal-013_03,scan,train/attack/digital_2/scan/portugal-013_03.jpg,1.0,0.9999589920043944,4.100799560546875e-05,0.5037100315093994,10.102432250976562,0.0148405134677886,True,1.0,0.25,10,0.0039215851575136,0.0,10,4,0.4701389372348785,0.1151604428887367,0.0730853676795959,0.47013893163611914,0.11516044264966671,0.3549784645438194,0.7550501885710685,True,6.432736396789551,1.575697660446167,4.857038736343384,0.7550501741012478,0.0,0.0,0.0,0.5311170816421509,0.5463962554931641,False,False,True,output/resnet18_localisation_attack_preserve_cls_full_archive_v2/exact_archive/dev_val/digital_2/scan/portugal-013_03__b473e0fcdd4a__exact.npz,81bd89d3265821983c19e55ee38f305535904a44282744143b042d3c1d3e9ac9,4285986,float32,float32,512,864,resnet_exact_archive_v1,dev_val,0.0,0.5,0.5,content_mask,True,True,0.07308536724452555,6.432736803020372,1.5756976668717881,0.6756721609935303,0.07659546799310771,-0.5990766930004227,0.8866381176923448,0.6756721609935303,0.6756721609935303,0.6756721609935303,0.0,0.5161020159721375,False,0.07659546799310771,0.07659546799310771,0.07659546799310771,0.0,0.24603554606437683,False,30759,420864,9.244971824974192,1.0480274079603134,0.6025867937490048,0.0035101007485821567,False,True,True,False,False,False,False,False
dev_val,digital_2,portugal-017_03,huawei,train/attack/digital_2/huawei/portugal-017_03.jpg,1.0,0.9999997615814208,2.384185791015625e-07,0.9087169766426086,15.119428634643556,2.2980685234069824,True,1.0,0.25,10,0.0039215851575136,0.0,7,0,0.4780513346195221,0.125033900141716,0.0692982897162437,0.4780513426466816,0.12503391874756625,0.3530174493789673,0.7384508574846188,True,6.898458480834961,1.8042857646942136,5.094172716140747,0.738450877147871,1.0,0.0,1.0,0.4095023274421692,0.6519137620925903,False,False,True,output/resnet18_localisation_attack_preserve_cls_full_archive_v2/exact_archive/dev_val/digital_2/huawei/portugal-017_03__dce2dffaebe9__exact.npz,ef84b13241e3a4511804340257f4bd34c5a4c4088ba41400902b7197937f0691,3948571,float32,float32,512,864,resnet_exact_archive_v1,dev_val,0.0,0.5,0.5,content_mask,True,True,0.06929828689759036,6.89845830320669,1.8042858538818212,0.6961526707188699,0.11905327854935652,-0.5770993921695133,0.8289839520023413,0.6961526707188699,0.6961526707188699,0.6961526707188699,0.0,0.5467857122421265,False,0.11905327854935652,0.11905327854935652,0.11905327854935652,0.0,0.31294313073158264,False,29449,424960,10.045741415623313,1.717982996106304,0.6268543838212796,0.04975499165176615,False,True,True,False,False,False,False,False
dev_val,digital_2,portugal-017_03,iphone15pro,train/attack/digital_2/iphone15pro/portugal-017_03.jpg,1.0,1.0,0.0,0.5856958627700806,18.0738468170166,0.3462002873420715,True,1.0,0.25,10,0.0039215851575136,0.0,10,0,0.4364742636680603,0.0611469410359859,0.0631486177444458,0.4364742963064772,0.061146928955658625,0.37532739341259,0.8599071480884563,True,6.911858081817627,0.9683018922805786,5.943556189537048,0.8599071507518653,0.0,0.0,0.0,0.3050053715705871,0.7140811681747437,False,False,True,output/resnet18_localisation_attack_preserve_cls_full_archive_v2/exact_archive/dev_val/digital_2/iphone15pro/portugal-017_03__271dc7a0442b__exact.npz,adc1e04db19e75556dadf2031d92eca77b09755306dc5d42e98c9b0146e3018d,4287287,float32,float32,512,864,resnet_exact_archive_v1,dev_val,0.0,0.5,0.5,content_mask,True,True,0.06314862143742256,6.911857873873044,0.9683018815581347,0.7027058102100261,0.031925494404415146,-0.6707803158056109,0.9545677665666757,0.7027058102100261,0.7027058102100261,0.7027058102100261,0.0,0.6086748838424683,False,0.031925494404415146,0.031925494404415146,0.031925494404415146,0.0,0.3361620008945465,False,26092,413184,11.1278091938456,0.505561224896285,0.6395571887726035,-0.031223127033007413,False,True,True,False,False,False,False,False
dev_val,digital_2,portugal-017_03,scan,train/attack/digital_2/scan/portugal-017_03.jpg,1.0,0.9999977350234984,2.264976501464844e-06,0.5006179213523865,13.02220058441162,0.0024715662002563,True,1.0,0.25,10,0.0039215851575136,0.0,10,3,0.4520610272884369,0.1074256151914596,0.0652358084917068,0.45206097346199864,0.10742561026972176,0.3446353822946548,0.7623647769303575,True,6.929644584655762,1.6467276811599731,5.282916903495789,0.7623647705098319,0.0,0.0,0.0,0.5629583597183228,0.509441077709198,False,False,True,output/resnet18_localisation_attack_preserve_cls_full_archive_v2/exact_archive/dev_val/digital_2/scan/portugal-017_03__f6137f1def06__exact.npz,902ea67764bcfbda58b0bc19e9cac657558432854bc1d3f20c072adaf698f2dd,3945544,float32,float32,512,864,resnet_exact_archive_v1,dev_val,0.0,0.5,0.5,content_mask,True,True,0.06523581112132353,6.929644403765744,1.646727593682172,0.6730141258484682,0.03030636580443955,-0.6427077600440286,0.9549691980592051,0.6730141258484682,0.6730141258484682,0.6730141258484682,0.0,0.5747032165527344,False,0.03030636580443955,0.03030636580443955,0.03030636580443955,0.0,0.3437449634075165,False,27255,417792,10.316636127920868,0.4645663981716533,0.6077783147271447,-0.034929445316883974,False,True,True,False,False,False,False,False
dev_val,digital_2,portugal-029_03,huawei,train/attack/digital_2/huawei/portugal-029_03.jpg,1.0,0.9999997615814208,2.384185791015625e-07,0.8508583307266235,15.125596046447754,1.7413489818572998,True,1.0,0.25,10,0.0039215851575136,0.0,10,0,0.4275718629360199,0.0343271568417549,0.0669800117611885,0.4275718437661666,0.03432715514757874,0.3932446762919426,0.9197160532246089,True,6.383573532104492,0.5124985575675964,5.871074974536896,0.9197160407113476,0.0,0.0,0.0,0.2845913767814636,0.7288448214530945,False,False,True,output/resnet18_localisation_attack_preserve_cls_full_archive_v2/exact_archive/dev_val/digital_2/huawei/portugal-029_03__87ac7a25cf1b__exact.npz,dd9b9dedc86a4f8619f4e15ab412b4163a89d0a8725ed7f63e0b59d6c5f3d1a1,4052859,float32,float32,512,864,resnet_exact_archive_v1,dev_val,0.0,0.5,0.5,content_mask,True,True,0.06698000974220623,6.38357392618801,0.5124985093268523,0.6553966644522918,0.01961469878675571,-0.6357819656655361,0.9700720192051214,0.6553966644522918,0.6553966644522918,0.6553966644522918,0.0,0.5928930044174194,False,0.01961469878675571,0.01961469878675571,0.01961469878675571,0.0,0.18947434425354004,False,28601,427008,9.784959228504047,0.2928440718693396,0.5884166547100856,-0.047365310955450525,False,True,True,False,False,False,False,False
dev_val,digital_2,portugal-029_03,iphone15pro,train/attack/digital_2/iphone15pro/portugal-029_03.jpg,1.0,0.9999927282333374,7.271766662597656e-06,0.5020536184310913,11.836925506591797,0.0082144886255264,True,1.0,0.25,10,0.0039215851575136,0.0,10,3,0.4688359797000885,0.0302329361438751,0.0678475573658943,0.46883603449523953,0.03023293552807944,0.4386031068861484,0.9355149064840356,True,6.910139083862305,0.4456009268760681,6.464538156986237,0.9355149120056484,0.0,0.0,0.0,0.2885515689849853,0.7281181812286377,False,False,True,output/resnet18_localisation_attack_preserve_cls_full_archive_v2/exact_archive/dev_val/digital_2/iphone15pro/portugal-029_03__a1b72c4f4ad0__exact.npz,c76f7c2976a47ff132f2d2a4057571ed1aebe5cde8842553054f0379889e3a81,4215931,float32,float32,512,864,resnet_exact_archive_v1,dev_val,0.0,0.5,0.5,content_mask,True,True,0.06784755485166873,6.910138994990008,0.445600959300243,0.7059388677365406,0.0,-0.7059388677365406,1.0,0.7059388677365406,0.7059388677365406,0.7059388677365406,0.0,0.6266494989395142,False,0.0,0.0,0.0,0.0,0.38379329442977905,False,28103,414208,10.404779793168593,0.0,0.6380913128848719,-0.06784755485166873,False,True,True,False,False,False,False,False
dev_val,digital_2,portugal-029_03,scan,train/attack/digital_2/scan/portugal-029_03.jpg,1.0,0.9999688863754272,3.1113624572753906e-05,0.5004425048828125,10.378799438476562,0.0017699301242828,True,1.0,0.25,10,0.0039215851575136,0.0,10,3,0.434104710817337,0.118949756026268,0.0676717236638069,0.43410472671318384,0.1189497669163913,0.3151550069451332,0.7259883166511055,True,6.414862155914307,1.757746934890747,4.65711522102356,0.7259883545166815,0.0,0.0,0.0,0.3855542838573456,0.6528692245483398,False,False,True,output/resnet18_localisation_attack_preserve_cls_full_archive_v2/exact_archive/dev_val/digital_2/scan/portugal-029_03__d1d75dc8607c__exact.npz,9923fa95439416eaf50f87a9d8c81da3e74e837911eab43b37cc101f97fe3141,4554866,float32,float32,512,864,resnet_exact_archive_v1,dev_val,0.0,0.5,0.5,content_mask,True,True,0.06767172218826406,6.414861520821001,1.7577470037702114,0.6534471808623245,0.08580904664455578,-0.5676381342177687,0.868682505399568,0.6534471808623245,0.6534471808623245,0.6534471808623245,0.0,0.6244182586669922,False,0.08580904664455578,0.08580904664455578,0.08580904664455578,0.0,0.3636576533317566,False,28342,418816,9.656133459178438,1.268019253386715,0.5857754586740604,0.018137324456291723,False,True,True,False,False,False,False,False
dev_val,digital_2,portugal-119_03,huawei,train/attack/digital_2/huawei/portugal-119_03.jpg,1.0,0.999994158744812,5.841255187988281e-06,0.5018647909164429,12.05535125732422,0.0074591189622879,True,1.0,0.25,10,0.0039215851575136,0.0,10,4,0.4896581172943115,0.1235525608062744,0.0733545944094657,0.4896581550827015,0.1235525445699836,0.3661056160926819,0.7476759178061355,True,6.6752214431762695,1.684319257736206,4.990902185440064,0.7476758977849345,0.0,0.0,0.0,0.5597032308578491,0.5359010100364685,False,False,True,output/resnet18_localisation_attack_preserve_cls_full_archive_v2/exact_archive/dev_val/digital_2/huawei/portugal-119_03__b97afa669aeb__exact.npz,4f7949e385ca2c48d193b626e31bb9fafab2885b5e4836d0d7e811c3e144629f,3451295,float32,float32,512,864,resnet_exact_archive_v1,dev_val,0.0,0.5,0.5,content_mask,True,True,0.07335459757194245,6.675221067124931,1.6843190292034467,0.6736902595536826,0.09334993455288446,-0.5803403250007981,0.8614349350772439,0.6736902595536826,0.6736902595536826,0.6736902595536826,0.0,0.45148536562919617,False,0.09334993455288446,0.09334993455288446,0.09334993455288446,0.0,0.2818467319011688,False,31323,427008,9.184022295166455,1.2725846455817797,0.6003356619817402,0.01999533698094201,False,True,True,False,False,False,False,False
dev_val,digital_2,portugal-119_03,iphone15pro,train/attack/digital_2/iphone15pro/portugal-119_03.jpg,1.0,0.999982476234436,1.7523765563964844e-05,0.9624669551849364,10.952499389648438,3.2442779541015625,True,1.0,0.25,10,0.0039215851575136,0.0,6,0,0.5002079010009766,0.0916087701916694,0.0737106949090957,0.5002078564364212,0.0916087719187862,0.4085990712046623,0.8168585904039471,True,6.78609561920166,1.2428151369094849,5.543280482292175,0.8168585875222764,0.0,1.0,-1.0,0.2027349472045898,0.8088845014572144,False,False,True,output/resnet18_localisation_attack_preserve_cls_full_archive_v2/exact_archive/dev_val/digital_2/iphone15pro/portugal-119_03__92dbbe0367eb__exact.npz,edd203829e6c00a45d59be626957d0eea61333b5f55b52b3ba4c9de1debfbd19,4152338,float32,float32,512,864,resnet_exact_archive_v1,dev_val,0.0,0.5,0.5,content_mask,True,True,0.07371069785276074,6.786095790811816,1.2428151487831167,0.6808960270498732,0.05097860719162494,-0.6299174198582482,0.9251301150742491,0.6808960270498732,0.6808960270498732,0.6808960270498732,0.0,0.42003822326660156,False,0.05097860719162494,0.05097860719162494,0.05097860719162494,0.0,0.22369502484798431,False,30758,417280,9.237411215533228,0.6916039147188131,0.6071853291971124,-0.022732090661135802,True,True,True,True,False,False,False,True
dev_val,digital_2,portugal-119_03,scan,train/attack/digital_2/scan/portugal-119_03.jpg,1.0,0.9999998807907104,1.1920928955078125e-07,0.9988943934440612,16.075353622436523,6.806217193603516,True,1.0,0.25,10,0.0039215851575136,0.0,9,0,0.5056312084197998,0.1422349214553833,0.078089140355587,0.505631220604348,0.14223493988516647,0.3633963167667389,0.7186982644877776,True,6.475052356719971,1.8214434385299685,4.653608918190002,0.7186982686495764,0.0,1.0,-1.0,0.3315806984901428,0.6883763074874878,False,False,True,output/resnet18_localisation_attack_preserve_cls_full_archive_v2/exact_archive/dev_val/digital_2/scan/portugal-119_03__9cd4c9c96304__exact.npz,73382e6a22d4214b86d2e81bc6d72c0369d2f6c10f8b522d6c14fcb8fa8502bf,4520389,float32,float32,512,864,resnet_exact_archive_v1,dev_val,0.0,0.5,0.5,content_mask,True,True,0.0780891409118727,6.475051648666192,1.821443266301077,0.7000153069034134,0.05758457064135925,-0.6424307362620542,0.9177381264759905,0.7000153069034134,0.7000153069034134,0.7000153069034134,0.0,0.4687705338001251,False,0.05758457064135925,0.05758457064135925,0.05758457064135925,0.0,0.30124059319496155,False,32665,418304,8.96431051397292,0.7374209777303885,0.6219261659915407,-0.02050457027051345,True,True,True,True,False,False,False,True
dev_val,digital_2,portugal-NF-1060,huawei,train/attack/digital_2/huawei/portugal-NF-1060.jpg,1.0,0.9998964071273804,0.0001035928726196,0.5034624338150024,9.175004959106444,0.0138499736785888,True,1.0,0.25,10,0.0039215851575136,0.0,10,3,0.6550692319869995,0.1214421838521957,0.0925464406609535,0.655069187199123,0.12144217626803593,0.5336270555853844,0.8146116797413633,True,7.078275680541992,1.3122296333312988,5.766046047210693,0.8146116805059478,1.0,0.0,1.0,0.4113397300243377,0.6209183931350708,False,False,True,output/resnet18_localisation_attack_preserve_cls_full_archive_v2/exact_archive/dev_val/digital_2/huawei/portugal-NF-1060__3d90026e78b2__exact.npz,0925597dffbd9555d9912c7d16dcd2b3baa89eb2f8c299beeaf7f34c82647f7e,3707614,float32,float32,512,864,resnet_exact_archive_v1,dev_val,0.0,0.5,0.5,content_mask,True,True,0.09254643992130751,7.078275379972802,1.312229583021222,0.734357035182299,0.10851069265949564,-0.6258463425228034,0.8522371442488345,0.734357035182299,0.734357035182299,0.734357035182299,0.0,0.3645394742488861,False,0.10851069265949564,0.10851069265949564,0.10851069265949564,0.0,0.22482536733150482,False,39139,422912,7.9350111771638625,1.17249991195515,0.6418105952609915,0.015964252738188134,True,True,True,True,False,False,False,True
dev_val,digital_2,portugal-NF-1060,iphone15pro,train/attack/digital_2/iphone15pro/portugal-NF-1060.jpg,1.0,0.9999997615814208,2.384185791015625e-07,0.5012675523757935,15.457160949707031,0.0050702169537544,True,1.0,0.25,10,0.0039215851575136,0.0,9,1,0.7052984833717346,0.1518293619155883,0.1007387489080429,0.7052985424594072,0.15182934299716339,0.5534691363573074,0.784730388825521,True,7.00126314163208,1.5071593523025513,5.494103789329529,0.7847303662477091,1.0,1.0,0.0,0.1068614497780799,0.8829659819602966,False,False,True,output/resnet18_localisation_attack_preserve_cls_full_archive_v2/exact_archive/dev_val/digital_2/iphone15pro/portugal-NF-1060__487cec904848__exact.npz,f1500b2de0567b38ba5a165602992168e00d22267f87989ab002001c82d8b6fe,4354620,float32,float32,512,864,resnet_exact_archive_v1,dev_val,0.0,0.5,0.5,content_mask,True,True,0.10073874923594132,7.0012636429257205,1.5071593021426366,0.7793842288639757,0.09189163565689365,-0.6874925932070821,0.8820971322567892,0.7793842288639757,0.7793842288639757,0.7793842288639757,0.0,0.3614773452281952,False,0.09189163565689365,0.09189163565689365,0.09189163565689365,0.0,0.1806943714618683,True,42191,418816,7.736687568341467,0.912177651140707,0.6786454796280345,-0.008847113579047675,True,True,True,True,False,False,False,True
dev_val,digital_2,portugal-NF-1060,scan,train/attack/digital_2/scan/portugal-NF-1060.jpg,1.0,0.9999998807907104,1.1920928955078125e-07,0.8805292248725891,16.491186141967773,1.9974507093429563,True,1.0,0.25,10,0.0039215851575136,0.0,7,0,0.6780397295951843,0.2197716981172561,0.1037997603416442,0.6780397723998958,0.21977168879649628,0.4582681059837341,0.6758719801662625,True,6.532190322875977,2.1172659397125244,4.414924383163452,0.6758719763112567,1.0,1.0,0.0,0.1867416948080063,0.8210341930389404,False,False,True,output/resnet18_localisation_attack_preserve_cls_full_archive_v2/exact_archive/dev_val/digital_2/scan/portugal-NF-1060__7db10377b55f__exact.npz,daac51f4b4fa94ba5b682834216d874e446f9ca98ea7a705f7111b7bc62c61a2,4233697,float32,float32,512,864,resnet_exact_archive_v1,dev_val,0.0,0.5,0.5,content_mask,True,True,0.10379975932151589,6.532190217317295,2.117265880316366,0.7711683113656752,0.15082925033929107,-0.6203390610263841,0.80441461595824,0.7711683113656752,0.7711683113656752,0.7711683113656752,0.0,0.35140931606292725,False,0.15082925033929107,0.15082925033929107,0.15082925033929107,0.0,0.13835342228412628,False,43473,418816,7.429384387848242,1.4530789986911539,0.6673685520441593,0.04702949101777518,True,True,True,True,False,False,False,True
dev_val,digital_2,portugal-NF-1066,huawei,train/attack/digital_2/huawei/portugal-NF-1066.jpg,1.0,0.9999960660934448,3.933906555175781e-06,0.9921446442604064,12.43951416015625,4.8386712074279785,True,1.0,0.25,10,0.0039215851575136,0.0,5,0,0.6116706728935242,0.1991254091262817,0.0910170450806617,0.6116706353669518,0.19912542822435567,0.4125452190637588,0.6744564530142977,True,6.720396995544434,2.187782049179077,4.5326149463653564,0.6744564271084642,1.0,1.0,0.0,0.3089887797832489,0.7084718346595764,False,False,True,output/resnet18_localisation_attack_preserve_cls_full_archive_v2/exact_archive/dev_val/digital_2/huawei/portugal-NF-1066__d1024382668e__exact.npz,65ac2efce3612cdb58b6855f29a399f1506c439ff39736a4673b6ccba206e090,3981533,float32,float32,512,864,resnet_exact_archive_v1,dev_val,0.0,0.5,0.5,content_mask,True,True,0.09101704717839806,6.720396390887589,2.187781678239458,0.7592645641813589,0.14536836896794186,-0.613896195213417,0.8085405590807752,0.7592645641813589,0.7592645641813589,0.7592645641813589,0.0,0.4267534017562866,False,0.14536836896794186,0.14536836896794186,0.14536836896794186,0.0,0.23128697276115417,False,38399,421888,8.342003918157898,1.597155406316494,0.6682475170029608,0.0543513217895438,True,True,True,True,False,False,False,True
dev_val,digital_2,portugal-NF-1066,iphone15pro,train/attack/digital_2/iphone15pro/portugal-NF-1066.jpg,1.0,0.9999996423721312,3.5762786865234375e-07,0.9972777962684632,14.754671096801758,5.903559684753418,True,1.0,0.25,10,0.0039215851575136,0.0,6,0,0.6214585900306702,0.2237806767225265,0.0922443717718124,0.6214585632484984,0.22378069128595393,0.3976778239011764,0.639910519349506,True,6.737089157104492,2.425955295562744,4.311133861541748,0.6399104659310482,0.0,0.0,0.0,0.4043385982513428,0.6556434631347656,False,False,True,output/resnet18_localisation_attack_preserve_cls_full_archive_v2/exact_archive/dev_val/digital_2/iphone15pro/portugal-NF-1066__3ecae9b10bcd__exact.npz,d4cfcb46da49822aea88bb7421682c9d0108be26d0be9a2cacc28baa6b20701e,4305161,float32,float32,512,864,resnet_exact_archive_v1,dev_val,0.0,0.5,0.5,content_mask,True,True,0.09224436903341289,6.737089426275904,2.4259550326036243,0.7453383192682803,0.19053514578806408,-0.5548031734802162,0.7443642157361267,0.7453383192682803,0.7453383192682803,0.7453383192682803,0.0,0.42770370841026306,False,0.19053514578806408,0.19053514578806408,0.19053514578806408,0.0,0.39073529839515686,False,39578,429056,8.080041384404751,2.065547716186862,0.6530939502348674,0.09829077675465119,True,True,True,True,False,False,False,True
dev_val,digital_2,portugal-NF-1066,scan,train/attack/digital_2/scan/portugal-NF-1066.jpg,1.0,0.9999998807907104,1.1920928955078125e-07,0.9369279146194458,16.15207290649414,2.6983284950256348,True,1.0,0.25,10,0.0039215851575136,0.0,7,0,0.6125621795654297,0.202060267329216,0.0943168848752975,0.6125621580506224,0.20206027832513937,0.4105018526315689,0.6701391431554264,True,6.494723796844482,2.14235520362854,4.352368593215942,0.6701391359137672,0.0,1.0,-1.0,0.2427168488502502,0.761197030544281,False,False,True,output/resnet18_localisation_attack_preserve_cls_full_archive_v2/exact_archive/dev_val/digital_2/scan/portugal-NF-1066__1637321b7d45__exact.npz,1ad2556e21f1be815c5501127c0d24f9f16d3ee2ff83b22d8a450fc7e7be6f03,4297942,float32,float32,512,864,resnet_exact_archive_v1,dev_val,0.0,0.5,0.5,content_mask,True,True,0.09431688262195122,6.494724391029176,2.142355352594235,0.7376382645588161,0.1773826960957624,-0.5602555684630537,0.7595261734396932,0.7376382645588161,0.7376382645588161,0.7376382645588161,0.0,0.45080938935279846,False,0.1773826960957624,0.1773826960957624,0.1773826960957624,0.0,0.21024742722511292,False,39598,419840,7.820850775099079,1.8807099128452167,0.6433213819368648,0.08306581347381119,True,True,True,True,False,False,False,True
dev_val,digital_2,portugal-NF-1109,huawei,train/attack/digital_2/huawei/portugal-NF-1109.jpg,1.0,0.9999997615814208,2.384185791015625e-07,0.9488523602485656,15.29196548461914,2.920536518096924,True,1.0,0.25,10,0.0039215851575136,0.0,8,0,0.7237578630447388,0.1753798127174377,0.1068201884627342,0.7237578768036527,0.17537980457683158,0.5483780652284622,0.7576816637196888,True,6.775478363037109,1.6418225765228271,5.133655786514282,0.7576816737428292,1.0,1.0,0.0,0.2543881237506866,0.7558155059814453,False,False,True,output/resnet18_localisation_attack_preserve_cls_full_archive_v2/exact_archive/dev_val/digital_2/huawei/portugal-NF-1109__27083cedb9d1__exact.npz,ed0beaba2d1da9c81a04f9ed83b03c2881e84afffe83595ad6fc4355bb3bbc41,3796004,float32,float32,512,864,resnet_exact_archive_v1,dev_val,0.0,0.5,0.5,content_mask,True,True,0.10682019028279181,6.775478258254389,1.6418226190436245,0.7984334088758829,0.11720829941252833,-0.6812251094633546,0.8532021604938272,0.7984334088758829,0.7984334088758829,0.7984334088758829,0.0,0.31815874576568604,False,0.11720829941252833,0.11720829941252833,0.11720829941252833,0.0,0.17740394175052643,False,45449,425472,7.474555201241824,1.0972485548119266,0.6916132185930911,0.01038810912973652,True,True,True,True,False,False,False,True
dev_val,digital_2,portugal-NF-1109,iphone15pro,train/attack/digital_2/iphone15pro/portugal-NF-1109.jpg,1.0,1.0,0.0,0.9842460751533508,20.57191467285156,4.134787082672119,True,1.0,0.25,10,0.0039215851575136,0.0,7,0,0.6601744890213013,0.2041345983743667,0.097765564918518,0.6601744735192479,0.20413458718621005,0.4560398310422897,0.6907869125899211,True,6.752627372741699,2.088001012802124,4.664626359939575,0.6907868748643308,1.0,1.0,0.0,0.3298072516918182,0.6914591789245605,False,False,True,output/resnet18_localisation_attack_preserve_cls_full_archive_v2/exact_archive/dev_val/digital_2/iphone15pro/portugal-NF-1109__a7f830d3eb95__exact.npz,b25dd3048c2b0fb62c18a2157fe5896979e8be9d4ffae39ba60419f184ae50cb,4258680,float32,float32,512,864,resnet_exact_archive_v1,dev_val,0.0,0.5,0.5,content_mask,True,True,0.0977655666977612,6.752627697235715,2.0880008583930674,0.7944340911914524,0.17761212572990434,-0.616821965461548,0.7764293757037407,0.7944340911914524,0.7944340911914524,0.7944340911914524,0.0,0.4286879003047943,False,0.17761212572990434,0.17761212572990434,0.17761212572990434,0.0,0.23041756451129913,False,40245,411648,8.125908927091041,1.8167145318042903,0.6966685244936912,0.07984655903214315,True,True,True,True,False,False,False,True
dev_val,digital_2,portugal-NF-1109,scan,train/attack/digital_2/scan/portugal-NF-1109.jpg,1.0,1.0,0.0,0.7975739240646362,18.133285522460938,1.3711998462677002,True,1.0,0.25,10,0.0039215851575136,0.0,10,0,0.7366459369659424,0.2192943096160888,0.1133577525615692,0.7366459760292421,0.21929428759110445,0.5173517018556595,0.7023070854562038,True,6.498417854309082,1.934532880783081,4.563884973526001,0.7023070962572378,1.0,0.0,1.0,0.4292413592338562,0.6301922798156738,False,False,True,output/resnet18_localisation_attack_preserve_cls_full_archive_v2/exact_archive/dev_val/digital_2/scan/portugal-NF-1109__cde9c43c1604__exact.npz,cfc135e70e0019e5c0b48694f6ab42957c759472d491e94a9dd24b38b93ba4d0,4010881,float32,float32,512,864,resnet_exact_archive_v1,dev_val,0.0,0.5,0.5,content_mask,True,True,0.1133577493880049,6.498417443943989,1.934532828809932,0.7924627778480746,0.18446581466953477,-0.6079969631785398,0.7672246320887777,0.7924627778480746,0.7924627778480746,0.7924627778480746,0.0,0.29079458117485046,False,0.18446581466953477,0.18446581466953477,0.18446581466953477,0.0,0.264595627784729,False,47418,418304,6.99081255693958,1.627288964940003,0.6791050284600697,0.07110806528152987,True,True,True,True,False,False,False,True
dev_val,digital_2,russian-062_03,huawei,train/attack/digital_2/huawei/russian-062_03.jpg,1.0,0.9999319314956664,6.80685043334961e-05,0.5011788010597229,9.594808578491213,0.0047151446342468,True,1.0,0.25,10,0.0039215851575136,0.0,10,1,0.5496008992195129,0.0589892454445362,0.077028714120388,0.5496009004631245,0.05898924466513382,0.4906115978956222,0.8926689446552467,True,7.135012626647949,0.7658084630966187,6.369204163551331,0.8926689407336904,0.0,0.0,0.0,0.2419252544641494,0.7568302154541016,False,False,True,output/resnet18_localisation_attack_preserve_cls_full_archive_v2/exact_archive/dev_val/digital_2/huawei/russian-062_03__f6dc4127e57d__exact.npz,24e13148e3be219ca6d6d8ff25b49992d8ee1aefc8f635f2418be0be1669282c,4114842,float32,float32,512,864,resnet_exact_archive_v1,dev_val,0.0,0.5,0.5,content_mask,True,True,0.07702871469350961,7.135013256419213,0.7658085027102784,0.6809496236247828,0.00816749459055862,-0.6727821290342242,0.9880057286072323,0.6809496236247828,0.6809496236247828,0.6809496236247828,0.0,0.5138852000236511,False,0.00816749459055862,0.00816749459055862,0.00816749459055862,0.0,0.3980926275253296,False,32813,425984,8.840204933111252,0.1060318171354196,0.6039209089312733,-0.06886122010295098,True,True,True,True,False,False,False,True
dev_val,digital_2,russian-062_03,iphone15pro,train/attack/digital_2/iphone15pro/russian-062_03.jpg,1.0,0.9999948740005492,5.125999450683594e-06,0.9525995850563048,12.190163612365724,3.0005643367767334,True,1.0,0.25,10,0.0039215851575136,0.0,10,0,0.5008012056350708,0.1864568144083023,0.0728963688015937,0.5008012003141056,0.18645682741146163,0.3143443912267685,0.6276829462578868,True,6.87004280090332,2.5578339099884038,4.312208890914917,0.627682973146531,0.0,0.0,0.0,0.6108663082122803,0.5146971344947815,False,False,True,output/resnet18_localisation_attack_preserve_cls_full_archive_v2/exact_archive/dev_val/digital_2/iphone15pro/russian-062_03__3749ed2cfd94__exact.npz,70b1e86f58c96fbb012b3369316ca8f59919cbdeb6f4cdea16689050531e5dbd,4093798,float32,float32,512,864,resnet_exact_archive_v1,dev_val,0.0,0.5,0.5,content_mask,True,True,0.07289637235037406,6.870042831583179,2.557834106137174,0.6926469114355394,0.15497945411418834,-0.537667457321351,0.7762504220325086,0.6926469114355394,0.6926469114355394,0.6926469114355394,0.0,0.5811030268669128,False,0.15497945411418834,0.15497945411418834,0.15497945411418834,0.0,0.26793497800827026,False,29933,410624,9.501802203631675,2.126024232993167,0.6197505390851653,0.08208308176381428,True,True,True,True,False,False,False,True
dev_val,digital_2,russian-062_03,scan,train/attack/digital_2/scan/russian-062_03.jpg,1.0,0.999966025352478,3.3974647521972656e-05,0.5013366937637329,10.290590286254885,0.0053467452526092,True,1.0,0.25,10,0.0039215851575136,0.0,10,2,0.495256632566452,0.1848204433917999,0.072430171072483,0.49525660804132066,0.18482044308739734,0.3104360997676849,0.6268188246526593,True,6.837710380554199,2.5517051219940186,4.286005258560181,0.6268187770498694,0.0,0.0,0.0,0.5985889434814453,0.5328965187072754,False,False,True,output/resnet18_localisation_attack_preserve_cls_full_archive_v2/exact_archive/dev_val/digital_2/scan/russian-062_03__d8483ea57a98__exact.npz,70258ab72f31ddf9376abfe265de725fc7861b883c1b7e9cd685af5f6197c276,4109872,float32,float32,512,864,resnet_exact_archive_v1,dev_val,0.0,0.5,0.5,content_mask,True,True,0.072430173992674,6.837711146343701,2.5517050822781555,0.6847096009482418,0.22770973264849204,-0.4569998682997498,0.6674360453933449,0.6847096009482418,0.6847096009482418,0.6847096009482418,0.0,0.5658911466598511,False,0.22770973264849204,0.22770973264849204,0.22770973264849204,0.0,0.1775922328233719,False,30372,419328,9.45337506737865,3.1438517967873985,0.6122794269555678,0.15527955865581805,False,True,True,False,False,False,False,False
dev_val,digital_2,russian-132_03,huawei,train/attack/digital_2/huawei/russian-132_03.jpg,1.0,0.9999916553497314,8.344650268554688e-06,0.866651713848114,11.693397521972656,1.8716726303100584,True,1.0,0.25,10,0.0039215851575136,0.0,10,0,0.4401575624942779,0.11893031001091,0.0591943487524986,0.44015754976867155,0.11893030079563835,0.3212272226810455,0.7298006114898106,True,7.435803413391113,2.0091497898101807,5.426653623580933,0.72980057727294,1.0,0.0,1.0,0.579115629196167,0.4974296391010284,False,False,True,output/resnet18_localisation_attack_preserve_cls_full_archive_v2/exact_archive/dev_val/digital_2/huawei/russian-132_03__4003eac474a7__exact.npz,1e49d18e5510f9fd4264ca7a13f224018f12801c53946194dfcb70dd7a6da642,3544435,float32,float32,512,864,resnet_exact_archive_v1,dev_val,0.0,0.5,0.5,content_mask,True,True,0.059194347760290554,7.435803694486236,2.009149611331989,0.6714867779819446,0.11728049852201007,-0.5542062794599345,0.8253420582986318,0.6714867779819446,0.6714867779819446,0.6714867779819446,0.0,0.550724446773529,False,0.11728049852201007,0.11728049852201007,0.11728049852201007,0.0,0.27035728096961975,False,25034,422912,11.343765129419994,1.9812786686482513,0.612292430221654,0.05808615076171952,False,True,True,False,False,False,False,False
dev_val,digital_2,russian-132_03,iphone15pro,train/attack/digital_2/iphone15pro/russian-132_03.jpg,1.0,0.9999939203262328,6.079673767089844e-06,0.5012653470039368,12.007391929626465,0.005061388015747,True,1.0,0.25,10,0.0039215851575136,0.0,10,2,0.3995991349220276,0.088922381401062,0.0555071793496608,0.39959916487155306,0.08892238500830496,0.310676746070385,0.7774710439225064,True,7.199053287506104,1.601997971534729,5.597055315971375,0.7774710218751981,0.0,0.0,0.0,0.5556913614273071,0.5318728685379028,False,False,True,output/resnet18_localisation_attack_preserve_cls_full_archive_v2/exact_archive/dev_val/digital_2/iphone15pro/russian-132_03__d5630e16fe0a__exact.npz,0030de49d1c72715e2023a6a000afe079002650c2c8101583502eb79540aab03,4013642,float32,float32,512,864,resnet_exact_archive_v1,dev_val,0.0,0.5,0.5,content_mask,True,True,0.05550718010585305,7.199053601885581,1.6019978827735186,0.6301213794312256,0.03891152885500197,-0.5912098505762237,0.9382475660639779,0.6301213794312256,0.6301213794312256,0.6301213794312256,0.0,0.5772529244422913,False,0.03891152885500197,0.03891152885500197,0.03891152885500197,0.0,0.4521441161632538,False,22821,411136,11.352069736375986,0.7010179364326756,0.5746141993253725,-0.01659565125085108,False,True,True,False,False,False,False,False
dev_val,digital_2,russian-132_03,scan,train/attack/digital_2/scan/russian-132_03.jpg,0.99169921875,0.9915761351585388,0.0001230835914611,0.5013472437858582,4.768223762512207,0.0053889453411102,True,1.0,0.25,10,0.0039215851575136,0.0,10,4,0.4114299118518829,0.1940397024154663,0.0550976805388927,0.4114300061639265,0.1940396923285745,0.2173903286457061,0.5283773924567304,True,7.467284202575684,3.521739959716797,3.945544242858887,0.5283774041301326,0.0,0.0,0.0,0.7960301637649536,0.3386328220367431,False,False,True,output/resnet18_localisation_attack_preserve_cls_full_archive_v2/exact_archive/dev_val/digital_2/scan/russian-132_03__055de2838397__exact.npz,f59cf011f4b5f564dc50fab44175d6b3a2cfd332a77841e925f7eec90f15f615,3835330,float32,float32,512,864,resnet_exact_archive_v1,dev_val,0.0,0.5,0.5,content_mask,True,True,0.055097680097680096,7.467283657579076,3.521739789852687,0.5863486842105263,0.17763157894736842,-0.4087171052631579,0.697054698457223,0.5863486842105263,0.5863486842105263,0.5863486842105263,0.0,0.47848793864250183,False,0.17763157894736842,0.17763157894736842,0.17763157894736842,0.0,0.2944796681404114,False,23104,419328,10.641984983233709,3.22393934975944,0.5312510041128462,0.12253389884968832,False,True,True,False,False,False,False,False
dev_val,digital_2,russian-NF-1089,huawei,train/attack/digital_2/huawei/russian-NF-1089.jpg,1.0,0.9999996423721312,3.5762786865234375e-07,0.9999997615814208,14.86550521850586,15.195194244384766,True,1.0,0.25,10,0.0039215772412717,0.0,10,0,0.6817880868911743,0.0006998555618338,0.1132670417428016,0.6817880616640113,0.0006998555810908068,0.6810881717246957,0.9989734998008286,True,6.019297122955322,0.0061788102611899,6.013118312694132,0.9989734997068634,1.0,0.0,1.0,0.0040011834353208,0.9854221940040588,False,False,True,output/resnet18_localisation_attack_preserve_cls_full_archive_v2/exact_archive/dev_val/digital_2/huawei/russian-NF-1089__ce0f2be1da74__exact.npz,368bd604804d2a578ac132e51617cc68ee242e037630a2252d0ac1f796b8eb02,4436891,float32,float32,512,864,resnet_exact_archive_v1,dev_val,0.0,0.5,0.5,content_mask,True,True,0.11326704545454545,6.019297660038425,0.0061788102469015295,0.7426427556224396,0.0,-0.7426427556224396,1.0,0.7426427556224396,0.7426427556224396,0.7426427556224396,0.0,0.27241531014442444,False,0.0,0.0,0.0,0.0,0.5250324010848999,False,47844,422400,6.556565086006992,0.0,0.6293757101678942,-0.11326704545454545,True,True,True,True,False,False,False,True
dev_val,digital_2,russian-NF-1089,iphone15pro,train/attack/digital_2/iphone15pro/russian-NF-1089.jpg,1.0,1.0,0.0,0.9999990463256836,20.86931037902832,13.913070678710938,True,1.0,0.25,10,0.0039215851575136,0.0,5,0,0.6288117170333862,0.1418036222457885,0.1120074763894081,0.6288117676772038,0.1418036236619504,0.4870080947875976,0.7744895516415584,True,5.614015579223633,1.266019344329834,4.347996234893799,0.7744895206534299,1.0,0.0,1.0,0.2515791356563568,0.8037566542625427,False,False,True,output/resnet18_localisation_attack_preserve_cls_full_archive_v2/exact_archive/dev_val/digital_2/iphone15pro/russian-NF-1089__d1b4783eff5c__exact.npz,859b27edf27540237d83998103d5b57e570521c926dc6919722007c2e1de99ce,4588539,float32,float32,512,864,resnet_exact_archive_v1,dev_val,0.0,0.5,0.5,content_mask,True,True,0.11200747282608696,5.614016206343254,1.2660193117840242,0.7450449474710278,0.12585291887793784,-0.61919202859309,0.8310800988515773,0.7450449474710278,0.7450449474710278,0.7450449474710278,0.0,0.33900558948516846,False,0.12585291887793784,0.12585291887793784,0.12585291887793784,0.0,0.16198964416980743,False,46165,412160,6.6517432156321625,1.1236118064492766,0.6330374746449409,0.013845446051850882,True,True,True,True,False,False,False,True
dev_val,digital_2,russian-NF-1089,scan,train/attack/digital_2/scan/russian-NF-1089.jpg,1.0,0.9999958276748656,4.172325134277344e-06,0.999886393547058,12.40062141418457,9.082576751708984,True,1.0,0.25,10,0.0039215851575136,0.0,9,0,0.6452723741531372,0.1294116824865341,0.1244753524661064,0.6452723813015314,0.1294116757432837,0.5158606916666031,0.7994464361201127,True,5.183937072753906,1.0396571159362793,4.144279956817627,0.7994464243401833,1.0,0.0,1.0,0.3639290332794189,0.7178517580032349,False,False,True,output/resnet18_localisation_attack_preserve_cls_full_archive_v2/exact_archive/dev_val/digital_2/scan/russian-NF-1089__cfac1bd9d8ef__exact.npz,16955d423be419ee5b0127f48afaaeac5f7d499b0114e7ed4ea230026a84a408,4387917,float32,float32,512,864,resnet_exact_archive_v1,dev_val,0.0,0.5,0.5,content_mask,True,True,0.12447535103785104,5.183937027864368,1.0396570458671097,0.7329105678596061,0.08811020001532685,-0.6448003678442792,0.8797804208600183,0.7329105678596061,0.7329105678596061,0.7329105678596061,0.0,0.2750549912452698,False,0.08811020001532685,0.08811020001532685,0.08811020001532685,0.0,0.14818964898586273,False,52196,419328,5.887997597506186,0.7078525931494172,0.608435216821755,-0.03636515102252419,True,True,True,True,False,False,False,True
dev_val,digital_2,russian-NF-1099,huawei,train/attack/digital_2/huawei/russian-NF-1099.jpg,1.0,1.0,0.0,0.9978877902030944,21.827526092529297,6.157885551452637,True,1.0,0.25,10,0.0039215851575136,0.0,10,0,0.7955459356307983,0.1632115989923477,0.1559984385967254,0.795545947412938,0.16321160850490554,0.6323343813419342,0.7948432657652789,True,5.099704742431641,1.0462387800216677,4.053465962409973,0.7948432639018235,1.0,0.0,1.0,0.1104731559753418,0.9244237542152404,False,False,True,output/resnet18_localisation_attack_preserve_cls_full_archive_v2/exact_archive/dev_val/digital_2/huawei/russian-NF-1099__457408b26994__exact.npz,5fe496f518b5c60737fc8fb530fdc24fa7ea6bd03cde7046b7a2e436c6c5bece,3884393,float32,float32,512,864,resnet_exact_archive_v1,dev_val,0.0,0.5,0.5,content_mask,True,True,0.15599844319562575,5.099704401634987,1.0462387006018663,0.7712599263699151,0.0898165333008793,-0.6814433930690358,0.8835457020000789,0.7712599263699151,0.7712599263699151,0.7712599263699151,0.0,0.1415637880563736,False,0.0939893963731284,0.0898165333008793,0.11473514467398911,0.024918611373109814,0.0,True,65734,421376,4.944023225941664,0.5757527540723418,0.6152614831742894,-0.06618190989474645,True,True,True,True,False,False,False,True
dev_val,digital_2,russian-NF-1099,iphone15pro,train/attack/digital_2/iphone15pro/russian-NF-1099.jpg,1.0,1.0,0.0,0.999997615814209,22.7614803314209,12.967390060424805,True,1.0,0.25,10,0.0039215851575136,0.0,6,0,0.7310085892677307,0.1692137569189071,0.1513660103082656,0.7310086048314361,0.16921375951082337,0.5617948770523071,0.7685201536720042,True,4.829410552978516,1.1179112195968628,3.711499333381653,0.7685201522352668,1.0,0.0,1.0,0.1916169375181198,0.8536728024482727,False,False,True,output/resnet18_localisation_attack_preserve_cls_full_archive_v2/exact_archive/dev_val/digital_2/iphone15pro/russian-NF-1099__e307f3f8637d__exact.npz,d3cd02e3538965775c03d6e5f6be8b97e97eae4affc33fa259e70d09c30d1262,4409826,float32,float32,512,864,resnet_exact_archive_v1,dev_val,0.0,0.5,0.5,content_mask,True,True,0.15136601515606243,4.829410380379946,1.1179111727051771,0.7709620955124928,0.12959090416221325,-0.6413711913502795,0.8319101484800385,0.7709620955124928,0.7709620955124928,0.7709620955124928,0.0,0.1802806258201599,False,0.12959090416221325,0.12959090416221325,0.12959090416221325,0.0,0.06293260306119919,False,64557,426496,5.093363227654571,0.8561426686736884,0.6195960803564304,-0.021775110993849184,True,True,True,True,False,False,False,True
dev_val,digital_2,russian-NF-1099,scan,train/attack/digital_2/scan/russian-NF-1099.jpg,1.0,1.0,0.0,0.9986615180969238,17.7723331451416,6.614865303039551,True,1.0,0.25,10,0.0039215851575136,0.0,10,0,0.7499361634254456,0.1320836246013641,0.1534960269927978,0.7499361560916028,0.13208362319383513,0.6178525388240814,0.8238735096035276,True,4.885704040527344,0.8605019450187683,4.025202095508575,0.8238735015709447,1.0,0.0,1.0,0.2741264700889587,0.7605259418487549,False,False,True,output/resnet18_localisation_attack_preserve_cls_full_archive_v2/exact_archive/dev_val/digital_2/scan/russian-NF-1099__32ff5cb46dc8__exact.npz,3f7ea55b63a8ed956228bd6a11a1cf0d57d093bf6ecfaac88009b48b29ecc7c7,4410012,float32,float32,512,864,resnet_exact_archive_v1,dev_val,0.0,0.5,0.5,content_mask,True,True,0.15349602203182375,4.885704177637394,0.8605019299226577,0.7713213306753053,0.10142038375280339,-0.6699009469225019,0.8685108531044927,0.7713213306753053,0.7713213306753053,0.7713213306753053,0.0,0.16121889650821686,False,0.10142038375280339,0.10142038375280339,0.10142038375280339,0.0,0.21990913152694702,False,64208,418304,5.025024886412953,0.6607362354431328,0.6178253086434815,-0.052075638279020356,True,True,True,True,False,False,False,True
dev_val,digital_2,turkiye-032_03,huawei,train/attack/digital_2/huawei/turkiye-032_03.jpg,1.0,0.9999758005142212,2.4199485778808597e-05,0.6749678254127502,10.629754066467283,0.7307407855987549,True,1.0,0.25,10,0.0039215851575136,0.0,10,0,0.4957010149955749,0.2056342959403991,0.068182036280632,0.4957010335936693,0.2056343050329741,0.2900667935609817,0.5851646635832225,True,7.270259857177734,3.015960454940796,4.2542994022369385,0.5851646964223406,1.0,0.0,1.0,0.7068785429000854,0.3923893272876739,False,False,True,output/resnet18_localisation_attack_preserve_cls_full_archive_v2/exact_archive/dev_val/digital_2/huawei/turkiye-032_03__98cae95966c3__exact.npz,48f6dd449221a815d4cbcd7a284c9286f570d8b21d886ba36aa9fc173e12ba0c,3513702,float32,float32,512,864,resnet_exact_archive_v1,dev_val,0.0,0.5,0.5,content_mask,True,True,0.06818203314164649,7.270258904774263,3.0159602985991034,0.6794173747182244,0.12932200450840992,-0.5500953702098145,0.8096574957888827,0.6794173747182244,0.6794173747182244,0.6794173747182244,0.0,0.5811536908149719,False,0.12932200450840992,0.12932200450840992,0.12932200450840992,0.0,0.3892327547073364,False,28835,422912,9.964756746205435,1.8967167529273679,0.6112353415765779,0.061139971366763426,False,True,True,False,False,False,False,False
dev_val,digital_2,turkiye-032_03,iphone15pro,train/attack/digital_2/iphone15pro/turkiye-032_03.jpg,1.0,0.9998929500579834,0.0001070499420166,0.7519282698631287,9.142570495605469,1.1089229583740234,True,1.0,0.25,10,0.0039215851575136,0.0,8,0,0.542759895324707,0.14998659491539,0.0716937407851219,0.5427598799541172,0.14998658163600515,0.3927732557058334,0.7236594170359747,True,7.57053279876709,2.092045545578003,5.478487253189087,0.7236594040093577,1.0,1.0,0.0,0.0503335483372211,0.9380776882171632,False,False,True,output/resnet18_localisation_attack_preserve_cls_full_archive_v2/exact_archive/dev_val/digital_2/iphone15pro/turkiye-032_03__0483560f50cb__exact.npz,7f023da5353e69505a967d523bebe17884a7c024f37b8b26615028f354f8c51d,4073061,float32,float32,512,864,resnet_exact_archive_v1,dev_val,0.0,0.5,0.5,content_mask,True,True,0.07169374224565757,7.570533535470339,2.092045650540577,0.7327114175623606,0.11248563509768134,-0.6202257824646793,0.8464803026109421,0.7327114175623606,0.7327114175623606,0.7327114175623606,0.0,0.5647977590560913,False,0.11248563509768134,0.11248563509768134,0.11248563509768134,0.0,0.1867145299911499,False,29586,412672,10.22001913433024,1.5689742448127613,0.661017675316703,0.04079189285202377,True,True,True,True,False,False,False,True
dev_val,digital_2,turkiye-032_03,scan,train/attack/digital_2/scan/turkiye-032_03.jpg,1.0,0.9997878670692444,0.0002121329307556,0.5530982613563538,8.458109855651855,0.2131968736648559,True,1.0,0.25,10,0.0039215851575136,0.0,8,0,0.4912667572498321,0.1609800308942794,0.068227894604206,0.49126673310314195,0.16098004175005282,0.3302866965532303,0.6723164201793105,True,7.200379848480225,2.3594460487365723,4.840933799743652,0.6723164474115102,0.0,1.0,-1.0,0.1237448155879974,0.8721100091934204,False,False,True,output/resnet18_localisation_attack_preserve_cls_full_archive_v2/exact_archive/dev_val/digital_2/scan/turkiye-032_03__613ba54c42f1__exact.npz,e46849a18e301fbb354e8af583ce5373dce67508638ca1cae4bf2c39b7443dff,3991532,float32,float32,512,864,resnet_exact_archive_v1,dev_val,0.0,0.5,0.5,content_mask,True,True,0.06822789167686659,7.200379801120416,2.359446229299723,0.6872459705676244,0.13230553608969867,-0.5549404344779257,0.8074844498827368,0.6872459705676244,0.6872459705676244,0.6872459705676244,0.0,0.5888518691062927,False,0.13230553608969867,0.13230553608969867,0.13230553608969867,0.0,0.17822670936584473,False,28540,418304,10.07280092755149,1.9391708117892539,0.6190180788907578,0.06407764441283208,False,True,True,False,False,False,False,False
dev_val,digital_2,turkiye-101_03,huawei,train/attack/digital_2/huawei/turkiye-101_03.jpg,1.0,0.9999985694885254,1.430511474609375e-06,0.6352501511573792,13.450332641601562,0.5548070669174194,True,1.0,0.25,10,0.0039215851575136,0.0,10,0,0.4484517872333526,0.1325322687625885,0.0649078339338302,0.44845182609257456,0.13253227473609716,0.3159195780754089,0.7044670864853646,True,6.909055709838867,2.041853189468384,4.867202520370483,0.704467111683486,0.0,1.0,-1.0,0.3519752025604248,0.6718924045562744,False,False,True,output/resnet18_localisation_attack_preserve_cls_full_archive_v2/exact_archive/dev_val/digital_2/huawei/turkiye-101_03__d99491cfcc04__exact.npz,52ab53944fade30fac57fb5359b672785ec634acbf96e96a08c42d120f60a777,3913916,float32,float32,512,864,resnet_exact_archive_v1,dev_val,0.0,0.5,0.5,content_mask,True,True,0.06490783323281062,6.909055560121273,2.041853319317131,0.6582214156079855,0.10809437386569873,-0.5501270417422868,0.835778096393515,0.6582214156079855,0.6582214156079855,0.6582214156079855,0.0,0.5355468988418579,False,0.10809437386569873,0.10809437386569873,0.10809437386569873,0.0,0.29362204670906067,False,27550,424448,10.140862555788683,1.6653517531233428,0.593313582375175,0.04318654063288811,False,True,True,False,False,False,False,False
dev_val,digital_2,turkiye-101_03,iphone15pro,train/attack/digital_2/iphone15pro/turkiye-101_03.jpg,1.0,0.9999994039535522,5.960464477539062e-07,0.97492116689682,14.377580642700195,3.660332202911377,True,1.0,0.25,10,0.0039215851575136,0.0,7,0,0.4354457855224609,0.1101358607411384,0.0650855898857116,0.43544576621327413,0.11013586378652972,0.3253098875284195,0.7470732928596509,True,6.690355777740479,1.6921697854995728,4.998185992240906,0.7470732735724458,1.0,1.0,0.0,0.1928529143333435,0.8045929670333862,False,False,True,output/resnet18_localisation_attack_preserve_cls_full_archive_v2/exact_archive/dev_val/digital_2/iphone15pro/turkiye-101_03__d99698d7f4a8__exact.npz,44fd1c953a331ba78c43ed7b07225f778902728be53b1941f07deb6d0a7d03bc,4392797,float32,float32,512,864,resnet_exact_archive_v1,dev_val,0.0,0.5,0.5,content_mask,True,True,0.06508558855459057,6.69035612773239,1.6921697449836104,0.6720279980639636,0.14963327003983767,-0.5223947280241259,0.7773407202216065,0.6720279980639636,0.6720279980639636,0.6720279980639636,0.0,0.5968949198722839,False,0.14963327003983767,0.14963327003983767,0.14963327003983767,0.0,0.26706463098526,False,26859,412672,10.325296474814849,2.2990230765806583,0.6069424095093731,0.0845476814852471,False,True,True,False,False,False,False,False
dev_val,digital_2,turkiye-101_03,scan,train/attack/digital_2/scan/turkiye-101_03.jpg,1.0,0.9999213218688964,7.867813110351562e-05,0.5001705884933472,9.450149536132812,0.0006825029850006,True,1.0,0.25,10,0.0039215851575136,0.0,10,3,0.4576686322689056,0.2296918183565139,0.0659281313419342,0.4576686349660423,0.229691807719984,0.2279768288135528,0.4981263950127881,True,6.941932678222656,3.483972787857056,3.4579598903656006,0.4981263937078315,0.0,0.0,0.0,0.7601872086524963,0.3672454059123993,False,False,True,output/resnet18_localisation_attack_preserve_cls_full_archive_v2/exact_archive/dev_val/digital_2/scan/turkiye-101_03__6bc660db2dac__exact.npz,4e2856342d1da7667aa3ce75a9d0322cd947201caa42898b995115bfb256236e,3848339,float32,float32,512,864,resnet_exact_archive_v1,dev_val,0.0,0.5,0.5,content_mask,True,True,0.0659281288249694,6.94193272466587,3.4839728021067584,0.641090724490536,0.2554572485314381,-0.38563347595909786,0.601527149321267,0.641090724490536,0.641090724490536,0.641090724490536,0.0,0.51934814453125,False,0.2554572485314381,0.2554572485314381,0.2554572485314381,0.0,0.23333656787872314,False,27578,418304,9.724084937895755,3.874783845445452,0.5751625956655666,0.18952911970646869,False,True,True,False,False,False,False,False
dev_val,digital_2,turkiye-104_03,huawei,train/attack/digital_2/huawei/turkiye-104_03.jpg,1.0,0.999998927116394,1.0728836059570312e-06,0.9960752129554749,13.710382461547852,5.536530494689941,True,1.0,0.25,10,0.0039215851575136,0.0,10,0,0.3485356569290161,0.1527820229530334,0.0521234348416328,0.3485356628744803,0.15278201581979664,0.1957536339759826,0.5616459602447663,True,6.686736106872559,2.9311580657958984,3.75557804107666,0.5616459182854122,0.0,0.0,0.0,0.6415818333625793,0.4810061454772949,False,False,True,output/resnet18_localisation_attack_preserve_cls_full_archive_v2/exact_archive/dev_val/digital_2/huawei/turkiye-104_03__fbeb8158ec3a__exact.npz,5f42acf943b8018e1e4359fad0cf6afadcf1a2adf2aa7ccc443190ccc40ea238,3876371,float32,float32,512,864,resnet_exact_archive_v1,dev_val,0.0,0.5,0.5,content_mask,True,True,0.05212343372584541,6.686736424689129,2.931157924540947,0.5299814454450831,0.15938815223786035,-0.37059329320722273,0.699257108701221,0.5299814454450831,0.5299814454450831,0.5299814454450831,0.0,0.5625997185707092,False,0.15938815223786035,0.15938815223786035,0.15938815223786035,0.0,0.45518675446510315,False,22097,423936,10.167815271584683,3.0578981629682565,0.4778580117192377,0.10726471851201494,False,True,True,False,False,False,False,False
dev_val,digital_2,turkiye-104_03,iphone15pro,train/attack/digital_2/iphone15pro/turkiye-104_03.jpg,1.0,0.9998652935028076,0.0001347064971923,0.7458741664886475,8.912210464477539,1.0767271518707275,True,1.0,0.25,10,0.0039215851575136,0.0,7,0,0.3582066595554352,0.1100852936506271,0.0508394800126552,0.35820666320839917,0.11008529835891119,0.248121328651905,0.6926765756591601,True,7.045835971832275,2.1653506755828857,4.88048529624939,0.6926765419689745,1.0,1.0,0.0,0.0735694020986557,0.9357129335403442,False,False,True,output/resnet18_localisation_attack_preserve_cls_full_archive_v2/exact_archive/dev_val/digital_2/iphone15pro/turkiye-104_03__5b9780131599__exact.npz,8d99d5a31d203cbdcf69b58761b3d947a0e09a62046e4df5493e8effbab346e0,4264757,float32,float32,512,864,resnet_exact_archive_v1,dev_val,0.0,0.5,0.5,content_mask,True,True,0.050839479813664594,7.045836513695419,2.1653506047346016,0.5860933473322516,0.15481530972606664,-0.431278037606185,0.7358521293054312,0.5860933473322516,0.5860933473322516,0.5860933473322516,0.0,0.5740115642547607,False,0.15481530972606664,0.15481530972606664,0.15481530972606664,0.0,0.47079920768737793,False,20954,412160,11.528311254961384,3.0451788707022827,0.5352538675185871,0.10397582991240203,False,True,True,False,False,False,False,False
dev_val,digital_2,turkiye-104_03,scan,train/attack/digital_2/scan/turkiye-104_03.jpg,0.99267578125,0.9926782846450806,2.5033950805664062e-06,0.500696063041687,4.909567832946777,0.0027842670679092,True,1.0,0.25,10,0.0039215851575136,0.0,10,4,0.3760436475276947,0.1313200294971466,0.0514306984841823,0.37604362913429007,0.13132002197723353,0.2447236180305481,0.6507851435229676,True,7.311657428741455,2.5533392429351807,4.758318185806274,0.6507851649479313,1.0,0.0,1.0,0.5844162702560425,0.5470126867294312,False,False,True,output/resnet18_localisation_attack_preserve_cls_full_archive_v2/exact_archive/dev_val/digital_2/scan/turkiye-104_03__9a6bc59a66c7__exact.npz,5d5b2f00677efda970322d8fe33f83ba99b795b3057763ec7762d478703457c7,4183230,float32,float32,512,864,resnet_exact_archive_v1,dev_val,0.0,0.5,0.5,content_mask,True,True,0.05143069987775061,7.311656851416287,2.5533391979766495,0.5330547818013,0.1391829155060353,-0.39387186629526466,0.7388956627765197,0.5330547818013,0.5330547818013,0.5330547818013,0.0,0.5178887248039246,False,0.1391829155060353,0.1391829155060353,0.1391829155060353,0.0,0.3481995761394501,False,21540,418816,10.364525139038683,2.7062224670647947,0.48162408192354933,0.08775221562828467,False,True,True,False,False,False,False,False
dev_val,digital_2,turkiye-115_03,huawei,train/attack/digital_2/huawei/turkiye-115_03.jpg,1.0,1.0,0.0,0.9870451092720032,17.411407470703125,4.333240032196045,True,1.0,0.25,10,0.0039215772412717,0.0,10,0,0.4042335748672485,0.030068065971136,0.0585513412952423,0.4042335829414991,0.0300680668355487,0.3741655070334673,0.92561709836983,True,6.903916358947754,0.513533353805542,6.390383005142212,0.9256170951231206,1.0,0.0,1.0,0.2438387423753738,0.7491250038146973,False,False,True,output/resnet18_localisation_attack_preserve_cls_full_archive_v2/exact_archive/dev_val/digital_2/huawei/turkiye-115_03__e06a3c19e734__exact.npz,6984469c3eba71e0be1cd35dbd72a329ee88580784e1c835293d0bfa1cebb1e5,3894682,float32,float32,512,864,resnet_exact_archive_v1,dev_val,0.0,0.5,0.5,content_mask,True,True,0.05855134197828709,6.9039166188778935,0.5135333507248904,0.6487606631257041,0.0,-0.6487606631257041,1.0,0.6487606631257041,0.6487606631257041,0.6487606631257041,0.0,0.6329386830329895,False,0.0,0.0,0.0,0.0,0.35575613379478455,False,24852,424448,11.080201430161713,0.0,0.5902093211474171,-0.05855134197828709,False,True,True,False,False,False,False,False
dev_val,digital_2,turkiye-115_03,iphone15pro,train/attack/digital_2/iphone15pro/turkiye-115_03.jpg,1.0,0.9999940395355223,5.960464477539063e-06,0.9875432252883912,12.025480270385742,4.372960090637207,True,1.0,0.25,10,0.0039215851575136,0.0,6,0,0.4421440958976745,0.1364766657352447,0.0609825178980827,0.44214408493432966,0.13647666566278102,0.3056674599647522,0.6913298847296543,True,7.25034236907959,2.237963914871216,5.012378454208374,0.6913298985141141,0.0,1.0,-1.0,0.198119580745697,0.7862016558647156,False,False,True,output/resnet18_localisation_attack_preserve_cls_full_archive_v2/exact_archive/dev_val/digital_2/iphone15pro/turkiye-115_03__ba9719914bf8__exact.npz,b0377bdb86701a966d22ac06257405e00f1b80f59da884ace28d409d8d627b56,4191416,float32,float32,512,864,resnet_exact_archive_v1,dev_val,0.0,0.5,0.5,content_mask,True,True,0.06098251626394052,7.25034177042926,2.2379638300278013,0.6957971187046077,0.12886454736675002,-0.5669325713378577,0.8147958019621264,0.6957971187046077,0.6957971187046077,0.6957971187046077,0.0,0.6505123972892761,False,0.12886454736675002,0.12886454736675002,0.12886454736675002,0.0,0.3050312399864197,False,25197,413184,11.409780398255531,2.113139228447166,0.6348146024406671,0.06788203110280949,False,True,True,False,False,False,False,False
dev_val,digital_2,turkiye-115_03,scan,train/attack/digital_2/scan/turkiye-115_03.jpg,1.0,0.9997765421867372,0.0002234578132629,0.5038055181503296,8.406103134155273,0.0152223408222198,True,1.0,0.25,10,0.0039215851575136,0.0,10,3,0.4404686689376831,0.1508332937955856,0.0603610910475254,0.4404686650462578,0.15083330756300886,0.2896353900432586,0.6575617755983427,True,7.297228813171387,2.498849868774414,4.798378944396973,0.657561804247658,0.0,0.0,0.0,0.6479687690734863,0.4302306771278381,False,False,True,output/resnet18_localisation_attack_preserve_cls_full_archive_v2/exact_archive/dev_val/digital_2/scan/turkiye-115_03__3719ca277919__exact.npz,45e4c5d00cba3873a6089e515e802c2baadbcf3b5f3708f0e252d94a9a785993,3919894,float32,float32,512,864,resnet_exact_archive_v1,dev_val,0.0,0.5,0.5,content_mask,True,True,0.06036108993902439,7.297228487610326,2.498849966350471,0.6499487017599243,0.03342277641859364,-0.6165259253413307,0.9485762855928602,0.6499487017599243,0.6499487017599243,0.6499487017599243,0.0,0.592121422290802,False,0.03342277641859364,0.03342277641859364,0.03342277641859364,0.0,0.45829322934150696,False,25342,419840,10.767676700611103,0.553713931480639,0.5895876118208998,-0.026938313520430753,False,True,True,False,False,False,False,False
dev_val,digital_2,turkiye-NF-1002,huawei,train/attack/digital_2/huawei/turkiye-NF-1002.jpg,1.0,0.9999819993972778,1.800060272216797e-05,0.9999009370803832,10.925943374633787,9.220250129699709,True,1.0,0.25,10,0.0039215851575136,0.0,5,0,0.5693164467811584,0.130445972084999,0.082857571542263,0.5693164119246966,0.13044596629331498,0.4388704895973205,0.7708726403085513,True,6.871025085449219,1.5743396282196045,5.296685457229614,0.7708726705781375,0.0,0.0,0.0,0.063089944422245,0.9177179336547852,False,False,True,output/resnet18_localisation_attack_preserve_cls_full_archive_v2/exact_archive/dev_val/digital_2/huawei/turkiye-NF-1002__c78d57c6ef91__exact.npz,324b5a3951adee96fcea390f5553839cce657b5dfa6bbe09688cc5ec5a54c229,4336458,float32,float32,512,864,resnet_exact_archive_v1,dev_val,0.0,0.5,0.5,content_mask,True,True,0.08285757211538461,6.871024547181833,1.5743397128709058,0.6912964641885766,0.148175430643699,-0.5431210335448776,0.785655737704918,0.6912964641885766,0.6912964641885766,0.6912964641885766,0.0,0.44197869300842285,False,0.148175430643699,0.148175430643699,0.148175430643699,0.0,0.2759968936443329,False,35296,425984,8.343189964894227,1.788314898212984,0.608438892073192,0.0653178585283144,True,True,True,True,False,False,False,True
dev_val,digital_2,turkiye-NF-1002,iphone15pro,train/attack/digital_2/iphone15pro/turkiye-NF-1002.jpg,1.0,0.9999997615814208,2.384185791015625e-07,0.9999946355819702,15.351619720458984,12.131410598754885,True,1.0,0.25,10,0.0039215772412717,0.0,4,0,0.5186097025871277,0.0993747413158416,0.0830126702785492,0.5186096679624761,0.09937473831340116,0.4192348942160606,0.80838240308202,True,6.247354984283447,1.1971033811569214,5.050251603126526,0.8083823659503118,0.0,0.0,0.0,0.199927419424057,0.8501062393188477,False,False,True,output/resnet18_localisation_attack_preserve_cls_full_archive_v2/exact_archive/dev_val/digital_2/iphone15pro/turkiye-NF-1002__45b767ed7bb0__exact.npz,44c8c642645f134a869fda758c0ff789b082f90a5abb861700b5fe93fa0e4aae,4364229,float32,float32,512,864,resnet_exact_archive_v1,dev_val,0.0,0.5,0.5,content_mask,True,True,0.0830126710199005,6.247355513210153,1.1971032505336228,0.7291349642982559,0.0982968512232237,-0.6308381130750321,0.8651870284154759,0.7291349642982559,0.7291349642982559,0.7291349642982559,0.0,0.5325105786323547,False,0.0982968512232237,0.0982968512232237,0.0982968512232237,0.0,0.28441938757896423,False,34172,411648,8.783417704069075,1.1841186413536693,0.6461222932783554,0.0152841802033232,True,True,True,True,False,False,False,True
dev_val,digital_2,turkiye-NF-1002,scan,train/attack/digital_2/scan/turkiye-NF-1002.jpg,1.0,0.9999898672103882,1.0132789611816406e-05,0.9999746084213256,11.503898620605469,10.578967094421388,True,1.0,0.25,10,0.0039215851575136,0.0,6,0,0.5898248553276062,0.1067442446947097,0.084525316953659,0.5898249303542994,0.10674424100892063,0.4830807372927665,0.8190238568844472,True,6.978086948394775,1.262867093086243,5.715219855308533,0.8190238811259367,0.0,0.0,0.0,0.035201258957386,0.9600657224655152,False,False,True,output/resnet18_localisation_attack_preserve_cls_full_archive_v2/exact_archive/dev_val/digital_2/scan/turkiye-NF-1002__0473adb87fbb__exact.npz,7960957b42decab9fd62597688737ed118637c382db7342480c5b3ed64b7009d,4387027,float32,float32,512,864,resnet_exact_archive_v1,dev_val,0.0,0.5,0.5,content_mask,True,True,0.08452531403186274,6.9780862349941515,1.2628671331369703,0.7182703743557796,0.13377130882935945,-0.5844990655264202,0.8137591168933571,0.7182703743557796,0.7182703743557796,0.7182703743557796,0.0,0.48467203974723816,False,0.13377130882935945,0.13377130882935945,0.13377130882935945,0.0,0.2778441607952118,False,35314,417792,8.497695425124594,1.5826183003464842,0.6337450603239169,0.04924599479749671,True,True,True,True,False,False,False,True
dev_val,digital_2,turkiye-NM-1055,huawei,train/attack/digital_2/huawei/turkiye-NM-1055.jpg,1.0,0.9998992681503296,0.0001007318496704,0.5002133846282959,9.202531814575195,0.0008534938097,True,1.0,0.25,10,0.0039215851575136,0.0,10,3,0.4959928393363952,0.1654489338397979,0.0698324963450431,0.4959928137639283,0.16544892381305665,0.3305438309907913,0.6664287884384483,True,7.102606773376465,2.369225263595581,4.733381509780884,0.6664287719719433,0.0,0.0,0.0,0.6328155994415283,0.4936941266059875,False,False,True,output/resnet18_localisation_attack_preserve_cls_full_archive_v2/exact_archive/dev_val/digital_2/huawei/turkiye-NM-1055__3f2e3e76f15c__exact.npz,232fa57e49dc2378a9ee124f07ee3bd8ca0b30a826c1634d9ce42ee362bcf105,3775036,float32,float32,512,864,resnet_exact_archive_v1,dev_val,0.0,0.5,0.5,content_mask,True,True,0.06983249470338983,7.102607688163426,2.3692254517870657,0.658517590491992,0.2094944638201334,-0.4490231266718586,0.6818696009872481,0.658517590491992,0.658517590491992,0.658517590491992,0.0,0.44822895526885986,False,0.2094944638201334,0.2094944638201334,0.2094944638201334,0.0,0.1760987639427185,False,29533,422912,9.429959409140599,2.9999567495039536,0.5886850957886022,0.13966196911674356,False,True,True,False,False,False,False,False
dev_val,digital_2,turkiye-NM-1055,iphone15pro,train/attack/digital_2/iphone15pro/turkiye-NM-1055.jpg,1.0,0.9999891519546508,1.0848045349121094e-05,0.7461767196655273,11.43661880493164,1.0783241987228394,True,1.0,0.25,10,0.0039215851575136,0.0,8,0,0.4664465188980102,0.0594317801296711,0.0679575502872467,0.46644652739881165,0.059431781846768394,0.4070147722959518,0.8725860771690251,True,6.86379337310791,0.8745427131652832,5.989250659942627,0.8725860955267521,0.0,0.0,0.0,0.0362664051353931,0.9661102890968324,False,False,True,output/resnet18_localisation_attack_preserve_cls_full_archive_v2/exact_archive/dev_val/digital_2/iphone15pro/turkiye-NM-1055__64e3719b4d6f__exact.npz,be54640d38aba6941b67d5c35e76ea9133401ca7c0eb394a970199c31d712e4d,4306932,float32,float32,512,864,resnet_exact_archive_v1,dev_val,0.0,0.5,0.5,content_mask,True,True,0.06795754753740649,6.863792828045498,0.8745427697203879,0.6562981544526071,0.059236695932628564,-0.5970614585199785,0.9097411816096974,0.6562981544526071,0.6562981544526071,0.6562981544526071,0.0,0.5012797117233276,False,0.059236695932628564,0.059236695932628564,0.059236695932628564,0.0,0.3462446630001068,False,27905,410624,9.657472616876808,0.8716720670360032,0.5883406069152006,-0.008720851604777924,False,True,True,False,False,False,False,False
dev_val,digital_2,turkiye-NM-1055,scan,train/attack/digital_2/scan/turkiye-NM-1055.jpg,1.0,0.9999961853027344,3.814697265625e-06,0.9350908994674684,12.485148429870604,2.667656421661377,True,1.0,0.25,10,0.0039215851575136,0.0,10,0,0.473910927772522,0.1395987123250961,0.0693777725100517,0.47391088312528445,0.13959871854677877,0.3343121111392975,0.7054325538460485,True,6.830873966217041,2.012153387069702,4.818720579147339,0.7054325117077165,0.0,1.0,-1.0,0.3550592064857483,0.7004751563072205,False,False,True,output/resnet18_localisation_attack_preserve_cls_full_archive_v2/exact_archive/dev_val/digital_2/scan/turkiye-NM-1055__2e93611899af__exact.npz,dd81c2fe040287f2ed4d4adbcb1f8c8a47a707fb57f3a132cb9ad1734a86a7cb,4136582,float32,float32,512,864,resnet_exact_archive_v1,dev_val,0.0,0.5,0.5,content_mask,True,True,0.06937777310281518,6.8308748166789215,2.012153349746451,0.6543537438406671,0.13083629096171737,-0.5235174528789498,0.8000526592943655,0.6543537438406671,0.6543537438406671,0.6543537438406671,0.0,0.48877471685409546,False,0.13083629096171737,0.13083629096171737,0.13083629096171737,0.0,0.3938930332660675,False,29021,418304,9.43174902531017,1.8858531358137287,0.5849759707378519,0.06145851785890219,False,True,True,False,False,False,False,False
dev_val,digital_2,ukraine-025_03,huawei,train/attack/digital_2/huawei/ukraine-025_03.jpg,1.0,0.9999955892562866,4.410743713378906e-06,1.0,12.32453441619873,18.522266387939453,True,1.0,0.25,10,0.0039215772412717,0.0,9,0,0.4390919804573059,0.0010939051862806,0.0551503933966159,0.4390919492982695,0.0010939051016778793,0.4379980453522876,0.9975087106392497,True,7.961719512939453,0.0198349505662918,7.941884562373161,0.9975087102058724,0.0,0.0,0.0,0.0022075455635786,0.990675687789917,False,False,True,output/resnet18_localisation_attack_preserve_cls_full_archive_v2/exact_archive/dev_val/digital_2/huawei/ukraine-025_03__a0aea883a5b0__exact.npz,2e9d9ef2daf2800fcbad1141e55d7d2bf96a7ac9ad48245d5c77c9b6e6580750,3917105,float32,float32,512,864,resnet_exact_archive_v1,dev_val,0.0,0.5,0.5,content_mask,True,True,0.05515039298669891,7.961719319102024,0.01983494663295882,0.7046077423775265,0.0,-0.7046077423775265,1.0,0.7046077423775265,0.7046077423775265,0.7046077423775265,0.0,0.6266735792160034,False,0.0,0.0,0.0,0.0,0.5582705736160278,False,23352,423424,12.776114624377433,0.0,0.6494573493908277,-0.05515039298669891,False,True,True,False,False,False,False,False
dev_val,digital_2,ukraine-025_03,iphone15pro,train/attack/digital_2/iphone15pro/ukraine-025_03.jpg,1.0,0.9999988079071044,1.1920928955078125e-06,0.5026502013206482,13.671356201171877,0.010601133108139,True,1.0,0.25,10,0.0039215851575136,0.0,10,3,0.4299701750278473,0.0801990628242492,0.0557585693895816,0.4299701372003993,0.08019906427886546,0.3497710824012756,0.8134775945114381,True,7.711283683776855,1.4383271932601929,6.272956490516663,0.8134775930645409,0.0,0.0,0.0,0.5088554620742798,0.547238826751709,False,False,True,output/resnet18_localisation_attack_preserve_cls_full_archive_v2/exact_archive/dev_val/digital_2/iphone15pro/ukraine-025_03__444f2c806f6a__exact.npz,d35cbf1d61349af6b0cc4b2c3cf73a2a53f55974e2d7691dbb701f80b429b790,3721314,float32,float32,512,864,resnet_exact_archive_v1,dev_val,0.0,0.5,0.5,content_mask,True,True,0.055758568548387094,7.711283635756766,1.4383271731459353,0.7047370708387658,0.00560625814863103,-0.6991308126901348,0.9920448939319191,0.7047370708387658,0.7047370708387658,0.7047370708387658,0.0,0.614477276802063,False,0.00560625814863103,0.00560625814863103,0.00560625814863103,0.0,0.3353979289531708,False,23010,412672,12.639081116782927,0.10054523088708667,0.6489785022903787,-0.05015231039975607,False,True,True,False,False,False,False,False
dev_val,digital_2,ukraine-025_03,scan,train/attack/digital_2/scan/ukraine-025_03.jpg,1.0,0.9999998807907104,1.1920928955078125e-07,0.7212462425231934,16.068086624145508,0.9506517052650452,True,1.0,0.25,10,0.0039215851575136,0.0,10,0,0.4468371570110321,0.1127405390143394,0.0581868477165699,0.44683713451765944,0.11274054362489405,0.3340966030955314,0.7476920897664595,True,7.679349422454834,1.9375606775283811,5.741788744926453,0.7476920802870555,0.0,0.0,0.0,0.2068115770816803,0.7863919138908386,False,False,True,output/resnet18_localisation_attack_preserve_cls_full_archive_v2/exact_archive/dev_val/digital_2/scan/ukraine-025_03__7a8ab2cafa98__exact.npz,930c1ae8d0d691cc377815c32aad78ff465f14a0f81fdcbcd8938f20990843ac,3913184,float32,float32,512,864,resnet_exact_archive_v1,dev_val,0.0,0.5,0.5,content_mask,True,True,0.058186848958333336,7.679349243290908,1.937560559528249,0.7131633072809543,0.07124640065816537,-0.641916906622789,0.9000980561804234,0.7131633072809543,0.7131633072809543,0.7131633072809543,0.0,0.6282806396484375,False,0.07124640065816537,0.07124640065816537,0.07124640065816537,0.0,0.2831234931945801,False,24310,417792,12.25643457324247,1.2244416381643861,0.654976458322621,0.013059551699832035,False,True,True,False,False,False,False,False
dev_val,digital_2,ukraine-NF-1068,huawei,train/attack/digital_2/huawei/ukraine-NF-1068.jpg,1.0,0.9999997615814208,2.384185791015625e-07,0.969151258468628,15.322779655456545,3.4473252296447754,True,1.0,0.25,10,0.0039215851575136,0.0,10,0,0.5112378597259521,0.0264972019940614,0.0775155276060104,0.5112378375308287,0.026497200891181752,0.484740599989891,0.9481705011914657,True,6.595294952392578,0.341830849647522,6.253464102745056,0.948170498497036,0.0,0.0,0.0,0.2051159143447876,0.8132221102714539,False,False,True,output/resnet18_localisation_attack_preserve_cls_full_archive_v2/exact_archive/dev_val/digital_2/huawei/ukraine-NF-1068__7fda38b05a13__exact.npz,230ae6dfb5454c0df6d993e8702eedd23989ba9de4e65151ac3f31487373318c,4069855,float32,float32,512,864,resnet_exact_archive_v1,dev_val,0.0,0.5,0.5,content_mask,True,True,0.07751553087349397,6.595295571995416,0.3418308639906681,0.7062019975107009,0.002064296773018427,-0.7041377007376824,0.9970769032368998,0.7062019975107009,0.7062019975107009,0.7062019975107009,0.0,0.5104796886444092,False,0.002064296773018427,0.002064296773018427,0.002064296773018427,0.0,0.18986982107162476,False,32941,424960,9.110458117912252,0.02663075063482926,0.628686466637207,-0.07545123410047555,True,True,True,True,False,False,False,True
dev_val,digital_2,ukraine-NF-1068,iphone15pro,train/attack/digital_2/iphone15pro/ukraine-NF-1068.jpg,1.0,1.0,0.0,0.9970024228096008,22.44957733154297,5.806942939758301,True,1.0,0.25,10,0.0039215851575136,0.0,10,0,0.4874930083751678,0.0952692478895187,0.0681943893432617,0.4874929850876659,0.09526925011450361,0.3922237306833267,0.8045730850929653,True,7.148578643798828,1.3970247507095337,5.751553893089294,0.8045730738485461,0.0,0.0,0.0,0.4687521457672119,0.5777372717857361,False,False,True,output/resnet18_localisation_attack_preserve_cls_full_archive_v2/exact_archive/dev_val/digital_2/iphone15pro/ukraine-NF-1068__feb2b0b9220e__exact.npz,976aec85cae5364ac4ea095239f234c87c87aca1cd66e1e301b9ddfc1d6ec5be,3858109,float32,float32,512,864,resnet_exact_archive_v1,dev_val,0.0,0.5,0.5,content_mask,True,True,0.06819439052795032,7.148578956620499,1.397024731461693,0.7262959405130395,0.005123278898495036,-0.7211726616145444,0.9929460174390125,0.7262959405130395,0.7262959405130395,0.7262959405130395,0.0,0.6305538415908813,False,0.005123278898495036,0.005123278898495036,0.005123278898495036,0.0,0.3216975927352905,False,28107,412160,10.650376590950806,0.0751275707405171,0.6581015499850892,-0.06307111162945528,False,True,True,False,False,False,False,False
dev_val,digital_2,ukraine-NF-1068,scan,train/attack/digital_2/scan/ukraine-NF-1068.jpg,1.0,1.0,0.0,0.9997686743736268,23.487010955810547,8.371417999267578,True,1.0,0.25,10,0.0039215851575136,0.0,10,0,0.5502866506576538,0.2313755452632904,0.0765391290187835,0.5502866466569373,0.23137553147727613,0.3189111948013305,0.5795363509492507,True,7.189612865447998,3.022970199584961,4.166642665863037,0.579536442899058,1.0,0.0,1.0,0.688029408454895,0.4364160299301147,False,False,True,output/resnet18_localisation_attack_preserve_cls_full_archive_v2/exact_archive/dev_val/digital_2/scan/ukraine-NF-1068__c56ec87d86c9__exact.npz,507a1524a026fc4c66cf6b8811edfddf8b4093202a525485dbb27e180a8512e3,3994977,float32,float32,512,864,resnet_exact_archive_v1,dev_val,0.0,0.5,0.5,content_mask,True,True,0.07653912927350427,7.189612056998293,3.0229705207447655,0.7782832216856208,0.14167315781274342,-0.6366100638728773,0.8179670923575802,0.7782832216856208,0.7782832216856208,0.7782832216856208,0.0,0.6025319695472717,False,0.14167315781274342,0.14167315781274342,0.14167315781274342,0.0,0.49101176857948303,False,32095,419328,10.16843579320729,1.8509899336127769,0.7017440924121165,0.06513402853923915,True,True,True,True,False,False,False,True
dev_val,digital_2,ukraine-NF-1073,huawei,train/attack/digital_2/huawei/ukraine-NF-1073.jpg,1.0,0.9998960494995116,0.0001039505004882,0.943465769290924,9.171092987060549,2.814714193344116,True,1.0,0.25,10,0.0039215851575136,0.0,10,0,0.7123265862464905,0.000394881615648,0.1291597783565521,0.7123265434161486,0.00039488161077156633,0.7119316450844053,0.9994456452389407,True,5.515079975128174,0.0030573105905205,5.512022664537653,0.9994456452845092,1.0,0.0,1.0,0.0086212726309895,0.9751890897750854,False,False,True,output/resnet18_localisation_attack_preserve_cls_full_archive_v2/exact_archive/dev_val/digital_2/huawei/ukraine-NF-1073__bff2a70d8124__exact.npz,41098410f27adbde82927a6673a48e46938f5d4b8c31bf2e5bfc344ce120ca7e,4124598,float32,float32,512,864,resnet_exact_archive_v1,dev_val,0.0,0.5,0.5,content_mask,True,True,0.12915978064903846,5.515080157589688,0.0030573109429828226,0.7852417302798982,0.0,-0.7852417302798982,1.0,0.7852417302798982,0.7852417302798982,0.7852417302798982,0.0,0.20640288293361664,False,0.0,0.0,0.0,0.0,0.12562689185142517,False,55020,425984,6.07961492605511,0.0,0.6560819496308598,-0.12915978064903846,True,True,True,True,False,False,False,True
dev_val,digital_2,ukraine-NF-1073,iphone15pro,train/attack/digital_2/iphone15pro/ukraine-NF-1073.jpg,1.0,0.9999932050704956,6.794929504394531e-06,0.999982476234436,11.892277717590332,10.95109748840332,True,1.0,0.25,10,0.0029412410221993,0.0,3,0,0.7268528938293457,0.1462628692388534,0.1366144269704818,0.7268528927343196,0.14626286800394842,0.5805900245904922,0.798772393332951,True,5.320469856262207,1.0706254243850708,4.249844431877136,0.798772391666698,1.0,0.0,1.0,0.2094306796789169,0.8544930219650269,False,False,True,output/resnet18_localisation_attack_preserve_cls_full_archive_v2/exact_archive/dev_val/digital_2/iphone15pro/ukraine-NF-1073__ea584b896b59__exact.npz,2b13c5551b42a39e2abede0bb2bdee6385411ecbd28313a4a68dd31ff0c8c210,3973961,float32,float32,512,864,resnet_exact_archive_v1,dev_val,0.0,0.5,0.5,content_mask,True,True,0.13661442158385093,5.320469715477245,1.0706253871900009,0.7770792263839309,0.0892429005274655,-0.6878363258564654,0.8851559821734658,0.7770792263839309,0.7770792263839309,0.7770792263839309,0.0,0.2456183135509491,False,0.0892429005274655,0.0892429005274655,0.0892429005274655,0.0,0.0167522169649601,False,56307,412160,5.688120019649439,0.6532465569360858,0.64046480480008,-0.047371521056385424,True,True,True,True,False,False,False,True
dev_val,digital_2,ukraine-NF-1073,scan,train/attack/digital_2/scan/ukraine-NF-1073.jpg,0.99609375,0.9959034323692322,0.0001903176307678,0.9998610019683838,5.49349308013916,8.881181716918945,True,1.0,0.25,10,0.0039215772412717,0.0,4,0,0.8368573784828186,0.1456902623176574,0.1395457684993744,0.8368573891727736,0.145690260227492,0.6911671906709671,0.8259079000646626,True,5.997010707855225,1.0440319776535034,4.952978730201721,0.8259079350507127,1.0,0.0,1.0,0.0037045609205961,0.9975139498710632,False,False,True,output/resnet18_localisation_attack_preserve_cls_full_archive_v2/exact_archive/dev_val/digital_2/scan/ukraine-NF-1073__20daa7620de7__exact.npz,1112d10a701a7997baca19dfead74b9c025fe6f18987a24022c2ec092bf2ceb3,3829943,float32,float32,512,864,resnet_exact_archive_v1,dev_val,0.0,0.5,0.5,content_mask,True,True,0.13954576711491443,5.997010202994052,1.0440320995728782,0.7849736499897337,0.10242283211279173,-0.682550817876942,0.8695206748479631,0.7849736499897337,0.7849736499897337,0.7849736499897337,0.0,0.14817334711551666,False,0.10242283211279173,0.10242283211279173,0.10242283211279173,0.0,0.08975894749164581,False,58444,418816,5.625205738725965,0.7339730486303295,0.6454278828748193,-0.0371229350021227,True,True,True,True,False,False,False,True
dev_val,digital_2,ukraine-NF-1106,huawei,train/attack/digital_2/huawei/ukraine-NF-1106.jpg,1.0,0.9999439716339112,5.602836608886719e-05,0.9999990463256836,9.790477752685549,13.89880657196045,True,1.0,0.25,10,0.0039215851575136,0.0,8,0,0.4956827461719513,0.0044262963347136,0.0725018680095672,0.4956827203434527,0.004426296523719548,0.4912563897669315,0.9910703029537672,True,6.836826324462891,0.0610507950186729,6.775775529444218,0.9910703019030588,0.0,0.0,0.0,0.0126159656792879,0.9648556709289552,False,False,True,output/resnet18_localisation_attack_preserve_cls_full_archive_v2/exact_archive/dev_val/digital_2/huawei/ukraine-NF-1106__c8abd279cfc7__exact.npz,4935dfc86fd8c1f4052ece30ec8d7c517246ee8f900fc1580441f1ab9785fa8b,4152948,float32,float32,512,864,resnet_exact_archive_v1,dev_val,0.0,0.5,0.5,content_mask,True,True,0.07250187125748503,6.836826577662695,0.06105079009616019,0.7074461220802685,0.0,-0.7074461220802685,1.0,0.7074461220802685,0.7074461220802685,0.7074461220802685,0.0,0.5366090536117554,False,0.0,0.0,0.0,0.0,0.459348201751709,False,30996,427520,9.757625697243398,0.0,0.6349442508227834,-0.07250187125748503,False,True,True,False,False,False,False,False
dev_val,digital_2,ukraine-NF-1106,iphone15pro,train/attack/digital_2/iphone15pro/ukraine-NF-1106.jpg,1.0,0.9999945163726808,5.4836273193359375e-06,0.500934898853302,12.11695671081543,0.0037395134568214,True,1.0,0.25,10,0.0039215851575136,0.0,9,2,0.5196316838264465,0.0355733707547187,0.0680194944143295,0.519631651617625,0.035573370327362304,0.4840582497417927,0.9315411788011342,True,7.639451503753662,0.522987961769104,7.116463541984558,0.9315411634575947,0.0,0.0,0.0,0.1730924844741821,0.8313979506492615,False,False,True,output/resnet18_localisation_attack_preserve_cls_full_archive_v2/exact_archive/dev_val/digital_2/iphone15pro/ukraine-NF-1106__abb077e66702__exact.npz,43c42c94e4d94c666c024872b79b413c43da3d27358da3d1eaa3c5f8455fabed,4279056,float32,float32,512,864,resnet_exact_archive_v1,dev_val,0.0,0.5,0.5,content_mask,True,True,0.06801949295343138,7.639452001992779,0.5229878786617408,0.7540995143922866,0.061369554507706384,-0.6927299598845802,0.9186187587494167,0.7540995143922866,0.7540995143922866,0.7540995143922866,0.0,0.5915836095809937,False,0.061369554507706384,0.061369554507706384,0.061369554507706384,0.0,0.12436211854219437,False,28418,417792,11.086520667076577,0.9022348130369366,0.6860800214388553,-0.006649938445724993,True,True,True,True,False,False,False,True
dev_val,digital_2,ukraine-NF-1106,scan,train/attack/digital_2/scan/ukraine-NF-1106.jpg,0.99951171875,0.9995328187942504,2.110004425048828e-05,0.5001540780067444,7.66840934753418,0.0006163194775581,True,1.0,0.25,10,0.0039215851575136,0.0,7,1,0.5274676084518433,0.0495786778628826,0.070057637989521,0.5274676247394583,0.049578679142286815,0.4778889268636703,0.9060062138092815,True,7.529051780700684,0.7076841592788696,6.821367621421814,0.9060062037170624,0.0,0.0,0.0,0.1336676925420761,0.8672876358032227,False,False,True,output/resnet18_localisation_attack_preserve_cls_full_archive_v2/exact_archive/dev_val/digital_2/scan/ukraine-NF-1106__808025317e23__exact.npz,6bc4595b77cccbbde9843839c68c13454a8edaf13df9c4b57000dc0c1978dd6d,3926920,float32,float32,512,864,resnet_exact_archive_v1,dev_val,0.0,0.5,0.5,content_mask,True,True,0.07005764100609756,7.529052037215319,0.7076841074048107,0.7466086424370176,0.056097643898956245,-0.6905109985380614,0.9248633879781422,0.7466086424370176,0.7466086424370176,0.7466086424370176,0.0,0.5880319476127625,False,0.056097643898956245,0.056097643898956245,0.056097643898956245,0.0,0.2629021406173706,False,29413,419840,10.657062266370568,0.8007355528010672,0.6765510014309201,-0.013959997107141311,True,True,True,True,False,False,False,True
dev_val,digital_2,usa-034_03,huawei,train/attack/digital_2/huawei/usa-034_03.jpg,1.0,0.9999979734420776,2.026557922363281e-06,0.7624397873878479,13.124652862548828,1.166102170944214,True,1.0,0.25,10,0.0039215851575136,0.0,10,0,0.51165771484375,0.0145568121224641,0.0847106277942657,0.5116576799053172,0.01455681150179795,0.4971008449792862,0.9715497058414296,True,6.040064334869385,0.1718416064977646,5.86822272837162,0.9715497059351303,1.0,0.0,1.0,0.1679117679595947,0.8271316885948181,False,False,True,output/resnet18_localisation_attack_preserve_cls_full_archive_v2/exact_archive/dev_val/digital_2/huawei/usa-034_03__5fae0f73f135__exact.npz,4f9074e491f9f4c880911962c348d7305699055baa3a2a3bf2016052da9700dc,3873569,float32,float32,512,864,resnet_exact_archive_v1,dev_val,0.0,0.5,0.5,content_mask,True,True,0.08471062725631769,6.040064823946372,0.17184162097810826,0.6428056156706066,0.001997669385716664,-0.6408079462848899,0.9968922651933702,0.6428056156706066,0.6428056156706066,0.6428056156706066,0.0,0.4477475881576538,True,0.001997669385716664,0.001997669385716664,0.001997669385716664,0.0,0.19466343522071838,False,36042,425472,7.588252342006668,0.02358227592474448,0.5580949884142888,-0.08271295787060103,True,True,True,True,False,False,False,True
dev_val,digital_2,usa-034_03,iphone15pro,train/attack/digital_2/iphone15pro/usa-034_03.jpg,1.0,1.0,0.0,0.9972079396247864,18.79662132263184,5.878196716308594,True,1.0,0.25,10,0.0039215851575136,0.0,10,0,0.5137084126472473,0.0646510869264602,0.088828220963478,0.5137084350928232,0.06465108171593394,0.4490573927760124,0.874148296388686,True,5.783167362213135,0.727821409702301,5.055345952510834,0.8741483059166086,0.0,1.0,-1.0,0.1534181237220764,0.8364075422286987,False,False,True,output/resnet18_localisation_attack_preserve_cls_full_archive_v2/exact_archive/dev_val/digital_2/iphone15pro/usa-034_03__dc4ce9de852f__exact.npz,bb777f802272da0df747335bdcb2399941e99fdfaee74309895b34cf8c565105,4455043,float32,float32,512,864,resnet_exact_archive_v1,dev_val,0.0,0.5,0.5,content_mask,True,True,0.0888282224127182,5.783166893805495,0.7278214058539728,0.6659629883481837,0.03509252912954078,-0.6308704592186429,0.9473055864311886,0.6659629883481837,0.6659629883481837,0.6659629883481837,0.0,0.4669642448425293,False,0.03509252912954078,0.03509252912954078,0.03509252912954078,0.0,0.3193594217300415,False,36475,410624,7.497200442151736,0.39506058070701994,0.5771347659354655,-0.05373569328317743,True,True,True,True,False,False,False,True
dev_val,digital_2,usa-034_03,scan,train/attack/digital_2/scan/usa-034_03.jpg,1.0,0.9999977350234984,2.264976501464844e-06,0.8040584325790405,12.973812103271484,1.4118554592132568,True,1.0,0.25,10,0.0039215851575136,0.0,10,0,0.5014232397079468,0.0277147255837917,0.089331530034542,0.5014232104767408,0.027714728921726432,0.4737084489315748,0.9447278699057908,True,5.613059043884277,0.3102457821369171,5.30281326174736,0.9447278605638496,0.0,0.0,0.0,0.1826349794864654,0.8302839398384094,False,False,True,output/resnet18_localisation_attack_preserve_cls_full_archive_v2/exact_archive/dev_val/digital_2/scan/usa-034_03__02374b29b3d3__exact.npz,e574f5b022f1b92b4ee3a1c5d9a74a10a5d3dabeda5545d230e458b4173fb5ad,4098215,float32,float32,512,864,resnet_exact_archive_v1,dev_val,0.0,0.5,0.5,content_mask,True,True,0.08933153339460784,5.613059481043312,0.31024575386276004,0.6519747066073629,0.022640801671936123,-0.6293339049354267,0.9652734968972178,0.6519747066073629,0.6519747066073629,0.6519747066073629,0.0,0.40681877732276917,False,0.022640801671936123,0.022640801671936123,0.022640801671936123,0.0,0.2217477560043335,False,37322,417792,7.298371379425094,0.2534469163528626,0.562643173212755,-0.06669073172267172,True,True,True,True,False,False,False,True
dev_val,digital_2,usa-067_03,huawei,train/attack/digital_2/huawei/usa-067_03.jpg,1.0,0.9999997615814208,2.384185791015625e-07,0.5004330277442932,15.157171249389648,0.0017321780323982,True,1.0,0.25,10,0.0039215851575136,0.0,10,1,0.4885441660881042,0.0184401497244834,0.0814994499087333,0.48854417426935065,0.018440149491604323,0.4701039846986532,0.9622548984046678,True,5.994447231292725,0.2262610644102096,5.768186166882515,0.9622548909549054,0.0,0.0,0.0,0.0699481964111328,0.8998831510543823,False,False,True,output/resnet18_localisation_attack_preserve_cls_full_archive_v2/exact_archive/dev_val/digital_2/huawei/usa-067_03__70b511389e06__exact.npz,f41901d661246f125bcdbb24da795247ee8440755c8aa24c5ec3c8c7b236e2da,3790570,float32,float32,512,864,resnet_exact_archive_v1,dev_val,0.0,0.5,0.5,content_mask,True,True,0.08149944673382173,5.9944477398103375,0.2262610389470507,0.6467300658376006,0.03341623994147769,-0.6133138258961229,0.9483304678309655,0.6467300658376006,0.6467300658376006,0.6467300658376006,0.0,0.46084627509117126,False,0.03341623994147769,0.03341623994147769,0.03341623994147769,0.0,0.06833261251449585,False,34175,419328,7.93539210087928,0.41001799743028405,0.5652306191037789,-0.04808320679234404,False,True,True,False,False,False,False,False
dev_val,digital_2,usa-067_03,iphone15pro,train/attack/digital_2/iphone15pro/usa-067_03.jpg,1.0,0.9999997615814208,2.384185791015625e-07,0.7096120715141296,15.432150840759276,0.893500566482544,True,1.0,0.25,10,0.0039215851575136,0.0,8,0,0.4729869961738586,0.0844619125127792,0.0837283059954643,0.4729870045512912,0.08446192373272661,0.388525053858757,0.8214286588849241,True,5.649068832397461,1.0087617635726929,4.640307068824768,0.8214286648823546,0.0,1.0,-1.0,0.1627454310655594,0.831755518913269,False,False,True,output/resnet18_localisation_attack_preserve_cls_full_archive_v2/exact_archive/dev_val/digital_2/iphone15pro/usa-067_03__6c99052efad0__exact.npz,c24c2ba48eb904032c2690748413bb90db9d9e06ed6c0e056c0e2ba234554ad8,3742958,float32,float32,512,864,resnet_exact_archive_v1,dev_val,0.0,0.5,0.5,content_mask,True,True,0.08372830378426699,5.64906946843187,1.0087619110301083,0.6195123307476298,0.0325854255289571,-0.5869269052186727,0.9474014899919219,0.6195123307476298,0.6195123307476298,0.6195123307476298,0.0,0.42104843258857727,False,0.0325854255289571,0.0325854255289571,0.0325854255289571,0.0,0.10266874730587006,False,35967,429568,7.399078958339529,0.38918052864078306,0.5357840269633628,-0.05114287825530989,False,True,True,False,False,False,False,False
dev_val,digital_2,usa-067_03,scan,train/attack/digital_2/scan/usa-067_03.jpg,1.0,0.9999998807907104,1.1920928955078125e-07,0.9888060092926024,16.0076904296875,4.481118202209473,True,1.0,0.25,10,0.0039215851575136,0.0,10,0,0.4730728268623352,0.1320355981588363,0.0843778625130653,0.4730728114608632,0.13203561155035773,0.3410371989011764,0.720897907570237,True,5.606598377227783,1.564813256263733,4.04178512096405,0.7208979222375718,0.0,1.0,-1.0,0.5025007724761963,0.5868133902549744,False,False,True,output/resnet18_localisation_attack_preserve_cls_full_archive_v2/exact_archive/dev_val/digital_2/scan/usa-067_03__e66367fa4b73__exact.npz,4d439f7c9620e341f261faff588aa0ceba6fd3613061c383cf41d163d4c2fddc,3825320,float32,float32,512,864,resnet_exact_archive_v1,dev_val,0.0,0.5,0.5,content_mask,True,True,0.08437786172161173,5.6065987192431415,1.5648134339547906,0.6228025549714544,0.12393307331411452,-0.4988694816573399,0.8010074423670358,0.6228025549714544,0.6228025549714544,0.6228025549714544,0.0,0.43867117166519165,False,0.12393307331411452,0.12393307331411452,0.12393307331411452,0.0,0.24436108767986298,False,35382,419328,7.381113271467696,1.4687866080679726,0.5384246932498427,0.03955521159250279,False,True,True,False,False,False,False,False
dev_val,digital_2,usa-NF-1036,huawei,train/attack/digital_2/huawei/usa-NF-1036.jpg,1.0,1.0,0.0,0.9851332902908324,22.270980834960938,4.193653106689453,True,1.0,0.25,10,0.0039215851575136,0.0,10,0,0.4672929644584656,0.0604502484202384,0.1063071563839912,0.46729294198359667,0.06045025153480506,0.4068426862359047,0.870637353780261,True,4.395686626434326,0.5686376094818115,3.827049016952514,0.8706373638961892,0.0,0.0,0.0,0.2215588390827179,0.7769720554351807,False,False,True,output/resnet18_localisation_attack_preserve_cls_full_archive_v2/exact_archive/dev_val/digital_2/huawei/usa-NF-1036__05cae596aac9__exact.npz,9b969ebb973107a19fb58c7e7896e3da176acd222762529bcb28f8f3e6cfdb51,4263480,float32,float32,512,864,resnet_exact_archive_v1,dev_val,0.0,0.5,0.5,content_mask,True,True,0.10630715311366384,4.395686727533433,0.56863766702671,0.6569879812498611,0.03461222313553862,-0.6223757581143226,0.9473168092516824,0.6569879812498611,0.6569879812498611,0.6569879812498611,0.0,0.45800870656967163,False,0.03461222313553862,0.03461222313553862,0.03461222313553862,0.0,0.17688333988189697,False,45013,423424,6.180091950608517,0.32558696307605145,0.5506808281361972,-0.07169492997812522,False,True,True,False,False,False,False,False
dev_val,digital_2,usa-NF-1036,iphone15pro,train/attack/digital_2/iphone15pro/usa-NF-1036.jpg,1.0,1.0,0.0,0.9744485020637512,23.242521286010746,3.6411733627319336,True,1.0,0.25,10,0.0039215851575136,0.0,10,0,0.497533917427063,0.0261822510510683,0.1059313341975212,0.4975339322625104,0.026182250509673422,0.4713516943156719,0.9473759500369935,True,4.696759223937988,0.2471625059843063,4.449596717953682,0.9473759470733368,1.0,0.0,1.0,0.0799553841352462,0.8892569541931152,False,False,True,output/resnet18_localisation_attack_preserve_cls_full_archive_v2/exact_archive/dev_val/digital_2/iphone15pro/usa-NF-1036__151ec583628a__exact.npz,6b9a0c306c7897c8994b41810bd0f34c7983e20e1d2e345ab5f8ae09f4e81c84,4697712,float32,float32,512,864,resnet_exact_archive_v1,dev_val,0.0,0.5,0.5,content_mask,True,True,0.1059313322368421,4.696758945220477,0.2471624773974799,0.6889166146808068,0.021348859776807377,-0.6675677549039994,0.9690109668980783,0.6889166146808068,0.6889166146808068,0.6889166146808068,0.0,0.44885310530662537,False,0.021348859776807377,0.021348859776807377,0.021348859776807377,0.0,0.2882874310016632,False,43281,408576,6.503426324711197,0.20153489365238444,0.5829852824439646,-0.08458247246003472,False,True,True,False,False,False,False,False
dev_val,digital_2,usa-NF-1036,scan,train/attack/digital_2/scan/usa-NF-1036.jpg,1.0,1.0,0.0,0.999974489212036,26.119525909423828,10.57652473449707,True,1.0,0.25,10,0.0039215851575136,0.0,10,0,0.5194159746170044,0.0759314224123954,0.1126729771494865,0.5194159781260796,0.07593142820428335,0.4434845447540283,0.8538138382299587,True,4.60994291305542,0.6739098429679871,3.936033070087433,0.853813842019721,0.0,1.0,-1.0,0.2546395659446716,0.7131633162498474,False,False,True,output/resnet18_localisation_attack_preserve_cls_full_archive_v2/exact_archive/dev_val/digital_2/scan/usa-NF-1036__1b2fa637edda__exact.npz,8a71718ae42e602a4e39f2135bbb9d397e8987bee1bb584f6a0ef6fa74a9757f,4737608,float32,float32,512,864,resnet_exact_archive_v1,dev_val,0.0,0.5,0.5,content_mask,True,True,0.11267297749391728,4.609942771363441,0.6739098397251688,0.6531632222690847,0.03222269084774357,-0.6209405314213412,0.9506667097149131,0.6531632222690847,0.6531632222690847,0.6531632222690847,0.0,0.37234705686569214,False,0.03222269084774357,0.03222269084774357,0.03222269084774357,0.0,0.31078407168388367,False,47420,420864,5.79698199867263,0.2859841957179407,0.5404902447751675,-0.08045028664617371,True,True,True,True,False,False,False,True
dev_val,digital_2,usa-NF-1065,huawei,train/attack/digital_2/huawei/usa-NF-1065.jpg,1.0,1.0,0.0,0.9999661445617676,28.048370361328125,10.293643951416016,True,1.0,0.25,10,0.0039215851575136,0.0,10,0,0.60903000831604,0.1446452289819717,0.1391074806451797,0.6090299883053425,0.14464522500522142,0.4643847346305847,0.7624990102577637,True,4.378125190734863,1.039808988571167,3.3383162021636963,0.7624990279465635,1.0,0.0,1.0,0.4192797243595123,0.6110875606536865,False,False,True,output/resnet18_localisation_attack_preserve_cls_full_archive_v2/exact_archive/dev_val/digital_2/huawei/usa-NF-1065__30f9e3ef244f__exact.npz,902b112a547b14a7821c25a4fc562b442496f4f8a81e17361163cc26f70a39f2,4187858,float32,float32,512,864,resnet_exact_archive_v1,dev_val,0.0,0.5,0.5,content_mask,True,True,0.13910748106060605,4.37812534352485,1.03980910230272,0.7319559556833847,0.15144913970625776,-0.5805068159771269,0.7930898184101003,0.7319559556833847,0.7319559556833847,0.7319559556833847,0.0,0.3725188076496124,False,0.15144913970625776,0.15144913970625776,0.15144913970625776,0.0,0.2598779797554016,False,58759,422400,5.2618015228418065,1.0887203085812094,0.5928484746227787,0.012341658645651704,True,True,True,True,False,False,False,True
dev_val,digital_2,usa-NF-1065,iphone15pro,train/attack/digital_2/iphone15pro/usa-NF-1065.jpg,1.0,1.0,0.0,0.9668529033660888,25.059616088867188,3.373088836669922,True,1.0,0.25,10,0.0039215851575136,0.0,10,0,0.6002303957939148,0.0434093661606311,0.1310498118400573,0.6002304311434302,0.043409368532628285,0.5568210892379284,0.9276788275297303,True,4.580170154571533,0.3312432467937469,4.248926907777786,0.9276788338391472,1.0,0.0,1.0,0.1160624325275421,0.8357698917388916,False,False,True,output/resnet18_localisation_attack_preserve_cls_full_archive_v2/exact_archive/dev_val/digital_2/iphone15pro/usa-NF-1065__dd98dfb903fd__exact.npz,079f6aa6f48779b6f469b6a91b02b52d5a33819de77e0beb4627f5c9b04f52bd,4729159,float32,float32,512,864,resnet_exact_archive_v1,dev_val,0.0,0.5,0.5,content_mask,True,True,0.13104981049346018,4.5801701573111675,0.33124327589008273,0.7363944071310851,0.040085771500469616,-0.6963086356306154,0.9455648072387736,0.7363944071310851,0.7363944071310851,0.7363944071310851,0.0,0.36606016755104065,False,0.040085771500469616,0.040085771500469616,0.040085771500469616,0.0,0.1363205909729004,False,56429,430592,5.6191947501353585,0.30588194938648944,0.6053445966376249,-0.09096403899299056,True,True,True,True,False,False,False,True
dev_val,digital_2,usa-NF-1065,scan,train/attack/digital_2/scan/usa-NF-1065.jpg,1.0,1.0,0.0,0.9985160231590272,23.06406784057617,6.511544227600098,True,1.0,0.25,10,0.0039215851575136,0.0,10,0,0.5687732100486755,0.0820291340351104,0.1286077946424484,0.5687732158910732,0.08202913538944219,0.4867440685629844,0.8557788357510285,True,4.42254114151001,0.6378240585327148,3.784717082977295,0.8557788298347091,1.0,1.0,0.0,0.2523853778839111,0.7484164237976074,False,False,True,output/resnet18_localisation_attack_preserve_cls_full_archive_v2/exact_archive/dev_val/digital_2/scan/usa-NF-1065__b70ba3d392f8__exact.npz,b52b171ff6a279a4f0d2a65e661ac2fe43920f02cbf24c7b7cf8eeb8992a9fe1,4424618,float32,float32,512,864,resnet_exact_archive_v1,dev_val,0.0,0.5,0.5,content_mask,True,True,0.1286077895782396,4.422540949940325,0.637824004739146,0.6932402576908082,0.031691513655013645,-0.6615487440357946,0.9542849491162292,0.6932402576908082,0.6932402576908082,0.6932402576908082,0.0,0.306936651468277,False,0.031691513655013645,0.031691513655013645,0.031691513655013645,0.0,0.20543931424617767,False,53863,418816,5.390344239367164,0.24641986118371045,0.5646324681125686,-0.09691627592322595,True,True,True,True,False,False,False,True
dev_val,digital_2,usa-NF-1076,huawei,train/attack/digital_2/huawei/usa-NF-1076.jpg,1.0,1.0,0.0,0.9632704257965088,20.84922409057617,3.2667527198791504,True,1.0,0.25,10,0.0039215851575136,0.0,10,0,0.6172469854354858,0.0538327544927597,0.1823487281799316,0.6172469461683526,0.05383275272669121,0.5634142197668552,0.9127857123297806,True,3.384981155395508,0.2952187657356262,3.0897623896598816,0.9127856988908016,1.0,1.0,0.0,0.2081049382686615,0.8489391803741455,False,False,True,output/resnet18_localisation_attack_preserve_cls_full_archive_v2/exact_archive/dev_val/digital_2/huawei/usa-NF-1076__2160c6b7a2f6__exact.npz,3225b2d56986d40f607b4e2fc08e9c200c4701ec3e7d661c92786f3dca621366,4276317,float32,float32,512,864,resnet_exact_archive_v1,dev_val,0.0,0.5,0.5,content_mask,True,True,0.1823487207382953,3.3849809511645437,0.29521870243307785,0.6812693677591904,0.021434725026037982,-0.6598346427331525,0.968537077930657,0.6812693677591904,0.6812693677591904,0.6812693677591904,0.0,0.33839553594589233,False,0.021434725026037982,0.021434725026037982,0.021434725026037982,0.0,0.060273658484220505,False,77771,426496,3.7360797761610844,0.11754798684220463,0.4989206470208951,-0.1609139957122573,True,True,True,True,False,False,False,True
dev_val,digital_2,usa-NF-1076,iphone15pro,train/attack/digital_2/iphone15pro/usa-NF-1076.jpg,1.0,1.0,0.0,0.9968542456626892,19.550254821777344,5.758555889129639,True,1.0,0.25,10,0.0039215851575136,0.0,10,0,0.6236827373504639,0.1078456342220306,0.1903051733970642,0.623682792267897,0.10784564347376988,0.5158371552824974,0.8270825413001842,True,3.2772772312164307,0.566698431968689,2.7105787992477417,0.8270825468865364,1.0,0.0,1.0,0.4064334034919739,0.6542463898658752,False,False,True,output/resnet18_localisation_attack_preserve_cls_full_archive_v2/exact_archive/dev_val/digital_2/iphone15pro/usa-NF-1076__2eed734bbfbf__exact.npz,26b9dae9ce7930167837974c69f1e1e96b980bc190aabc7fcfe6854865b2a035,4309971,float32,float32,512,864,resnet_exact_archive_v1,dev_val,0.0,0.5,0.5,content_mask,True,True,0.19030517578125,3.2772770877487925,0.5666984254686543,0.6592900486215346,0.1929338413578109,-0.46635620726372373,0.7073612111070031,0.6592900486215346,0.6592900486215346,0.6592900486215346,0.0,0.2752918004989624,False,0.1929338413578109,0.1929338413578109,0.1929338413578109,0.0,0.08320663124322891,False,77949,409600,3.4643831725279424,1.0138128958698551,0.4689848728402846,0.0026286655765608846,True,True,True,True,False,False,False,True
dev_val,digital_2,usa-NF-1076,scan,train/attack/digital_2/scan/usa-NF-1076.jpg,1.0,1.0,0.0,0.9959867596626282,20.79943084716797,5.514145851135254,True,1.0,0.25,10,0.0039215851575136,0.0,10,0,0.5795676708221436,0.0356628373265266,0.1873298436403274,0.5795676687171696,0.035662838063090764,0.5439048931002617,0.9384664811582264,True,3.0938353538513184,0.1903745532035827,2.903460800647736,0.9384664885393472,0.0,0.0,0.0,0.181176483631134,0.8269480466842651,False,False,True,output/resnet18_localisation_attack_preserve_cls_full_archive_v2/exact_archive/dev_val/digital_2/scan/usa-NF-1076__f621f0d054e5__exact.npz,93ac2efa4b0e28fefafe10c1fbd0c0a7bbaa61ebd920060c62815d3e8bfc9f4c,4668420,float32,float32,512,864,resnet_exact_archive_v1,dev_val,0.0,0.5,0.5,content_mask,True,True,0.1873298504601227,3.0938351111348554,0.19037456110435738,0.6178152464531975,0.014558200821297445,-0.6032570456319001,0.9764359961900029,0.6178152464531975,0.6178152464531975,0.6178152464531975,0.0,0.26278814673423767,False,0.014558200821297445,0.014558200821297445,0.014558200821297445,0.0,0.14798586070537567,False,78169,417280,3.298007471503924,0.07771426062391738,0.4304853959930748,-0.17277164963882527,True,True,True,True,False,False,False,True
dev_val,digital_2,usa-NM-1038,huawei,train/attack/digital_2/huawei/usa-NM-1038.jpg,1.0,1.0,0.0,0.9796526432037354,19.10451889038086,3.874248504638672,True,1.0,0.25,10,0.0039215851575136,0.0,10,0,0.5227404832839966,0.0023948375601321,0.1024930104613304,0.522740467362913,0.0023948374445576827,0.5203456457238644,0.9954186874862797,True,5.100255012512207,0.0233658626675605,5.076889149844647,0.9954186873773492,0.0,0.0,0.0,0.0578148700296878,0.9056802988052368,False,False,True,output/resnet18_localisation_attack_preserve_cls_full_archive_v2/exact_archive/dev_val/digital_2/huawei/usa-NM-1038__ad9d0a84f491__exact.npz,2655bb8bebec92dea5ddfb21a564e71f667fc7227372a02a15a2e12b507b1fd6,4243622,float32,float32,512,864,resnet_exact_archive_v1,dev_val,0.0,0.5,0.5,content_mask,True,True,0.10249300937122129,5.100254842450668,0.02336586133288152,0.6553066961611134,0.0,-0.6553066961611134,1.0,0.6553066961611134,0.6553066961611134,0.6553066961611134,0.0,0.40083813667297363,False,0.0,0.0,0.0,0.0,0.17146921157836914,False,43398,423424,6.393672116579641,0.0,0.5528136867898921,-0.10249300937122129,True,True,True,True,False,False,False,True
dev_val,digital_2,usa-NM-1038,iphone15pro,train/attack/digital_2/iphone15pro/usa-NM-1038.jpg,1.0,1.0,0.0,0.8912832140922546,21.673545837402344,2.10391616821289,True,1.0,0.25,10,0.0039215851575136,0.0,10,0,0.5060579776763916,0.0216535329818725,0.1048518493771553,0.5060580056155329,0.021653533450295526,0.4844045024365186,0.957211360733326,True,4.826410293579102,0.2065155208110809,4.619894772768021,0.9572113624310344,1.0,0.0,1.0,0.0201291721314191,0.9720489978790284,False,False,True,output/resnet18_localisation_attack_preserve_cls_full_archive_v2/exact_archive/dev_val/digital_2/iphone15pro/usa-NM-1038__7d08ffc9f7fc__exact.npz,c7c8a2c34f582ea05b6266b4ba5ba9224104d395407bc6801aee1b9b86bc95d6,4470014,float32,float32,512,864,resnet_exact_archive_v1,dev_val,0.0,0.5,0.5,content_mask,True,True,0.10485185116209773,4.826409834511962,0.2065155093620601,0.6701227770253769,0.02415576918807309,-0.6459670078373039,0.9639532186992679,0.6701227770253769,0.6701227770253769,0.6701227770253769,0.0,0.4238126277923584,False,0.02415576918807309,0.02415576918807309,0.02415576918807309,0.0,0.21147561073303223,False,45041,429568,6.39113920830437,0.23037999730428232,0.5652709258632792,-0.08069608197402464,True,True,True,True,False,False,False,True
dev_val,digital_2,usa-NM-1038,scan,train/attack/digital_2/scan/usa-NM-1038.jpg,1.0,1.0,0.0,0.9926405549049376,22.106599807739254,4.904393196105957,True,1.0,0.25,10,0.0039215851575136,0.0,10,0,0.4898264408111572,0.0566357634961605,0.1051216870546341,0.48982646500390764,0.05663576621828102,0.4331907033920288,0.8843758549921772,True,4.659614086151123,0.5387638807296753,4.120850205421448,0.8843758580070097,1.0,0.0,1.0,0.2709894776344299,0.7118133306503296,False,False,True,output/resnet18_localisation_attack_preserve_cls_full_archive_v2/exact_archive/dev_val/digital_2/scan/usa-NM-1038__85ac62be897d__exact.npz,b466f86fc68ccecd4ca519dfc1d9f4d5b40f6e28269b24cfea552b224bbe55bd,4556873,float32,float32,512,864,resnet_exact_archive_v1,dev_val,0.0,0.5,0.5,content_mask,True,True,0.10512168734681372,4.659613799651918,0.5387638616514052,0.658667091691523,0.009995673854140578,-0.6486714178373825,0.9848243915929203,0.658667091691523,0.658667091691523,0.658667091691523,0.0,0.39284417033195496,False,0.009995673854140578,0.009995673854140578,0.009995673854140578,0.0,0.3486597537994385,False,43919,417792,6.265758363623598,0.09508669529973589,0.5535454043447093,-0.09512601349267315,False,True,True,False,False,False,False,False
official_test,facedancer,chinese2-flickr_F_16745558933_a3f9fe2bc9_k,huawei,test/attack/facedancer/huawei/chinese2-flickr_F_16745558933_a3f9fe2bc9_k.jpg,1.0,0.9999998807907104,1.1920928955078125e-07,0.999354898929596,15.764225006103516,7.345489978790283,True,1.0,0.25,10,0.0039215851575136,0.0,8,0,0.4941183030605316,0.0019832190591841,0.0771317258477211,0.4941183122155552,0.0019832190432708735,0.4921350246295333,0.9959863478154081,True,6.406160831451416,0.025712102651596,6.38044872879982,0.9959863476225322,1.0,0.0,1.0,0.0803730562329292,0.904428243637085,False,False,True,output/resnet18_localisation_attack_preserve_cls_full_archive_v2/exact_archive/official_test/facedancer/huawei/chinese2-flickr_F_16745558933_a3f9fe2bc9_k__4a9b5367f65e__exact.npz,39c897ef5f65708a9824b28608d3382ca6786cea503a065988f2affc6b24e14a,4411224,float32,float32,512,864,resnet_exact_archive_v1,official_test,0.0,0.5,0.5,content_mask,True,True,0.07713172371638141,6.40616193192391,0.025712105832916488,0.7086738484398217,0.0,-0.7086738484398217,1.0,0.7086738484398217,0.7086738484398217,0.7086738484398217,0.0,0.4978991150856018,False,0.0,0.0,0.0,0.0,0.4080251157283783,False,32304,418816,9.187838859217818,0.0,0.6315421247234403,-0.07713172371638141,False,True,True,False,False,False,False,False
official_test,facedancer,chinese2-flickr_F_16745558933_a3f9fe2bc9_k,iphone15,test/attack/facedancer/iphone15/chinese2-flickr_F_16745558933_a3f9fe2bc9_k.jpg,1.0,1.0,0.0,0.9976291060447692,17.92530059814453,6.042089462280273,True,1.0,0.25,10,0.0039215851575136,0.0,10,0,0.5385997295379639,0.0013518795603886,0.080908678472042,0.5385997243326475,0.0013518796985007259,0.5372477901400998,0.9974900104151079,True,6.656883716583252,0.0167087111622095,6.640175005421042,0.9974900100597244,1.0,0.0,1.0,0.0818884894251823,0.9054381847381592,False,False,True,output/resnet18_localisation_attack_preserve_cls_full_archive_v2/exact_archive/official_test/facedancer/iphone15/chinese2-flickr_F_16745558933_a3f9fe2bc9_k__2fe0af6ed96d__exact.npz,07f844906a8b1a4ea80a72c1546569c24553934941ceb031a555a0820e10bc47,5004179,float32,float32,512,864,resnet_exact_archive_v1,official_test,0.0,0.5,0.5,content_mask,True,True,0.08090868183210784,6.65688418271708,0.016708709966453135,0.7535721681507559,0.0,-0.7535721681507559,1.0,0.7535721681507559,0.7535721681507559,0.7535721681507559,0.0,0.46610406041145325,False,0.0,0.0,0.0,0.0,0.29195117950439453,False,33803,417792,9.31386040517234,0.0,0.672663486318648,-0.08090868183210784,True,True,True,True,False,False,False,True
official_test,facedancer,chinese2-flickr_F_16745558933_a3f9fe2bc9_k,scan,test/attack/facedancer/scan/chinese2-flickr_F_16745558933_a3f9fe2bc9_k.jpg,1.0,1.0,0.0,0.9722033739089966,16.769428253173828,3.554648876190185,True,1.0,0.25,10,0.0039215851575136,0.0,10,0,0.505659282207489,0.0011213154066354,0.0795031189918518,0.505659251031802,0.0011213153783600548,0.5045379073126242,0.9977824683795027,True,6.360243797302246,0.0141040422022342,6.346139755100012,0.9977824683059764,1.0,0.0,1.0,0.0574949011206626,0.9132124185562134,False,False,True,output/resnet18_localisation_attack_preserve_cls_full_archive_v2/exact_archive/official_test/facedancer/scan/chinese2-flickr_F_16745558933_a3f9fe2bc9_k__76595e866bfe__exact.npz,4df3f4bb68c3bec597adce9333523d19a276ec71f8ddfeb1fde02260e988818b,4749418,float32,float32,512,864,resnet_exact_archive_v1,official_test,0.0,0.5,0.5,content_mask,True,True,0.07950311739659367,6.360244322362472,0.014104042898927856,0.7445606694560669,0.0,-0.7445606694560669,1.0,0.7445606694560669,0.7445606694560669,0.7445606694560669,0.0,0.43678200244903564,False,0.0,0.0,0.0,0.0,0.22604572772979736,False,33460,420864,9.365175779735749,0.0,0.6650575520594733,-0.07950311739659367,True,True,True,True,False,False,False,True
official_test,facedancer,chinese2-flickr_F_16858102101_d4c5c1e7a2_c,huawei,test/attack/facedancer/huawei/chinese2-flickr_F_16858102101_d4c5c1e7a2_c.jpg,1.0,1.0,0.0,0.999683141708374,25.657190322875977,8.056492805480957,True,1.0,0.25,10,0.0039215851575136,0.0,10,0,0.5173344612121582,0.0171730071306228,0.0741506442427635,0.5173344672737411,0.017173009269278606,0.5001614522188902,0.9668048228841639,True,6.976803302764893,0.2315962165594101,6.7452070862054825,0.9668048235690364,1.0,0.0,1.0,0.10456582903862,0.8533927798271179,False,False,True,output/resnet18_localisation_attack_preserve_cls_full_archive_v2/exact_archive/official_test/facedancer/huawei/chinese2-flickr_F_16858102101_d4c5c1e7a2_c__ea1a4ad9a50b__exact.npz,bda393acea8676232e1813b01206210da5ac674b43ffc907cdbad03ff0d0ed9a,4389102,float32,float32,512,864,resnet_exact_archive_v1,official_test,0.0,0.5,0.5,content_mask,True,True,0.07415064601494396,6.976803238767198,0.23159621921321685,0.7641540379190448,0.0,-0.7641540379190448,1.0,0.7641540379190448,0.7641540379190448,0.7641540379190448,0.0,0.552274227142334,False,0.0,0.0,0.0,0.0,0.4298105239868164,False,30486,411136,10.305426573964587,0.0,0.6900033919041009,-0.07415064601494396,True,True,True,True,False,False,False,True
official_test,facedancer,chinese2-flickr_F_16858102101_d4c5c1e7a2_c,scan,test/attack/facedancer/scan/chinese2-flickr_F_16858102101_d4c5c1e7a2_c.jpg,1.0,1.0,0.0,0.9998438358306884,24.56475067138672,8.764410018920898,True,1.0,0.25,10,0.0039215851575136,0.0,10,0,0.5155195593833923,0.0167880095541477,0.0758721232414245,0.5155196017200947,0.01678801034981223,0.4987316075712442,0.9674347778555907,True,6.794585227966309,0.2212671786546707,6.573318049311638,0.9674347776603136,1.0,0.0,1.0,0.1084101796150207,0.8455657958984375,False,False,True,output/resnet18_localisation_attack_preserve_cls_full_archive_v2/exact_archive/official_test/facedancer/scan/chinese2-flickr_F_16858102101_d4c5c1e7a2_c__5749d184df87__exact.npz,43dd3a5cf482efcfa07e4b1ea344eedbb42ef3a164e0f1f4c5c4cfec4cd43f1e,4893852,float32,float32,512,864,resnet_exact_archive_v1,official_test,0.0,0.5,0.5,content_mask,True,True,0.0758721262180268,6.794584881392319,0.221267166041585,0.7507917097795754,0.0,-0.7507917097795754,1.0,0.7507917097795754,0.7507917097795754,0.7507917097795754,0.0,0.49527615308761597,False,0.0,0.0,0.0,0.0,0.4900459051132202,False,31893,420352,9.895487937455368,0.0,0.6749195835615487,-0.0758721262180268,True,True,True,True,False,False,False,True
official_test,facedancer,chinese2-flickr_F_17619703551_9705002b22_b,iphone15,test/attack/facedancer/iphone15/chinese2-flickr_F_17619703551_9705002b22_b.jpg,1.0,1.0,0.0,1.0,20.671146392822266,17.00381851196289,True,1.0,0.25,10,0.0039215851575136,0.0,5,0,0.522188663482666,0.0828759148716926,0.0775293335318565,0.5221886749884724,0.08287592021654998,0.4393127411603927,0.8412912340192373,True,6.7353692054748535,1.0689620971679688,5.666407108306885,0.8412912396399798,1.0,0.0,1.0,0.2070850133895874,0.8069800138473511,False,False,True,output/resnet18_localisation_attack_preserve_cls_full_archive_v2/exact_archive/official_test/facedancer/iphone15/chinese2-flickr_F_17619703551_9705002b22_b__2c5d0166a348__exact.npz,ee7e6ff012b4860fb725b86463b2441be11f662c13205a834089fbfce11e8d68,4895487,float32,float32,512,864,resnet_exact_archive_v1,official_test,0.0,0.5,0.5,content_mask,True,True,0.077529332472661,6.735369160731659,1.0689621279246062,0.7605069025681839,0.14524472741742936,-0.6152621751507545,0.8090158985711411,0.7605069025681839,0.7605069025681839,0.7605069025681839,0.0,0.5641828179359436,False,0.14524472741742936,0.14524472741742936,0.14524472741742936,0.0,0.5147114396095276,False,32669,421376,9.809279640532953,1.8734164578115862,0.6829775700955228,0.06771539494476836,True,True,True,True,False,False,False,True
official_test,facedancer,chinese2-flickr_F_17619703551_9705002b22_b,scan,test/attack/facedancer/scan/chinese2-flickr_F_17619703551_9705002b22_b.jpg,1.0,1.0,0.0,0.9999243021011353,20.284204483032227,9.488811492919922,True,1.0,0.25,10,0.0039215851575136,0.0,10,0,0.5143450498580933,0.0001458741608075,0.0742139816284179,0.5143449824505634,0.00014587417425124851,0.5141990564879961,0.9997163884567197,True,6.930566787719727,0.0019655886571854,6.928601199062541,0.9997163884690256,1.0,0.0,1.0,0.0220621190965175,0.9604431390762328,False,False,True,output/resnet18_localisation_attack_preserve_cls_full_archive_v2/exact_archive/official_test/facedancer/scan/chinese2-flickr_F_17619703551_9705002b22_b__82c0da954285__exact.npz,dfb89b475252f1fcc7c622f73fd5869f56e01a084167a8486e33b037ee1db4ed,4776296,float32,float32,512,864,resnet_exact_archive_v1,official_test,0.0,0.5,0.5,content_mask,True,True,0.07421398046398046,6.930567249390419,0.0019655888734070545,0.7456619537275064,0.0,-0.7456619537275064,1.0,0.7456619537275064,0.7456619537275064,0.7456619537275064,0.0,0.5760486125946045,False,0.0,0.0,0.0,0.0,0.49673062562942505,False,31120,419328,10.047459374442411,0.0,0.671447973263526,-0.07421398046398046,True,True,True,True,False,False,False,True
official_test,facedancer,chinese2-flickr_F_17773666675_1bdbd28a62_c,iphone15,test/attack/facedancer/iphone15/chinese2-flickr_F_17773666675_1bdbd28a62_c.jpg,1.0,0.9999974966049194,2.5033950805664062e-06,0.993550181388855,12.890466690063477,5.037233352661133,True,1.0,0.25,10,0.0039215851575136,0.0,9,0,0.5977206230163574,7.214584911707789e-05,0.0823924094438552,0.5977206703028759,7.214585303084157e-05,0.5976484771599644,0.9998792983803049,True,7.25455904006958,0.0008756371680647,7.253683402901515,0.9998792983607648,1.0,0.0,1.0,0.0071309199556708,0.9930078983306884,False,False,True,output/resnet18_localisation_attack_preserve_cls_full_archive_v2/exact_archive/official_test/facedancer/iphone15/chinese2-flickr_F_17773666675_1bdbd28a62_c__f05c35d7ec9d__exact.npz,57d925963d8af3b36d0138227f639867fa2534d96532e05b3cbad680ebfea36b,4761276,float32,float32,512,864,resnet_exact_archive_v1,official_test,0.0,0.5,0.5,content_mask,True,True,0.08239241180048662,7.254559700840626,0.0008756371060667928,0.7452128273157227,0.0,-0.7452128273157227,1.0,0.7452128273157227,0.7452128273157227,0.7452128273157227,0.0,0.5156223177909851,False,0.0,0.0,0.0,0.0,0.4031456410884857,False,34676,420864,9.044677914275127,0.0,0.6628204155152361,-0.08239241180048662,True,True,True,True,False,False,False,True
official_test,facedancer,chinese2-flickr_F_17773666675_1bdbd28a62_c,scan,test/attack/facedancer/scan/chinese2-flickr_F_17773666675_1bdbd28a62_c.jpg,1.0,0.9999997615814208,2.384185791015625e-07,0.9928463101387024,15.333803176879885,4.932945728302002,True,1.0,0.25,10,0.0039215851575136,0.0,10,0,0.570155680179596,0.0010967169655486,0.0848760679364204,0.5701556381967968,0.0010967170293531233,0.5690589036094025,0.998076460257726,True,6.717507362365723,0.0129213919863104,6.704585970379412,0.9980764603164112,1.0,0.0,1.0,0.0437120757997036,0.9322226643562316,False,False,True,output/resnet18_localisation_attack_preserve_cls_full_archive_v2/exact_archive/official_test/facedancer/scan/chinese2-flickr_F_17773666675_1bdbd28a62_c__08c3d1db04bc__exact.npz,8e29c356dc9f108322506c34dc4fef7cf4612837ed9b2038140374122d2e7127,4771712,float32,float32,512,864,resnet_exact_archive_v1,official_test,0.0,0.5,0.5,content_mask,True,True,0.08487607099143207,6.717507438042837,0.012921392526096464,0.754224876070302,0.0,-0.754224876070302,1.0,0.754224876070302,0.754224876070302,0.754224876070302,0.0,0.48926419019699097,False,0.0,0.0,0.0,0.0,0.31106406450271606,False,35504,418304,8.886189797197826,0.0,0.6693488050788698,-0.08487607099143207,True,True,True,True,False,False,False,True
official_test,facedancer,chinese2-flickr_F_21668538829_2fb67bd5fd_c,iphone15,test/attack/facedancer/iphone15/chinese2-flickr_F_21668538829_2fb67bd5fd_c.jpg,1.0,0.9997765421867372,0.0002234578132629,0.9982245564460754,8.405986785888672,6.331943511962891,True,1.0,0.25,10,0.0039215851575136,0.0,5,0,0.5529710650444031,0.0043799546547234,0.0922409817576408,0.552971061951214,0.0043799543670245255,0.5485911103896797,0.9920792340351963,True,5.994852066040039,0.0474838241934776,5.947368241846561,0.9920792333705002,1.0,0.0,1.0,0.0964222848415374,0.8800441026687622,False,False,True,output/resnet18_localisation_attack_preserve_cls_full_archive_v2/exact_archive/official_test/facedancer/iphone15/chinese2-flickr_F_21668538829_2fb67bd5fd_c__e9bc22c9e444__exact.npz,fb88fab4547968b860d919435affbc1dd45a6829a7baf8b3e31ddbf7aa12ae35,4993507,float32,float32,512,864,resnet_exact_archive_v1,official_test,0.0,0.5,0.5,content_mask,True,True,0.09224098410757946,5.994852150604672,0.04748382087853965,0.73431352246842,0.0,-0.73431352246842,1.0,0.73431352246842,0.73431352246842,0.73431352246842,0.0,0.3833439350128174,False,0.0,0.0,0.0,0.0,0.45639878511428833,False,38632,418816,7.960816220390707,0.0,0.6420725383608406,-0.09224098410757946,True,True,True,True,False,False,False,True
official_test,facedancer,chinese2-flickr_F_21696826019_7407a3bea0_k,huawei,test/attack/facedancer/huawei/chinese2-flickr_F_21696826019_7407a3bea0_k.jpg,1.0,1.0,0.0,0.99802964925766,20.361841201782227,6.227568626403809,True,1.0,0.25,10,0.0039215851575136,0.0,10,0,0.568466067314148,2.5680052203824744e-05,0.0843836590647697,0.5684660872047286,2.568005199927011e-05,0.5684403872637631,0.9999548257097876,True,6.736684322357178,0.0003043249307665,6.736379997426411,0.9999548257100668,1.0,0.0,1.0,0.0126317525282502,0.9814382791519164,False,False,True,output/resnet18_localisation_attack_preserve_cls_full_archive_v2/exact_archive/official_test/facedancer/huawei/chinese2-flickr_F_21696826019_7407a3bea0_k__33f56a2028a8__exact.npz,9d5c5996d18d14dba4258f43a7186739488bf4e3454c2aa387ae8c0714af5db7,4322486,float32,float32,512,864,resnet_exact_archive_v1,official_test,0.0,0.5,0.5,content_mask,True,True,0.08438365917487685,6.736684480897402,0.0003043249398091486,0.7625562966763583,0.0,-0.7625562966763583,1.0,0.7625562966763583,0.7625562966763583,0.7625562966763583,0.0,0.4737562835216522,False,0.0,0.0,0.0,0.0,0.40219467878341675,False,35082,415744,9.036776837278829,0.0,0.6781726375014814,-0.08438365917487685,True,True,True,True,False,False,False,True
official_test,facedancer,chinese2-flickr_F_21696826019_7407a3bea0_k,scan,test/attack/facedancer/scan/chinese2-flickr_F_21696826019_7407a3bea0_k.jpg,1.0,0.9999938011169434,6.198883056640625e-06,0.8260354995727539,11.988815307617188,1.5577867031097412,True,1.0,0.25,10,0.0039215851575136,0.0,10,0,0.5246915817260742,2.4390925318584777e-05,0.0852277055382728,0.5246915644602916,2.439092913988936e-05,0.5246671311924729,0.9999535137768701,True,6.156349182128906,0.0002861854445654,6.156062996684341,0.9999535137731634,1.0,0.0,1.0,0.0174233727157115,0.9772287011146544,False,False,True,output/resnet18_localisation_attack_preserve_cls_full_archive_v2/exact_archive/official_test/facedancer/scan/chinese2-flickr_F_21696826019_7407a3bea0_k__c90d8cddc6d7__exact.npz,9b289f593ad64bb149d103e4a0c708c2098b73e337da941a56aaf99e59f7d577,4479338,float32,float32,512,864,resnet_exact_archive_v1,official_test,0.0,0.5,0.5,content_mask,True,True,0.08522770579268292,6.156349740735813,0.00028618544771368703,0.6707282991448215,0.0,-0.6707282991448215,1.0,0.6707282991448215,0.6707282991448215,0.6707282991448215,0.0,0.29770076274871826,False,0.0,0.0,0.0,0.0,0.22775141894817352,False,35782,419840,7.869838720948015,0.0,0.5855005933521386,-0.08522770579268292,True,True,True,True,False,False,False,True
official_test,facedancer,chinese2-flickr_F_25164779518_a723fab6b8_o,iphone15,test/attack/facedancer/iphone15/chinese2-flickr_F_25164779518_a723fab6b8_o.jpg,1.0,1.0,0.0,0.9999903440475464,25.149398803710938,11.54279899597168,True,1.0,0.25,10,0.0039215851575136,0.0,10,0,0.5140414237976074,0.0361341647803783,0.0946834757924079,0.5140414265791075,0.036134167745638955,0.4779072515666485,0.9297057282209567,True,5.429050922393799,0.3816312253475189,5.04741969704628,0.9297057200599532,1.0,0.0,1.0,0.2703067660331726,0.7138884663581848,False,False,True,output/resnet18_localisation_attack_preserve_cls_full_archive_v2/exact_archive/official_test/facedancer/iphone15/chinese2-flickr_F_25164779518_a723fab6b8_o__269f1ddb1009__exact.npz,d2be28d56d5154600992c4d835118082238667a5ad4ee054d7517d3855312e80,5010851,float32,float32,512,864,resnet_exact_archive_v1,official_test,0.0,0.5,0.5,content_mask,True,True,0.09468347886029412,5.429050904831854,0.38163117980651173,0.7386622175034128,0.006623186207593913,-0.7320390312958188,0.9910335386721423,0.7386622175034128,0.7386622175034128,0.7386622175034128,0.0,0.4466376304626465,False,0.006623186207593913,0.006623186207593913,0.006623186207593913,0.0,0.3468262553215027,False,39558,417792,7.8013844273013255,0.06995081177114809,0.6439787386431186,-0.0880602926527002,True,True,True,True,False,False,False,True
official_test,facedancer,chinese2-flickr_F_30990251270_6801e68759_c,iphone15,test/attack/facedancer/iphone15/chinese2-flickr_F_30990251270_6801e68759_c.jpg,1.0,1.0,0.0,0.9974321722984314,19.48649787902832,5.962099552154541,True,1.0,0.25,10,0.0039215851575136,0.0,10,0,0.574619472026825,0.0931515172123909,0.0762438550591468,0.574619486868795,0.09315152369437352,0.4814680069684982,0.8378900719118091,True,7.5366010665893555,1.2217577695846558,6.3148432970047,0.8378900835018517,1.0,0.0,1.0,0.0835788920521736,0.921658217906952,False,False,True,output/resnet18_localisation_attack_preserve_cls_full_archive_v2/exact_archive/official_test/facedancer/iphone15/chinese2-flickr_F_30990251270_6801e68759_c__7edd24910f4e__exact.npz,14cd62f699ea9462e7e336c2531153ce24e27597068bf42d545ba07224031de2,4688490,float32,float32,512,864,resnet_exact_archive_v1,official_test,0.0,0.5,0.5,content_mask,True,True,0.0762438574938575,7.53660039977763,1.2217577488373823,0.7866943605236657,0.09183031218529708,-0.6948640483383686,0.8832706616529322,0.7866943605236657,0.7866943605236657,0.7866943605236657,0.0,0.5724490880966187,False,0.09183031218529708,0.09183031218529708,0.09183031218529708,0.0,0.5389478802680969,False,31776,416768,10.318134291500726,1.2044289888230706,0.7104505030298082,0.015586454691439586,True,True,True,True,False,False,False,True
official_test,facedancer,chinese2-flickr_F_30990251270_6801e68759_c,scan,test/attack/facedancer/scan/chinese2-flickr_F_30990251270_6801e68759_c.jpg,1.0,0.9999986886978148,1.3113021850585938e-06,0.9733253121376038,13.50165557861328,3.5970025062561035,True,1.0,0.25,10,0.0039215851575136,0.0,7,0,0.5828462839126587,0.0751466676592826,0.0827141255140304,0.5828463116985606,0.07514665911503308,0.5076996311545372,0.8710695124825671,True,7.046514511108398,0.9085105061531068,6.138004004955292,0.8710695188776103,1.0,0.0,1.0,0.0375241190195083,0.9678027629852296,False,False,True,output/resnet18_localisation_attack_preserve_cls_full_archive_v2/exact_archive/official_test/facedancer/scan/chinese2-flickr_F_30990251270_6801e68759_c__21619e620255__exact.npz,e3ee9d172909b96c475750bcfadc4c05f4765a1fba272ac3bc1a80e3a5543eff,4457775,float32,float32,512,864,resnet_exact_archive_v1,official_test,0.0,0.5,0.5,content_mask,True,True,0.08271412744498778,7.04651466082629,0.908510570519072,0.7650828474106576,0.10091796085676347,-0.664164886553894,0.8680953818291578,0.7650828474106576,0.7650828474106576,0.7650828474106576,0.0,0.5123986601829529,False,0.10091796085676347,0.10091796085676347,0.10091796085676347,0.0,0.364020437002182,False,34642,418816,9.24972397151267,1.2200813086480644,0.6823687199656698,0.018203833411775686,True,True,True,True,False,False,False,True
official_test,facedancer,chinese2-flickr_F_31196390972_be24a6067c_k,huawei,test/attack/facedancer/huawei/chinese2-flickr_F_31196390972_be24a6067c_k.jpg,1.0,1.0,0.0,0.9995489716529846,21.572893142700195,7.7036824226379395,True,1.0,0.25,10,0.0039215851575136,0.0,10,0,0.5148497819900513,0.0522094704210758,0.0863031074404716,0.5148497219837699,0.05220947469762747,0.4626402482390404,0.8985927884034609,True,5.965598583221436,0.604954719543457,5.3606438636779785,0.8985927881160284,1.0,0.0,1.0,0.2765408456325531,0.7007806301116943,False,False,True,output/resnet18_localisation_attack_preserve_cls_full_archive_v2/exact_archive/official_test/facedancer/huawei/chinese2-flickr_F_31196390972_be24a6067c_k__381c40a8a231__exact.npz,be3f8b1354c670bfc5a95ed0bedc514bb43cfce9530be98e2d9243b0c2713db1,4370953,float32,float32,512,864,resnet_exact_archive_v1,official_test,0.0,0.5,0.5,content_mask,True,True,0.08630310960591132,5.9655987407029105,0.6049547337985072,0.7943979933110368,0.05434782608695652,-0.7400501672240802,0.9315861488264393,0.7943979933110368,0.7943979933110368,0.7943979933110368,0.0,0.41737890243530273,False,0.05434782608695652,0.05434782608695652,0.05434782608695652,0.0,0.4509572386741638,False,35880,415744,9.204743571100995,0.6297319567640929,0.7080948837051254,-0.031955283518954804,True,True,True,True,False,False,False,True
official_test,facedancer,chinese2-flickr_F_31196390972_be24a6067c_k,scan,test/attack/facedancer/scan/chinese2-flickr_F_31196390972_be24a6067c_k.jpg,1.0,1.0,0.0,0.998389720916748,17.801410675048828,6.429756164550781,True,1.0,0.25,10,0.0039215851575136,0.0,10,0,0.5397642850875854,0.0477626100182533,0.0856948494911193,0.5397642017293274,0.04776260818521729,0.4920016229152679,0.911512086143926,True,6.298677921295166,0.5573567748069763,5.74132114648819,0.911512101147034,1.0,0.0,1.0,0.2536785006523132,0.685325562953949,False,False,True,output/resnet18_localisation_attack_preserve_cls_full_archive_v2/exact_archive/official_test/facedancer/scan/chinese2-flickr_F_31196390972_be24a6067c_k__ff024cc16823__exact.npz,e61e130c03683bde1fb12b909e76018585ab51b2174594960964a9c053fc7ba4,4719687,float32,float32,512,864,resnet_exact_archive_v1,official_test,0.0,0.5,0.5,content_mask,True,True,0.08569484622411692,6.298677522772923,0.5573568340423203,0.7693076453278552,0.01335295097440453,-0.7559546943534508,0.9826428983833719,0.7693076453278552,0.7693076453278552,0.7693076453278552,0.0,0.4304599165916443,False,0.01335295097440453,0.01335295097440453,0.01335295097440453,0.0,0.3246038258075714,False,36022,420352,8.977291858554622,0.1558197670310614,0.6836127991037383,-0.07234189524971239,True,True,True,True,False,False,False,True
official_test,facedancer,chinese2-flickr_F_31226153591_900ef17f37_k,huawei,test/attack/facedancer/huawei/chinese2-flickr_F_31226153591_900ef17f37_k.jpg,0.99462890625,0.9947828650474548,0.0001539587974548,0.895718514919281,5.250582695007324,2.1505320072174072,True,1.0,0.25,10,0.0039215851575136,0.0,9,0,0.6577514410018921,5.622665412374772e-05,0.0914247334003448,0.657751452053102,5.6226657373735904e-05,0.6576952143441304,0.9999145168631735,True,7.1944580078125,0.0006150048575364,7.193843002954964,0.999914516860496,1.0,0.0,1.0,0.0014028756413608,0.9990065097808838,False,False,True,output/resnet18_localisation_attack_preserve_cls_full_archive_v2/exact_archive/official_test/facedancer/huawei/chinese2-flickr_F_31226153591_900ef17f37_k__ad3e4bb6bb85__exact.npz,2220b87ea5d055dd3d8dfc2da9edba48bc31f13a5c9877bd379102f29db6db6b,3858977,float32,float32,512,864,resnet_exact_archive_v1,official_test,0.0,0.5,0.5,content_mask,True,True,0.09142473536737235,7.194458364140262,0.000615004868734923,0.7159465786953283,0.0,-0.7159465786953283,1.0,0.7159465786953283,0.7159465786953283,0.7159465786953283,0.0,0.28491508960723877,False,0.0,0.0,0.0,0.0,0.1811242550611496,False,37588,411136,7.83099426887524,0.0,0.6245218433279559,-0.09142473536737235,True,True,True,True,False,False,False,True
official_test,facedancer,chinese2-flickr_F_31226153591_900ef17f37_k,iphone15,test/attack/facedancer/iphone15/chinese2-flickr_F_31226153591_900ef17f37_k.jpg,1.0,0.9999929666519164,7.033348083496094e-06,0.9998074173927308,11.865912437438965,8.554947853088379,True,1.0,0.25,10,0.0039215851575136,0.0,10,0,0.6217929124832153,0.0110194068402051,0.0900162979960441,0.6217929879443204,0.011019406069586832,0.6107736257836223,0.9822780148968588,True,6.9075608253479,0.1224156767129898,6.785145148634911,0.9822780168270434,1.0,0.0,1.0,0.0805985927581787,0.923385739326477,False,False,True,output/resnet18_localisation_attack_preserve_cls_full_archive_v2/exact_archive/official_test/facedancer/iphone15/chinese2-flickr_F_31226153591_900ef17f37_k__c16723a8b132__exact.npz,a08d04e2dddc6dc2d0fffdfb1a0c87045a93820a473c311f29e84cb9e4886bd0,4872246,float32,float32,512,864,resnet_exact_archive_v1,official_test,0.0,0.5,0.5,content_mask,True,True,0.09001629601226994,6.907560247308609,0.12241567980185275,0.7118364304350141,0.0,-0.7118364304350141,1.0,0.7118364304350141,0.7118364304350141,0.7118364304350141,0.0,0.37539905309677124,False,0.0,0.0,0.0,0.0,0.39428022503852844,False,37562,417280,7.907861820241805,0.0,0.6218201344227442,-0.09001629601226994,True,True,True,True,False,False,False,True
official_test,facedancer,chinese2-flickr_F_31226153591_900ef17f37_k,scan,test/attack/facedancer/scan/chinese2-flickr_F_31226153591_900ef17f37_k.jpg,1.0,0.9999854564666748,1.4543533325195312e-05,0.9561751484870912,11.141765594482422,3.0827417373657227,True,1.0,0.25,10,0.0039215851575136,0.0,10,0,0.6060704588890076,0.0001794320560293,0.0885535925626754,0.6060704896305246,0.00017943204888047417,0.605891086437623,0.9997039419474295,True,6.844110012054443,0.0020262538455426,6.842083758208901,0.9997039419527194,1.0,0.0,1.0,0.0089670289307832,0.9877378940582277,False,False,True,output/resnet18_localisation_attack_preserve_cls_full_archive_v2/exact_archive/official_test/facedancer/scan/chinese2-flickr_F_31226153591_900ef17f37_k__c1ffc523e413__exact.npz,ece974225ee026afb23fcc60f55f37ec4a80404391f81478150cd2e6d01efeba,4509816,float32,float32,512,864,resnet_exact_archive_v1,official_test,0.0,0.5,0.5,content_mask,True,True,0.0885535905067155,6.8441097211587705,0.002026253795625225,0.714512697600517,0.0,-0.714512697600517,1.0,0.714512697600517,0.714512697600517,0.714512697600517,0.0,0.38508328795433044,False,0.0,0.0,0.0,0.0,0.26155969500541687,False,37133,419328,8.068703860701522,0.0,0.6259591070938015,-0.0885535905067155,True,True,True,True,False,False,False,True
official_test,facedancer,chinese2-flickr_F_31998401683_5272a75c42_c,scan,test/attack/facedancer/scan/chinese2-flickr_F_31998401683_5272a75c42_c.jpg,1.0,1.0,0.0,0.9996426105499268,22.10008430480957,7.936339378356934,True,1.0,0.25,10,0.0039215851575136,0.0,10,0,0.4721987843513489,0.0190739035606384,0.08504668623209,0.4721988066510539,0.01907390425648518,0.4531248807907104,0.9596061997874119,True,5.552230358123779,0.2242756932973861,5.327954664826393,0.959606198080518,1.0,0.0,1.0,0.1969393044710159,0.7814090251922607,False,False,True,output/resnet18_localisation_attack_preserve_cls_full_archive_v2/exact_archive/official_test/facedancer/scan/chinese2-flickr_F_31998401683_5272a75c42_c__468660bcd164__exact.npz,c7d56f8404e32acf49bc8cc0685a158caf0080b1f684dc1fa2cbc901415318b7,5073832,float32,float32,512,864,resnet_exact_archive_v1,official_test,0.0,0.5,0.5,content_mask,True,True,0.08504668445121952,5.552230633069469,0.22427569492641958,0.7756119419705372,0.0,-0.7756119419705372,1.0,0.7756119419705372,0.7756119419705372,0.7756119419705372,0.0,0.5154043436050415,False,0.0,0.0,0.0,0.0,0.2718900442123413,False,35706,419840,9.119837498373112,0.0,0.6905652575193176,-0.08504668445121952,False,True,True,False,False,False,False,False
official_test,facedancer,chinese2-flickr_F_31998955273_5516f4db28_h,scan,test/attack/facedancer/scan/chinese2-flickr_F_31998955273_5516f4db28_h.jpg,0.9013671875,0.901503562927246,0.000136375427246,0.5002187490463257,2.214043617248535,0.0008748993277549,True,1.0,0.25,10,0.0039215851575136,0.0,10,1,0.5567411780357361,0.0,0.0714407637715339,0.5567411754582426,0.0,0.5567411780357361,1.0,True,7.793046474456787,0.0,7.793046474456787,1.0,1.0,0.0,1.0,0.0145365372300148,0.9909359216690063,False,False,True,output/resnet18_localisation_attack_preserve_cls_full_archive_v2/exact_archive/official_test/facedancer/scan/chinese2-flickr_F_31998955273_5516f4db28_h__0da69bbf32a6__exact.npz,051e3ba45b33145188e21d0e80e1008722f9d88258bc48abf3efa4f665c107bb,4513567,float32,float32,512,864,resnet_exact_archive_v1,official_test,0.0,0.5,0.5,content_mask,True,True,0.07144076152912622,7.7930464841316205,0.0,0.6694094226940942,0.0,-0.6694094226940942,1.0,0.6694094226940942,0.6694094226940942,0.6694094226940942,0.0,0.4043416678905487,False,0.0,0.0,0.0,0.0,0.24283726513385773,False,30140,421888,9.370132797663105,0.0,0.5979686611649679,-0.07144076152912622,True,True,True,True,False,False,False,True
official_test,facedancer,chinese2-flickr_F_32689517821_bfacb0e1ba_h,scan,test/attack/facedancer/scan/chinese2-flickr_F_32689517821_bfacb0e1ba_h.jpg,1.0,0.999882698059082,0.0001173019409179,0.9816060662269592,9.051092147827148,3.977166414260864,True,1.0,0.25,10,0.0039215851575136,0.0,7,0,0.3986693620681762,0.0009171233396045,0.0873683616518974,0.39866934321688324,0.0009171233679353689,0.397752238670364,0.9976995387693093,True,4.563086032867432,0.0104972030967473,4.552588829770684,0.9976995386409248,1.0,0.0,1.0,0.260532796382904,0.8241917490959167,False,False,True,output/resnet18_localisation_attack_preserve_cls_full_archive_v2/exact_archive/official_test/facedancer/scan/chinese2-flickr_F_32689517821_bfacb0e1ba_h__37f2a7ea30cb__exact.npz,05e10ec989d310ce04454e6a60ead5c8150fcbdc2377dcd25c80abf804072dc8,4798158,float32,float32,512,864,resnet_exact_archive_v1,official_test,0.0,0.5,0.5,content_mask,True,True,0.0873683608058608,4.56308599062259,0.010497202413735189,0.487635113003603,0.0,-0.487635113003603,1.0,0.487635113003603,0.487635113003603,0.487635113003603,0.0,0.3362390995025635,False,0.0,0.0,0.0,0.0,0.2176825851202011,False,36636,419328,5.581369599999314,0.0,0.4002667521977422,-0.0873683608058608,False,True,True,False,False,False,False,False
official_test,facedancer,chinese2-flickr_F_33552328531_f6d5dd17b8_c,iphone15,test/attack/facedancer/iphone15/chinese2-flickr_F_33552328531_f6d5dd17b8_c.jpg,1.0,1.0,0.0,0.9999992847442628,31.71326065063477,14.073360443115234,True,1.0,0.25,10,0.0039215851575136,0.0,10,0,0.5030538439750671,0.0409968458116054,0.0812116563320159,0.5030538079388855,0.04099684565092656,0.4620570056140423,0.9185040546280745,True,6.194355010986328,0.5048146843910217,5.689540326595306,0.9185040761313032,1.0,0.0,1.0,0.200333833694458,0.7695350646972656,False,False,True,output/resnet18_localisation_attack_preserve_cls_full_archive_v2/exact_archive/official_test/facedancer/iphone15/chinese2-flickr_F_33552328531_f6d5dd17b8_c__493b1c11ed00__exact.npz,7b304940f409f85e7939df18ae9b6f33cf33c7216773e14f453ac5fed73b48a0,5162513,float32,float32,512,864,resnet_exact_archive_v1,official_test,0.0,0.5,0.5,content_mask,True,True,0.0812116564417178,6.194354726650677,0.5048147944174526,0.7701841359773371,0.04520774315391879,-0.7249763928234183,0.9413026819923371,0.7701841359773371,0.7701841359773371,0.7701841359773371,0.0,0.5297470688819885,False,0.04520774315391879,0.04520774315391879,0.04520774315391879,0.0,0.6219586133956909,False,33888,417280,9.483664903819147,0.5566656947375835,0.6889724795356194,-0.036003913287799005,True,True,True,True,False,False,False,True
official_test,facedancer,chinese2-flickr_F_33552328531_f6d5dd17b8_c,scan,test/attack/facedancer/scan/chinese2-flickr_F_33552328531_f6d5dd17b8_c.jpg,1.0,1.0,0.0,1.0,29.28249168395996,18.2121524810791,True,1.0,0.25,10,0.0039215851575136,0.0,10,0,0.4757667779922485,0.0617428310215473,0.0783825516700744,0.47576679744817096,0.06174283060705812,0.4140239767730236,0.8702245912530618,True,6.069804668426514,0.7877113819122314,5.282093286514282,0.8702245912443124,1.0,0.0,1.0,0.3147726058959961,0.7078644037246704,False,False,True,output/resnet18_localisation_attack_preserve_cls_full_archive_v2/exact_archive/official_test/facedancer/scan/chinese2-flickr_F_33552328531_f6d5dd17b8_c__59e5fe59833b__exact.npz,2eb8169e2e9033401def0b9cb7bc0291ec0075fb91a97e59d31bda9754ce87d8,5268049,float32,float32,512,864,resnet_exact_archive_v1,official_test,0.0,0.5,0.5,content_mask,True,True,0.07838255494505494,6.069804662296052,0.787711381063541,0.7410855543385664,0.057837410247048804,-0.6832481440915176,0.9219558256014451,0.7410855543385664,0.7410855543385664,0.7410855543385664,0.0,0.5034124851226807,False,0.057837410247048804,0.057837410247048804,0.057837410247048804,0.0,0.631434977054596,False,32868,419328,9.454725670247122,0.7378862590992601,0.6627029993935114,-0.02054514469800614,False,True,True,False,False,False,False,False
official_test,facedancer,chinese2-flickr_F_39035705701_833f3da9bf_o,huawei,test/attack/facedancer/huawei/chinese2-flickr_F_39035705701_833f3da9bf_o.jpg,1.0,0.9998937845230104,0.0001062154769897,0.923158884048462,9.14981460571289,2.4860610961914062,True,1.0,0.25,10,0.0039215851575136,0.0,7,0,0.47041055560112,0.0003625244717113,0.0839649140834808,0.4704105790681582,0.0003625244590217265,0.4700480013270862,0.999229344587148,True,5.602465152740479,0.0043175709433853,5.598147581797093,0.9992293444357662,1.0,0.0,1.0,0.0813015550374984,0.9204336404800416,False,False,True,output/resnet18_localisation_attack_preserve_cls_full_archive_v2/exact_archive/official_test/facedancer/huawei/chinese2-flickr_F_39035705701_833f3da9bf_o__23a150fa5ec7__exact.npz,b98fb8ee2ab98e52ca381f2910bb5aeacb83049c6037cf23c59d8ec37f1a740d,4183380,float32,float32,512,864,resnet_exact_archive_v1,official_test,0.0,0.5,0.5,content_mask,True,True,0.08396491671855542,5.60246585660225,0.0043175706377091205,0.6499811708814924,0.0,-0.6499811708814924,1.0,0.6499811708814924,0.6499811708814924,0.6499811708814924,0.0,0.29447370767593384,False,0.0,0.0,0.0,0.0,0.19802269339561462,False,34521,411136,7.7411042168979245,0.0,0.566016254162937,-0.08396491671855542,False,True,True,False,False,False,False,False
official_test,facedancer,chinese2-flickr_F_39035705701_833f3da9bf_o,iphone15,test/attack/facedancer/iphone15/chinese2-flickr_F_39035705701_833f3da9bf_o.jpg,1.0,1.0,0.0,0.9000269174575806,17.690025329589844,2.1975231170654297,True,1.0,0.25,10,0.0039215851575136,0.0,10,0,0.5201801061630249,0.0027625411748886,0.0828125029802322,0.5201800978850766,0.0027625410362015837,0.5174175652209669,0.9946892604168569,True,6.281420230865479,0.033358983695507,6.248061247169972,0.9946892609522304,1.0,0.0,1.0,0.0747547149658203,0.8840057849884033,False,False,True,output/resnet18_localisation_attack_preserve_cls_full_archive_v2/exact_archive/official_test/facedancer/iphone15/chinese2-flickr_F_39035705701_833f3da9bf_o__a6def5427fed__exact.npz,cc0d0a1506edb25786f0e75a02d62ae27872c7956dfb9a86ede9207ffa7c7656,4705354,float32,float32,512,864,resnet_exact_archive_v1,official_test,0.0,0.5,0.5,content_mask,True,True,0.0828125,6.281420049933001,0.03335898609752856,0.7668588399720475,0.0,-0.7668588399720475,1.0,0.7668588399720475,0.7668588399720475,0.7668588399720475,0.0,0.4891478419303894,False,0.0,0.0,0.0,0.0,0.25054410099983215,False,34344,414720,9.260182218530385,0.0,0.6840463399720476,-0.0828125,True,True,True,True,False,False,False,True
official_test,facedancer,chinese2-flickr_F_48677929383_2cdc743f43_c,huawei,test/attack/facedancer/huawei/chinese2-flickr_F_48677929383_2cdc743f43_c.jpg,1.0,0.9999324083328248,6.759166717529297e-05,0.9698007702827454,9.60177230834961,3.4692742824554443,True,1.0,0.25,10,0.0039215851575136,0.0,7,0,0.5581416487693787,0.0180979929864406,0.0826620757579803,0.5581416257318047,0.018097992811234875,0.5400437172502279,0.9675745510156032,True,6.752089500427246,0.2189394831657409,6.533150017261505,0.967574558490096,1.0,0.0,1.0,0.046432726085186,0.9142060279846193,False,False,True,output/resnet18_localisation_attack_preserve_cls_full_archive_v2/exact_archive/official_test/facedancer/huawei/chinese2-flickr_F_48677929383_2cdc743f43_c__41ca80af995a__exact.npz,8c21bfc78ad92ad081a24f2e936e4b7970783c351eae4c3cb3575c61942352ba,4205939,float32,float32,512,864,resnet_exact_archive_v1,official_test,0.0,0.5,0.5,content_mask,True,True,0.08266207298136646,6.752088419771665,0.2189394985934419,0.7373936014088641,0.0,-0.7373936014088641,1.0,0.7373936014088641,0.7373936014088641,0.7373936014088641,0.0,0.4995187819004059,False,0.0,0.0,0.0,0.0,0.2279016524553299,False,34070,412160,8.920579593679994,0.0,0.6547315284274977,-0.08266207298136646,True,True,True,True,False,False,False,True
official_test,facedancer,chinese2-flickr_F_48677929383_2cdc743f43_c,scan,test/attack/facedancer/scan/chinese2-flickr_F_48677929383_2cdc743f43_c.jpg,1.0,0.9999983310699464,1.6689300537109375e-06,0.981748640537262,13.336580276489258,3.9850940704345694,True,1.0,0.25,10,0.0039215851575136,0.0,10,0,0.5583657622337341,0.017036298289895,0.0850715562701225,0.5583657519620232,0.017036298575725146,0.5413294620811939,0.9694889979984233,True,6.563483238220215,0.2002584636211395,6.363224774599075,0.9694889959564454,1.0,0.0,1.0,0.110481858253479,0.8704359531402588,False,False,True,output/resnet18_localisation_attack_preserve_cls_full_archive_v2/exact_archive/official_test/facedancer/scan/chinese2-flickr_F_48677929383_2cdc743f43_c__5b69e5f27561__exact.npz,cc46bb420f4ad3e8996ff488e5c48e446a3d5414c6897b3505551d9871fd2056,4594694,float32,float32,512,864,resnet_exact_archive_v1,official_test,0.0,0.5,0.5,content_mask,True,True,0.08507155907429964,6.563483237380883,0.20025845019304295,0.7340044742729307,0.0,-0.7340044742729307,1.0,0.7340044742729307,0.7340044742729307,0.7340044742729307,0.0,0.44631001353263855,False,0.0,0.0,0.0,0.0,0.26756173372268677,False,35760,420352,8.628083019283416,0.0,0.648932915198631,-0.08507155907429964,True,True,True,True,False,False,False,True
official_test,facedancer,chinese2-flickr_M_16743317854_732a16acc8_k,scan,test/attack/facedancer/scan/chinese2-flickr_M_16743317854_732a16acc8_k.jpg,1.0,1.0,0.0,0.9993220567703248,16.87342071533203,7.295809745788574,True,1.0,0.25,10,0.0039215851575136,0.0,9,0,0.5033518075942993,0.0014629234792664,0.0721628293395042,0.503351813268105,0.0014629234751763454,0.5018888843478635,0.9970936362269602,True,6.975222587585449,0.0202725324779748,6.954950055107474,0.9970936364792062,1.0,0.0,1.0,0.0407411232590675,0.937646508216858,False,False,True,output/resnet18_localisation_attack_preserve_cls_full_archive_v2/exact_archive/official_test/facedancer/scan/chinese2-flickr_M_16743317854_732a16acc8_k__2bc634668d35__exact.npz,24f782e98871d22b0f922c8803aebe8c947e92e843d2727adfab7e04837028db,4835147,float32,float32,512,864,resnet_exact_archive_v1,official_test,0.0,0.5,0.5,content_mask,True,True,0.07216282894736842,6.9752228482508905,0.02027253499503631,0.7175180547273571,0.0,-0.7175180547273571,1.0,0.7175180547273571,0.7175180547273571,0.7175180547273571,0.0,0.5039592385292053,False,0.0,0.0,0.0,0.0,0.4799653887748718,False,30186,418304,9.943042217076538,0.0,0.6453552257799886,-0.07216282894736842,True,True,True,True,False,False,False,True
official_test,facedancer,chinese2-flickr_M_21459989349_7ab0e1ace5_k,huawei,test/attack/facedancer/huawei/chinese2-flickr_M_21459989349_7ab0e1ace5_k.jpg,1.0,0.9999992847442628,7.152557373046875e-07,0.9729703664779664,14.162471771240234,3.583421230316162,True,1.0,0.25,10,0.0039215851575136,0.0,10,0,0.5335472226142883,0.0132747571915388,0.08095533400774,0.5335471614698251,0.013274757141238578,0.5202724058181047,0.9751198055207171,True,6.590636253356934,0.1639763116836547,6.426659941673279,0.9751198055271016,1.0,0.0,1.0,0.1222927346825599,0.8395990133285522,False,False,True,output/resnet18_localisation_attack_preserve_cls_full_archive_v2/exact_archive/official_test/facedancer/huawei/chinese2-flickr_M_21459989349_7ab0e1ace5_k__f0a5015a3643__exact.npz,38f29f34a03f852fd1cebea5488d1d4908c64756b1ebba8b6d8e955914c47d25,4267339,float32,float32,512,864,resnet_exact_archive_v1,official_test,0.0,0.5,0.5,content_mask,True,True,0.08095533498759305,6.590636201451019,0.16397631043430336,0.716864224137931,0.0,-0.716864224137931,1.0,0.716864224137931,0.716864224137931,0.716864224137931,0.0,0.47690731287002563,False,0.0,0.0,0.0,0.0,0.3132064640522003,False,33408,412672,8.855058462148236,0.0,0.6359088891503379,-0.08095533498759305,True,True,True,True,False,False,False,True
official_test,facedancer,chinese2-flickr_M_22911363774_20c12ce7ec_c,huawei,test/attack/facedancer/huawei/chinese2-flickr_M_22911363774_20c12ce7ec_c.jpg,1.0,1.0,0.0,0.9669507145881652,16.798933029174805,3.376149177551269,True,1.0,0.25,10,0.0039215851575136,0.0,10,0,0.5225905776023865,0.0005426706047728,0.068359375,0.5225904809900463,0.0005426706195175785,0.5220478473929688,0.9989615757667657,True,7.644752502441406,0.007938495837152,7.636814006604254,0.998961575821504,1.0,0.0,1.0,0.0464236512780189,0.9323753118515016,False,False,True,output/resnet18_localisation_attack_preserve_cls_full_archive_v2/exact_archive/official_test/facedancer/huawei/chinese2-flickr_M_22911363774_20c12ce7ec_c__749c1e73f4b7__exact.npz,0a3a8c9c1f5d464cbc36f41f491f04cb6f402cac1cae3a5c40e09ff16581f522,4207119,float32,float32,512,864,resnet_exact_archive_v1,official_test,0.0,0.5,0.5,content_mask,True,True,0.068359375,7.644752179054392,0.007938495919800006,0.7617866004962779,0.0,-0.7617866004962779,1.0,0.7617866004962779,0.7617866004962779,0.7617866004962779,0.0,0.5638824701309204,False,0.0,0.0,0.0,0.0,0.2874346077442169,False,28210,412672,11.143849698688408,0.0,0.6934272254962779,-0.068359375,True,True,True,True,False,False,False,True
official_test,facedancer,chinese2-flickr_M_22911363774_20c12ce7ec_c,scan,test/attack/facedancer/scan/chinese2-flickr_M_22911363774_20c12ce7ec_c.jpg,1.0,0.99999737739563,2.6226043701171875e-06,0.6082795262336731,12.858213424682615,0.4400861263275146,True,1.0,0.25,10,0.0039215851575136,0.0,10,0,0.5219963788986206,0.0011837881756946,0.0683212205767631,0.5219964103646455,0.0011837881966105346,0.5208126503275707,0.9977321909248693,True,7.640326976776123,0.0173268020153045,7.623000174760818,0.9977321910347592,1.0,0.0,1.0,0.0338506773114204,0.9742816686630248,False,False,True,output/resnet18_localisation_attack_preserve_cls_full_archive_v2/exact_archive/official_test/facedancer/scan/chinese2-flickr_M_22911363774_20c12ce7ec_c__126d1855fe54__exact.npz,68e4016c2ebb2a8f8a0d4891c39a01e27470d4a28c0eefdbf4a6c7a9627d3ae4,4178641,float32,float32,512,864,resnet_exact_archive_v1,official_test,0.0,0.5,0.5,content_mask,True,True,0.06832121871184371,7.640326390637931,0.017326801525648444,0.7367447380362316,0.0,-0.7367447380362316,1.0,0.7367447380362316,0.7367447380362316,0.7367447380362316,0.0,0.4751754403114319,False,0.0,0.0,0.0,0.0,0.09943888336420059,False,28649,419328,10.783542096103073,0.0,0.6684235193243879,-0.06832121871184371,True,True,True,True,False,False,False,True
official_test,facedancer,chinese2-flickr_M_24235235151_ae8ac31253_k,huawei,test/attack/facedancer/huawei/chinese2-flickr_M_24235235151_ae8ac31253_k.jpg,1.0,1.0,0.0,0.9999369382858276,22.241943359375,9.672204971313477,True,1.0,0.25,10,0.0039215851575136,0.0,10,0,0.529354453086853,0.0226154383271932,0.0832400992512703,0.529354405938988,0.022615437524865757,0.5067389570176601,0.9572773225817406,True,6.359367847442627,0.2716892063617706,6.087678641080856,0.9572773249040738,1.0,0.0,1.0,0.1406442075967788,0.7950515747070312,False,False,True,output/resnet18_localisation_attack_preserve_cls_full_archive_v2/exact_archive/official_test/facedancer/huawei/chinese2-flickr_M_24235235151_ae8ac31253_k__8a1d642b54af__exact.npz,e6db6c630fb23c1c5d50af39ca2dd0f96f9e6cbf518b44e8dd12df10d5549c9f,4705584,float32,float32,512,864,resnet_exact_archive_v1,official_test,0.0,0.5,0.5,content_mask,True,True,0.08324009573474471,6.359368057742797,0.2716892301149288,0.7531776875200888,0.0,-0.7531776875200888,1.0,0.7531776875200888,0.7531776875200888,0.7531776875200888,0.0,0.41700199246406555,False,0.0,0.0,0.0,0.0,0.4300103783607483,False,34223,411136,9.048255902061749,0.0,0.6699375917853442,-0.08324009573474471,True,True,True,True,False,False,False,True
official_test,facedancer,chinese2-flickr_M_24291592906_b097dd45e5_k,huawei,test/attack/facedancer/huawei/chinese2-flickr_M_24291592906_b097dd45e5_k.jpg,1.0,1.0,0.0,0.9993857145309448,23.637365341186523,7.394495964050293,True,1.0,0.25,10,0.0039215851575136,0.0,10,0,0.5645595788955688,0.0609490908682346,0.0803356245160102,0.5645595403511046,0.06094909221897471,0.5036104954779148,0.8920413386671848,True,7.027512073516846,0.7586806416511536,6.268831431865692,0.8920413606245887,1.0,0.0,1.0,0.2029813826084137,0.8123587965965271,False,False,True,output/resnet18_localisation_attack_preserve_cls_full_archive_v2/exact_archive/official_test/facedancer/huawei/chinese2-flickr_M_24291592906_b097dd45e5_k__0aad19324c65__exact.npz,91400439f7a510d961a24d9a35351c8418e96192cda48edfeddb2489f2f8abac,4357372,float32,float32,512,864,resnet_exact_archive_v1,official_test,0.0,0.5,0.5,content_mask,True,True,0.08033562655472637,7.027511510929891,0.7586807352209405,0.7715149682491684,0.0002721499848805564,-0.7712428182642879,0.9996472524888297,0.7715149682491684,0.7715149682491684,0.7715149682491684,0.0,0.5240511298179626,False,0.0002721499848805564,0.0002721499848805564,0.0002721499848805564,0.0,0.4284980595111847,False,33070,411648,9.603646617775436,0.003387662442579718,0.6911793416944421,-0.08006347656984582,True,True,True,True,False,False,False,True
official_test,facedancer,chinese2-flickr_M_24291592906_b097dd45e5_k,iphone15,test/attack/facedancer/iphone15/chinese2-flickr_M_24291592906_b097dd45e5_k.jpg,1.0,1.0,0.0,0.9978625178337096,22.53797149658203,6.146001815795898,True,1.0,0.25,10,0.0039215851575136,0.0,10,0,0.55904221534729,0.0076823630370199,0.0826528072357177,0.5590422134112876,0.007682361630229122,0.5513599128462374,0.9862579936793122,True,6.763741970062256,0.0929473787546157,6.67079459130764,0.9862579945884956,1.0,0.0,1.0,0.0943553745746612,0.890713632106781,False,False,True,output/resnet18_localisation_attack_preserve_cls_full_archive_v2/exact_archive/official_test/facedancer/iphone15/chinese2-flickr_M_24291592906_b097dd45e5_k__22e0ffb26f1c__exact.npz,e54e666e07c7747b51faf029c670252fe677acbaad3e7f5653ea0faaa957a183,4822154,float32,float32,512,864,resnet_exact_archive_v1,official_test,0.0,0.5,0.5,content_mask,True,True,0.08265280752753978,6.763741367466745,0.09294737662322446,0.7757852721698386,0.0,-0.7757852721698386,1.0,0.7757852721698386,0.7757852721698386,0.7757852721698386,0.0,0.4939487874507904,False,0.0,0.0,0.0,0.0,0.3999904990196228,False,34574,418304,9.386072843458441,0.0,0.6931324646422988,-0.08265280752753978,True,True,True,True,False,False,False,True
official_test,facedancer,chinese2-flickr_M_26097180114_4c514c928d_c,huawei,test/attack/facedancer/huawei/chinese2-flickr_M_26097180114_4c514c928d_c.jpg,1.0,1.0,0.0,0.9999986886978148,27.242097854614254,13.500696182250977,True,1.0,0.25,10,0.0039215851575136,0.0,10,0,0.4915977716445923,0.0523218587040901,0.0810123309493064,0.49159778937613696,0.05232185796069529,0.4392759762704372,0.8935677517445829,True,6.068184852600098,0.6458504796028137,5.422334372997284,0.8935677644483623,1.0,0.0,1.0,0.2893536686897278,0.712234377861023,False,False,True,output/resnet18_localisation_attack_preserve_cls_full_archive_v2/exact_archive/official_test/facedancer/huawei/chinese2-flickr_M_26097180114_4c514c928d_c__382905ebb99d__exact.npz,82133399b1ac177cad3c5444670da8d38fa46f3289eb961ec66f7a259fedf93c,4672779,float32,float32,512,864,resnet_exact_archive_v1,official_test,0.0,0.5,0.5,content_mask,True,True,0.081012333488228,6.0681845369578395,0.6458505230971805,0.7330684432228961,0.03507304394586682,-0.6979953992770292,0.952155839921754,0.7330684432228961,0.7330684432228961,0.7330684432228961,0.0,0.4720052182674408,False,0.03507304394586682,0.03507304394586682,0.03507304394586682,0.0,0.4122592508792877,False,33473,413184,9.04884986838972,0.4329346216272529,0.6520561097346681,-0.045939289542361185,False,True,True,False,False,False,False,False
official_test,facedancer,chinese2-flickr_M_26097180114_4c514c928d_c,iphone15,test/attack/facedancer/iphone15/chinese2-flickr_M_26097180114_4c514c928d_c.jpg,1.0,1.0,0.0,0.9999326467514038,23.52750015258789,9.60475254058838,True,1.0,0.25,10,0.0039215851575136,0.0,10,0,0.4643654823303222,0.0173217635601758,0.0767095163464546,0.46436550150080363,0.017321762777599295,0.4470437485724687,0.9626979981897529,True,6.053557872772217,0.2258098274469375,5.827748045325279,0.9626979980710868,1.0,0.0,1.0,0.2084970772266388,0.763029158115387,False,False,True,output/resnet18_localisation_attack_preserve_cls_full_archive_v2/exact_archive/official_test/facedancer/iphone15/chinese2-flickr_M_26097180114_4c514c928d_c__a0f039df6f57__exact.npz,a4b6cd624a7076d16fbdcf3ce67d2b67b4b8a53eb2afbfb6d1e1b21183d6edec,5073410,float32,float32,512,864,resnet_exact_archive_v1,official_test,0.0,0.5,0.5,content_mask,True,True,0.0767095196406821,6.053557676751924,0.22580981941663572,0.734904636377733,0.0,-0.734904636377733,1.0,0.734904636377733,0.734904636377733,0.734904636377733,0.0,0.4527820348739624,False,0.0,0.0,0.0,0.0,0.49861153960227966,False,32245,420352,9.580357689894644,0.0,0.6581951167370509,-0.0767095196406821,False,True,True,False,False,False,False,False
official_test,facedancer,chinese2-flickr_M_26097180114_4c514c928d_c,scan,test/attack/facedancer/scan/chinese2-flickr_M_26097180114_4c514c928d_c.jpg,1.0,1.0,0.0,1.0,28.961322784423828,17.60055160522461,True,1.0,0.25,10,0.0039215851575136,0.0,10,0,0.4703750610351562,0.0895256325602531,0.0790192857384681,0.4703750744401747,0.08952563635944849,0.3808494359254837,0.8096718103823868,True,5.952661514282227,1.1329591274261477,4.819702386856079,0.8096718375960337,1.0,0.0,1.0,0.4261400103569031,0.6448516845703125,False,False,True,output/resnet18_localisation_attack_preserve_cls_full_archive_v2/exact_archive/official_test/facedancer/scan/chinese2-flickr_M_26097180114_4c514c928d_c__ae2c21a3fe98__exact.npz,010b11191bedae7f102dd58b6ea0358875fbec4f55b4dc33240ab42cc0016348,4967097,float32,float32,512,864,resnet_exact_archive_v1,official_test,0.0,0.5,0.5,content_mask,True,True,0.07901928800366301,5.952661512444532,1.132959289070011,0.7125999698204316,0.09141391278104723,-0.6211860570393843,0.8717177706251058,0.7125999698204316,0.7125999698204316,0.7125999698204316,0.0,0.4500037729740143,False,0.09141391278104723,0.09141391278104723,0.09141391278104723,0.0,0.5241089463233948,False,33135,419328,9.018051007842521,1.1568556879025493,0.6335806818167686,0.01239462477738422,False,True,True,False,False,False,False,False
official_test,facedancer,chinese2-flickr_M_30516208604_4a571cf89d_c,huawei,test/attack/facedancer/huawei/chinese2-flickr_M_30516208604_4a571cf89d_c.jpg,1.0,1.0,0.0,0.9999366998672484,18.502735137939453,9.66786003112793,True,1.0,0.25,10,0.0039215851575136,0.0,6,0,0.5586058497428894,0.1021354794502258,0.0799405127763748,0.5586058798990723,0.10213547858853243,0.4564704373478889,0.8171600366845654,True,6.987770080566406,1.2776434421539309,5.710126638412476,0.8171600628779748,1.0,0.0,1.0,0.0901201516389846,0.9122270941734314,False,False,True,output/resnet18_localisation_attack_preserve_cls_full_archive_v2/exact_archive/official_test/facedancer/huawei/chinese2-flickr_M_30516208604_4a571cf89d_c__84433a30b26e__exact.npz,0d6fd5a78950dd33d230283dc058862469316329d7f3de1fab32e97fcd4cfc7d,4034056,float32,float32,512,864,resnet_exact_archive_v1,official_test,0.0,0.5,0.5,content_mask,True,True,0.0799405129789864,6.987769518640824,1.2776435224450002,0.7552548924861078,0.14109688330514616,-0.6141580091809616,0.8131797824696098,0.7552548924861078,0.7552548924861078,0.7552548924861078,0.0,0.5546970963478088,False,0.14109688330514616,0.14109688330514616,0.14109688330514616,0.0,0.47393423318862915,False,33112,414208,9.447711358627862,1.7650234911831961,0.6753143795071214,0.06115637032615977,True,True,True,True,False,False,False,True
official_test,facedancer,chinese2-flickr_M_30516208604_4a571cf89d_c,iphone15,test/attack/facedancer/iphone15/chinese2-flickr_M_30516208604_4a571cf89d_c.jpg,1.0,0.9999419450759888,5.805492401123047e-05,0.9980247020721436,9.75470733642578,6.225039482116699,True,1.0,0.25,10,0.0039215851575136,0.0,5,0,0.5221757888793945,0.0430154725909233,0.079368770122528,0.5221758227538591,0.043015476860522775,0.479160375893116,0.9176226186925563,True,6.5791096687316895,0.5419697761535645,6.037139892578125,0.9176226262454074,1.0,0.0,1.0,0.124066062271595,0.8519978523254395,False,False,True,output/resnet18_localisation_attack_preserve_cls_full_archive_v2/exact_archive/official_test/facedancer/iphone15/chinese2-flickr_M_30516208604_4a571cf89d_c__6587a4648aa6__exact.npz,acdc8916f59bef8c6f2401bb703ee6b53a1ff1d38ea262ade75a93530742a759,4650216,float32,float32,512,864,resnet_exact_archive_v1,official_test,0.0,0.5,0.5,content_mask,True,True,0.07936876917177914,6.579109493605795,0.5419698114181872,0.747003230773876,0.029982789335426793,-0.7170204414384492,0.9598625707356508,0.747003230773876,0.747003230773876,0.747003230773876,0.0,0.5244957804679871,False,0.029982789335426793,0.029982789335426793,0.029982789335426793,0.0,0.3266066014766693,False,33119,417280,9.411803138298952,0.3777655827134543,0.6676344616020968,-0.049385979836352345,True,True,True,True,False,False,False,True
official_test,facedancer,chinese2-flickr_M_30518538704_383875f8c4_c,scan,test/attack/facedancer/scan/chinese2-flickr_M_30518538704_383875f8c4_c.jpg,1.0,1.0,0.0,0.9999186992645264,18.56116104125977,9.416728973388672,True,1.0,0.25,10,0.0039215851575136,0.0,8,0,0.4883579611778259,0.0371028296649456,0.0782108530402183,0.48835793351022266,0.03710283256362604,0.4512550979852676,0.9240253305665824,True,6.244119644165039,0.4743949472904205,5.7697246968746185,0.9240253271357908,1.0,0.0,1.0,0.2267940789461136,0.7505434155464172,False,False,True,output/resnet18_localisation_attack_preserve_cls_full_archive_v2/exact_archive/official_test/facedancer/scan/chinese2-flickr_M_30518538704_383875f8c4_c__d8a15465f3fd__exact.npz,96e295761feea930877263a98874b56bdc5a192dfa494251a5df665b25e8d859,4833267,float32,float32,512,864,resnet_exact_archive_v1,official_test,0.0,0.5,0.5,content_mask,True,True,0.07821085164835165,6.2441198787344385,0.47439494368947976,0.7203927308208318,0.033754116355653126,-0.6866386144651786,0.9531448404300347,0.7203927308208318,0.7203927308208318,0.7203927308208318,0.0,0.413430780172348,False,0.033754116355653126,0.033754116355653126,0.033754116355653126,0.0,0.40284398198127747,False,32796,419328,9.210905080791491,0.43157842734428936,0.6421818791724802,-0.04445673529269852,False,True,True,False,False,False,False,False
official_test,facedancer,chinese2-flickr_M_31304800026_59e0161aba_c,huawei,test/attack/facedancer/huawei/chinese2-flickr_M_31304800026_59e0161aba_c.jpg,1.0,0.9999903440475464,9.65595245361328e-06,0.9771227836608888,11.550725936889648,3.754472494125366,True,1.0,0.25,10,0.0039215851575136,0.0,8,0,0.5877103805541992,5.221093488216866e-06,0.0789938643574714,0.5877104123928677,5.221093018231905e-06,0.5877051594611657,0.999991116214877,True,7.439949989318848,6.609492265852168e-05,7.439883894396189,0.9999911162141206,1.0,0.0,1.0,0.0451218858361244,0.9646142721176147,False,False,True,output/resnet18_localisation_attack_preserve_cls_full_archive_v2/exact_archive/official_test/facedancer/huawei/chinese2-flickr_M_31304800026_59e0161aba_c__b0ca522ee6d0__exact.npz,3901e2154071d056723e1f9901a3412828355387672f71e7661aa5c481c34ba6,4073280,float32,float32,512,864,resnet_exact_archive_v1,official_test,0.0,0.5,0.5,content_mask,True,True,0.07899386229863693,7.439950336534043,6.609492011535681e-05,0.7908636906767977,0.0,-0.7908636906767977,1.0,0.7908636906767977,0.7908636906767977,0.7908636906767977,0.0,0.49968117475509644,False,0.0,0.0,0.0,0.0,0.3200538456439972,False,32639,413184,10.011710627427371,0.0,0.7118698283781608,-0.07899386229863693,True,True,True,True,False,False,False,True
official_test,facedancer,chinese2-flickr_M_31304800026_59e0161aba_c,scan,test/attack/facedancer/scan/chinese2-flickr_M_31304800026_59e0161aba_c.jpg,1.0,0.9999852180480956,1.4781951904296877e-05,0.9907163381576538,11.12075138092041,4.670167922973633,True,1.0,0.25,10,0.0039215851575136,0.0,9,0,0.5289482474327087,6.613285222556442e-05,0.0717455893754959,0.5289481805797068,6.613285134009043e-05,0.5288820549758384,0.9998749729108293,True,7.37255334854126,0.000921768893022,7.371631579648238,0.9998749729097308,1.0,0.0,1.0,0.0341541543602943,0.963360071182251,False,False,True,output/resnet18_localisation_attack_preserve_cls_full_archive_v2/exact_archive/official_test/facedancer/scan/chinese2-flickr_M_31304800026_59e0161aba_c__e8796a525333__exact.npz,e6a87e68ac0f27f3f7d9b08afb447f4571793d24eae59968dcbd362c26a48aeb,4468034,float32,float32,512,864,resnet_exact_archive_v1,official_test,0.0,0.5,0.5,content_mask,True,True,0.07174559049079754,7.372553169627232,0.000921768862555713,0.714710401496426,0.0,-0.714710401496426,1.0,0.714710401496426,0.714710401496426,0.714710401496426,0.0,0.4311222732067108,False,0.0,0.0,0.0,0.0,0.3985704183578491,False,29938,417280,9.961732792318413,0.0,0.6429648110056284,-0.07174559049079754,True,True,True,True,False,False,False,True
official_test,facedancer,chinese2-flickr_M_31840786965_77af814416_h,iphone15,test/attack/facedancer/iphone15/chinese2-flickr_M_31840786965_77af814416_h.jpg,1.0,1.0,0.0,0.9997500777244568,22.250171661376957,8.294275283813477,True,1.0,0.25,10,0.0039215851575136,0.0,9,0,0.5759770274162292,0.0278999526053667,0.0828854441642761,0.5759770605742403,0.0278999530423391,0.5480770748108625,0.9515606524077136,True,6.949073314666748,0.3366085886955261,6.612464725971222,0.9515606508302225,1.0,0.0,1.0,0.047940082848072,0.9258562326431274,False,False,True,output/resnet18_localisation_attack_preserve_cls_full_archive_v2/exact_archive/official_test/facedancer/iphone15/chinese2-flickr_M_31840786965_77af814416_h__35ecf4175b2b__exact.npz,d3ac9af99dbb62925b76b616ae4f0ce6d5420f8e383b005743c8de651238d0fe,5048762,float32,float32,512,864,resnet_exact_archive_v1,official_test,0.0,0.5,0.5,content_mask,True,True,0.08288544226044225,6.949073864677078,0.3366086043755669,0.8010653080129689,0.0022579898100972672,-0.7988073182028717,0.9971812662619254,0.8010653080129689,0.8010653080129689,0.8010653080129689,0.0,0.5304837226867676,False,0.0022579898100972672,0.0022579898100972672,0.0022579898100972672,0.0,0.4652683138847351,False,34544,416768,9.664728644336181,0.027242296699126273,0.7181798657525267,-0.08062745245034499,True,True,True,True,False,False,False,True
official_test,facedancer,chinese2-flickr_M_32771950686_f8d5084d87_h,huawei,test/attack/facedancer/huawei/chinese2-flickr_M_32771950686_f8d5084d87_h.jpg,1.0,0.9999998807907104,1.1920928955078125e-07,0.9195696711540222,16.318740844726562,2.436514139175415,True,1.0,0.25,10,0.0039215851575136,0.0,10,0,0.5271920561790466,0.0001669110206421,0.0880539938807487,0.5271920222062623,0.0001669110005738646,0.5270250855974155,0.9996833961942835,True,5.987144470214844,0.0018955526174977,5.985248917597346,0.9996833962121796,1.0,0.0,1.0,0.0258593298494815,0.9590279459953308,False,False,True,output/resnet18_localisation_attack_preserve_cls_full_archive_v2/exact_archive/official_test/facedancer/huawei/chinese2-flickr_M_32771950686_f8d5084d87_h__706d66caa235__exact.npz,a1da3fd473860f32b7cfc91171193c4d4b73d6db9f32d7b66ff5feb11e5286e3,4069768,float32,float32,512,864,resnet_exact_archive_v1,official_test,0.0,0.5,0.5,content_mask,True,True,0.0880539950062422,5.98714484412535,0.0018955528430258297,0.7355449712007089,0.0,-0.7355449712007089,1.0,0.7355449712007089,0.7355449712007089,0.7355449712007089,0.0,0.40850576758384705,False,0.0,0.0,0.0,0.0,0.2543858289718628,False,36112,410112,8.353340142585987,0.0,0.6474909761944667,-0.0880539950062422,True,True,True,True,False,False,False,True
official_test,facedancer,chinese2-flickr_M_32812741685_462068ee90_h,huawei,test/attack/facedancer/huawei/chinese2-flickr_M_32812741685_462068ee90_h.jpg,0.9990234375,0.998815417289734,0.0002080202102661,0.8644159436225891,6.737171173095703,1.85246217250824,True,1.0,0.25,10,0.0039215851575136,0.0,7,0,0.5443453788757324,2.7634063371806405e-05,0.0675548613071441,0.5443453478804005,2.7634063451250734e-05,0.5443176852058969,0.9999492343168562,True,8.057826042175293,0.000409061089158,8.057416981086135,0.9999492343112129,0.0,0.0,0.0,0.0001670493802521,0.9998420476913452,False,False,True,output/resnet18_localisation_attack_preserve_cls_full_archive_v2/exact_archive/official_test/facedancer/huawei/chinese2-flickr_M_32812741685_462068ee90_h__3f49dc23cdb6__exact.npz,938d589c39cd2c4d7420e3588700bb071cdb2d09672b2b16e014ecdf725e20d6,3945483,float32,float32,512,864,resnet_exact_archive_v1,official_test,0.0,0.5,0.5,content_mask,True,True,0.06755486197270472,8.057826364893486,0.0004090610600672409,0.7638281081856662,0.0,-0.7638281081856662,1.0,0.7638281081856662,0.7638281081856662,0.7638281081856662,0.0,0.5796704292297363,False,0.0,0.0,0.0,0.0,0.4300045371055603,False,27878,412672,11.306782160169137,0.0,0.6962732462129615,-0.06755486197270472,True,True,True,True,False,False,False,True
official_test,facedancer,chinese2-flickr_M_33525327222_f112b468ed_k,huawei,test/attack/facedancer/huawei/chinese2-flickr_M_33525327222_f112b468ed_k.jpg,0.99951171875,0.9995204210281372,8.702278137207031e-06,0.9083095788955688,7.642199993133545,2.29316782951355,True,1.0,0.25,10,0.0039215851575136,0.0,8,0,0.5328897833824158,0.0059780133888125,0.0788005143404007,0.5328897686822819,0.00597801349420515,0.5269117099232972,0.9887818947828789,True,6.762515544891357,0.0758626237511634,6.686652921140194,0.9887818928847456,1.0,0.0,1.0,0.0437445938587188,0.9365746974945068,False,False,True,output/resnet18_localisation_attack_preserve_cls_full_archive_v2/exact_archive/official_test/facedancer/huawei/chinese2-flickr_M_33525327222_f112b468ed_k__0607c90866b5__exact.npz,7390aecbf0598ac8a43299a41cc60eb399a9a31b811d20e4458b962e1f750e88,4061397,float32,float32,512,864,resnet_exact_archive_v1,official_test,0.0,0.5,0.5,content_mask,True,True,0.07880051691729323,6.762516155085477,0.07586261776022994,0.7179152689775128,0.0,-0.7179152689775128,1.0,0.7179152689775128,0.7179152689775128,0.7179152689775128,0.0,0.3485466241836548,False,0.0,0.0,0.0,0.0,0.23255127668380737,False,32196,408576,9.110540096215564,0.0,0.6391147520602196,-0.07880051691729323,True,True,True,True,False,False,False,True
official_test,facedancer,chinese2-flickr_M_33525327222_f112b468ed_k,scan,test/attack/facedancer/scan/chinese2-flickr_M_33525327222_f112b468ed_k.jpg,1.0,0.9997627139091492,0.0002372860908508,0.9935543537139891,8.345983505249023,5.037876129150391,True,1.0,0.25,10,0.0039215851575136,0.0,7,0,0.5653712153434753,0.0005458852974697,0.080972209572792,0.5653711993941601,0.0005458853252510971,0.5648253300460055,0.999034465629243,True,6.9822869300842285,0.0067416373640298,6.975545292720199,0.9990344657228304,1.0,0.0,1.0,0.0250697154551744,0.95558500289917,False,False,True,output/resnet18_localisation_attack_preserve_cls_full_archive_v2/exact_archive/official_test/facedancer/scan/chinese2-flickr_M_33525327222_f112b468ed_k__78d0499f72c6__exact.npz,5c9a01efd4a7d1bead601b392c49d0362246d4a83d7181d5d3530bec6a27103c,4648248,float32,float32,512,864,resnet_exact_archive_v1,official_test,0.0,0.5,0.5,content_mask,True,True,0.08097221159730722,6.9822867406151214,0.006741637834543855,0.7450326237784536,0.0,-0.7450326237784536,1.0,0.7450326237784536,0.7450326237784536,0.7450326237784536,0.0,0.40976566076278687,False,0.0,0.0,0.0,0.0,0.3503195345401764,False,33871,418304,9.201090214549977,0.0,0.6640604121811464,-0.08097221159730722,True,True,True,True,False,False,False,True
official_test,facedancer,chinese2-flickr_M_33552319041_2631ab0a0c_c,iphone15,test/attack/facedancer/iphone15/chinese2-flickr_M_33552319041_2631ab0a0c_c.jpg,1.0,1.0,0.0,0.9987909197807312,22.89302062988281,6.716656684875488,True,1.0,0.25,10,0.0039215851575136,0.0,10,0,0.5645413398742676,0.0008574285893701,0.0819669365882873,0.5645413115558721,0.0008574287470746749,0.5636838515056297,0.9984811939719492,True,6.887426376342773,0.0104606654495,6.876965710893273,0.9984811938628584,1.0,0.0,1.0,0.0152085926383733,0.972775936126709,False,False,True,output/resnet18_localisation_attack_preserve_cls_full_archive_v2/exact_archive/official_test/facedancer/iphone15/chinese2-flickr_M_33552319041_2631ab0a0c_c__f6bfafb17106__exact.npz,6fb0f09f84a1276f40b2f2470cd9044afa9f61347eaf7f0ee4e71a22af8f0c61,4911465,float32,float32,512,864,resnet_exact_archive_v1,official_test,0.0,0.5,0.5,content_mask,True,True,0.08196693978658537,6.8874269678208035,0.010460665596484803,0.7865341586028536,0.0,-0.7865341586028536,1.0,0.7865341586028536,0.7865341586028536,0.7865341586028536,0.0,0.5418160557746887,False,0.0,0.0,0.0,0.0,0.3912048935890198,False,34413,419840,9.595748732973645,0.0,0.7045672188162682,-0.08196693978658537,True,True,True,True,False,False,False,True
official_test,facedancer,chinese2-flickr_M_33552319041_2631ab0a0c_c,scan,test/attack/facedancer/scan/chinese2-flickr_M_33552319041_2631ab0a0c_c.jpg,1.0,1.0,0.0,0.9999955892562866,23.25186538696289,12.343934059143066,True,1.0,0.25,10,0.0039215851575136,0.0,10,0,0.519034743309021,0.0716740041971206,0.0816882625222206,0.5190347639060928,0.07167400410457647,0.4473607316613197,0.8619090490872319,True,6.353847503662109,0.8774089217185974,5.476438581943512,0.8619090368138528,1.0,0.0,1.0,0.3062460422515869,0.724136471748352,False,False,True,output/resnet18_localisation_attack_preserve_cls_full_archive_v2/exact_archive/official_test/facedancer/scan/chinese2-flickr_M_33552319041_2631ab0a0c_c__c90d09c6d94d__exact.npz,1c3b45a7c140a6c246f874ba2930c32e3aa5029e892d73ba8520a3e6a7306a9f,5023479,float32,float32,512,864,resnet_exact_archive_v1,official_test,0.0,0.5,0.5,content_mask,True,True,0.08168826219512196,6.353847541355668,0.8774088489405582,0.7483671565197108,0.04913109400513179,-0.6992360625145789,0.9343489441284188,0.7483671565197108,0.7483671565197108,0.7483671565197108,0.0,0.46151360869407654,False,0.04913109400513179,0.04913109400513179,0.04913109400513179,0.0,0.5144758224487305,False,34296,419840,9.161256910229628,0.6014461892673936,0.6666788943245888,-0.03255716818999017,True,True,True,True,False,False,False,True
official_test,facedancer,chinese2-flickr_M_34592740762_6446ed6334_k,huawei,test/attack/facedancer/huawei/chinese2-flickr_M_34592740762_6446ed6334_k.jpg,1.0,0.9999169111251832,8.308887481689453e-05,0.9999786615371704,9.395745277404783,10.753929138183594,True,1.0,0.25,10,0.0039215851575136,0.0,5,0,0.5950632095336914,0.0292759630829095,0.0837505832314491,0.5950631412119022,0.029275963009561114,0.565787248313427,0.9508019217087822,True,7.105182647705078,0.3495612740516662,6.755621373653412,0.9508019298892236,1.0,0.0,1.0,0.0719449073076248,0.9145113229751588,False,False,True,output/resnet18_localisation_attack_preserve_cls_full_archive_v2/exact_archive/official_test/facedancer/huawei/chinese2-flickr_M_34592740762_6446ed6334_k__0e2899f815de__exact.npz,10acffa932749d85eda96ed44dd298a5562b56c7180933106617be639ba00d83,4588890,float32,float32,512,864,resnet_exact_archive_v1,official_test,0.0,0.5,0.5,content_mask,True,True,0.08375058447630923,7.105181951061242,0.34956129790165813,0.7353300378016865,0.0009886594940389647,-0.7343413783076476,0.9986554887693768,0.7353300378016865,0.7353300378016865,0.7353300378016865,0.0,0.4136679768562317,False,0.0009886594940389647,0.0009886594940389647,0.0009886594940389647,0.0,0.5426570177078247,False,34390,410624,8.77999887881011,0.011804807097419477,0.6515794533253773,-0.08276192498227027,True,True,True,True,False,False,False,True
official_test,facedancer,chinese2-flickr_M_34592740762_6446ed6334_k,iphone15,test/attack/facedancer/iphone15/chinese2-flickr_M_34592740762_6446ed6334_k.jpg,0.9990234375,0.9991010427474976,7.76052474975586e-05,0.9781736731529236,7.013329982757568,3.802570819854736,True,1.0,0.25,10,0.0039215851575136,0.0,7,0,0.6072230935096741,5.696251901099458e-05,0.0814317539334297,0.607223092628512,5.69625137757719e-05,0.6071661309943011,0.9999061917860713,True,7.456834316253662,0.0006995123112574,7.456134803942405,0.9999061917857376,0.0,0.0,0.0,0.0040111965499818,0.9913683533668518,False,False,True,output/resnet18_localisation_attack_preserve_cls_full_archive_v2/exact_archive/official_test/facedancer/iphone15/chinese2-flickr_M_34592740762_6446ed6334_k__42cb22aaa8ed__exact.npz,5a2434eaed0306d0eabcd988299f9efd7e965315d33096fecc6f93d81617a8f7,4654534,float32,float32,512,864,resnet_exact_archive_v1,official_test,0.0,0.5,0.5,content_mask,True,True,0.08143175243605359,7.456834397679821,0.0006995123164088014,0.7569967864446392,0.0,-0.7569967864446392,1.0,0.7569967864446392,0.7569967864446392,0.7569967864446392,0.0,0.40097784996032715,False,0.0,0.0,0.0,0.0,0.4512191712856293,False,34230,420352,9.29608861161487,0.0,0.6755650340085856,-0.08143175243605359,True,True,True,True,False,False,False,True
official_test,facedancer,chinese2-flickr_M_34592740762_6446ed6334_k,scan,test/attack/facedancer/scan/chinese2-flickr_M_34592740762_6446ed6334_k.jpg,1.0,0.9999921321868896,7.867813110351562e-06,0.9965360164642334,11.758467674255373,5.661868095397949,True,1.0,0.25,10,0.0039215851575136,0.0,10,0,0.6196473240852356,0.0,0.0839534103870391,0.6196473432215531,0.0,0.6196472644805908,1.0,True,7.380846977233887,0.0,7.380846977233887,1.0,1.0,0.0,1.0,0.0153810381889343,0.9856410026550292,False,False,True,output/resnet18_localisation_attack_preserve_cls_full_archive_v2/exact_archive/official_test/facedancer/scan/chinese2-flickr_M_34592740762_6446ed6334_k__706e64b901f5__exact.npz,2b1fb5e3d6a0d43a512bef958d2850e730e37c35de64c8bbf65c4e2ddc8954fe,4589014,float32,float32,512,864,resnet_exact_archive_v1,official_test,0.0,0.5,0.5,content_mask,True,True,0.08395341082317073,7.380847748124291,0.0,0.7892019178937214,0.0,-0.7892019178937214,1.0,0.7892019178937214,0.7892019178937214,0.7892019178937214,0.0,0.48651590943336487,False,0.0,0.0,0.0,0.0,0.42050784826278687,False,35247,419840,9.400474741353873,0.0,0.7052485070705506,-0.08395341082317073,True,True,True,True,False,False,False,True
official_test,facedancer,chinese2-flickr_M_3625086942_a3ed938d9c_c,huawei,test/attack/facedancer/huawei/chinese2-flickr_M_3625086942_a3ed938d9c_c.jpg,1.0,0.9998015761375428,0.0001984238624572,0.9844350218772888,8.524710655212402,4.14704704284668,True,1.0,0.25,10,0.0039215851575136,0.0,5,0,0.6297421455383301,0.0001292434899369,0.0888478532433509,0.6297421562906719,0.00012924348950889668,0.6296129616530379,0.9997947676073169,True,7.08787202835083,0.0014546609017997,7.08641736744903,0.9997947676120588,1.0,0.0,1.0,0.0137917632237076,0.9847671389579772,False,False,True,output/resnet18_localisation_attack_preserve_cls_full_archive_v2/exact_archive/official_test/facedancer/huawei/chinese2-flickr_M_3625086942_a3ed938d9c_c__869fdc100d51__exact.npz,07f3fd44f625adb749d10b891dffcc24756b83c01337e18440bbc51c17e904f9,4212903,float32,float32,512,864,resnet_exact_archive_v1,official_test,0.0,0.5,0.5,content_mask,True,True,0.08884784962871287,7.08787166962743,0.001454660861787804,0.7343835020132767,0.0,-0.7343835020132767,1.0,0.7343835020132767,0.7343835020132767,0.7343835020132767,0.0,0.33484017848968506,False,0.0,0.0,0.0,0.0,0.3526941239833832,False,36756,413696,8.265630570488751,0.0,0.6455356523845639,-0.08884784962871287,True,True,True,True,False,False,False,True
official_test,facedancer,chinese2-flickr_M_3625086942_a3ed938d9c_c,scan,test/attack/facedancer/scan/chinese2-flickr_M_3625086942_a3ed938d9c_c.jpg,1.0,0.9999998807907104,1.1920928955078125e-07,0.9993799924850464,15.8551664352417,7.38526439666748,True,1.0,0.25,10,0.0039215851575136,0.0,9,0,0.5855684876441956,0.0002766562101896,0.0863619893789291,0.5855685566970501,0.0002766561934339003,0.5852918910968583,0.9995275426074884,True,6.780396938323975,0.0032034481409937,6.777193490182981,0.9995275426836904,1.0,0.0,1.0,0.0277956295758485,0.9550790786743164,False,False,True,output/resnet18_localisation_attack_preserve_cls_full_archive_v2/exact_archive/official_test/facedancer/scan/chinese2-flickr_M_3625086942_a3ed938d9c_c__36c06bda45d4__exact.npz,f252a4ba75af85f84d882d43d752f1248e79aced501f988f42df859c13fa29b3,4875807,float32,float32,512,864,resnet_exact_archive_v1,official_test,0.0,0.5,0.5,content_mask,True,True,0.0863619887057387,6.780396855985548,0.003203448618773142,0.7165184735185287,0.0,-0.7165184735185287,1.0,0.7165184735185287,0.7165184735185287,0.7165184735185287,0.0,0.3966728448867798,False,0.0,0.0,0.0,0.0,0.4432838261127472,False,36214,419328,8.296687978781069,0.0,0.63015648481279,-0.0863619887057387,True,True,True,True,False,False,False,True
official_test,facedancer,chinese2-flickr_M_37190875605_735b3fca0d_c,huawei,test/attack/facedancer/huawei/chinese2-flickr_M_37190875605_735b3fca0d_c.jpg,1.0,1.0,0.0,0.9998477697372437,17.727806091308594,8.790095329284668,True,1.0,0.25,10,0.0039215851575136,0.0,9,0,0.4904017150402069,4.566097049973905e-05,0.0769409909844398,0.4904017065502816,4.566096793888842e-05,0.4903560838756675,0.9999068906830278,True,6.3737382888793945,0.0005934543441981,6.373144834535196,0.9999068906947068,1.0,0.0,1.0,0.030108667910099,0.9495487213134766,False,False,True,output/resnet18_localisation_attack_preserve_cls_full_archive_v2/exact_archive/official_test/facedancer/huawei/chinese2-flickr_M_37190875605_735b3fca0d_c__4b504bf2d931__exact.npz,6e9d848150956b80959bfb39456a2397843b6c18b0fb34a7f5a0a93e0c571fa3,4431886,float32,float32,512,864,resnet_exact_archive_v1,official_test,0.0,0.5,0.5,content_mask,True,True,0.07694099378881987,6.37373761893807,0.0005934543562592158,0.734390766902119,0.0,-0.734390766902119,1.0,0.734390766902119,0.734390766902119,0.734390766902119,0.0,0.49540916085243225,False,0.0,0.0,0.0,0.0,0.5684703588485718,False,31712,412160,9.54485678879848,0.0,0.6574497731132991,-0.07694099378881987,False,True,True,False,False,False,False,False
official_test,facedancer,chinese2-flickr_M_38319821984_1d6e303c3e_o,huawei,test/attack/facedancer/huawei/chinese2-flickr_M_38319821984_1d6e303c3e_o.jpg,1.0,0.9999980926513672,1.9073486328125e-06,0.9966375827789308,13.187376022338867,5.691741466522217,True,1.0,0.25,10,0.0039215851575136,0.0,9,0,0.5237422585487366,0.0054257619194686,0.0744749754667282,0.5237422763468352,0.005425762115941134,0.5183164970949292,0.9896403968879761,True,7.032459735870361,0.0728534832596778,6.959606252610683,0.9896403980974005,1.0,0.0,1.0,0.0370880924165248,0.9445756673812866,False,False,True,output/resnet18_localisation_attack_preserve_cls_full_archive_v2/exact_archive/official_test/facedancer/huawei/chinese2-flickr_M_38319821984_1d6e303c3e_o__027f4ad3bc5d__exact.npz,6decc291d74fcbb106411398dd1dc887c92ec7032b5e287a27b231b61737cb9a,4075609,float32,float32,512,864,resnet_exact_archive_v1,official_test,0.0,0.5,0.5,content_mask,True,True,0.07447497679455446,7.032459745393714,0.07285349186356323,0.6827653359298929,0.0,-0.6827653359298929,1.0,0.6827653359298929,0.6827653359298929,0.6827653359298929,0.0,0.3927636444568634,False,0.0,0.0,0.0,0.0,0.43876245617866516,False,30810,413696,9.167714651504477,0.0,0.6082903591353384,-0.07447497679455446,True,True,True,True,False,False,False,True
official_test,facedancer,chinese2-flickr_M_38319821984_1d6e303c3e_o,iphone15,test/attack/facedancer/iphone15/chinese2-flickr_M_38319821984_1d6e303c3e_o.jpg,1.0,1.0,0.0,0.9999990463256836,17.658111572265625,13.889278411865234,True,1.0,0.25,10,0.0039215772412717,0.0,4,0,0.4511808454990387,0.0812002941966056,0.0717024505138397,0.45118078264491474,0.08120029984038082,0.3699804618954658,0.8200271311105762,True,6.292403221130371,1.1324619054794312,5.15994131565094,0.8200271238695357,1.0,0.0,1.0,0.1970996409654617,0.8287028670310974,False,False,True,output/resnet18_localisation_attack_preserve_cls_full_archive_v2/exact_archive/official_test/facedancer/iphone15/chinese2-flickr_M_38319821984_1d6e303c3e_o__048247d38aa1__exact.npz,c3621ec418fbceb579502bd49c84282907fb52e7432897ed2c2d9595c67e9db2,4576953,float32,float32,512,864,resnet_exact_archive_v1,official_test,0.0,0.5,0.5,content_mask,True,True,0.07170245398773006,6.292403642448864,1.1324619357417818,0.6563836898395722,0.13429144385026737,-0.5220922459893048,0.7954070981210856,0.6563836898395722,0.6563836898395722,0.6563836898395722,0.0,0.4265822172164917,False,0.13429144385026737,0.13429144385026737,0.13429144385026737,0.0,0.45624613761901855,False,29920,417280,9.154270925677027,1.872898853270039,0.5846812358518421,0.0625889898625373,False,True,True,False,False,False,False,False
official_test,facedancer,chinese2-flickr_M_38319821984_1d6e303c3e_o,scan,test/attack/facedancer/scan/chinese2-flickr_M_38319821984_1d6e303c3e_o.jpg,1.0,0.9999988079071044,1.1920928955078125e-06,0.9921397566795348,13.688365936279297,4.8380513191223145,True,1.0,0.25,10,0.0039215851575136,0.0,8,0,0.546585202217102,5.062129275756888e-05,0.0759601444005966,0.5465852197170684,5.062129272481784e-05,0.5465346405326272,0.9999073862759205,True,7.195684432983398,0.000666419044137,7.195018013939261,0.9999073862882198,1.0,0.0,1.0,0.0074160983785986,0.987444281578064,False,False,True,output/resnet18_localisation_attack_preserve_cls_full_archive_v2/exact_archive/official_test/facedancer/scan/chinese2-flickr_M_38319821984_1d6e303c3e_o__55c5bbabaa2b__exact.npz,0acbc3c6b3553c98b0d30e80c8e10dd0b5e70d4d3dcda15a1445b9b80058fd5f,4412020,float32,float32,512,864,resnet_exact_archive_v1,official_test,0.0,0.5,0.5,content_mask,True,True,0.07596014768574909,7.19568400496427,0.0006664190929991427,0.7392420920764171,0.0,-0.7392420920764171,1.0,0.7392420920764171,0.7392420920764171,0.7392420920764171,0.0,0.486817330121994,False,0.0,0.0,0.0,0.0,0.41420191526412964,False,31930,420352,9.731972812042157,0.0,0.663281944390668,-0.07596014768574909,True,True,True,True,False,False,False,True
official_test,facedancer,chinese2-flickr_M_6850649398_5d950a2635_k,huawei,test/attack/facedancer/huawei/chinese2-flickr_M_6850649398_5d950a2635_k.jpg,1.0,0.9999998807907104,1.1920928955078125e-07,0.9299215078353882,15.577266693115234,2.58548355102539,True,1.0,0.25,10,0.0039215851575136,0.0,10,0,0.5835832953453064,0.0053787850774824,0.0798175483942031,0.583583317358959,0.005378785143849023,0.5782045102678239,0.9907831752830237,True,7.311466217041016,0.067388504743576,7.24407771229744,0.9907831749825348,1.0,0.0,1.0,0.0719314515590667,0.9079443216323853,False,False,True,output/resnet18_localisation_attack_preserve_cls_full_archive_v2/exact_archive/official_test/facedancer/huawei/chinese2-flickr_M_6850649398_5d950a2635_k__9144d734e0e1__exact.npz,33ba9f8e805f4e6af4129b136e2f8197bc4b1309c1b5d1e763393db7521f9529,4177577,float32,float32,512,864,resnet_exact_archive_v1,official_test,0.0,0.5,0.5,content_mask,True,True,0.07981754597880299,7.311466547893369,0.0673885055959683,0.7725400457665904,0.0,-0.7725400457665904,1.0,0.7725400457665904,0.7725400457665904,0.7725400457665904,0.0,0.5258184671401978,False,0.0,0.0,0.0,0.0,0.27508389949798584,False,32775,410624,9.678824828462561,0.0,0.6927224997877874,-0.07981754597880299,True,True,True,True,False,False,False,True
official_test,facedancer,chinese2-flickr_M_6850649398_5d950a2635_k,scan,test/attack/facedancer/scan/chinese2-flickr_M_6850649398_5d950a2635_k.jpg,1.0,1.0,0.0,0.9998000264167786,21.291893005371094,8.51714038848877,True,1.0,0.25,10,0.0039215851575136,0.0,10,0,0.4477767050266266,0.0163955949246883,0.0678998157382011,0.44777670490466076,0.01639559604091644,0.4313811101019382,0.9633844372399691,True,6.594667434692383,0.2414674460887909,6.353199988603592,0.9633844392488224,1.0,0.0,1.0,0.1683393716812133,0.8077936768531799,False,False,True,output/resnet18_localisation_attack_preserve_cls_full_archive_v2/exact_archive/official_test/facedancer/scan/chinese2-flickr_M_6850649398_5d950a2635_k__694bec8bb2a1__exact.npz,cb6a6b649c5bafa784d947c0b6d571b8e6bf248d17a7e9b472d5aa09a973b156,4867223,float32,float32,512,864,resnet_exact_archive_v1,official_test,0.0,0.5,0.5,content_mask,True,True,0.06789981617647059,6.594667410304852,0.2414674584435477,0.6810490693739425,0.0,-0.6810490693739425,1.0,0.6810490693739425,0.6810490693739425,0.6810490693739425,0.0,0.5008156895637512,False,0.0,0.0,0.0,0.0,0.48652467131614685,False,28368,417792,10.030204906651091,0.0,0.6131492531974719,-0.06789981617647059,False,True,True,False,False,False,False,False
official_test,facedancer,netherland-flickr_F_10239917343_ca73cd29b5_h,huawei,test/attack/facedancer/huawei/netherland-flickr_F_10239917343_ca73cd29b5_h.jpg,1.0,0.9999995231628418,4.76837158203125e-07,0.503665030002594,14.584405899047852,0.0146603658795356,True,1.0,0.25,10,0.0039215772412717,0.0,10,2,0.5637475252151489,0.037852942943573,0.0708314105868339,0.5637475305228096,0.03785294280993649,0.5258945785462856,0.9328547962332849,True,7.959004402160644,0.5344090461730957,7.424595355987549,0.9328547869595324,1.0,0.0,1.0,0.2863911390304565,0.7395371198654175,False,False,True,output/resnet18_localisation_attack_preserve_cls_full_archive_v2/exact_archive/official_test/facedancer/huawei/netherland-flickr_F_10239917343_ca73cd29b5_h__58bac7c29b14__exact.npz,d89b9f89b20023ba0aa3e331d9e28fa7692d7d7cf998c4036fa7d4ba3c865aa4,3723845,float32,float32,512,864,resnet_exact_archive_v1,official_test,0.0,0.5,0.5,content_mask,True,True,0.0708314114391144,7.959004614886128,0.534408986646755,0.7551214217880885,0.0,-0.7551214217880885,1.0,0.7551214217880885,0.7551214217880885,0.7551214217880885,0.0,0.4375372529029846,False,0.0,0.0,0.0,0.0,0.33641448616981506,False,29484,416256,10.660826975573958,0.0,0.6842900103489741,-0.0708314114391144,True,True,True,True,False,False,False,True
official_test,facedancer,netherland-flickr_F_10239917343_ca73cd29b5_h,iphone15,test/attack/facedancer/iphone15/netherland-flickr_F_10239917343_ca73cd29b5_h.jpg,1.0,0.9999998807907104,1.1920928955078125e-07,0.5103791356086731,16.241180419921875,0.0415224209427833,True,1.0,0.25,10,0.0039215851575136,0.0,9,0,0.5645583868026733,0.0056135766208171,0.0697937384247779,0.5645583718228581,0.005613576692403948,0.5589447501115501,0.9900566939176215,True,8.088953971862793,0.0804309546947479,8.008523017168045,0.9900566927473534,1.0,0.0,1.0,0.0294288750737905,0.967011570930481,False,False,True,output/resnet18_localisation_attack_preserve_cls_full_archive_v2/exact_archive/official_test/facedancer/iphone15/netherland-flickr_F_10239917343_ca73cd29b5_h__15cddcf35bb0__exact.npz,2422bb3c3fdc505745ec464b7564f15f124b98c0a5b930605c119ee8bd8e92e6,4050625,float32,float32,512,864,resnet_exact_archive_v1,official_test,0.0,0.5,0.5,content_mask,True,True,0.0697937385250918,8.088954449973928,0.08043094998250869,0.7760917965405035,0.0,-0.7760917965405035,1.0,0.7760917965405035,0.7760917965405035,0.7760917965405035,0.0,0.47042784094810486,False,0.0,0.0,0.0,0.0,0.2098730206489563,False,29195,418304,11.119791158077712,0.0,0.7062980580154117,-0.0697937385250918,True,True,True,True,False,False,False,True
official_test,facedancer,netherland-flickr_F_20301931855_4cd18f8166_k,huawei,test/attack/facedancer/huawei/netherland-flickr_F_20301931855_4cd18f8166_k.jpg,1.0,0.9999998807907104,1.1920928955078125e-07,0.5001938939094543,16.282014846801758,0.0007757171988487,True,1.0,0.25,10,0.0039215772412717,0.0,10,3,0.5635284781455994,0.026674598455429,0.0739615708589553,0.5635285451486258,0.026674596489004217,0.536854000762105,0.9526650482595004,True,7.619208335876465,0.3606548309326172,7.258553504943848,0.9526650519274548,1.0,0.0,1.0,0.1992586553096771,0.795793354511261,False,False,True,output/resnet18_localisation_attack_preserve_cls_full_archive_v2/exact_archive/official_test/facedancer/huawei/netherland-flickr_F_20301931855_4cd18f8166_k__326d8e8622f6__exact.npz,34b70cdc3153ed2a1994ed31f0c26166f97bdda1f30ebca8fd137c22f5e5a27a,3827968,float32,float32,512,864,resnet_exact_archive_v1,official_test,0.0,0.5,0.5,content_mask,True,True,0.07396156832298137,7.619207622636715,0.36065482511835645,0.7585290644272406,0.003017976643485107,-0.7555110877837554,0.9960212775158932,0.7585290644272406,0.7585290644272406,0.7585290644272406,0.0,0.5011080503463745,False,0.003017976643485107,0.003017976643485107,0.003017976643485107,0.0,0.2331387996673584,False,30484,412160,10.255719039310177,0.04080465993238491,0.6845674961042592,-0.07094359167949627,True,True,True,True,False,False,False,True
official_test,facedancer,netherland-flickr_F_20301931855_4cd18f8166_k,iphone15,test/attack/facedancer/iphone15/netherland-flickr_F_20301931855_4cd18f8166_k.jpg,1.0,1.0,0.0,0.863862156867981,16.829456329345703,1.847745418548584,True,1.0,0.25,10,0.0039215851575136,0.0,10,0,0.4960037767887115,0.0,0.0641077533364296,0.49600380023414026,0.0,0.4960038065910339,1.0,True,7.737032890319824,0.0,7.737032890319824,1.0,1.0,0.0,1.0,0.007540681399405,0.995967984199524,False,False,True,output/resnet18_localisation_attack_preserve_cls_full_archive_v2/exact_archive/official_test/facedancer/iphone15/netherland-flickr_F_20301931855_4cd18f8166_k__5e0dca6e3ac6__exact.npz,9884ca106b020dfc0a23346d2ab035b1d851c1676e64c805c4564673db5614e8,4135644,float32,float32,512,864,resnet_exact_archive_v1,official_test,0.0,0.5,0.5,content_mask,True,True,0.06410775533536585,7.737032713739604,0.0,0.6876462938881664,0.0,-0.6876462938881664,1.0,0.6876462938881664,0.6876462938881664,0.6876462938881664,0.0,0.5375086069107056,False,0.0,0.0,0.0,0.0,0.248810812830925,False,26915,419840,10.726413525023512,0.0,0.6235385385528006,-0.06410775533536585,False,True,True,False,False,False,False,False
official_test,facedancer,netherland-flickr_F_20301931855_4cd18f8166_k,scan,test/attack/facedancer/scan/netherland-flickr_F_20301931855_4cd18f8166_k.jpg,1.0,0.9999998807907104,1.1920928955078125e-07,0.7781161665916443,15.66420078277588,1.2547216415405271,True,1.0,0.25,10,0.0039215851575136,0.0,10,0,0.550961971282959,0.0,0.0720029771327972,0.5509619539970466,0.0,0.550961971282959,1.0,True,7.651932716369629,0.0,7.651932716369629,1.0,1.0,0.0,1.0,0.0096219517290592,0.9910707473754884,False,False,True,output/resnet18_localisation_attack_preserve_cls_full_archive_v2/exact_archive/official_test/facedancer/scan/netherland-flickr_F_20301931855_4cd18f8166_k__5b92e4b5a940__exact.npz,8691fce4bc028f306756cdc02859c1490297b176f0c5ca45324210aeb25af226,4190955,float32,float32,512,864,resnet_exact_archive_v1,official_test,0.0,0.5,0.5,content_mask,True,True,0.07200297982885086,7.651932674268042,0.0,0.7378962727152142,0.0,-0.7378962727152142,1.0,0.7378962727152142,0.7378962727152142,0.7378962727152142,0.0,0.46944108605384827,False,0.0,0.0,0.0,0.0,0.2472495287656784,False,30156,418816,10.248135208697942,0.0,0.6658932928863633,-0.07200297982885086,True,True,True,True,False,False,False,True
official_test,facedancer,netherland-flickr_F_26297818201_09eab93588_k,huawei,test/attack/facedancer/huawei/netherland-flickr_F_26297818201_09eab93588_k.jpg,1.0,1.0,0.0,0.9999974966049194,19.523685455322266,12.887998580932615,True,1.0,0.25,10,0.0039215851575136,0.0,8,0,0.6122158765792847,0.0482720695436,0.0791508108377456,0.6122158901931162,0.04827207123657756,0.5639438033103943,0.9211518812075415,True,7.73480224609375,0.6098746657371521,7.124927580356598,0.9211518735278392,1.0,0.0,1.0,0.0600528717041015,0.937679886817932,False,False,True,output/resnet18_localisation_attack_preserve_cls_full_archive_v2/exact_archive/official_test/facedancer/huawei/netherland-flickr_F_26297818201_09eab93588_k__945a3f0cef24__exact.npz,5dd9a1a08ee01a87bd998b25cab607e7eade1c3d9a00fef7aa2e2f5ea2a8e50c,3986609,float32,float32,512,864,resnet_exact_archive_v1,official_test,0.0,0.5,0.5,content_mask,True,True,0.07915081103936039,7.734802488488353,0.6098746254485334,0.8044738519440313,0.05848787446504993,-0.7459859774789814,0.927296736464818,0.8044738519440313,0.8044738519440313,0.8044738519440313,0.0,0.4890753924846649,False,0.05848787446504993,0.05848787446504993,0.05848787446504993,0.0,0.393302857875824,False,32947,416256,10.163810596255036,0.7389422003012057,0.7253230409046709,-0.02066293657431046,True,True,True,True,False,False,False,True
official_test,facedancer,netherland-flickr_F_28051545714_ab479f15eb_k,iphone15,test/attack/facedancer/iphone15/netherland-flickr_F_28051545714_ab479f15eb_k.jpg,1.0,0.9999998807907104,1.1920928955078125e-07,0.9980642199516296,15.999349594116213,6.245312213897705,True,1.0,0.25,10,0.0039215851575136,0.0,10,0,0.5920670032501221,0.0,0.0727436989545822,0.5920669770719732,0.0,0.5920668840408325,1.0,True,8.139081954956055,0.0,8.139081954956055,1.0,1.0,0.0,1.0,0.0096338354051113,0.9896191358566284,False,False,True,output/resnet18_localisation_attack_preserve_cls_full_archive_v2/exact_archive/official_test/facedancer/iphone15/netherland-flickr_F_28051545714_ab479f15eb_k__9c8173f64d7b__exact.npz,ea2006c67d883ef8cf856624336da11b60e3d4fb6143e62fd177486583c20195,4395582,float32,float32,512,864,resnet_exact_archive_v1,official_test,0.0,0.5,0.5,content_mask,True,True,0.07274369618696187,8.139082946105392,0.0,0.7942866578599735,0.0,-0.7942866578599735,1.0,0.7942866578599735,0.7942866578599735,0.7942866578599735,0.0,0.5462819337844849,False,0.0,0.0,0.0,0.0,0.4286930561065674,False,30280,416256,10.918975794391054,0.0,0.7215429616730117,-0.07274369618696187,True,True,True,True,False,False,False,True
official_test,facedancer,netherland-flickr_F_28630210242_e3780d0ee9_b,huawei,test/attack/facedancer/huawei/netherland-flickr_F_28630210242_e3780d0ee9_b.jpg,1.0,1.0,0.0,0.9835429191589355,18.951622009277344,4.090404987335205,True,1.0,0.25,10,0.0039215851575136,0.0,10,0,0.607861340045929,0.0,0.0763447806239128,0.6078613052717073,0.0,0.6078612804412842,1.0,True,7.9620537757873535,0.0,7.9620537757873535,1.0,1.0,0.0,1.0,0.018666885793209,0.9861271381378174,False,False,True,output/resnet18_localisation_attack_preserve_cls_full_archive_v2/exact_archive/official_test/facedancer/huawei/netherland-flickr_F_28630210242_e3780d0ee9_b__06195dd83663__exact.npz,cfdcb4f5e19f134af3b2707c26c283c9db4e0aac6e0240c5a2bef0b59918e44c,3840699,float32,float32,512,864,resnet_exact_archive_v1,official_test,0.0,0.5,0.5,content_mask,True,True,0.07634478257481296,7.962054311649162,0.0,0.7915085010686146,0.0,-0.7915085010686146,1.0,0.7915085010686146,0.7915085010686146,0.7915085010686146,0.0,0.5004981756210327,False,0.0,0.0,0.0,0.0,0.3643220365047455,False,31349,410624,10.367551971125039,0.0,0.7151637184938017,-0.07634478257481296,True,True,True,True,False,False,False,True
official_test,facedancer,netherland-flickr_F_28630210242_e3780d0ee9_b,iphone15,test/attack/facedancer/iphone15/netherland-flickr_F_28630210242_e3780d0ee9_b.jpg,1.0,0.9999995231628418,4.76837158203125e-07,0.9762234687805176,14.685681343078612,3.714989423751831,True,1.0,0.25,10,0.0039215851575136,0.0,10,0,0.6166757941246033,0.0,0.0779616385698318,0.6166757849882109,0.0,0.6166757941246033,1.0,True,7.909990310668945,0.0,7.909990310668945,1.0,1.0,0.0,1.0,0.0271689631044864,0.9787631630897522,False,False,True,output/resnet18_localisation_attack_preserve_cls_full_archive_v2/exact_archive/official_test/facedancer/iphone15/netherland-flickr_F_28630210242_e3780d0ee9_b__cf2621269955__exact.npz,2e1865fbecfcff80f7eaa73681423c7cd6c7613869dec8a07674c10686212f97,4169830,float32,float32,512,864,resnet_exact_archive_v1,official_test,0.0,0.5,0.5,content_mask,True,True,0.07796163899138991,7.9099900023435445,0.0,0.8155737704918032,0.0,-0.8155737704918032,1.0,0.8155737704918032,0.8155737704918032,0.8155737704918032,0.0,0.46618780493736267,False,0.0,0.0,0.0,0.0,0.3425159752368927,False,32452,416256,10.461218889739802,0.0,0.7376121315004134,-0.07796163899138991,True,True,True,True,False,False,False,True
official_test,facedancer,netherland-flickr_F_31998547103_f617b19dfc_h,scan,test/attack/facedancer/scan/netherland-flickr_F_31998547103_f617b19dfc_h.jpg,1.0,0.999992847442627,7.152557373046875e-06,0.7825317978858948,11.84184455871582,1.280482053756714,True,1.0,0.25,10,0.0039215851575136,0.0,8,0,0.5763095617294312,0.0463072694838047,0.0730911269783973,0.5763096193415208,0.04630727176590129,0.5300023481249809,0.9196486225254906,True,7.884809970855713,0.6335553526878357,7.251254618167877,0.919648621205886,1.0,0.0,1.0,0.0169600211083889,0.9783143997192384,False,False,True,output/resnet18_localisation_attack_preserve_cls_full_archive_v2/exact_archive/official_test/facedancer/scan/netherland-flickr_F_31998547103_f617b19dfc_h__5e7ac49cc053__exact.npz,12f142c0889e3265a5c5ec09b76bdecd40740ab22cd03863fe29ce234b189a42,3956877,float32,float32,512,864,resnet_exact_archive_v1,official_test,0.0,0.5,0.5,content_mask,True,True,0.07309112362971985,7.884809956693365,0.6335553411450378,0.7720674391355292,0.058748860825413356,-0.7133185783101159,0.9239070865477848,0.7720674391355292,0.7720674391355292,0.7720674391355292,0.0,0.47189077734947205,False,0.058748860825413356,0.058748860825413356,0.058748860825413356,0.0,0.38390886783599854,False,30724,420352,10.563080724368506,0.8037755873481368,0.6989763155058094,-0.014342262804306498,True,True,True,True,False,False,False,True
official_test,facedancer,netherland-flickr_F_31998771523_784e7e9597_h,huawei,test/attack/facedancer/huawei/netherland-flickr_F_31998771523_784e7e9597_h.jpg,1.0,1.0,0.0,0.9964333772659302,18.923206329345703,5.632566452026367,True,1.0,0.25,10,0.0039215851575136,0.0,9,0,0.5503323674201965,0.0022558157797902,0.0709749087691307,0.5503323454661218,0.0022558154695847253,0.5480764922685921,0.9959009942116448,True,7.753899574279785,0.0317832827568054,7.72211629152298,0.9959009937577432,1.0,0.0,1.0,0.0262339860200881,0.9633256196975708,False,False,True,output/resnet18_localisation_attack_preserve_cls_full_archive_v2/exact_archive/official_test/facedancer/huawei/netherland-flickr_F_31998771523_784e7e9597_h__af242c4a88ca__exact.npz,0cdaad7e99c24ea22936d78acd0b677dbbe59a98f3194799ac5fdd7ccfd3100d,4088979,float32,float32,512,864,resnet_exact_archive_v1,official_test,0.0,0.5,0.5,content_mask,True,True,0.07097490648379053,7.7539002547584674,0.0317832820265838,0.768734559429042,0.0,-0.768734559429042,1.0,0.768734559429042,0.768734559429042,0.768734559429042,0.0,0.5036581158638,False,0.0,0.0,0.0,0.0,0.38719642162323,False,29144,410624,10.831075340755934,0.0,0.6977596529452514,-0.07097490648379053,True,True,True,True,False,False,False,True
official_test,facedancer,netherland-flickr_F_31998771523_784e7e9597_h,scan,test/attack/facedancer/scan/netherland-flickr_F_31998771523_784e7e9597_h.jpg,1.0,0.9999998807907104,1.1920928955078125e-07,0.864285945892334,16.200946807861328,1.851353645324707,True,1.0,0.25,10,0.0039215851575136,0.0,10,0,0.5708287954330444,0.0,0.0729095116257667,0.5708288430301379,0.0,0.5708287954330444,1.0,True,7.829277515411377,0.0,7.829277515411377,1.0,1.0,0.0,1.0,0.0214257016777992,0.986910343170166,False,False,True,output/resnet18_localisation_attack_preserve_cls_full_archive_v2/exact_archive/official_test/facedancer/scan/netherland-flickr_F_31998771523_784e7e9597_h__92b39db9d617__exact.npz,7a3a795dcf9743a75cfe8322270f25e2c73c1bfc388109f4c0f842fdcc28e284,4112651,float32,float32,512,864,resnet_exact_archive_v1,official_test,0.0,0.5,0.5,content_mask,True,True,0.07290951236263736,7.829278026040679,0.0,0.7922022699767769,0.0,-0.7922022699767769,1.0,0.7922022699767769,0.7922022699767769,0.7922022699767769,0.0,0.5186599493026733,False,0.0,0.0,0.0,0.0,0.30379971861839294,False,30573,419328,10.865554360541063,0.0,0.7192927576141396,-0.07290951236263736,True,True,True,True,False,False,False,True
official_test,facedancer,netherland-flickr_F_32868411313_4bb20e41db_c,scan,test/attack/facedancer/scan/netherland-flickr_F_32868411313_4bb20e41db_c.jpg,1.0,1.0,0.0,0.998635709285736,20.11626625061035,6.595724105834961,True,1.0,0.25,10,0.0039215851575136,0.0,10,0,0.6048761606216431,0.2566944360733032,0.0786340981721878,0.6048761906941745,0.25669444298529226,0.3481817245483398,0.5756248188729303,True,7.692288398742676,3.264416456222534,4.427871942520142,0.5756247962886946,1.0,0.0,1.0,0.6847370266914368,0.4165320694446563,False,False,True,output/resnet18_localisation_attack_preserve_cls_full_archive_v2/exact_archive/official_test/facedancer/scan/netherland-flickr_F_32868411313_4bb20e41db_c__548c3cdcf0ed__exact.npz,c5787eac8c714757350ae84c515e1ac7a0660320440dae34afc3f8db91421b5c,3682930,float32,float32,512,864,resnet_exact_archive_v1,official_test,0.0,0.5,0.5,content_mask,True,True,0.07863409713763703,7.692288876102065,3.264416485077557,0.7875294971864222,0.17268711804925274,-0.6148423791371694,0.7807229841343014,0.7875294971864222,0.7875294971864222,0.7875294971864222,0.0,0.5567378997802734,False,0.17268711804925274,0.17268711804925274,0.17268711804925274,0.0,0.41673609614372253,False,33054,420352,10.01511463669471,2.1960844510872963,0.7088954000487852,0.09405302091161571,True,True,True,True,False,False,False,True
official_test,facedancer,netherland-flickr_F_36412358965_0ec43e5de3_c,huawei,test/attack/facedancer/huawei/netherland-flickr_F_36412358965_0ec43e5de3_c.jpg,1.0,1.0,0.0,0.50212562084198,20.436084747314453,0.0085025504231452,True,1.0,0.25,10,0.0039215772412717,0.0,10,2,0.5782780051231384,0.0026423807721585,0.075695089995861,0.578277974183806,0.0026423810535962334,0.5756355645135045,0.995430604014746,True,7.639570236206055,0.0349082238972187,7.604662012308836,0.995430603709646,1.0,0.0,1.0,0.0428583398461341,0.918954372406006,False,False,True,output/resnet18_localisation_attack_preserve_cls_full_archive_v2/exact_archive/official_test/facedancer/huawei/netherland-flickr_F_36412358965_0ec43e5de3_c__3e74afbe95a0__exact.npz,b315d20dd4a5d992b93f60e311a07588eb4b6a172f072b4ad1df445a2f3529e9,3861910,float32,float32,512,864,resnet_exact_archive_v1,official_test,0.0,0.5,0.5,content_mask,True,True,0.07569508983890955,7.6395704848817525,0.03490822270268276,0.8072963294538944,0.0,-0.8072963294538944,1.0,0.8072963294538944,0.8072963294538944,0.8072963294538944,0.0,0.5965772867202759,False,0.0,0.0,0.0,0.0,0.15972642600536346,False,31276,413184,10.665108280760899,0.0,0.7316012396149849,-0.07569508983890955,True,True,True,True,False,False,False,True
official_test,facedancer,netherland-flickr_F_37019045642_0a3fa19256_k,iphone15,test/attack/facedancer/iphone15/netherland-flickr_F_37019045642_0a3fa19256_k.jpg,1.0,1.0,0.0,0.999546229839325,24.812162399291992,7.697409629821777,True,1.0,0.25,10,0.0039215851575136,0.0,10,0,0.5868092775344849,0.0241807550191879,0.0767226964235305,0.586809275639514,0.024180754568774183,0.5626285225152969,0.9587928214965218,True,7.648444652557373,0.3151708245277405,7.333273828029633,0.9587928214369232,1.0,0.0,1.0,0.0738602578639984,0.9138442873954772,False,False,True,output/resnet18_localisation_attack_preserve_cls_full_archive_v2/exact_archive/official_test/facedancer/iphone15/netherland-flickr_F_37019045642_0a3fa19256_k__6e02c952b18e__exact.npz,6e2e17f515a3072213e478a34adddc6599dfdb0cc84ff9de72a0080bb674064e,4535141,float32,float32,512,864,resnet_exact_archive_v1,official_test,0.0,0.5,0.5,content_mask,True,True,0.07672269473522167,7.6484445399716,0.31517081943256275,0.791735899927893,0.0,-0.791735899927893,1.0,0.791735899927893,0.791735899927893,0.791735899927893,0.0,0.5766395926475525,False,0.0,0.0,0.0,0.0,0.3687407076358795,False,31897,415744,10.319448536841143,0.0,0.7150132051926713,-0.07672269473522167,True,True,True,True,False,False,False,True
official_test,facedancer,netherland-flickr_F_37019045642_0a3fa19256_k,scan,test/attack/facedancer/scan/netherland-flickr_F_37019045642_0a3fa19256_k.jpg,1.0,0.9999997615814208,2.384185791015625e-07,0.7913546562194824,15.258420944213867,1.3331105709075928,True,1.0,0.25,10,0.0039215851575136,0.0,10,0,0.5693672299385071,0.0074079032056033,0.073302999138832,0.5693672643295451,0.007407903233989408,0.5619593262672424,0.9869892357743598,True,7.767311573028564,0.1010586693882942,7.66625290364027,0.9869892345069284,1.0,0.0,1.0,0.0697175860404968,0.9274553060531616,False,False,True,output/resnet18_localisation_attack_preserve_cls_full_archive_v2/exact_archive/official_test/facedancer/scan/netherland-flickr_F_37019045642_0a3fa19256_k__7f74280d3bdb__exact.npz,fd20fc20909221fa7a10b2a6a16ee7676809ef44f0035996ea76b930f6f2bca2,4129210,float32,float32,512,864,resnet_exact_archive_v1,official_test,0.0,0.5,0.5,content_mask,True,True,0.07330299908424909,7.767311998724038,0.1010586650823837,0.7645910599258248,0.0,-0.7645910599258248,1.0,0.7645910599258248,0.7645910599258248,0.7645910599258248,0.0,0.4841732382774353,False,0.0,0.0,0.0,0.0,0.282431423664093,False,30738,419328,10.430556313897334,0.0,0.6912880608415757,-0.07330299908424909,True,True,True,True,False,False,False,True
official_test,facedancer,netherland-flickr_F_37048326531_f8270ca4df_k,huawei,test/attack/facedancer/huawei/netherland-flickr_F_37048326531_f8270ca4df_k.jpg,1.0,0.9999353885650636,6.461143493652344e-05,0.5000288486480713,9.647238731384276,0.0001154989004135,True,1.0,0.25,10,0.0039215851575136,0.0,10,5,0.593868613243103,0.1289351433515548,0.0795819759368896,0.5938686321169812,0.1289351314132058,0.4649336040019989,0.7828894734621916,True,7.4623517990112305,1.620154857635498,5.842196941375732,0.7828895097320163,1.0,0.0,1.0,0.5154399871826172,0.5926476120948792,False,False,True,output/resnet18_localisation_attack_preserve_cls_full_archive_v2/exact_archive/official_test/facedancer/huawei/netherland-flickr_F_37048326531_f8270ca4df_k__3586e973d5d0__exact.npz,1bf0c856235b6360e60b6fdd0f92a0fcd4d337b157b89e9ecd2fe697356a0e3f,3572673,float32,float32,512,864,resnet_exact_archive_v1,official_test,0.0,0.5,0.5,content_mask,True,True,0.07958197800495663,7.4623507357406105,1.6201548974464457,0.749224499726294,0.1370354601301624,-0.6121890395961316,0.8170969313200195,0.749224499726294,0.749224499726294,0.749224499726294,0.0,0.416795015335083,False,0.1370354601301624,0.1370354601301624,0.1370354601301624,0.0,0.1794055551290512,False,32882,413184,9.414499595368563,1.721940866079345,0.6696425217213374,0.057453482125205776,True,True,True,True,False,False,False,True
official_test,facedancer,netherland-flickr_M_15788104622_be592061dc_k,scan,test/attack/facedancer/scan/netherland-flickr_M_15788104622_be592061dc_k.jpg,0.99951171875,0.9993234872817992,0.0001882314682006,0.8955938220024109,7.297909736633301,2.149197578430176,True,1.0,0.25,10,0.0039215851575136,0.0,10,0,0.6167483925819397,0.0,0.0783245861530304,0.6167484043728639,0.0,0.6167483329772949,1.0,True,7.874261856079102,0.0,7.874261856079102,1.0,1.0,0.0,1.0,0.0219070557504892,0.9806749820709229,False,False,True,output/resnet18_localisation_attack_preserve_cls_full_archive_v2/exact_archive/official_test/facedancer/scan/netherland-flickr_M_15788104622_be592061dc_k__4ba328e67370__exact.npz,66ff116f0472181bfbfd5f73de98a95cbfe9917aa1224d20af04507f98698d8f,4223030,float32,float32,512,864,resnet_exact_archive_v1,official_test,0.0,0.5,0.5,content_mask,True,True,0.0783245894160584,7.874262846073929,0.0,0.8033309064433928,0.0,-0.8033309064433928,1.0,0.8033309064433928,0.8033309064433928,0.8033309064433928,0.0,0.40203890204429626,False,0.0,0.0,0.0,0.0,0.2893027067184448,False,32964,420864,10.256433036324234,0.0,0.7250063170273344,-0.0783245894160584,True,True,True,True,False,False,False,True
official_test,facedancer,netherland-flickr_M_17339867026_3135c7e76f_k,huawei,test/attack/facedancer/huawei/netherland-flickr_M_17339867026_3135c7e76f_k.jpg,1.0,1.0,0.0,0.9733358025550842,17.214570999145508,3.597407341003418,True,1.0,0.25,10,0.0039215851575136,0.0,7,0,0.522266685962677,0.0067267743870615,0.0643431544303894,0.522266682640407,0.0067267743569003405,0.5155399115756154,0.9871200392816711,True,8.11689567565918,0.1045452952384948,8.012350380420685,0.987120039555023,1.0,0.0,1.0,0.0381774306297302,0.9396615624427797,False,False,True,output/resnet18_localisation_attack_preserve_cls_full_archive_v2/exact_archive/official_test/facedancer/huawei/netherland-flickr_M_17339867026_3135c7e76f_k__ce2009dc700f__exact.npz,70f9fe48a4ce74261ac8fee62c931c86016ea5092fb6b1e7d00c35545e4467f4,3794620,float32,float32,512,864,resnet_exact_archive_v1,official_test,0.0,0.5,0.5,content_mask,True,True,0.06434315712974296,8.116895501215412,0.10454529521043433,0.7545978079138027,0.0,-0.7545978079138027,1.0,0.7545978079138027,0.7545978079138027,0.7545978079138027,0.0,0.5544590353965759,False,0.0,0.0,0.0,0.0,0.31825459003448486,False,26915,418304,11.727708766174079,0.0,0.6902546507840598,-0.06434315712974296,True,True,True,True,False,False,False,True
official_test,facedancer,netherland-flickr_M_17339867026_3135c7e76f_k,iphone15,test/attack/facedancer/iphone15/netherland-flickr_M_17339867026_3135c7e76f_k.jpg,1.0,0.9999995231628418,4.76837158203125e-07,0.9979307651519777,14.675045013427734,6.178508281707764,True,1.0,0.25,10,0.0039215851575136,0.0,6,0,0.507191002368927,0.0403037257492542,0.0653298944234848,0.5071910571395422,0.04030372137223062,0.4668872803449631,0.9205354258422148,True,7.76353645324707,0.6169261932373047,7.146610260009766,0.9205354161788888,1.0,0.0,1.0,0.2309751212596893,0.769863486289978,False,False,True,output/resnet18_localisation_attack_preserve_cls_full_archive_v2/exact_archive/official_test/facedancer/iphone15/netherland-flickr_M_17339867026_3135c7e76f_k__a470f34b30a7__exact.npz,868e82b9e51b384340affe4c5df782e0c1bcd021ebf5ed1ccdb9853df7cd4bd7,4282211,float32,float32,512,864,resnet_exact_archive_v1,official_test,0.0,0.5,0.5,content_mask,True,True,0.06532989279197081,7.7635372639380344,0.6169261826369328,0.71936715766503,0.0,-0.71936715766503,1.0,0.71936715766503,0.71936715766503,0.71936715766503,0.0,0.4858885705471039,False,0.0,0.0,0.0,0.0,0.2693861424922943,False,27495,420864,11.01130167097782,0.0,0.6540372648730592,-0.06532989279197081,True,True,True,True,False,False,False,True
official_test,facedancer,netherland-flickr_M_18042193331_841d026f9a_c,huawei,test/attack/facedancer/huawei/netherland-flickr_M_18042193331_841d026f9a_c.jpg,1.0,0.99998939037323,1.0609626770019531e-05,0.9777784943580629,11.458337783813477,3.7842226028442383,True,1.0,0.25,10,0.0039215851575136,0.0,5,0,0.5463048815727234,0.0272891838103532,0.0696997568011283,0.5463048270739876,0.027289184878836865,0.519015634432435,0.9500476958532511,True,7.837973594665527,0.3915248811244964,7.446448713541031,0.9500476907206008,1.0,0.0,1.0,0.2007112056016922,0.8259665369987488,False,False,True,output/resnet18_localisation_attack_preserve_cls_full_archive_v2/exact_archive/official_test/facedancer/huawei/netherland-flickr_M_18042193331_841d026f9a_c__bc2de095011b__exact.npz,bc05e5f734d274666c1e9dcbaf1c21b149102df98d1075e683eece5e2027afd9,3812807,float32,float32,512,864,resnet_exact_archive_v1,official_test,0.0,0.5,0.5,content_mask,True,True,0.06969975490196079,7.837973431074706,0.39152483272318034,0.7704326923076923,0.0,-0.7704326923076923,1.0,0.7704326923076923,0.7704326923076923,0.7704326923076923,0.0,0.45401450991630554,False,0.0,0.0,0.0,0.0,0.22799959778785706,False,29120,417792,11.053592561284868,0.0,0.7007329374057315,-0.06969975490196079,True,True,True,True,False,False,False,True
official_test,facedancer,netherland-flickr_M_18042193331_841d026f9a_c,iphone15,test/attack/facedancer/iphone15/netherland-flickr_M_18042193331_841d026f9a_c.jpg,1.0,0.9999945163726808,5.4836273193359375e-06,0.9992874264717102,12.124031066894531,7.245954513549805,True,1.0,0.25,10,0.0039215851575136,0.0,6,0,0.5912474393844604,0.0123342210426926,0.0746511742472648,0.5912473961055267,0.012334221056957301,0.578913158737123,0.9791386462956095,True,7.920135021209717,0.1652247309684753,7.7549102902412415,0.979138647191492,1.0,0.0,1.0,0.0513624362647533,0.9310017228126526,False,False,True,output/resnet18_localisation_attack_preserve_cls_full_archive_v2/exact_archive/official_test/facedancer/iphone15/netherland-flickr_M_18042193331_841d026f9a_c__02af05c51336__exact.npz,ad519f8b188c6be284f41b06f84e1b5c372fbe6ba547916eba0d15c1133bb12a,4390293,float32,float32,512,864,resnet_exact_archive_v1,official_test,0.0,0.5,0.5,content_mask,True,True,0.074651176199262,7.92013503614926,0.16522473837564583,0.7929136899015254,0.0,-0.7929136899015254,1.0,0.7929136899015254,0.7929136899015254,0.7929136899015254,0.0,0.45809540152549744,False,0.0,0.0,0.0,0.0,0.32873472571372986,False,31074,416256,10.621583346323272,0.0,0.7182625137022635,-0.074651176199262,True,True,True,True,False,False,False,True
official_test,facedancer,netherland-flickr_M_19475853574_c947539b18_c,iphone15,test/attack/facedancer/iphone15/netherland-flickr_M_19475853574_c947539b18_c.jpg,1.0,1.0,0.0,0.5002800822257996,17.52969741821289,0.0011202134191989,True,1.0,0.25,10,0.0039215851575136,0.0,10,3,0.5414550304412842,1.6481897546327673e-05,0.0704654976725578,0.5414550506446095,1.648189697316652e-05,0.5414385485473758,0.9999695599903381,True,7.683973789215088,0.0002339001948712,7.683739889020217,0.9999695599957408,1.0,0.0,1.0,0.0088160717859864,0.9820889234542848,False,False,True,output/resnet18_localisation_attack_preserve_cls_full_archive_v2/exact_archive/official_test/facedancer/iphone15/netherland-flickr_M_19475853574_c947539b18_c__02b0c6d6cce7__exact.npz,ce80f1468a0358d5cdf65f4b0702607e74df283b84ec75a8ff112c91eacfffe2,4076000,float32,float32,512,864,resnet_exact_archive_v1,official_test,0.0,0.5,0.5,content_mask,True,True,0.07046549877600979,7.683973860253859,0.00023390023854876673,0.7433844483647714,0.0,-0.7433844483647714,1.0,0.7433844483647714,0.7433844483647714,0.7433844483647714,0.0,0.5064183473587036,False,0.0,0.0,0.0,0.0,0.2036280483007431,False,29476,418304,10.549623025131542,0.0,0.6729189495887615,-0.07046549877600979,True,True,True,True,False,False,False,True
official_test,facedancer,netherland-flickr_M_19475853574_c947539b18_c,scan,test/attack/facedancer/scan/netherland-flickr_M_19475853574_c947539b18_c.jpg,1.0,1.0,0.0,0.9454235434532166,18.552583694458008,2.8520302772521973,True,1.0,0.25,10,0.0039215851575136,0.0,10,0,0.5688230395317078,0.0471236892044544,0.073085606098175,0.5688229894346027,0.04712368404542665,0.5216992944478989,0.9171558025594807,True,7.782968997955322,0.6447738409042358,7.138195157051086,0.9171557999172776,1.0,0.0,1.0,0.219170793890953,0.7768305540084839,False,False,True,output/resnet18_localisation_attack_preserve_cls_full_archive_v2/exact_archive/official_test/facedancer/scan/netherland-flickr_M_19475853574_c947539b18_c__2ba7520a0e6f__exact.npz,124a66a7d22235d01790e6791af6fbe35ebcb1d99416e69ba755837cef7704db,4107744,float32,float32,512,864,resnet_exact_archive_v1,official_test,0.0,0.5,0.5,content_mask,True,True,0.07308560281517748,7.782969114629466,0.6447738300058271,0.7838872170613633,0.0,-0.7838872170613633,1.0,0.7838872170613633,0.7838872170613633,0.7838872170613633,0.0,0.5388821959495544,False,0.0,0.0,0.0,0.0,0.33495810627937317,True,30572,418304,10.725603769646622,0.0,0.7108016142461858,-0.07308560281517748,True,True,True,True,False,False,False,True
official_test,facedancer,netherland-flickr_M_21260956694_6fd7ae0222_k,scan,test/attack/facedancer/scan/netherland-flickr_M_21260956694_6fd7ae0222_k.jpg,1.0,0.9999994039535522,5.960464477539062e-07,0.9726139903068542,14.3803129196167,3.56995701789856,True,1.0,0.25,10,0.0039215851575136,0.0,8,0,0.5819486975669861,0.0035656839609146,0.0715047568082809,0.5819487745928257,0.0035656843189782106,0.578383072745055,0.9938728553531657,True,8.138601303100586,0.0498663932085037,8.088734909892082,0.9938728546403292,1.0,0.0,1.0,0.0404252484440803,0.953353464603424,False,False,True,output/resnet18_localisation_attack_preserve_cls_full_archive_v2/exact_archive/official_test/facedancer/scan/netherland-flickr_M_21260956694_6fd7ae0222_k__6089d2f57788__exact.npz,6eceb6c8503c40f9c6656a9b9855ee397052e0c33853e9ae2e5116475d894c22,4163328,float32,float32,512,864,resnet_exact_archive_v1,official_test,0.0,0.5,0.5,content_mask,True,True,0.07150475955703883,8.138601936401301,0.04986639128733647,0.7861902078430073,0.0,-0.7861902078430073,1.0,0.7861902078430073,0.7861902078430073,0.7861902078430073,0.0,0.4769030809402466,False,0.0,0.0,0.0,0.0,0.31046417355537415,False,30167,421888,10.99493534015549,0.0,0.7146854482859685,-0.07150475955703883,True,True,True,True,False,False,False,True
official_test,facedancer,netherland-flickr_M_23559454676_4919252d67_c,scan,test/attack/facedancer/scan/netherland-flickr_M_23559454676_4919252d67_c.jpg,0.99755859375,0.9977402687072754,0.0001816749572753,0.5015003085136414,6.090250015258789,0.0060012303292751,True,1.0,0.25,10,0.0039215851575136,0.0,10,4,0.6580590009689331,0.1798841804265976,0.0832769647240638,0.6580589972573012,0.17988418986870028,0.4781748652458191,0.7266442817157236,True,7.902053833007812,2.160071611404419,5.7419822216033936,0.7266442804550958,1.0,0.0,1.0,0.4771666526794433,0.5855486989021301,False,False,True,output/resnet18_localisation_attack_preserve_cls_full_archive_v2/exact_archive/official_test/facedancer/scan/netherland-flickr_M_23559454676_4919252d67_c__739785c25598__exact.npz,f577c4c5162705c43a7dcb8cd2639ae8a1e70ae253274fc832c6730f118d87df,3808310,float32,float32,512,864,resnet_exact_archive_v1,official_test,0.0,0.5,0.5,content_mask,True,True,0.08327696265243903,7.902053296585113,2.160071454808658,0.8051368589651918,0.20473071532763207,-0.6004061436375597,0.7457193605683836,0.8051368589651918,0.8051368589651918,0.8051368589651918,0.0,0.3187217116355896,False,0.20473071532763207,0.20473071532763207,0.20473071532763207,0.0,0.20219765603542328,False,34963,419840,9.668182331834972,2.458431585480452,0.7218598963127528,0.12145375267519304,True,True,True,True,False,False,False,True
official_test,facedancer,netherland-flickr_M_2409019110_4f42632225_o,iphone15,test/attack/facedancer/iphone15/netherland-flickr_M_2409019110_4f42632225_o.jpg,0.9892578125,0.9891458749771118,0.0001119375228881,0.8482524752616882,4.512301445007324,1.7209603786468506,True,1.0,0.25,10,0.0039215772412717,0.0,10,0,0.5746899247169495,0.0,0.0738181099295616,0.5746899630538641,0.0,0.5746899843215942,1.0,True,7.785216808319092,0.0,7.785216808319092,1.0,0.0,0.0,0.0,0.0498228259384632,0.9660050868988036,False,False,True,output/resnet18_localisation_attack_preserve_cls_full_archive_v2/exact_archive/official_test/facedancer/iphone15/netherland-flickr_M_2409019110_4f42632225_o__44b2f9faebb3__exact.npz,33343906bb9e1360b437539d25d22e97728657e3c7f5ad830f211e1f4ca913e3,4094157,float32,float32,512,864,resnet_exact_archive_v1,official_test,0.0,0.5,0.5,content_mask,True,True,0.07381810897435898,7.7852165415600805,0.0,0.6930929766750662,0.0,-0.6930929766750662,1.0,0.6930929766750662,0.6930929766750662,0.6930929766750662,0.0,0.4999902546405792,False,0.0,0.0,0.0,0.0,0.2867165803909302,False,30954,419328,9.389199835988956,0.0,0.6192748677007072,-0.07381810897435898,True,True,True,True,False,False,False,True
official_test,facedancer,netherland-flickr_M_2409019110_4f42632225_o,scan,test/attack/facedancer/scan/netherland-flickr_M_2409019110_4f42632225_o.jpg,0.9677734375,0.9677294492721558,4.398822784423828e-05,0.5003682971000671,3.400798797607422,0.0014731138944625,True,1.0,0.25,10,0.0039215772412717,0.0,10,6,0.5811164379119873,0.0003125458897557,0.0739988163113594,0.5811164974630344,0.0003125458917798917,0.5808039516268764,0.9994621631064609,True,7.853051662445068,0.0042236605659127,7.848828001879156,0.9994621631503952,1.0,0.0,1.0,0.0328183583915233,0.9550850987434388,False,False,True,output/resnet18_localisation_attack_preserve_cls_full_archive_v2/exact_archive/official_test/facedancer/scan/netherland-flickr_M_2409019110_4f42632225_o__3d06008373a4__exact.npz,7defabfd0cfa480f452d4c48d52e23dd79a8c4125fdafe2ad80742024b5a3e2a,4136835,float32,float32,512,864,resnet_exact_archive_v1,official_test,0.0,0.5,0.5,content_mask,True,True,0.07399881425948593,7.853051474923342,0.004223660810076107,0.7087613878658655,0.0,-0.7087613878658655,1.0,0.7087613878658655,0.7087613878658655,0.7087613878658655,0.0,0.5049281120300293,False,0.0,0.0,0.0,0.0,0.2440185695886612,False,30954,418304,9.578010066222232,0.0,0.6347625736063796,-0.07399881425948593,True,True,True,True,False,False,False,True
official_test,facedancer,netherland-flickr_M_26828968014_910728ddd9_k,iphone15,test/attack/facedancer/iphone15/netherland-flickr_M_26828968014_910728ddd9_k.jpg,1.0,1.0,0.0,0.999903440475464,29.13631820678711,9.24577522277832,True,1.0,0.25,10,0.0039215851575136,0.0,10,0,0.537584125995636,0.0520295016467571,0.0688257589936256,0.5375841105976736,0.05202950532417836,0.4855546094477176,0.9032160655449187,True,7.810798645019531,0.7559599280357361,7.054838716983795,0.9032160522384268,1.0,0.0,1.0,0.2351608276367187,0.802437961101532,False,False,True,output/resnet18_localisation_attack_preserve_cls_full_archive_v2/exact_archive/official_test/facedancer/iphone15/netherland-flickr_M_26828968014_910728ddd9_k__1f9eca96b069__exact.npz,68084c7d3ecf16f3ba002a52de4f4d9ee1a3ad45ec876005f1bb0b1cc2391b29,4617521,float32,float32,512,864,resnet_exact_archive_v1,official_test,0.0,0.5,0.5,content_mask,True,True,0.06882575757575758,7.810798304776325,0.755959791171331,0.782574298293891,0.01234865162355531,-0.7702256466703357,0.9842204738253263,0.782574298293891,0.782574298293891,0.782574298293891,0.0,0.5644435882568359,False,0.01234865162355531,0.01234865162355531,0.01234865162355531,0.0,0.39625030755996704,False,29072,422400,11.37036955143573,0.17941904395259228,0.7137485407181334,-0.056477105952202275,True,True,True,True,False,False,False,True
official_test,facedancer,netherland-flickr_M_26828968014_910728ddd9_k,scan,test/attack/facedancer/scan/netherland-flickr_M_26828968014_910728ddd9_k.jpg,1.0,1.0,0.0,0.9896485209465028,19.179162979125977,4.560212135314941,True,1.0,0.25,10,0.0039215851575136,0.0,10,0,0.5663343667984009,0.0428337305784225,0.0733138173818588,0.566334366408518,0.04283373484860501,0.5235006287693977,0.9243667038604056,True,7.724797248840332,0.584251880645752,7.14054536819458,0.9243667035101196,1.0,0.0,1.0,0.2028109729290008,0.8057626485824585,False,False,True,output/resnet18_localisation_attack_preserve_cls_full_archive_v2/exact_archive/official_test/facedancer/scan/netherland-flickr_M_26828968014_910728ddd9_k__e7e87ffd4834__exact.npz,dc997d68b4828fbe6e8ed4480d0297f00826394b39f6df17f28d15b05d013bbf,4247227,float32,float32,512,864,resnet_exact_archive_v1,official_test,0.0,0.5,0.5,content_mask,True,True,0.0733138180012225,7.724797068938279,0.5842518643332798,0.7675948542582641,0.0,-0.7675948542582641,1.0,0.7675948542582641,0.7675948542582641,0.7675948542582641,0.0,0.47245267033576965,False,0.0,0.0,0.0,0.0,0.3925532400608063,False,30705,418816,10.46998881227908,0.0,0.6942810362570416,-0.0733138180012225,True,True,True,True,False,False,False,True
official_test,facedancer,netherland-flickr_M_31998389253_0a26f25b0d_h,scan,test/attack/facedancer/scan/netherland-flickr_M_31998389253_0a26f25b0d_h.jpg,1.0,0.9999998807907104,1.1920928955078125e-07,0.500808835029602,15.724778175354004,0.0032354015856981,True,1.0,0.25,10,0.0039215851575136,0.0,10,1,0.5836163759231567,0.0,0.0759734511375427,0.5836163583008879,0.0,0.583616316318512,1.0,True,7.681845188140869,0.0,7.681845188140869,1.0,1.0,0.0,1.0,0.0040123253129422,0.989167094230652,False,False,True,output/resnet18_localisation_attack_preserve_cls_full_archive_v2/exact_archive/official_test/facedancer/scan/netherland-flickr_M_31998389253_0a26f25b0d_h__b2535addd0c8__exact.npz,c72706ab98503692e1785cdf7d5da7cc9940ca0e43844bbe038d168ad288e119,4072790,float32,float32,512,864,resnet_exact_archive_v1,official_test,0.0,0.5,0.5,content_mask,True,True,0.0759734547123623,7.6818457250690555,0.0,0.7981749528005034,0.0,-0.7981749528005034,1.0,0.7981749528005034,0.7981749528005034,0.7981749528005034,0.0,0.551518440246582,False,0.0,0.0,0.0,0.0,0.07395192235708237,False,31780,418304,10.505971537327305,0.0,0.7222014980881412,-0.0759734547123623,True,True,True,True,False,False,False,True
official_test,facedancer,netherland-flickr_M_31998818913_b87fd05689_h,huawei,test/attack/facedancer/huawei/netherland-flickr_M_31998818913_b87fd05689_h.jpg,1.0,1.0,0.0,0.9932109713554382,17.66701889038086,4.985624313354492,True,1.0,0.25,10,0.0039215772412717,0.0,6,0,0.5839629173278809,0.0160889271646738,0.0768468528985977,0.5839629059713639,0.01608892789907997,0.5678739883005619,0.9724487159465759,True,7.599048137664795,0.2093635350465774,7.3896846026182175,0.9724487157794324,1.0,0.0,1.0,0.1016746163368225,0.8926697969436646,False,False,True,output/resnet18_localisation_attack_preserve_cls_full_archive_v2/exact_archive/official_test/facedancer/huawei/netherland-flickr_M_31998818913_b87fd05689_h__da2c163c47a1__exact.npz,dbbd53caefdb6b8b64943f63bd081626148ce50160ee2f1d57f64d7a8190a93f,3804881,float32,float32,512,864,resnet_exact_archive_v1,official_test,0.0,0.5,0.5,content_mask,True,True,0.07684685202205882,7.599047854344611,0.20936352597061045,0.7981374197969227,0.0,-0.7981374197969227,1.0,0.7981374197969227,0.7981374197969227,0.7981374197969227,0.0,0.5017815828323364,False,0.0,0.0,0.0,0.0,0.2865951359272003,False,32106,417792,10.386078268603873,0.0,0.7212905677748638,-0.07684685202205882,True,True,True,True,False,False,False,True
official_test,facedancer,netherland-flickr_M_32689636931_6ac45273df_h,huawei,test/attack/facedancer/huawei/netherland-flickr_M_32689636931_6ac45273df_h.jpg,1.0,0.999998927116394,1.0728836059570312e-06,0.9950619339942932,13.738014221191406,5.305825233459473,True,1.0,0.25,10,0.0039215851575136,0.0,6,0,0.5946038365364075,4.885100497631356e-05,0.0759084522724151,0.5946037683275281,4.885100684502209e-05,0.5945549259231484,0.9999178427560551,True,7.833169460296631,0.0006435516406781,7.832525908655953,0.9999178427526764,1.0,0.0,1.0,0.01944225654006,0.979735553264618,False,False,True,output/resnet18_localisation_attack_preserve_cls_full_archive_v2/exact_archive/official_test/facedancer/huawei/netherland-flickr_M_32689636931_6ac45273df_h__94a1c57511ce__exact.npz,1a1237e3a7b7dcf77a6d8e536485c701d552b82c31ec8b1545453212c83db2cf,3743983,float32,float32,512,864,resnet_exact_archive_v1,official_test,0.0,0.5,0.5,content_mask,True,True,0.07590845230862697,7.833169432963812,0.0006435516119654858,0.8196711061089227,0.0,-0.8196711061089227,1.0,0.8196711061089227,0.8196711061089227,0.8196711061089227,0.0,0.5908717513084412,False,0.0,0.0,0.0,0.0,0.39080509543418884,False,31986,421376,10.79815331731862,0.0,0.7437626538002957,-0.07590845230862697,True,True,True,True,False,False,False,True
official_test,facedancer,netherland-flickr_M_32689636931_6ac45273df_h,iphone15,test/attack/facedancer/iphone15/netherland-flickr_M_32689636931_6ac45273df_h.jpg,1.0,1.0,0.0,0.9981985688209534,17.620149612426758,6.317378044128418,True,1.0,0.25,10,0.0039215851575136,0.0,10,0,0.5977623462677002,0.0,0.0794799327850341,0.597762342124686,0.0,0.5977623462677002,1.0,True,7.520921230316162,0.0,7.520921230316162,1.0,1.0,0.0,1.0,0.0142857935279607,0.9750093221664428,False,False,True,output/resnet18_localisation_attack_preserve_cls_full_archive_v2/exact_archive/official_test/facedancer/iphone15/netherland-flickr_M_32689636931_6ac45273df_h__e0e241ebeed1__exact.npz,cc0e1f7d44ee559b6a94ce0dd29c1c960da49bef30ae363b0d0d6609d4192f04,4413283,float32,float32,512,864,resnet_exact_archive_v1,official_test,0.0,0.5,0.5,content_mask,True,True,0.07947993542435425,7.520921336097609,0.0,0.7891427880546488,0.0,-0.7891427880546488,1.0,0.7891427880546488,0.7891427880546488,0.7891427880546488,0.0,0.4666411280632019,False,0.0,0.0,0.0,0.0,0.3999389708042145,False,33084,416256,9.928830261893237,0.0,0.7096628526302945,-0.07947993542435425,True,True,True,True,False,False,False,True
official_test,facedancer,netherland-flickr_M_33239373490_5b5df42090_k,huawei,test/attack/facedancer/huawei/netherland-flickr_M_33239373490_5b5df42090_k.jpg,1.0,1.0,0.0,0.9002232551574707,20.539527893066406,2.1997077465057373,True,1.0,0.25,10,0.0039215851575136,0.0,8,0,0.5409965515136719,0.0444597899913787,0.0670231506228447,0.5409965591792559,0.044459791230081,0.4965368174016475,0.9178187171882742,True,8.071786880493164,0.6633498072624207,7.408437073230743,0.9178187163407996,1.0,0.0,1.0,0.2650588154792785,0.7748491764068604,False,False,True,output/resnet18_localisation_attack_preserve_cls_full_archive_v2/exact_archive/official_test/facedancer/huawei/netherland-flickr_M_33239373490_5b5df42090_k__b85a1cc38a57__exact.npz,42821cf3158f8ac491880fb6e5718f1e73a19c88ae45137486ef1433106c2da0,3581644,float32,float32,512,864,resnet_exact_archive_v1,official_test,0.0,0.5,0.5,content_mask,True,True,0.06702315167682926,8.071786325236108,0.6633497547900498,0.7753296137034009,0.011301041259461957,-0.764028572443939,0.9854242104780675,0.7753296137034009,0.7753296137034009,0.7753296137034009,0.0,0.5625184178352356,False,0.011301041259461957,0.011301041259461957,0.011301041259461957,0.0,0.36970770359039307,False,28139,419840,11.56808646423952,0.1686139934742709,0.7083064620265717,-0.055722110417367306,True,True,True,True,False,False,False,True
official_test,facedancer,netherland-flickr_M_33239373490_5b5df42090_k,iphone15,test/attack/facedancer/iphone15/netherland-flickr_M_33239373490_5b5df42090_k.jpg,1.0,0.9999997615814208,2.384185791015625e-07,0.5001529455184937,15.386232376098633,0.0006116703152656,True,1.0,0.25,10,0.0039215851575136,0.0,10,3,0.592963695526123,0.0004243043949827,0.0721932873129844,0.5929637023307304,0.0004243043510868316,0.5925394508230966,0.9992844345287594,True,8.213558197021484,0.0058773374184966,8.207680859602988,0.999284434677698,1.0,0.0,1.0,0.0185842365026474,0.974568247795105,False,False,True,output/resnet18_localisation_attack_preserve_cls_full_archive_v2/exact_archive/official_test/facedancer/iphone15/netherland-flickr_M_33239373490_5b5df42090_k__fc9558f95990__exact.npz,4fbdb3d95b6b2ed909c5ead28379c1294b7c94a8fa119371b37bd4bd4624e162,4190846,float32,float32,512,864,resnet_exact_archive_v1,official_test,0.0,0.5,0.5,content_mask,True,True,0.07219328703703703,8.2135573356914,0.005877338025475311,0.8137608550434202,0.0,-0.8137608550434202,1.0,0.8137608550434202,0.8137608550434202,0.8137608550434202,0.0,0.593268632888794,False,0.0,0.0,0.0,0.0,0.24022404849529266,False,29940,414720,11.271974008136514,0.0,0.7415675680063831,-0.07219328703703703,True,True,True,True,False,False,False,True
official_test,facedancer,netherland-flickr_M_33239373490_5b5df42090_k,scan,test/attack/facedancer/scan/netherland-flickr_M_33239373490_5b5df42090_k.jpg,1.0,1.0,0.0,0.9952878952026368,18.38593101501465,5.352898597717285,True,1.0,0.25,10,0.0039215851575136,0.0,10,0,0.5870383381843567,0.0285694897174835,0.0751738250255584,0.5870382629258091,0.028569490256015725,0.5584687944501638,0.951332831162274,True,7.809078216552734,0.3800456523895263,7.429032564163208,0.9513328408487508,1.0,0.0,1.0,0.1839616000652313,0.8493777513504028,False,False,True,output/resnet18_localisation_attack_preserve_cls_full_archive_v2/exact_archive/official_test/facedancer/scan/netherland-flickr_M_33239373490_5b5df42090_k__3cabb03309d3__exact.npz,fbbac7f47b4b26a67e695a4997b037d541529581589d9548d2b71f5e4a3f24e8,4334161,float32,float32,512,864,resnet_exact_archive_v1,official_test,0.0,0.5,0.5,content_mask,True,True,0.07517382334963325,7.809078170675125,0.38004572579924667,0.79462584169737,0.0,-0.79462584169737,1.0,0.79462584169737,0.79462584169737,0.79462584169737,0.0,0.45713627338409424,False,0.0,0.0,0.0,0.0,0.4318143129348755,False,31484,418816,10.570512530692596,0.0,0.7194520183477368,-0.07517382334963325,True,True,True,True,False,False,False,True
official_test,facedancer,netherland-flickr_M_33276713046_c88eb6c4c8_c,scan,test/attack/facedancer/scan/netherland-flickr_M_33276713046_c88eb6c4c8_c.jpg,1.0,0.999997615814209,2.384185791015625e-06,0.5034682154655457,12.942026138305664,0.0138730444014072,True,1.0,0.25,10,0.0039215851575136,0.0,10,0,0.5886214375495911,0.0,0.0761479958891868,0.5886214239847055,0.0,0.5886213779449463,1.0,True,7.7299652099609375,0.0,7.7299652099609375,1.0,1.0,0.0,1.0,0.0136689450591802,0.9932482242584229,False,False,True,output/resnet18_localisation_attack_preserve_cls_full_archive_v2/exact_archive/official_test/facedancer/scan/netherland-flickr_M_33276713046_c88eb6c4c8_c__d6eb2c7ba8a0__exact.npz,7c92fd208ea22a0a7368320960a678a054abc2f49ac64811c0c2f1d121d1cc2f,3789694,float32,float32,512,864,resnet_exact_archive_v1,official_test,0.0,0.5,0.5,content_mask,True,True,0.07614799816625917,7.729965831794131,0.0,0.8015803336259877,0.0,-0.8015803336259877,1.0,0.8015803336259877,0.8015803336259877,0.8015803336259877,0.0,0.5216720104217529,False,0.0,0.0,0.0,0.0,0.03508638218045235,False,31892,418816,10.52661071766906,0.0,0.7254323354597285,-0.07614799816625917,True,True,True,True,False,False,False,True
official_test,facedancer,netherland-flickr_M_33297625690_76e3181f5e_c,huawei,test/attack/facedancer/huawei/netherland-flickr_M_33297625690_76e3181f5e_c.jpg,1.0,0.9999983310699464,1.6689300537109375e-06,0.502296507358551,13.32285499572754,0.00918610394001,True,1.0,0.25,10,0.0039215851575136,0.0,10,2,0.6334314346313477,0.065601922571659,0.0782563239336013,0.6334314079815588,0.06560192375549223,0.5678295716643333,0.8964340527973913,True,8.094317436218262,0.8382955193519592,7.2560219168663025,0.8964340692149061,1.0,0.0,1.0,0.3221166431903839,0.6954293847084045,False,False,True,output/resnet18_localisation_attack_preserve_cls_full_archive_v2/exact_archive/official_test/facedancer/huawei/netherland-flickr_M_33297625690_76e3181f5e_c__4b5356eb93b4__exact.npz,5eac35dc79138159e383dc98c5d006a211c6424a21e25d4d2a8a8a1633eb1ec8,3641967,float32,float32,512,864,resnet_exact_archive_v1,official_test,0.0,0.5,0.5,content_mask,True,True,0.07825632258557458,8.094316050807155,0.8382955087591223,0.8183981693363844,0.013699466056445462,-0.804698703279939,0.9832606345300675,0.8183981693363844,0.8183981693363844,0.8183981693363844,0.0,0.5377517342567444,False,0.013699466056445462,0.013699466056445462,0.013699466056445462,0.0,0.22937428951263428,False,32775,418816,10.457917549619745,0.1750589039175061,0.7401418467508099,-0.06455685652912911,True,True,True,True,False,False,False,True
official_test,facedancer,netherland-flickr_M_37190718595_78e318623b_k,huawei,test/attack/facedancer/huawei/netherland-flickr_M_37190718595_78e318623b_k.jpg,1.0,0.9999995231628418,4.76837158203125e-07,0.8900411128997803,14.62470531463623,2.091160535812378,True,1.0,0.25,10,0.0039215772412717,0.0,10,0,0.619341254234314,0.0,0.0784952193498611,0.6193413021068359,0.0,0.6193413138389587,1.0,True,7.89017915725708,0.0,7.89017915725708,1.0,1.0,0.0,1.0,0.0112090464681386,0.9820873737335204,False,False,True,output/resnet18_localisation_attack_preserve_cls_full_archive_v2/exact_archive/official_test/facedancer/huawei/netherland-flickr_M_37190718595_78e318623b_k__43e2dabc3dfe__exact.npz,a357ea37091831d9ea4916508b3b7e6c2e5b82cdbaa0524f796bd8a97d418145,3476062,float32,float32,512,864,resnet_exact_archive_v1,official_test,0.0,0.5,0.5,content_mask,True,True,0.07849521567436209,7.8901789973566965,0.0,0.8100435360986818,0.0,-0.8100435360986818,1.0,0.8100435360986818,0.8100435360986818,0.8100435360986818,0.0,0.4421028792858124,False,0.0,0.0,0.0,0.0,0.21017815172672272,False,33076,421376,10.319654887746951,0.0,0.7315483204243197,-0.07849521567436209,True,True,True,True,False,False,False,True
official_test,facedancer,netherland-flickr_M_37190718595_78e318623b_k,scan,test/attack/facedancer/scan/netherland-flickr_M_37190718595_78e318623b_k.jpg,1.0,1.0,0.0,0.9116482734680176,18.42595863342285,2.333927631378174,True,1.0,0.25,10,0.0039215851575136,0.0,10,0,0.6198177337646484,0.029262751340866,0.0836747363209724,0.619817696607984,0.02926274884905361,0.5905549265444279,0.9527881359160977,True,7.407464981079102,0.3497202396392822,7.057744741439819,0.9527881346003562,1.0,0.0,1.0,0.0519248060882091,0.9369152784347534,False,False,True,output/resnet18_localisation_attack_preserve_cls_full_archive_v2/exact_archive/official_test/facedancer/scan/netherland-flickr_M_37190718595_78e318623b_k__d6abff91ed4b__exact.npz,c15d81cbad8a580dc32f037aff8cdfc7e0697f2e6293d288fc7d2d4009001c1e,4164739,float32,float32,512,864,resnet_exact_archive_v1,official_test,0.0,0.5,0.5,content_mask,True,True,0.08367473323170732,7.407465463817136,0.34972025268393586,0.8127241673783091,0.03973811557073726,-0.7729860518075719,0.9511050401036741,0.8127241673783091,0.8127241673783091,0.8127241673783091,0.0,0.4397744834423065,False,0.03973811557073726,0.03973811557073726,0.03973811557073726,0.0,0.24424710869789124,False,35130,419840,9.712898218961266,0.47491176889320613,0.7290494341466018,-0.04393661766097006,True,True,True,True,False,False,False,True
official_test,facedancer,netherland-flickr_M_4188233342_8473de8906_c,scan,test/attack/facedancer/scan/netherland-flickr_M_4188233342_8473de8906_c.jpg,0.998046875,0.998049020767212,2.1457672119140625e-06,0.5004643201828003,6.23746919631958,0.0018573217093944,True,1.0,0.25,10,0.0039215851575136,0.0,10,6,0.5812485814094543,0.0049676024354994,0.0702001452445983,0.5812485857046457,0.004967601836187627,0.5762809189036489,0.9914535674436689,True,8.279876708984375,0.0707634314894676,8.209113277494907,0.9914535645908008,1.0,0.0,1.0,0.0679395720362663,0.9143915176391602,False,False,True,output/resnet18_localisation_attack_preserve_cls_full_archive_v2/exact_archive/official_test/facedancer/scan/netherland-flickr_M_4188233342_8473de8906_c__66392805f2ea__exact.npz,5176f86c02b5436091bdf921dca5efd8e39aafa07cfb3b79287083c477434ecc,4059360,float32,float32,512,864,resnet_exact_archive_v1,official_test,0.0,0.5,0.5,content_mask,True,True,0.0702001415238678,8.27987769094487,0.07076341626033132,0.7804869742891197,0.0,-0.7804869742891197,1.0,0.7804869742891197,0.7804869742891197,0.7804869742891197,0.0,0.531660258769989,False,0.0,0.0,0.0,0.0,0.15962842106819153,False,29365,418304,11.118025652751097,0.0,0.710286832765252,-0.0702001415238678,True,True,True,True,False,False,False,True
official_test,facedancer,netherland-flickr_M_6862482951_78a560f107_b,huawei,test/attack/facedancer/huawei/netherland-flickr_M_6862482951_78a560f107_b.jpg,1.0,0.9999997615814208,2.384185791015625e-07,0.5002416968345642,15.164260864257812,0.0009668618440628,True,1.0,0.25,10,0.0039215851575136,0.0,10,4,0.6014350652694702,0.0003198022022843,0.079837329685688,0.6014350293619831,0.00031980222708441204,0.6011152034043334,0.9994682680398186,True,7.533255577087402,0.004005673341453,7.529249903745949,0.9994682679619106,1.0,0.0,1.0,0.0305975265800952,0.9545798301696776,False,False,True,output/resnet18_localisation_attack_preserve_cls_full_archive_v2/exact_archive/official_test/facedancer/huawei/netherland-flickr_M_6862482951_78a560f107_b__4f0320dfbce5__exact.npz,4e0bf42b62905e80589ae197546690ea8b09f09cb1b5de1093358745f303b059,3680790,float32,float32,512,864,resnet_exact_archive_v1,official_test,0.0,0.5,0.5,content_mask,True,True,0.0798373287671233,7.533255917370469,0.0040056729354916165,0.7781196685352181,0.0,-0.7781196685352181,1.0,0.7781196685352181,0.7781196685352181,0.7781196685352181,0.0,0.470101535320282,False,0.0,0.0,0.0,0.0,0.11847592890262604,False,32824,411136,9.746313917953186,0.0,0.6982823397680948,-0.0798373287671233,True,True,True,True,False,False,False,True
official_test,facedancer,netherland-flickr_M_6862482951_78a560f107_b,scan,test/attack/facedancer/scan/netherland-flickr_M_6862482951_78a560f107_b.jpg,1.0,0.999891996383667,0.000108003616333,0.8786842823028564,9.13313102722168,1.9800291061401367,True,1.0,0.25,10,0.0039215851575136,0.0,10,0,0.5986381769180298,0.0,0.0750873312354087,0.5986381930612518,0.0,0.5986382365226746,1.0,True,7.972559452056885,0.0,7.972559452056885,1.0,1.0,0.0,1.0,0.0187383890151977,0.9860337972640992,False,False,True,output/resnet18_localisation_attack_preserve_cls_full_archive_v2/exact_archive/official_test/facedancer/scan/netherland-flickr_M_6862482951_78a560f107_b__48864c4d20bf__exact.npz,8db19ff1aacd661a0c5d8b8ef6e06d6f85dbd9beeb8faa0a022e93756ddcb1ad,4077248,float32,float32,512,864,resnet_exact_archive_v1,official_test,0.0,0.5,0.5,content_mask,True,True,0.07508733292831106,7.9725590151510115,0.0,0.7609671302149178,0.0,-0.7609671302149178,1.0,0.7609671302149178,0.7609671302149178,0.7609671302149178,0.0,0.5037208199501038,False,0.0,0.0,0.0,0.0,0.2931498885154724,False,31640,421376,10.13442747981799,0.0,0.6858797972866068,-0.07508733292831106,True,True,True,True,False,False,False,True
official_test,facedancer,singapore-flickr_F_17178258920_6f5f1eedd0_k,huawei,test/attack/facedancer/huawei/singapore-flickr_F_17178258920_6f5f1eedd0_k.jpg,1.0,0.9999498128890992,5.0187110900878906e-05,0.9999489784240724,9.898706436157228,9.882658004760742,True,1.0,0.25,10,0.0039215851575136,0.0,5,0,0.2985224723815918,0.0015459875576198,0.032370489090681,0.2985225258024659,0.0015459875171857861,0.2969765444286167,0.9948212031469653,True,9.222058296203612,0.0477591641247272,9.174299132078886,0.9948212034026732,0.0,0.0,0.0,0.0682769119739532,0.9282450675964355,False,False,True,output/resnet18_localisation_attack_preserve_cls_full_archive_v2/exact_archive/official_test/facedancer/huawei/singapore-flickr_F_17178258920_6f5f1eedd0_k__a764c979196b__exact.npz,bc0d7ca12e307c18dcea5c75a078e277db5823ee191d20402afda32c93147bb7,3865550,float32,float32,512,864,resnet_exact_archive_v1,official_test,0.0,0.5,0.5,content_mask,True,True,0.03237048949451888,9.222057820689216,0.04775916402028953,0.4779892702285588,0.0,-0.4779892702285588,1.0,0.4779892702285588,0.4779892702285588,0.4779892702285588,0.0,0.6024456024169922,False,0.0,0.0,0.0,0.0,0.5737556219100952,False,13607,420352,14.766204579930562,0.0,0.44561878073403993,-0.03237048949451888,False,True,True,False,False,False,False,False
official_test,facedancer,singapore-flickr_F_17178258920_6f5f1eedd0_k,scan,test/attack/facedancer/scan/singapore-flickr_F_17178258920_6f5f1eedd0_k.jpg,1.0,0.99999737739563,2.6226043701171875e-06,0.999257504940033,12.837026596069336,7.2048115730285645,True,1.0,0.25,10,0.0039215851575136,0.0,9,0,0.328533262014389,0.0023378827609121,0.0347115956246852,0.32853328218404126,0.002337882632636578,0.3261954092886299,0.9928838788658042,True,9.464654922485352,0.0673516243696212,9.39730329811573,0.9928838795580796,0.0,0.0,0.0,0.0300466008484363,0.9683079719543456,False,False,True,output/resnet18_localisation_attack_preserve_cls_full_archive_v2/exact_archive/official_test/facedancer/scan/singapore-flickr_F_17178258920_6f5f1eedd0_k__69fa028e2a1d__exact.npz,2a63cefb517eba27f9c6107aad4e2f2cf59fed9e107a3ed9c24b7438fdd4d3b1,4100751,float32,float32,512,864,resnet_exact_archive_v1,official_test,0.0,0.5,0.5,content_mask,True,True,0.034711597307221544,9.464654688065647,0.06735162925360957,0.5336088154269972,0.0,-0.5336088154269972,1.0,0.5336088154269972,0.5336088154269972,0.5336088154269972,0.0,0.6968377828598022,False,0.0,0.0,0.0,0.0,0.4887964725494385,False,14520,418304,15.372637873855004,0.0,0.49889721811977567,-0.034711597307221544,False,True,True,False,False,False,False,False
official_test,facedancer,singapore-flickr_F_19679296994_d0fc2a7ac6_o,huawei,test/attack/facedancer/huawei/singapore-flickr_F_19679296994_d0fc2a7ac6_o.jpg,1.0,0.9999493360519408,5.066394805908203e-05,0.9999005794525146,9.889971733093262,9.215730667114258,True,1.0,0.25,10,0.0039215851575136,0.0,10,0,0.3289855718612671,0.0,0.0334774143993854,0.328985568791062,0.0,0.3289856016635895,1.0,True,9.827091217041016,0.0,9.827091217041016,1.0,0.0,0.0,0.0,0.0288410559296607,0.9613381028175354,False,False,True,output/resnet18_localisation_attack_preserve_cls_full_archive_v2/exact_archive/official_test/facedancer/huawei/singapore-flickr_F_19679296994_d0fc2a7ac6_o__1521169160d2__exact.npz,499a0cb2b54fa5e2f0fb6910a39dd1b7eff470a14ac7e96fb8b9b45d6e293969,3773227,float32,float32,512,864,resnet_exact_archive_v1,official_test,0.0,0.5,0.5,content_mask,True,True,0.033477413740920094,9.827090328334908,0.0,0.48665065687243964,0.0,-0.48665065687243964,1.0,0.48665065687243964,0.48665065687243964,0.48665065687243964,0.0,0.6085295081138611,False,0.0,0.0,0.0,0.0,0.6302208304405212,False,14158,422912,14.53668615618288,0.0,0.4531732431315195,-0.033477413740920094,False,True,True,False,False,False,False,False
official_test,facedancer,singapore-flickr_F_20411794293_d7a6aae66c_c,huawei,test/attack/facedancer/huawei/singapore-flickr_F_20411794293_d7a6aae66c_c.jpg,1.0,1.0,0.0,0.9999998807907104,17.530040740966797,15.639541625976562,True,1.0,0.25,10,0.0039215851575136,0.0,10,0,0.324506551027298,0.0058692684397101,0.034551091492176,0.32450657967351615,0.005869268423272861,0.3186373128555715,0.9819132529479745,True,9.39207935333252,0.1698721498250961,9.222207203507423,0.9819132544099702,0.0,0.0,0.0,0.0685322135686874,0.9413445591926576,False,False,True,output/resnet18_localisation_attack_preserve_cls_full_archive_v2/exact_archive/official_test/facedancer/huawei/singapore-flickr_F_20411794293_d7a6aae66c_c__a2330f943be1__exact.npz,10a8f7ee58e0f0e68c7f51947b5e06055b934719e2622efaf907e6228922be63,4044014,float32,float32,512,864,resnet_exact_archive_v1,official_test,0.0,0.5,0.5,content_mask,True,True,0.03455108976306197,9.39207943653462,0.16987216506113229,0.5346521052270073,0.0,-0.5346521052270073,1.0,0.5346521052270073,0.5346521052270073,0.5346521052270073,0.0,0.7154945731163025,False,0.0,0.0,0.0,0.0,0.6700685024261475,False,14559,421376,15.47424723484686,0.0,0.5001010154639454,-0.03455108976306197,False,True,True,False,False,False,False,False
official_test,facedancer,singapore-flickr_F_20411794293_d7a6aae66c_c,iphone15,test/attack/facedancer/iphone15/singapore-flickr_F_20411794293_d7a6aae66c_c.jpg,1.0,0.9999316930770874,6.830692291259766e-05,0.7099171280860901,9.591301918029783,0.8949815034866333,True,1.0,0.25,10,0.0039215851575136,0.0,8,0,0.3458868265151977,0.0369697175920009,0.0350098870694637,0.34588685947709924,0.036969718863950535,0.3089171387255192,0.8931161509869435,True,9.879691123962402,1.0559793710708618,8.82371175289154,0.893116155371531,0.0,0.0,0.0,0.07304447889328,0.920962929725647,False,False,True,output/resnet18_localisation_attack_preserve_cls_full_archive_v2/exact_archive/official_test/facedancer/iphone15/singapore-flickr_F_20411794293_d7a6aae66c_c__f82bce7cac48__exact.npz,89956ace6b8f0a83543a88e6ea6d64fdeb50f2b6cf9e33036794e613840a3bf3,3674916,float32,float32,512,864,resnet_exact_archive_v1,official_test,0.0,0.5,0.5,content_mask,True,True,0.0350098855958231,9.879691224080029,1.0559794250901882,0.5998903433623467,0.001987526557466932,-0.5979028168048798,0.9966868502227808,0.5998903433623467,0.5998903433623467,0.5998903433623467,0.0,0.7404053211212158,False,0.001987526557466932,0.001987526557466932,0.001987526557466932,0.0,0.4887620210647583,False,14591,416768,17.134884423441743,0.05677043851020343,0.5648804577665236,-0.03302235903835617,False,True,True,False,False,False,False,False
official_test,facedancer,singapore-flickr_F_20411794293_d7a6aae66c_c,scan,test/attack/facedancer/scan/singapore-flickr_F_20411794293_d7a6aae66c_c.jpg,1.0,0.9999229907989502,7.700920104980469e-05,0.9641441106796264,9.471162796020508,3.2917323112487797,True,1.0,0.25,10,0.0039215851575136,0.0,10,0,0.3380003273487091,0.0216671638190746,0.0339307598769664,0.3380003590699581,0.021667165317288118,0.3163331914693117,0.9358960286997697,True,9.96147346496582,0.6385700106620789,9.32290345430374,0.9358960285435776,0.0,0.0,0.0,0.0307981800287961,0.963286280632019,False,False,True,output/resnet18_localisation_attack_preserve_cls_full_archive_v2/exact_archive/official_test/facedancer/scan/singapore-flickr_F_20411794293_d7a6aae66c_c__cef629b8ef94__exact.npz,f14ba1218b892ec69f55ea4cb9ecbcc0c392d3404a7b53cc972eaa7059abd360,3839824,float32,float32,512,864,resnet_exact_archive_v1,official_test,0.0,0.5,0.5,content_mask,True,True,0.033930759803921566,9.961473336382333,0.638570000863462,0.5119215575620768,0.0,-0.5119215575620768,1.0,0.5119215575620768,0.5119215575620768,0.5119215575620768,0.0,0.6969553828239441,False,0.0,0.0,0.0,0.0,0.6029396653175354,False,14176,417792,15.087241208872404,0.0,0.47799079775815523,-0.033930759803921566,False,True,True,False,False,False,False,False
official_test,facedancer,singapore-flickr_F_30532886723_e55b04664f_k,huawei,test/attack/facedancer/huawei/singapore-flickr_F_30532886723_e55b04664f_k.jpg,1.0,0.9998902082443236,0.0001097917556762,0.9996390342712402,9.116997718811035,7.926544666290283,True,1.0,0.25,10,0.0039215851575136,0.0,6,0,0.3167999386787414,3.955526608478976e-06,0.0311934556812047,0.3167999396864893,3.955526333777644e-06,0.3167959831525877,0.9999875141190441,True,10.15597438812256,0.0001268062769668,10.155847581845592,0.9999875141200518,0.0,0.0,0.0,0.0306667536497116,0.963254690170288,False,False,True,output/resnet18_localisation_attack_preserve_cls_full_archive_v2/exact_archive/official_test/facedancer/huawei/singapore-flickr_F_30532886723_e55b04664f_k__f6d4642d4a97__exact.npz,2a339021ca057926a297e8eb01f76b21b9e242266b1b3ebd781a9d3aa53fd784,3702421,float32,float32,512,864,resnet_exact_archive_v1,official_test,0.0,0.5,0.5,content_mask,True,True,0.031193455971049458,10.155974380668505,0.00012680628710870495,0.5462235649546828,0.0,-0.5462235649546828,1.0,0.5462235649546828,0.5462235649546828,0.5462235649546828,0.0,0.6904714107513428,False,0.0,0.0,0.0,0.0,0.6387509703636169,False,13240,424448,17.510838345761723,0.0,0.5150301089836333,-0.031193455971049458,False,True,True,False,False,False,False,False
official_test,facedancer,singapore-flickr_F_31294646850_53ce869b2e_b,huawei,test/attack/facedancer/huawei/singapore-flickr_F_31294646850_53ce869b2e_b.jpg,1.0,0.9999938011169434,6.198883056640625e-06,0.9999611377716064,11.98472023010254,10.156420707702637,True,1.0,0.25,10,0.0039215851575136,0.0,10,0,0.2889118194580078,0.0,0.0306755509227514,0.28891181084507733,0.0,0.2889118194580078,1.0,True,9.418309211730955,0.0,9.418309211730955,1.0,0.0,0.0,0.0,0.1015939116477966,0.8924651145935059,False,False,True,output/resnet18_localisation_attack_preserve_cls_full_archive_v2/exact_archive/official_test/facedancer/huawei/singapore-flickr_F_31294646850_53ce869b2e_b__7ade26728912__exact.npz,c010041e8a50ac88a4a8d363e274097e7f2235f5626ca57c0bd61c01482fc33d,3688475,float32,float32,512,864,resnet_exact_archive_v1,official_test,0.0,0.5,0.5,content_mask,True,True,0.030675551470588234,9.418308620208064,0.0,0.5300405742821473,0.0,-0.5300405742821473,1.0,0.5300405742821473,0.5300405742821473,0.5300405742821473,0.0,0.7402516603469849,False,0.0,0.0,0.0,0.0,0.5345433354377747,False,12816,417792,17.278925687459964,0.0,0.4993650228115591,-0.030675551470588234,False,True,True,False,False,False,False,False
official_test,facedancer,singapore-flickr_F_33525297682_eee6031622_c,huawei,test/attack/facedancer/huawei/singapore-flickr_F_33525297682_eee6031622_c.jpg,0.99951171875,0.9996212720870972,0.0001095533370971,0.9937684535980223,7.878462314605713,5.071883201599121,True,1.0,0.25,10,0.0039215851575136,0.0,10,0,0.2951364517211914,0.0,0.0303604807704687,0.2951364588432849,0.0,0.2951364815235138,1.0,True,9.721074104309082,0.0,9.721074104309082,1.0,0.0,0.0,0.0,0.0526519902050495,0.9440279006958008,False,False,True,output/resnet18_localisation_attack_preserve_cls_full_archive_v2/exact_archive/official_test/facedancer/huawei/singapore-flickr_F_33525297682_eee6031622_c__dd2b5a2a8496__exact.npz,73828aba7e898398cfcbd9fb37c95cd415b0cad6a772cf5c62fb113e2eed418d,3515830,float32,float32,512,864,resnet_exact_archive_v1,official_test,0.0,0.5,0.5,content_mask,True,True,0.030360481532356532,9.721073051122218,0.0,0.48817846202183646,0.0,-0.48817846202183646,1.0,0.48817846202183646,0.48817846202183646,0.48817846202183646,0.0,0.7339161038398743,False,0.0,0.0,0.0,0.0,0.5569144487380981,False,12731,419328,16.079404455478173,0.0,0.4578179804894799,-0.030360481532356532,False,True,True,False,False,False,False,False
official_test,facedancer,singapore-flickr_F_33525297682_eee6031622_c,iphone15,test/attack/facedancer/iphone15/singapore-flickr_F_33525297682_eee6031622_c.jpg,0.99951171875,0.9997461438179016,0.0002344250679016,0.9984286427497864,8.278626441955566,6.454267501831055,True,1.0,0.25,10,0.0039215851575136,0.0,10,0,0.313034176826477,0.0,0.0318539105355739,0.31303419231808044,0.0,0.313034176826477,1.0,True,9.827181816101074,0.0,9.827181816101074,1.0,0.0,0.0,0.0,0.0351919308304786,0.9580906629562378,False,False,True,output/resnet18_localisation_attack_preserve_cls_full_archive_v2/exact_archive/official_test/facedancer/iphone15/singapore-flickr_F_33525297682_eee6031622_c__886651ee12e5__exact.npz,c1c53ba918565cc3d5efbf43c5aa9d640c26eb9509fdfec6c1ac569af3527fef,4116953,float32,float32,512,864,resnet_exact_archive_v1,official_test,0.0,0.5,0.5,content_mask,True,True,0.031853911042944785,9.82718234806565,0.0,0.5149714113752634,0.0,-0.5149714113752634,1.0,0.5149714113752634,0.5149714113752634,0.5149714113752634,0.0,0.7162920236587524,False,0.0,0.0,0.0,0.0,0.7298457622528076,False,13292,417280,16.16666194242175,0.0,0.4831175003323186,-0.031853911042944785,False,True,True,False,False,False,False,False
official_test,facedancer,singapore-flickr_F_33525297682_eee6031622_c,scan,test/attack/facedancer/scan/singapore-flickr_F_33525297682_eee6031622_c.jpg,0.99658203125,0.9966886639595032,0.0001066327095031,0.8126214742660522,5.707075119018555,1.467134714126587,True,1.0,0.25,10,0.0039215851575136,0.0,10,0,0.3249163031578064,0.0,0.0329911410808563,0.32491626085577047,0.0,0.3249162137508392,1.0,True,9.848589897155762,0.0,9.848589897155762,1.0,0.0,0.0,0.0,0.0332003459334373,0.9671305418014526,False,False,True,output/resnet18_localisation_attack_preserve_cls_full_archive_v2/exact_archive/official_test/facedancer/scan/singapore-flickr_F_33525297682_eee6031622_c__b1e37d954ba4__exact.npz,2dc3d14cc12e75f92a10f22f263fe440768f570ecfbb07b6dd34c802fe600c7b,3553825,float32,float32,512,864,resnet_exact_archive_v1,official_test,0.0,0.5,0.5,content_mask,True,True,0.032991139481707316,9.848591650977307,0.0,0.5016244314489928,0.0,-0.5016244314489928,1.0,0.5016244314489928,0.5016244314489928,0.5016244314489928,0.0,0.7148042321205139,False,0.0,0.0,0.0,0.0,0.48067358136177063,False,13851,419840,15.204822850302877,0.0,0.46863329196728554,-0.032991139481707316,False,True,True,False,False,False,False,False
official_test,facedancer,singapore-flickr_F_33552363961_ea0fc80afb_k,huawei,test/attack/facedancer/huawei/singapore-flickr_F_33552363961_ea0fc80afb_k.jpg,0.97412109375,0.9743474125862122,0.0002263188362121,0.9999635219573976,3.6371240615844727,10.219181060791016,True,1.0,0.25,10,0.0039215851575136,0.0,10,0,0.2953098118305206,0.0,0.0316658094525337,0.295309813538374,0.0,0.2953098118305206,1.0,True,9.325824737548828,0.0,9.325824737548828,1.0,1.0,0.0,1.0,0.0554119423031806,0.9397737383842468,False,False,True,output/resnet18_localisation_attack_preserve_cls_full_archive_v2/exact_archive/official_test/facedancer/huawei/singapore-flickr_F_33552363961_ea0fc80afb_k__0bfd55779f19__exact.npz,c53ed3509c7d3481736895425b4af19d5b8298ba36fe9e066b3d2666c58fd2eb,3935382,float32,float32,512,864,resnet_exact_archive_v1,official_test,0.0,0.5,0.5,content_mask,True,True,0.03166581128345499,9.325824969236454,0.0,0.4643955879042545,0.0,-0.4643955879042545,1.0,0.4643955879042545,0.4643955879042545,0.4643955879042545,0.0,0.7486259341239929,False,0.0,0.0,0.0,0.0,0.659410834312439,False,13327,420864,14.665519975068369,0.0,0.43272977662079953,-0.03166581128345499,False,True,True,False,False,False,False,False
official_test,facedancer,singapore-flickr_F_33574462985_422fca6322_c,huawei,test/attack/facedancer/huawei/singapore-flickr_F_33574462985_422fca6322_c.jpg,1.0,0.9999991655349731,8.344650268554688e-07,0.9996408224105836,14.0228910446167,7.931238174438477,True,1.0,0.25,10,0.0039215851575136,0.0,10,0,0.3281879127025604,0.0,0.0336538478732109,0.32818793761650406,0.0,0.3281879425048828,1.0,True,9.751870155334473,0.0,9.751870155334473,1.0,0.0,0.0,0.0,0.0369634702801704,0.956529974937439,False,False,True,output/resnet18_localisation_attack_preserve_cls_full_archive_v2/exact_archive/official_test/facedancer/huawei/singapore-flickr_F_33574462985_422fca6322_c__2729c82a5d3a__exact.npz,7cc70dcd32723c200ea66852d8e03794004729f8bbb776a1f5cda058ad0597cf,3800471,float32,float32,512,864,resnet_exact_archive_v1,official_test,0.0,0.5,0.5,content_mask,True,True,0.03365384615384615,9.751870146318979,0.0,0.5178571428571429,0.0,-0.5178571428571429,1.0,0.5178571428571429,0.5178571428571429,0.5178571428571429,0.0,0.6196255087852478,False,0.0,0.0,0.0,0.0,0.5491448044776917,False,14112,419328,15.387755102040819,0.0,0.48420329670329676,-0.03365384615384615,False,True,True,False,False,False,False,False
official_test,facedancer,singapore-flickr_F_33574462985_422fca6322_c,scan,test/attack/facedancer/scan/singapore-flickr_F_33574462985_422fca6322_c.jpg,0.99951171875,0.9995511174201964,3.93986701965332e-05,0.912242591381073,7.708245754241943,2.34132981300354,True,1.0,0.25,10,0.0039215851575136,0.0,9,0,0.338920533657074,0.0356767103075981,0.0336878262460231,0.33892056623152106,0.035676710382758894,0.3032438531517982,0.8947343007848404,True,10.060625076293944,1.059038758277893,9.001586318016052,0.8947342982919294,0.0,0.0,0.0,0.0770599916577339,0.909449338912964,False,False,True,output/resnet18_localisation_attack_preserve_cls_full_archive_v2/exact_archive/official_test/facedancer/scan/singapore-flickr_F_33574462985_422fca6322_c__0bcbb70ca2c9__exact.npz,08dc222688cde045b57775024f3a41601fc920bbfa20093767ca54c2900d5282,3784695,float32,float32,512,864,resnet_exact_archive_v1,official_test,0.0,0.5,0.5,content_mask,True,True,0.03368782472493888,10.060624839947602,1.059038708318488,0.533489262173081,0.059040328868098374,-0.4744489333049826,0.8893317390726717,0.533489262173081,0.533489262173081,0.533489262173081,0.0,0.6543424129486084,False,0.059040328868098374,0.059040328868098374,0.059040328868098374,0.0,0.595078706741333,False,14109,418816,15.836263294796305,1.752571718422389,0.49980143744814215,0.025352504143159496,False,True,True,False,False,False,False,False
official_test,facedancer,singapore-flickr_F_36921282312_c8e6a2674d_c,scan,test/attack/facedancer/scan/singapore-flickr_F_36921282312_c8e6a2674d_c.jpg,0.99951171875,0.9995469450950624,3.522634506225586e-05,0.9592688083648682,7.699087142944336,3.159175395965576,True,1.0,0.25,10,0.0039215851575136,0.0,10,0,0.3074291348457336,0.0,0.0324561335146427,0.307429165713806,0.0,0.3074291348457336,1.0,True,9.472143173217772,0.0,9.472143173217772,1.0,0.0,0.0,0.0,0.0710248798131942,0.9270799160003662,False,False,True,output/resnet18_localisation_attack_preserve_cls_full_archive_v2/exact_archive/official_test/facedancer/scan/singapore-flickr_F_36921282312_c8e6a2674d_c__c817f81be7f4__exact.npz,03b7ccc5c07ee55ac9c8893d716e0f681b3a285d406c80ed00550f17f9d70fd7,3874417,float32,float32,512,864,resnet_exact_archive_v1,official_test,0.0,0.5,0.5,content_mask,True,True,0.03245613200365408,9.472144298624187,0.0,0.5046544015245914,0.0,-0.5046544015245914,1.0,0.5046544015245914,0.5046544015245914,0.5046544015245914,0.0,0.7256066203117371,False,0.0,0.0,0.0,0.0,0.5355603694915771,False,13643,420352,15.548815289134723,0.0,0.4721982695209373,-0.03245613200365408,False,True,True,False,False,False,False,False
official_test,facedancer,singapore-flickr_F_40795084473_21fafd815e_c,huawei,test/attack/facedancer/huawei/singapore-flickr_F_40795084473_21fafd815e_c.jpg,0.94677734375,0.946562886238098,0.0002144575119018,0.9649930000305176,2.874331474304199,3.316571950912476,True,1.0,0.25,10,0.0029412410221993,0.0,10,0,0.3278364241123199,0.0,0.033359944820404,0.3278363962219233,0.0,0.3278363943099975,1.0,True,9.827245712280272,0.0,9.827245712280272,1.0,0.0,0.0,0.0,0.0837646350264549,0.926743984222412,False,False,True,output/resnet18_localisation_attack_preserve_cls_full_archive_v2/exact_archive/official_test/facedancer/huawei/singapore-flickr_F_40795084473_21fafd815e_c__366ab645cf5e__exact.npz,ccd3ec3a0f7fcc943bdf90e6761cc52d904571e9da52b5d2086add7b4e47668d,3249870,float32,float32,512,864,resnet_exact_archive_v1,official_test,0.0,0.5,0.5,content_mask,True,True,0.03335994525547445,9.827246229312218,0.0,0.5702279202279202,0.0,-0.5702279202279202,1.0,0.5702279202279202,0.5702279202279202,0.5702279202279202,0.0,0.6831122040748596,False,0.0,0.0,0.0,0.0,0.5679987668991089,False,14040,420864,17.0931911266954,0.0,0.5368679749724458,-0.03335994525547445,False,True,True,False,False,False,False,False
official_test,facedancer,singapore-flickr_F_40795084473_21fafd815e_c,iphone15,test/attack/facedancer/iphone15/singapore-flickr_F_40795084473_21fafd815e_c.jpg,1.0,0.999924898147583,7.510185241699219e-05,0.994034707546234,9.496562957763672,5.115804672241211,True,1.0,0.25,10,0.0039215851575136,0.0,6,0,0.3080120682716369,4.097404962521978e-05,0.0322479456663131,0.3080120620083575,4.0974045444246264e-05,0.3079710942256497,0.9998669725945891,True,9.551369667053224,0.0012705939589068,9.550099073094316,0.9998669725910316,0.0,0.0,0.0,0.0659798085689544,0.9490953087806702,False,False,True,output/resnet18_localisation_attack_preserve_cls_full_archive_v2/exact_archive/official_test/facedancer/iphone15/singapore-flickr_F_40795084473_21fafd815e_c__d8f1970ec246__exact.npz,aff32760ac0af56074a289d447e9f3fd2b771bb30b26edffa4dc828315cbb5c1,3866959,float32,float32,512,864,resnet_exact_archive_v1,official_test,0.0,0.5,0.5,content_mask,True,True,0.032247947080291973,9.551369618706556,0.0012705939184974402,0.5134836427939876,0.0,-0.5134836427939876,1.0,0.5134836427939876,0.5134836427939876,0.5134836427939876,0.0,0.7208940982818604,False,0.0,0.0,0.0,0.0,0.4403640329837799,False,13572,420864,15.922987020398525,0.0,0.4812356957136956,-0.032247947080291973,False,True,True,False,False,False,False,False
official_test,facedancer,singapore-flickr_F_9641749325_1a753f74b2_c,huawei,test/attack/facedancer/huawei/singapore-flickr_F_9641749325_1a753f74b2_c.jpg,1.0,0.9999852180480956,1.4781951904296877e-05,0.9987956285476683,11.122133255004885,6.720621109008789,True,1.0,0.25,10,0.0039215851575136,0.0,10,0,0.3027379214763641,0.0,0.0317999087274074,0.3027379543303006,0.0,0.3027379810810089,1.0,True,9.520089149475098,0.0,9.520089149475098,1.0,0.0,0.0,0.0,0.0450381487607955,0.949726104736328,False,False,True,output/resnet18_localisation_attack_preserve_cls_full_archive_v2/exact_archive/official_test/facedancer/huawei/singapore-flickr_F_9641749325_1a753f74b2_c__935f5521379d__exact.npz,8e3ee9a0ec7c3ae2257b2e3f5e31fdb5da862fefe9c96ab56526701a01e186f2,3708496,float32,float32,512,864,resnet_exact_archive_v1,official_test,0.0,0.5,0.5,content_mask,True,True,0.03179990898058253,9.520088705761914,0.0,0.49455873583780563,0.0,-0.49455873583780563,1.0,0.49455873583780563,0.49455873583780563,0.49455873583780563,0.0,0.6111742854118347,False,0.0,0.0,0.0,0.0,0.5361140966415405,False,13416,421888,15.552206018570374,0.0,0.4627588268572231,-0.03179990898058253,False,True,True,False,False,False,False,False
official_test,facedancer,singapore-flickr_M_21893334161_8c8b011508_k,huawei,test/attack/facedancer/huawei/singapore-flickr_M_21893334161_8c8b011508_k.jpg,0.6259765625,0.6244941353797913,0.0014824271202087,0.5035156011581421,0.5086678266525269,0.0140627212822437,True,1.0,0.25,10,0.0001608998718438,0.0,10,10,0.2764081358909607,0.2277799546718597,0.0320079661905765,0.2764081559684907,0.22777996778750254,0.0486281961202621,0.17592891935696564,True,8.635604858398438,7.116352081298828,1.5192527770996094,0.1759289363063064,0.0,0.0,0.0,0.9726585149765016,0.1306110173463821,False,False,True,output/resnet18_localisation_attack_preserve_cls_full_archive_v2/exact_archive/official_test/facedancer/huawei/singapore-flickr_M_21893334161_8c8b011508_k__6ac1498df860__exact.npz,29ffe3157c33d9138f8d709c91e7a91bf652b05db9db7bca3999e6a4de5f7698,2889724,float32,float32,512,864,resnet_exact_archive_v1,official_test,0.0,0.5,0.5,content_mask,True,True,0.03200796456812652,8.635605534371827,7.11635278471676,0.5418305990646574,0.2679830747531735,-0.27384752431148385,0.5054117002329085,0.5418305990646574,0.5418305990646574,0.5418305990646574,0.0,0.5770354866981506,False,0.2679830747531735,0.2679830747531735,0.2679830747531735,0.0,0.5293118357658386,False,13471,420864,16.92799296598233,8.372387259514484,0.5098226344965309,0.235975110185047,False,True,True,False,False,False,False,False
official_test,facedancer,singapore-flickr_M_21893334161_8c8b011508_k,iphone15,test/attack/facedancer/iphone15/singapore-flickr_M_21893334161_8c8b011508_k.jpg,0.74267578125,0.7425643801689148,0.0001114010810852,0.898658037185669,1.059340000152588,2.1824021339416504,True,1.0,0.25,10,0.0029412410221993,0.0,10,0,0.3700048923492431,0.0,0.0359456576406955,0.3700049016994803,0.0,0.3700048923492431,1.0,True,10.293451309204102,0.0,10.293451309204102,1.0,0.0,0.0,0.0,0.1197083592414856,0.8867727518081665,False,False,True,output/resnet18_localisation_attack_preserve_cls_full_archive_v2/exact_archive/official_test/facedancer/iphone15/singapore-flickr_M_21893334161_8c8b011508_k__06ddf98390de__exact.npz,84799b959676307a2004e73b7fa26effd99010bd87bb2047470d8280b7479d19,3715292,float32,float32,512,864,resnet_exact_archive_v1,official_test,0.0,0.5,0.5,content_mask,True,True,0.035945658015970515,10.293451897169016,0.0,0.6221213537147053,0.0,-0.6221213537147053,1.0,0.6221213537147053,0.6221213537147053,0.6221213537147053,0.0,0.5352632999420166,False,0.0,0.0,0.0,0.0,0.6028366088867188,False,14981,416768,17.30727403677794,0.0,0.5861756956987348,-0.035945658015970515,False,True,True,False,False,False,False,False
official_test,facedancer,singapore-flickr_M_21893334161_8c8b011508_k,scan,test/attack/facedancer/scan/singapore-flickr_M_21893334161_8c8b011508_k.jpg,0.78662109375,0.7869477272033691,0.0003266334533691,0.8106987476348877,1.3066242933273315,1.4545567035675049,True,1.0,0.25,10,0.0039215772412717,0.0,10,0,0.3322039246559143,0.0,0.0320594236254692,0.3322038995302345,0.0,0.3322038650512695,1.0,True,10.362128257751465,0.0,10.362128257751465,1.0,0.0,0.0,0.0,0.0470091514289379,0.9669619202613832,False,False,True,output/resnet18_localisation_attack_preserve_cls_full_archive_v2/exact_archive/official_test/facedancer/scan/singapore-flickr_M_21893334161_8c8b011508_k__532a4b458fa9__exact.npz,3d2fea88523d36ad0d226763e2ba6076b29fa9a5e25b652dda67dde7a1d6c4c6,3451507,float32,float32,512,864,resnet_exact_archive_v1,official_test,0.0,0.5,0.5,content_mask,True,True,0.03205942466381418,10.362129171494354,0.0,0.46466075817382885,0.0,-0.46466075817382885,1.0,0.46466075817382885,0.46466075817382885,0.46466075817382885,0.0,0.5218331217765808,False,0.0,0.0,0.0,0.0,0.40364471077919006,False,13427,418816,14.493733529107791,0.0,0.4326013335100147,-0.03205942466381418,False,True,True,False,False,False,False,False
official_test,facedancer,singapore-flickr_M_22512816725_a88536de72_c,huawei,test/attack/facedancer/huawei/singapore-flickr_M_22512816725_a88536de72_c.jpg,0.99658203125,0.9964500665664672,0.0001319646835327,0.9997448325157166,5.637277603149414,8.273176193237305,True,1.0,0.25,10,0.0039215772412717,0.0,10,0,0.3272186815738678,0.0,0.0349141843616962,0.32721868472276566,0.0,0.3272186815738678,1.0,True,9.37208366394043,0.0,9.37208366394043,1.0,0.0,0.0,0.0,0.0922427475452423,0.9069947004318236,False,False,True,output/resnet18_localisation_attack_preserve_cls_full_archive_v2/exact_archive/official_test/facedancer/huawei/singapore-flickr_M_22512816725_a88536de72_c__a44788bd670d__exact.npz,565ea45c529ea676dcd5d1ceb88ced0e2c5c368f4f3700c0d1541ba4f23ce444,3613835,float32,float32,512,864,resnet_exact_archive_v1,official_test,0.0,0.5,0.5,content_mask,True,True,0.034914185905224784,9.372084046610938,0.0,0.5466965742251223,0.0,-0.5466965742251223,1.0,0.5466965742251223,0.5466965742251223,0.5466965742251223,0.0,0.6117985248565674,False,0.0,0.0,0.0,0.0,0.542768120765686,False,14712,421376,15.65829361478284,0.0,0.5117823883198975,-0.034914185905224784,False,True,True,False,False,False,False,False
official_test,facedancer,singapore-flickr_M_22512816725_a88536de72_c,scan,test/attack/facedancer/scan/singapore-flickr_M_22512816725_a88536de72_c.jpg,0.99609375,0.9960669875144958,2.676248550415039e-05,0.9956425428390504,5.534403800964356,5.431507110595703,True,1.0,0.25,10,0.0039215772412717,0.0,4,0,0.3179713785648346,0.0001306025660596,0.0326107628643512,0.3179713913323771,0.00013060255619470713,0.3178408058156492,0.9995892631860765,True,9.75050449371338,0.0040048910304903,9.746499602682889,0.9995892631983224,0.0,0.0,0.0,0.0974509716033935,0.9038711786270142,False,False,True,output/resnet18_localisation_attack_preserve_cls_full_archive_v2/exact_archive/official_test/facedancer/scan/singapore-flickr_M_22512816725_a88536de72_c__8e81387b0742__exact.npz,2e4ba3680ce4d2971736ef24a43d00df98eb6cf38a228c929cdb43ba9c9fb194,4034393,float32,float32,512,864,resnet_exact_archive_v1,official_test,0.0,0.5,0.5,content_mask,True,True,0.03261076431181486,9.750504106313642,0.0040048909907760095,0.5495331193463671,0.0,-0.5495331193463671,1.0,0.5495331193463671,0.5495331193463671,0.5495331193463671,0.0,0.6748812198638916,False,0.0,0.0,0.0,0.0,0.6711945533752441,False,13708,420352,16.851279966697117,0.0,0.5169223550345522,-0.03261076431181486,False,True,True,False,False,False,False,False
official_test,facedancer,singapore-flickr_M_22942161980_136669b7da_c,iphone15,test/attack/facedancer/iphone15/singapore-flickr_M_22942161980_136669b7da_c.jpg,0.99951171875,0.9994633793830872,4.83393669128418e-05,0.9769087433815002,7.529682636260986,3.7449371814727774,True,1.0,0.25,10,0.0039215851575136,0.0,10,0,0.345214694738388,0.0,0.0347708910703659,0.34521465063443263,0.0,0.3452146351337433,1.0,True,9.928265571594238,0.0,9.928265571594238,1.0,0.0,0.0,0.0,0.03244648873806,0.970680832862854,False,False,True,output/resnet18_localisation_attack_preserve_cls_full_archive_v2/exact_archive/official_test/facedancer/iphone15/singapore-flickr_M_22942161980_136669b7da_c__17996c9f3195__exact.npz,3e3b625d1daf779f2050f27f3dfc7f9692be35aff850024d878a43e8dd3b6cb9,3834753,float32,float32,512,864,resnet_exact_archive_v1,official_test,0.0,0.5,0.5,content_mask,True,True,0.03477089077818627,9.928265940514965,0.0,0.5368623941625937,0.0,-0.5368623941625937,1.0,0.5368623941625937,0.5368623941625937,0.5368623941625937,0.0,0.619304358959198,False,0.0,0.0,0.0,0.0,0.606637179851532,False,14527,417792,15.43999541419277,0.0,0.5020915033844074,-0.03477089077818627,False,True,True,False,False,False,False,False
official_test,facedancer,singapore-flickr_M_22942161980_136669b7da_c,scan,test/attack/facedancer/scan/singapore-flickr_M_22942161980_136669b7da_c.jpg,1.0,0.9999877214431764,1.2278556823730469e-05,0.9989468455314636,11.307408332824709,6.8548736572265625,True,1.0,0.25,10,0.0039215851575136,0.0,10,0,0.3270541429519653,0.0743060111999511,0.0330646410584449,0.3270541334873736,0.07430600667144593,0.2527481317520141,0.7728021172546513,True,9.891356468200684,2.247295379638672,7.644061088562012,0.7728021038506286,0.0,0.0,0.0,0.4318975210189819,0.7134048938751221,False,False,True,output/resnet18_localisation_attack_preserve_cls_full_archive_v2/exact_archive/official_test/facedancer/scan/singapore-flickr_M_22942161980_136669b7da_c__c71ebf67db62__exact.npz,af7b57617acb5fed88c08794e515494a829b8abbeef2e5305092338ecd02da42,3808720,float32,float32,512,864,resnet_exact_archive_v1,official_test,0.0,0.5,0.5,content_mask,True,True,0.03306463936430318,9.891356439243781,2.2472952404757582,0.556686886192952,0.0,-0.556686886192952,1.0,0.556686886192952,0.556686886192952,0.556686886192952,0.0,0.724835991859436,False,0.0,0.0,0.0,0.0,0.5455294251441956,False,13848,418816,16.83632112419031,0.0,0.5236222468286489,-0.03306463936430318,False,True,True,False,False,False,False,False
official_test,facedancer,singapore-flickr_M_23543328125_d9409d5ae0_c,huawei,test/attack/facedancer/huawei/singapore-flickr_M_23543328125_d9409d5ae0_c.jpg,0.99951171875,0.9995124340057372,7.152557373046875e-07,0.9993126392364502,7.625636100769043,7.281964302062988,True,1.0,0.25,10,0.0029412410221993,0.0,10,0,0.2977968752384186,0.0,0.0332916863262653,0.29779689263860715,0.0,0.2977968752384186,1.0,True,8.945082664489746,0.0,8.945082664489746,1.0,0.0,0.0,0.0,0.1456788331270218,0.8391128182411194,False,False,True,output/resnet18_localisation_attack_preserve_cls_full_archive_v2/exact_archive/official_test/facedancer/huawei/singapore-flickr_M_23543328125_d9409d5ae0_c__d6363ad158c6__exact.npz,cbbcade0f4622e9dde028c27f1688a8bda387a0e0c55999e5eb806563d0f6bc5,3623670,float32,float32,512,864,resnet_exact_archive_v1,official_test,0.0,0.5,0.5,content_mask,True,True,0.03329168581495098,8.945082994411456,0.0,0.5371342296354878,0.0,-0.5371342296354878,1.0,0.5371342296354878,0.5371342296354878,0.5371342296354878,0.0,0.6722078323364258,False,0.0,0.0,0.0,0.0,0.6519123911857605,False,13909,417792,16.134185352496207,0.0,0.5038425438205368,-0.03329168581495098,False,True,True,False,False,False,False,False
official_test,facedancer,singapore-flickr_M_24170605047_501e882ccc_o,iphone15,test/attack/facedancer/iphone15/singapore-flickr_M_24170605047_501e882ccc_o.jpg,0.99951171875,0.9997509121894836,0.0002391934394836,0.9916267395019532,8.297229766845703,4.774310111999512,True,1.0,0.25,10,0.0039215851575136,0.0,10,0,0.332372784614563,0.0,0.0344781465828418,0.33237276828485607,0.0,0.3323727548122406,1.0,True,9.640098571777344,0.0,9.640098571777344,1.0,0.0,0.0,0.0,0.0474871955811977,0.9479154348373412,False,False,True,output/resnet18_localisation_attack_preserve_cls_full_archive_v2/exact_archive/official_test/facedancer/iphone15/singapore-flickr_M_24170605047_501e882ccc_o__a619f406e15b__exact.npz,df5c8ee3a1fd84a7c9e03d2a6f802d09c0336caa1bd037f38eb6186603d1c664,3954227,float32,float32,512,864,resnet_exact_archive_v1,official_test,0.0,0.5,0.5,content_mask,True,True,0.03447814792176039,9.640099260525643,0.0,0.5656509695290859,0.0,-0.5656509695290859,1.0,0.5656509695290859,0.5656509695290859,0.5656509695290859,0.0,0.7016323804855347,False,0.0,0.0,0.0,0.0,0.5672559142112732,False,14440,418816,16.406071776613132,0.0,0.5311728216073255,-0.03447814792176039,False,True,True,False,False,False,False,False
official_test,facedancer,singapore-flickr_M_30456580904_06749c0622_c,iphone15,test/attack/facedancer/iphone15/singapore-flickr_M_30456580904_06749c0622_c.jpg,0.9990234375,0.9990279674530028,4.529953002929688e-06,0.9991359114646912,6.935146808624268,7.052892684936523,True,1.0,0.25,10,0.0039215851575136,0.0,10,0,0.3226366341114044,0.0,0.0330767333507537,0.32263663581875907,0.0,0.322636604309082,1.0,True,9.754186630249023,0.0,9.754186630249023,1.0,0.0,0.0,0.0,0.0562450364232063,0.9328742623329164,False,False,True,output/resnet18_localisation_attack_preserve_cls_full_archive_v2/exact_archive/official_test/facedancer/iphone15/singapore-flickr_M_30456580904_06749c0622_c__c35b75bbd6d6__exact.npz,0aea086560d9e3891058e318ca7c4246b10ef9ea3b75d96a38d35392f696fbf9,4157415,float32,float32,512,864,resnet_exact_archive_v1,official_test,0.0,0.5,0.5,content_mask,True,True,0.033076732295482296,9.754187110642293,0.0,0.5156452775775054,0.0,-0.5156452775775054,1.0,0.5156452775775054,0.5156452775775054,0.5156452775775054,0.0,0.715232253074646,False,0.0,0.0,0.0,0.0,0.6140155792236328,False,13870,419328,15.5893657502538,0.0,0.48256854528202314,-0.033076732295482296,False,True,True,False,False,False,False,False
official_test,facedancer,singapore-flickr_M_30518529884_4cf8f091df_c,iphone15,test/attack/facedancer/iphone15/singapore-flickr_M_30518529884_4cf8f091df_c.jpg,0.99951171875,0.9994195699691772,9.21487808227539e-05,0.9931538105010986,7.4510498046875,4.977195739746094,True,1.0,0.25,10,0.0039215851575136,0.0,10,0,0.4052003622055053,0.0,0.0402975641191005,0.4052003474774759,0.0,0.405200332403183,1.0,True,10.055206298828123,0.0,10.055206298828123,1.0,0.0,0.0,0.0,0.0463854037225246,0.942651093006134,False,False,True,output/resnet18_localisation_attack_preserve_cls_full_archive_v2/exact_archive/official_test/facedancer/iphone15/singapore-flickr_M_30518529884_4cf8f091df_c__bde10a05e0fb__exact.npz,7a1c0842d1d01a0c2a20d7223a8d0e30f92d194d568c1b6019fe2ce7e0958443,4137710,float32,float32,512,864,resnet_exact_archive_v1,official_test,0.0,0.5,0.5,content_mask,True,True,0.040297564338235295,10.05520691217092,0.0,0.6640532192919933,0.0,-0.6640532192919933,1.0,0.6640532192919933,0.6640532192919933,0.6640532192919933,0.0,0.6721740365028381,False,0.0,0.0,0.0,0.0,0.6109545826911926,False,16836,417792,16.47874332349967,0.0,0.6237556549537581,-0.040297564338235295,False,True,True,False,False,False,False,False
official_test,facedancer,singapore-flickr_M_31226135201_5aa42a5a13_c,iphone15,test/attack/facedancer/iphone15/singapore-flickr_M_31226135201_5aa42a5a13_c.jpg,0.7578125,0.758018970489502,0.0002064704895019,0.8540816307067871,1.1418490409851074,1.766979455947876,True,1.0,0.25,10,0.0029412410221993,0.0,10,0,0.3568024635314941,0.0,0.0333833023905754,0.35680241037642796,0.0,0.3568024337291717,1.0,True,10.688051223754885,0.0,10.688051223754885,1.0,0.0,0.0,0.0,0.0777449831366539,0.9269007444381714,False,False,True,output/resnet18_localisation_attack_preserve_cls_full_archive_v2/exact_archive/official_test/facedancer/iphone15/singapore-flickr_M_31226135201_5aa42a5a13_c__90208bb84b5b__exact.npz,bdfd8845ee73ee999effe3978320a787afc9b82910232ccdcab4111c2f1394f8,3857159,float32,float32,512,864,resnet_exact_archive_v1,official_test,0.0,0.5,0.5,content_mask,True,True,0.03338330258302583,10.68805009597369,0.0,0.6454375359815774,0.0,-0.6454375359815774,1.0,0.6454375359815774,0.6454375359815774,0.6454375359815774,0.0,0.697112500667572,False,0.0,0.0,0.0,0.0,0.5479443073272705,False,13896,416256,19.334142701320342,0.0,0.6120542333985516,-0.03338330258302583,False,True,True,False,False,False,False,False
official_test,facedancer,singapore-flickr_M_31226135201_5aa42a5a13_c,scan,test/attack/facedancer/scan/singapore-flickr_M_31226135201_5aa42a5a13_c.jpg,0.9990234375,0.9988173842430116,0.0002060532569885,0.9918877482414246,6.738912582397461,4.806230545043945,True,1.0,0.25,10,0.0039215851575136,0.0,10,0,0.3452423512935638,0.0,0.0341856479644775,0.3452423861844625,0.0,0.3452423512935638,1.0,True,10.099042892456056,0.0,10.099042892456056,1.0,0.0,0.0,0.0,0.0544557943940162,0.9458214640617372,False,False,True,output/resnet18_localisation_attack_preserve_cls_full_archive_v2/exact_archive/official_test/facedancer/scan/singapore-flickr_M_31226135201_5aa42a5a13_c__ab90c8802ffa__exact.npz,24d450bbbcce77e9413a24471f59dcc8c384e3cf5f0349af84e0e5316d3ed97f,4078981,float32,float32,512,864,resnet_exact_archive_v1,official_test,0.0,0.5,0.5,content_mask,True,True,0.034185649420024423,10.099044249316936,0.0,0.5568887338681549,0.0,-0.5568887338681549,1.0,0.5568887338681549,0.5568887338681549,0.5568887338681549,0.0,0.5782468914985657,False,0.0,0.0,0.0,0.0,0.51051926612854,False,14335,419328,16.29013177505864,0.0,0.5227030844481304,-0.034185649420024423,False,True,True,False,False,False,False,False
official_test,facedancer,singapore-flickr_M_31244514601_d2cb0773d7_c,huawei,test/attack/facedancer/huawei/singapore-flickr_M_31244514601_d2cb0773d7_c.jpg,0.5068359375,0.505567193031311,0.0012687444686889,0.5035762190818787,0.0222695618867874,0.0143052637577056,True,1.0,0.25,10,3.876447863149224e-06,0.0,10,10,0.2816485464572906,0.2806187272071838,0.0335056222975254,0.2816485401612571,0.2806187327161276,0.0010298192501068,0.0036563564098004006,True,8.406009674072266,8.375273704528809,0.030735969543457,0.0036564280479309,0.0,0.0,0.0,0.9999910593032836,0.0024354320485144,False,False,True,output/resnet18_localisation_attack_preserve_cls_full_archive_v2/exact_archive/official_test/facedancer/huawei/singapore-flickr_M_31244514601_d2cb0773d7_c__ca14dfce9ad4__exact.npz,af66b2aec49641796258511ef0f4abcd945911af1f559476f49996637bd1b89f,3025071,float32,float32,512,864,resnet_exact_archive_v1,official_test,0.0,0.5,0.5,content_mask,True,True,0.03350562118902439,8.406008608893309,8.375273245435345,0.48795052249946685,0.4851780763489017,-0.0027724461505651554,0.005681818181818188,0.48795052249946685,0.48795052249946685,0.48795052249946685,0.0,0.5382381081581116,False,0.4851780763489017,0.4851780763489017,0.4851780763489017,0.0,0.5365598797798157,False,14067,419840,14.563243574761936,14.480497872632606,0.45444490131044246,0.4516724551598773,False,True,True,False,False,False,False,False
official_test,facedancer,singapore-flickr_M_31340377345_6781e5f574_k,iphone15,test/attack/facedancer/iphone15/singapore-flickr_M_31340377345_6781e5f574_k.jpg,1.0,0.9999985694885254,1.430511474609375e-06,0.999902844429016,13.468324661254885,9.23872184753418,True,1.0,0.25,10,0.0039215851575136,0.0,10,0,0.3169909715652466,0.0138062555342912,0.032992236316204,0.31699096326506065,0.013806255058888111,0.3031846880912781,0.9564459033258194,True,9.608046531677246,0.4184697866439819,9.189576745033264,0.956445903413945,0.0,0.0,0.0,0.135970339179039,0.8883661031723022,False,False,True,output/resnet18_localisation_attack_preserve_cls_full_archive_v2/exact_archive/official_test/facedancer/iphone15/singapore-flickr_M_31340377345_6781e5f574_k__9b6ea5eec130__exact.npz,baf5ea639f6fafb73badfb7559a95c858eb1f265b162ef8272dd3f1237615ecc,4294388,float32,float32,512,864,resnet_exact_archive_v1,official_test,0.0,0.5,0.5,content_mask,True,True,0.032992235429447854,9.60804744325158,0.4184698271934939,0.5229897581172369,0.0,-0.5229897581172369,1.0,0.5229897581172369,0.5229897581172369,0.5229897581172369,0.0,0.672004222869873,False,0.0,0.0,0.0,0.0,0.6168817281723022,False,13767,417280,15.851904283225148,0.0,0.48999752268778907,-0.032992235429447854,False,True,True,False,False,False,False,False
official_test,facedancer,singapore-flickr_M_31340377345_6781e5f574_k,scan,test/attack/facedancer/scan/singapore-flickr_M_31340377345_6781e5f574_k.jpg,1.0,0.9999725818634032,2.7418136596679688e-05,0.9977933168411256,10.504237174987791,6.114070415496826,True,1.0,0.25,10,0.0039215851575136,0.0,10,0,0.3322416841983795,0.0,0.03414973244071,0.33224164789676697,0.0,0.3322416543960571,1.0,True,9.728968620300291,0.0,9.728968620300291,1.0,0.0,0.0,0.0,0.036870427429676,0.964237093925476,False,False,True,output/resnet18_localisation_attack_preserve_cls_full_archive_v2/exact_archive/official_test/facedancer/scan/singapore-flickr_M_31340377345_6781e5f574_k__3972172d23c1__exact.npz,2742ef102f8f194423d5596f14979c91b5cdcd032b51dac85f80557891936ef7,4088684,float32,float32,512,864,resnet_exact_archive_v1,official_test,0.0,0.5,0.5,content_mask,True,True,0.03414973159509203,9.728968058551784,0.0,0.5298947368421053,0.0,-0.5298947368421053,1.0,0.5298947368421053,0.5298947368421053,0.5298947368421053,0.0,0.6588391661643982,False,0.0,0.0,0.0,0.0,0.6358404159545898,False,14250,417280,15.516805318559557,0.0,0.49574500524701326,-0.03414973159509203,False,True,True,False,False,False,False,False
official_test,facedancer,singapore-flickr_M_33525333882_5cf0c0382a_k,iphone15,test/attack/facedancer/iphone15/singapore-flickr_M_33525333882_5cf0c0382a_k.jpg,0.9892578125,0.9894325733184814,0.0001747608184814,0.9810307025909424,4.539352416992188,3.945779323577881,True,1.0,0.25,10,0.0039215772412717,0.0,10,0,0.3552079200744629,0.0,0.0364072099328041,0.35520789906304784,0.0,0.3552079200744629,1.0,True,9.756526947021484,0.0,9.756526947021484,1.0,0.0,0.0,0.0,0.0847273766994476,0.9137883186340332,False,False,True,output/resnet18_localisation_attack_preserve_cls_full_archive_v2/exact_archive/official_test/facedancer/iphone15/singapore-flickr_M_33525333882_5cf0c0382a_k__f999084af5ef__exact.npz,b9453dfed905adf82defa78dd59baaf9a1c316954d596104cfe0d7a3a11221c6,3824217,float32,float32,512,864,resnet_exact_archive_v1,official_test,0.0,0.5,0.5,content_mask,True,True,0.03640720858895705,9.756526600910256,0.0,0.5407451290152712,0.0,-0.5407451290152712,1.0,0.5407451290152712,0.5407451290152712,0.5407451290152712,0.0,0.6572524905204773,False,0.0,0.0,0.0,0.0,0.6230979561805725,False,15192,417280,14.85269401234152,0.0,0.5043379204263141,-0.03640720858895705,False,True,True,False,False,False,False,False
official_test,facedancer,singapore-flickr_M_33525333882_5cf0c0382a_k,scan,test/attack/facedancer/scan/singapore-flickr_M_33525333882_5cf0c0382a_k.jpg,1.0,0.9999302625656128,6.973743438720703e-05,0.999947428703308,9.570701599121094,9.85411262512207,True,1.0,0.25,10,0.0039215851575136,0.0,10,0,0.3320182263851166,0.0,0.0349490270018577,0.3320182493057087,0.0,0.3320182263851166,1.0,True,9.500070571899414,0.0,9.500070571899414,1.0,0.0,0.0,0.0,0.0468145608901977,0.942537784576416,False,False,True,output/resnet18_localisation_attack_preserve_cls_full_archive_v2/exact_archive/official_test/facedancer/scan/singapore-flickr_M_33525333882_5cf0c0382a_k__5049ba332fd7__exact.npz,a30d75eda5a2f55851d0ae207013faea0bac3aad85491e16fda93feecf6bb2e1,4292457,float32,float32,512,864,resnet_exact_archive_v1,official_test,0.0,0.5,0.5,content_mask,True,True,0.03494902820121951,9.500071000375435,0.0,0.5023512574115723,0.0,-0.5023512574115723,1.0,0.5023512574115723,0.5023512574115723,0.5023512574115723,0.0,0.5867917537689209,False,0.0,0.0,0.0,0.0,0.6727595925331116,False,14673,419840,14.373826205389117,0.0,0.46740222921035274,-0.03494902820121951,False,True,True,False,False,False,False,False
official_test,facedancer,singapore-flickr_M_50611940256_8405427c78_k,huawei,test/attack/facedancer/huawei/singapore-flickr_M_50611940256_8405427c78_k.jpg,1.0,0.9999932050704956,6.794929504394531e-06,0.9997983574867249,11.899837493896484,8.508795738220215,True,1.0,0.25,10,0.0039215851575136,0.0,5,0,0.3040829300880432,0.0009455588879063,0.0332771427929401,0.30408292671001,0.0009455589311591235,0.3031373712001368,0.9968904570164807,True,9.13789176940918,0.0284146647900342,9.109477104619144,0.9968904572841236,0.0,0.0,0.0,0.1177084818482399,0.8873869180679321,False,False,True,output/resnet18_localisation_attack_preserve_cls_full_archive_v2/exact_archive/official_test/facedancer/huawei/singapore-flickr_M_50611940256_8405427c78_k__31e21acef822__exact.npz,2c17fe82468e244623b0d2989016c865a0cb547e486c52296c5ad2d579c24507,3784027,float32,float32,512,864,resnet_exact_archive_v1,official_test,0.0,0.5,0.5,content_mask,True,True,0.033277143184596576,9.1378915859209,0.028414666665160328,0.5436607591303724,0.0,-0.5436607591303724,1.0,0.5436607591303724,0.5436607591303724,0.5436607591303724,0.0,0.6983783841133118,False,0.0,0.0,0.0,0.0,0.5939088463783264,True,13937,418816,16.337362739179596,0.0,0.5103836159457757,-0.033277143184596576,False,True,True,False,False,False,False,False
official_test,facedancer,singapore-flickr_M_50611940256_8405427c78_k,iphone15,test/attack/facedancer/iphone15/singapore-flickr_M_50611940256_8405427c78_k.jpg,1.0,0.9998244643211364,0.0001755356788635,0.9979520440101624,8.647393226623535,6.188872337341309,True,1.0,0.25,10,0.0039215851575136,0.0,10,0,0.3339263200759887,0.0,0.033823050558567,0.33392629409939023,0.0,0.333926260471344,1.0,True,9.872742652893066,0.0,9.872742652893066,1.0,0.0,0.0,0.0,0.0857151001691818,0.9197207689285278,False,False,True,output/resnet18_localisation_attack_preserve_cls_full_archive_v2/exact_archive/official_test/facedancer/iphone15/singapore-flickr_M_50611940256_8405427c78_k__ae5b2758849d__exact.npz,7ea8d7559d9fea7a036fb19e3d79d00b6603b6e43844dfa93e08b5abe09364a6,4104032,float32,float32,512,864,resnet_exact_archive_v1,official_test,0.0,0.5,0.5,content_mask,True,True,0.03382305070465686,9.872743207442676,0.0,0.6413558842261694,0.0,-0.6413558842261694,1.0,0.6413558842261694,0.6413558842261694,0.6413558842261694,0.0,0.7182743549346924,False,0.0,0.0,0.0,0.0,0.5575241446495056,False,14131,417792,18.962094514374055,0.0,0.6075328335215125,-0.03382305070465686,False,True,True,False,False,False,False,False
