image_path,file_stem,variant,hardware_source,eval_split,A_union,RRA_K,RRA_N_valid,RRA_clean,RRA_clean_cutoff_tie,RRA_clean_tie_expected,RRA_clean_tie_min,RRA_clean_tie_max,RRA_clean_tie_width,RRA_adv,RRA_adv_cutoff_tie,RRA_adv_tie_expected,RRA_adv_tie_min,RRA_adv_tie_max,RRA_adv_tie_width
train/attack/digital_1/huawei/arabic-024_03.jpg,arabic-024_03,digital_1,huawei,dev_val,0.1147261877997602,48989,427008,0.6834595521443589,False,0.6834595521443589,0.6834595521443589,0.6834595521443589,0.0,0.049541733858621324,False,0.049541733858621324,0.049541733858621324,0.049541733858621324,0.0
train/attack/digital_1/iphone15pro/arabic-024_03.jpg,arabic-024_03,digital_1,iphone15pro,dev_val,0.10770123689889026,44721,415232,0.7411059681134142,False,0.7411059681134142,0.7411059681134142,0.7411059681134142,0.0,0.041278146731960376,False,0.041278146731960376,0.041278146731960376,0.041278146731960376,0.0
train/attack/digital_1/scan/arabic-024_03.jpg,arabic-024_03,digital_1,scan,dev_val,0.11709031780946602,49399,421888,0.8011700641713395,False,0.8011700641713395,0.8011700641713395,0.8011700641713395,0.0,0.20233203101277353,False,0.20233203101277353,0.20233203101277353,0.20233203101277353,0.0
train/attack/digital_1/huawei/arabic-120_03.jpg,arabic-120_03,digital_1,huawei,dev_val,0.1422341488238842,60371,424448,0.8123602391876894,False,0.8123602391876894,0.8123602391876894,0.8123602391876894,0.0,0.15611800367726225,False,0.15611800367726225,0.15611800367726225,0.15611800367726225,0.0
train/attack/digital_1/iphone15pro/arabic-120_03.jpg,arabic-120_03,digital_1,iphone15pro,dev_val,0.13355688955269607,55799,417792,0.8148712342515099,False,0.8148712342515099,0.8148712342515099,0.8148712342515099,0.0,0.040215774476245095,False,0.040215774476245095,0.040215774476245095,0.040215774476245095,0.0
train/attack/digital_1/scan/arabic-120_03.jpg,arabic-120_03,digital_1,scan,dev_val,0.15913068007955936,66565,418304,0.741140238864268,False,0.741140238864268,0.741140238864268,0.741140238864268,0.0,0.0652895665890483,False,0.0652895665890483,0.0652895665890483,0.0652895665890483,0.0
train/attack/digital_1/huawei/arabic-NF-1048.jpg,arabic-NF-1048,digital_1,huawei,dev_val,0.19323848983616504,81525,421888,0.7386445875498313,False,0.7386445875498313,0.7386445875498313,0.7386445875498313,0.0,0.08629254829806808,False,0.08629254829806808,0.08629254829806808,0.08629254829806808,0.0
train/attack/digital_1/iphone15pro/arabic-NF-1048.jpg,arabic-NF-1048,digital_1,iphone15pro,dev_val,0.2060628352205006,88518,429568,0.7715944779592852,False,0.7715944779592852,0.7715944779592852,0.7715944779592852,0.0,0.1216023859553989,False,0.1216023859553989,0.1216023859553989,0.1216023859553989,0.0
train/attack/digital_1/scan/arabic-NF-1048.jpg,arabic-NF-1048,digital_1,scan,dev_val,0.20559547767314704,86633,421376,0.7585446654277238,False,0.7585446654277238,0.7585446654277238,0.7585446654277238,0.0,0.24401786847967866,True,0.257871954029693,0.24401786847967866,0.3161497350894001,0.07213186660972143
train/attack/digital_1/huawei/arabic-NF-1098.jpg,arabic-NF-1098,digital_1,huawei,dev_val,0.20522086251522534,86265,420352,0.7500492667941807,True,0.7500492667941807,0.7500492667941807,0.7500492667941807,0.0,0.1269344461832725,False,0.1269344461832725,0.1269344461832725,0.1269344461832725,0.0
train/attack/digital_1/iphone15pro/arabic-NF-1098.jpg,arabic-NF-1098,digital_1,iphone15pro,dev_val,0.21871028334330145,93615,428032,0.7132938097527106,False,0.7132938097527106,0.7132938097527106,0.7132938097527106,0.0,0.0788442023180046,False,0.0788442023180046,0.0788442023180046,0.0788442023180046,0.0
train/attack/digital_1/scan/arabic-NF-1098.jpg,arabic-NF-1098,digital_1,scan,dev_val,0.20528985231425093,86294,420352,0.7670289939045588,False,0.7670289939045588,0.7670289939045588,0.7670289939045588,0.0,0.1847984796161958,False,0.1847984796161958,0.1847984796161958,0.1847984796161958,0.0
train/attack/digital_1/huawei/arabic-NM-1090.jpg,arabic-NM-1090,digital_1,huawei,dev_val,0.22399607487922704,94960,423936,0.7299389216512215,False,0.7299389216512215,0.7299389216512215,0.7299389216512215,0.0,0.16955560235888795,False,0.16955560235888795,0.16955560235888795,0.16955560235888795,0.0
train/attack/digital_1/iphone15pro/arabic-NM-1090.jpg,arabic-NM-1090,digital_1,iphone15pro,dev_val,0.19044309847066168,78103,410112,0.7765258696849032,False,0.7765258696849032,0.7765258696849032,0.7765258696849032,0.0,0.026016926366464795,False,0.026016926366464795,0.026016926366464795,0.026016926366464795,0.0
train/attack/digital_1/scan/arabic-NM-1090.jpg,arabic-NM-1090,digital_1,scan,dev_val,0.22521897949816402,94210,418304,0.695594947457807,False,0.695594947457807,0.695594947457807,0.695594947457807,0.0,0.08104235219191169,False,0.08104235219191169,0.08104235219191169,0.08104235219191169,0.0
train/attack/digital_1/huawei/chinese-001_03.jpg,chinese-001_03,digital_1,huawei,dev_val,0.13946672418967587,59482,426496,0.729279445882788,False,0.729279445882788,0.729279445882788,0.729279445882788,0.0,0.12319693352610873,False,0.12319693352610873,0.12319693352610873,0.12319693352610873,0.0
train/attack/digital_1/iphone15pro/chinese-001_03.jpg,chinese-001_03,digital_1,iphone15pro,dev_val,0.1416015625,58435,412672,0.7611705313596303,False,0.7611705313596303,0.7611705313596303,0.7611705313596303,0.0,0.10901001112347053,False,0.10901001112347053,0.10901001112347053,0.10901001112347053,0.0
train/attack/digital_1/scan/chinese-001_03.jpg,chinese-001_03,digital_1,scan,dev_val,0.14077321756425948,58886,418304,0.7492443025506912,False,0.7492443025506912,0.7492443025506912,0.7492443025506912,0.0,0.10858268518832999,False,0.10858268518832999,0.10858268518832999,0.10858268518832999,0.0
train/attack/digital_1/huawei/chinese-113_03.jpg,chinese-113_03,digital_1,huawei,dev_val,0.13277935606060606,56086,422400,0.7644153621224548,False,0.7644153621224548,0.7644153621224548,0.7644153621224548,0.0,0.12227650394037728,False,0.12227650394037728,0.12227650394037728,0.12227650394037728,0.0
train/attack/digital_1/iphone15pro/chinese-113_03.jpg,chinese-113_03,digital_1,iphone15pro,dev_val,0.12921119888475838,53388,413184,0.7576608975799806,False,0.7576608975799806,0.7576608975799806,0.7576608975799806,0.0,0.059264254139507005,False,0.059264254139507005,0.059264254139507005,0.059264254139507005,0.0
train/attack/digital_1/scan/chinese-113_03.jpg,chinese-113_03,digital_1,scan,dev_val,0.13492618865030676,56302,417280,0.7415899968029555,False,0.7415899968029555,0.7415899968029555,0.7415899968029555,0.0,0.11630137472913929,False,0.11630137472913929,0.11630137472913929,0.11630137472913929,0.0
train/attack/digital_1/huawei/chinese-142_03.jpg,chinese-142_03,digital_1,huawei,dev_val,0.14119074894831732,60145,425984,0.7344251392468202,False,0.7344251392468202,0.7344251392468202,0.7344251392468202,0.0,0.06796907473605454,False,0.06796907473605454,0.06796907473605454,0.06796907473605454,0.0
train/attack/digital_1/iphone15pro/chinese-142_03.jpg,chinese-142_03,digital_1,iphone15pro,dev_val,0.1391281674907293,57628,414208,0.76232039980565,False,0.76232039980565,0.76232039980565,0.76232039980565,0.0,0.0764038314708128,False,0.0764038314708128,0.0764038314708128,0.0764038314708128,0.0
train/attack/digital_1/scan/chinese-142_03.jpg,chinese-142_03,digital_1,scan,dev_val,0.1404292099633252,58814,418816,0.7586799061447954,False,0.7586799061447954,0.7586799061447954,0.7586799061447954,0.0,0.1117931104838984,False,0.1117931104838984,0.1117931104838984,0.1117931104838984,0.0
train/attack/digital_1/huawei/chinese-NF-1050.jpg,chinese-NF-1050,digital_1,huawei,dev_val,0.3078448955829327,131137,425984,0.6840479803564211,False,0.6840479803564211,0.6840479803564211,0.6840479803564211,0.0,0.14073068622890564,True,0.18479400690683606,0.14073068622890564,0.262260079153862,0.12152939292495638
train/attack/digital_1/iphone15pro/chinese-NF-1050.jpg,chinese-NF-1050,digital_1,iphone15pro,dev_val,0.2957620596945137,121447,410624,0.6954391627623573,False,0.6954391627623573,0.6954391627623573,0.6954391627623573,0.0,0.07305244262929508,True,0.16367588796117355,0.07305244262929508,0.33106622641975514,0.25801378379046
train/attack/digital_1/scan/chinese-NF-1050.jpg,chinese-NF-1050,digital_1,scan,dev_val,0.311150958893643,130315,418816,0.6920692168975175,False,0.6920692168975175,0.6920692168975175,0.6920692168975175,0.0,0.1263937382496259,True,0.18903070904150573,0.1263937382496259,0.29738710048728084,0.17099336223765493
train/attack/digital_1/huawei/chinese-NF-1085.jpg,chinese-NF-1085,digital_1,huawei,dev_val,0.22257633874849578,94700,425472,0.7084477296726505,False,0.7084477296726505,0.7084477296726505,0.7084477296726505,0.0,0.1001583949313622,False,0.1001583949313622,0.1001583949313622,0.1001583949313622,0.0
train/attack/digital_1/iphone15pro/chinese-NF-1085.jpg,chinese-NF-1085,digital_1,iphone15pro,dev_val,0.2181609239802225,90364,414208,0.7263844008676021,False,0.7263844008676021,0.7263844008676021,0.7263844008676021,0.0,0.11607498561373998,False,0.11607498561373998,0.11607498561373998,0.11607498561373998,0.0
train/attack/digital_1/scan/chinese-NF-1085.jpg,chinese-NF-1085,digital_1,scan,dev_val,0.22498516007965685,93997,417792,0.7038096960541294,False,0.7038096960541294,0.7038096960541294,0.7038096960541294,0.0,0.08761981765375491,False,0.08761981765375491,0.08761981765375491,0.08761981765375491,0.0
train/attack/digital_1/huawei/chinese-NM-1092.jpg,chinese-NM-1092,digital_1,huawei,dev_val,0.22290856758373206,95412,428032,0.6351192722089465,True,0.6351192722089465,0.6351192722089465,0.6351192722089465,0.0,0.07347084224206599,False,0.07347084224206599,0.07347084224206599,0.07347084224206599,0.0
train/attack/digital_1/iphone15pro/chinese-NM-1092.jpg,chinese-NM-1092,digital_1,iphone15pro,dev_val,0.22148582893920596,91401,412672,0.7162394284526428,False,0.7162394284526428,0.7162394284526428,0.7162394284526428,0.0,0.08637761074824127,False,0.08637761074824127,0.08637761074824127,0.08637761074824127,0.0
train/attack/digital_1/scan/chinese-NM-1092.jpg,chinese-NM-1092,digital_1,scan,dev_val,0.2235330177919708,94077,420864,0.6096495423961223,False,0.6096495423961223,0.6096495423961223,0.6096495423961223,0.0,0.08209232862442467,False,0.08209232862442467,0.08209232862442467,0.08209232862442467,0.0
train/attack/digital_1/huawei/french-019_03.jpg,french-019_03,digital_1,huawei,dev_val,0.1171687874251497,50092,427520,0.7801046075221593,False,0.7801046075221593,0.7801046075221593,0.7801046075221593,0.0,0.06869360376906491,False,0.06869360376906491,0.06869360376906491,0.06869360376906491,0.0
train/attack/digital_1/iphone15pro/french-019_03.jpg,french-019_03,digital_1,iphone15pro,dev_val,0.11225991325898389,46384,413184,0.6965117281821318,False,0.6965117281821318,0.6965117281821318,0.6965117281821318,0.0,0.0628665056916178,False,0.0628665056916178,0.0628665056916178,0.0628665056916178,0.0
train/attack/digital_1/scan/french-019_03.jpg,french-019_03,digital_1,scan,dev_val,0.11768884960462288,49531,420864,0.7422422321374492,False,0.7422422321374492,0.7422422321374492,0.7422422321374492,0.0,0.16335224404918133,False,0.16335224404918133,0.16335224404918133,0.16335224404918133,0.0
train/attack/digital_1/huawei/french-114_03.jpg,french-114_03,digital_1,huawei,dev_val,0.13702974215922797,58162,424448,0.7399332897768303,False,0.7399332897768303,0.7399332897768303,0.7399332897768303,0.0,0.09712527079536468,False,0.09712527079536468,0.09712527079536468,0.09712527079536468,0.0
train/attack/digital_1/iphone15pro/french-114_03.jpg,french-114_03,digital_1,iphone15pro,dev_val,0.13626075915012406,56231,412672,0.7165620387330832,False,0.7165620387330832,0.7165620387330832,0.7165620387330832,0.0,0.050897191940388754,False,0.050897191940388754,0.050897191940388754,0.050897191940388754,0.0
train/attack/digital_1/scan/french-114_03.jpg,french-114_03,digital_1,scan,dev_val,0.13897070073439413,58132,418304,0.7686128122204637,False,0.7686128122204637,0.7686128122204637,0.7686128122204637,0.0,0.05728342393174155,False,0.05728342393174155,0.05728342393174155,0.05728342393174155,0.0
train/attack/digital_1/huawei/french-124_03.jpg,french-124_03,digital_1,huawei,dev_val,0.1266992892599278,53907,425472,0.7662084701430241,False,0.7662084701430241,0.7662084701430241,0.7662084701430241,0.0,0.15007327434284973,False,0.15007327434284973,0.15007327434284973,0.15007327434284973,0.0
train/attack/digital_1/iphone15pro/french-124_03.jpg,french-124_03,digital_1,iphone15pro,dev_val,0.11866442991955446,49091,413696,0.6126377543745289,False,0.6126377543745289,0.6126377543745289,0.6126377543745289,0.0,0.0593998900002037,False,0.0593998900002037,0.0593998900002037,0.0593998900002037,0.0
train/attack/digital_1/scan/french-124_03.jpg,french-124_03,digital_1,scan,dev_val,0.12720383175427874,53275,418816,0.6821586109807602,False,0.6821586109807602,0.6821586109807602,0.6821586109807602,0.0,0.08420459877991553,False,0.08420459877991553,0.08420459877991553,0.08420459877991553,0.0
train/attack/digital_1/huawei/french-128_03.jpg,french-128_03,digital_1,huawei,dev_val,0.11629693154402895,49362,424448,0.7527652850370731,False,0.7527652850370731,0.7527652850370731,0.7527652850370731,0.0,0.06904096268384588,False,0.06904096268384588,0.06904096268384588,0.06904096268384588,0.0
train/attack/digital_1/iphone15pro/french-128_03.jpg,french-128_03,digital_1,iphone15pro,dev_val,0.11009891946517412,45322,411648,0.5839106835532413,False,0.5839106835532413,0.5839106835532413,0.5839106835532413,0.0,0.03216980715767177,False,0.03216980715767177,0.03216980715767177,0.03216980715767177,0.0
train/attack/digital_1/scan/french-128_03.jpg,french-128_03,digital_1,scan,dev_val,0.1087334974053724,45595,419328,0.6035091567057791,False,0.6035091567057791,0.6035091567057791,0.6035091567057791,0.0,0.0761487005154074,False,0.0761487005154074,0.0761487005154074,0.0761487005154074,0.0
train/attack/digital_1/huawei/french-NF-1047.jpg,french-NF-1047,digital_1,huawei,dev_val,0.18716511166067146,79921,427008,0.7349257391674279,False,0.7349257391674279,0.7349257391674279,0.7349257391674279,0.0,0.09449331214574393,False,0.09449331214574393,0.09449331214574393,0.09449331214574393,0.0
train/attack/digital_1/iphone15pro/french-NF-1047.jpg,french-NF-1047,digital_1,iphone15pro,dev_val,0.18250679347826088,75222,412160,0.7429608359256601,False,0.7429608359256601,0.7429608359256601,0.7429608359256601,0.0,0.06309324399776661,False,0.06309324399776661,0.06309324399776661,0.06309324399776661,0.0
train/attack/digital_1/scan/french-NF-1047.jpg,french-NF-1047,digital_1,scan,dev_val,0.18519912347560977,77754,419840,0.7412094554620984,False,0.7412094554620984,0.7412094554620984,0.7412094554620984,0.0,0.06953983074825733,False,0.06953983074825733,0.06953983074825733,0.06953983074825733,0.0
train/attack/digital_1/huawei/french-NF-1082.jpg,french-NF-1082,digital_1,huawei,dev_val,0.14965204831932774,63826,426496,0.7303763356625826,False,0.7303763356625826,0.7303763356625826,0.7303763356625826,0.0,0.02719894713753016,False,0.02719894713753016,0.02719894713753016,0.02719894713753016,0.0
train/attack/digital_1/iphone15pro/french-NF-1082.jpg,french-NF-1082,digital_1,iphone15pro,dev_val,0.15288858188044832,62858,411136,0.670622673327182,False,0.670622673327182,0.670622673327182,0.670622673327182,0.0,0.04508574883069776,False,0.04508574883069776,0.04508574883069776,0.04508574883069776,0.0
train/attack/digital_1/scan/french-NF-1082.jpg,french-NF-1082,digital_1,scan,dev_val,0.15601895960365852,65503,419840,0.6014075691189716,False,0.6014075691189716,0.6014075691189716,0.6014075691189716,0.0,0.0982397752774682,False,0.0982397752774682,0.0982397752774682,0.0982397752774682,0.0
train/attack/digital_1/huawei/indian-014_03.jpg,indian-014_03,digital_1,huawei,dev_val,0.1154550804981774,48650,421376,0.5872970195272353,False,0.5872970195272353,0.5872970195272353,0.5872970195272353,0.0,0.0,False,0.0,0.0,0.0,0.0
train/attack/digital_1/iphone15pro/indian-014_03.jpg,indian-014_03,digital_1,iphone15pro,dev_val,0.0743980691687345,30702,412672,0.773109243697479,False,0.773109243697479,0.773109243697479,0.773109243697479,0.0,0.11083968471109373,False,0.11083968471109373,0.11083968471109373,0.11083968471109373,0.0
train/attack/digital_1/scan/indian-014_03.jpg,indian-014_03,digital_1,scan,dev_val,0.11360080891330891,47636,419328,0.6184398354185909,False,0.6184398354185909,0.6184398354185909,0.6184398354185909,0.0,0.1578218154337056,False,0.1578218154337056,0.1578218154337056,0.1578218154337056,0.0
train/attack/digital_1/huawei/indian-021_03.jpg,indian-021_03,digital_1,huawei,dev_val,0.07958045372596154,33900,425984,0.7656637168141593,False,0.7656637168141593,0.7656637168141593,0.7656637168141593,0.0,0.061327433628318585,False,0.061327433628318585,0.061327433628318585,0.061327433628318585,0.0
train/attack/digital_1/iphone15pro/indian-021_03.jpg,indian-021_03,digital_1,iphone15pro,dev_val,0.07722951517967781,31910,413184,0.7719837041679725,False,0.7719837041679725,0.7719837041679725,0.7719837041679725,0.0,0.2194296458790348,False,0.2194296458790348,0.2194296458790348,0.2194296458790348,0.0
train/attack/digital_1/scan/indian-021_03.jpg,indian-021_03,digital_1,scan,dev_val,0.08133797429620564,34024,418304,0.747795673642135,False,0.747795673642135,0.747795673642135,0.747795673642135,0.0,0.13031977427698097,False,0.13031977427698097,0.13031977427698097,0.13031977427698097,0.0
train/attack/digital_1/huawei/indian-NF-1061.jpg,indian-NF-1061,digital_1,huawei,dev_val,0.214810726147343,91066,423936,0.6196714470823359,False,0.6196714470823359,0.6196714470823359,0.6196714470823359,0.0,0.0,False,0.0,0.0,0.0,0.0
train/attack/digital_1/iphone15pro/indian-NF-1061.jpg,indian-NF-1061,digital_1,iphone15pro,dev_val,0.18695448877805487,76768,410624,0.6480304293455607,False,0.6480304293455607,0.6480304293455607,0.6480304293455607,0.0,0.09622498957899124,False,0.09622498957899124,0.09622498957899124,0.09622498957899124,0.0
train/attack/digital_1/scan/indian-NF-1061.jpg,indian-NF-1061,digital_1,scan,dev_val,0.19665110518292683,82562,419840,0.6477071776362007,False,0.6477071776362007,0.6477071776362007,0.6477071776362007,0.0,0.12594171652818487,False,0.12594171652818487,0.12594171652818487,0.12594171652818487,0.0
train/attack/digital_1/huawei/persian-144_03.jpg,persian-144_03,digital_1,huawei,dev_val,0.10537619608140948,44403,421376,0.8348535008895795,False,0.8348535008895795,0.8348535008895795,0.8348535008895795,0.0,0.07898114992230254,False,0.07898114992230254,0.07898114992230254,0.07898114992230254,0.0
train/attack/digital_1/iphone15pro/persian-144_03.jpg,persian-144_03,digital_1,iphone15pro,dev_val,0.10525251116071428,45267,430080,0.8391322597035368,False,0.8391322597035368,0.8391322597035368,0.8391322597035368,0.0,0.0910155300770981,False,0.0910155300770981,0.0910155300770981,0.0910155300770981,0.0
train/attack/digital_1/scan/persian-144_03.jpg,persian-144_03,digital_1,scan,dev_val,0.10554029304029304,44256,419328,0.8331751626898047,False,0.8331751626898047,0.8331751626898047,0.8331751626898047,0.0,0.1174530007230658,False,0.1174530007230658,0.1174530007230658,0.1174530007230658,0.0
train/attack/digital_1/huawei/persian-NF-1018.jpg,persian-NF-1018,digital_1,huawei,dev_val,0.16030667117930206,68206,425472,0.8783684719819371,False,0.8783684719819371,0.8783684719819371,0.8783684719819371,0.0,0.08565228865495704,False,0.08565228865495704,0.08565228865495704,0.08565228865495704,0.0
train/attack/digital_1/iphone15pro/persian-NF-1018.jpg,persian-NF-1018,digital_1,iphone15pro,dev_val,0.15924770677860697,65554,411648,0.8830734966592427,False,0.8830734966592427,0.8830734966592427,0.8830734966592427,0.0,0.15176800805442842,False,0.15176800805442842,0.15176800805442842,0.15176800805442842,0.0
train/attack/digital_1/scan/persian-NF-1018.jpg,persian-NF-1018,digital_1,scan,dev_val,0.16731612042682928,70246,419840,0.8825555903538992,False,0.8825555903538992,0.8825555903538992,0.8825555903538992,0.0,0.0743245166984597,False,0.0743245166984597,0.0743245166984597,0.0743245166984597,0.0
train/attack/digital_1/huawei/persian-NF-1097.jpg,persian-NF-1097,digital_1,huawei,dev_val,0.1607337364783654,68470,425984,0.8683511026727033,False,0.8683511026727033,0.8683511026727033,0.8683511026727033,0.0,0.04818168540966847,False,0.04818168540966847,0.04818168540966847,0.04818168540966847,0.0
train/attack/digital_1/iphone15pro/persian-NF-1097.jpg,persian-NF-1097,digital_1,iphone15pro,dev_val,0.151711217552534,62840,414208,0.879439847231063,False,0.879439847231063,0.879439847231063,0.879439847231063,0.0,0.051559516231699555,False,0.051559516231699555,0.051559516231699555,0.051559516231699555,0.0
train/attack/digital_1/scan/persian-NF-1097.jpg,persian-NF-1097,digital_1,scan,dev_val,0.15559102847137637,65403,420352,0.8593336697093406,False,0.8593336697093406,0.8593336697093406,0.8593336697093406,0.0,0.05750500741556198,False,0.05750500741556198,0.05750500741556198,0.05750500741556198,0.0
train/attack/digital_1/huawei/persian-NM-1035.jpg,persian-NM-1035,digital_1,huawei,dev_val,0.22370467053679133,94951,424448,0.7526408357995177,False,0.7526408357995177,0.7526408357995177,0.7526408357995177,0.0,0.2564375309370096,False,0.2564375309370096,0.2564375309370096,0.2564375309370096,0.0
train/attack/digital_1/iphone15pro/persian-NM-1035.jpg,persian-NM-1035,digital_1,iphone15pro,dev_val,0.21982373289800994,90490,411648,0.7686153166095702,False,0.7686153166095702,0.7686153166095702,0.7686153166095702,0.0,0.13097579843076584,False,0.13097579843076584,0.13097579843076584,0.13097579843076584,0.0
train/attack/digital_1/scan/persian-NM-1035.jpg,persian-NM-1035,digital_1,scan,dev_val,0.2220743666056166,93122,419328,0.7997250918150384,False,0.7997250918150384,0.7997250918150384,0.7997250918150384,0.0,0.13351302592298275,True,0.13351302592298275,0.13351302592298275,0.13351302592298275,0.0
train/attack/digital_1/huawei/portugal-013_03.jpg,portugal-013_03,digital_1,huawei,dev_val,0.11734375,49566,422400,0.8259088891578905,False,0.8259088891578905,0.8259088891578905,0.8259088891578905,0.0,0.12068756809103014,True,0.12068756809103014,0.12068756809103014,0.12068756809103014,0.0
train/attack/digital_1/iphone15pro/portugal-013_03.jpg,portugal-013_03,digital_1,iphone15pro,dev_val,0.11960909531622911,51319,429056,0.8123112297589586,False,0.8123112297589586,0.8123112297589586,0.8123112297589586,0.0,0.07036380288002494,False,0.07036380288002494,0.07036380288002494,0.07036380288002494,0.0
train/attack/digital_1/scan/portugal-013_03.jpg,portugal-013_03,digital_1,scan,dev_val,0.12135274102798053,51073,420864,0.8150098878076478,False,0.8150098878076478,0.8150098878076478,0.8150098878076478,0.0,0.11912360738550702,False,0.11912360738550702,0.11912360738550702,0.11912360738550702,0.0
train/attack/digital_1/huawei/portugal-017_03.jpg,portugal-017_03,digital_1,huawei,dev_val,0.11579913403614457,49210,424960,0.8292826661247714,False,0.8292826661247714,0.8292826661247714,0.8292826661247714,0.0,0.13013615118878277,False,0.13013615118878277,0.13013615118878277,0.13013615118878277,0.0
train/attack/digital_1/iphone15pro/portugal-017_03.jpg,portugal-017_03,digital_1,iphone15pro,dev_val,0.10931691449814127,45168,413184,0.8190090329436769,False,0.8190090329436769,0.8190090329436769,0.8190090329436769,0.0,0.1667552249380092,False,0.1667552249380092,0.1667552249380092,0.1667552249380092,0.0
train/attack/digital_1/scan/portugal-017_03.jpg,portugal-017_03,digital_1,scan,dev_val,0.11045209099264706,46146,417792,0.8265505135873098,False,0.8265505135873098,0.8265505135873098,0.8265505135873098,0.0,0.1420491483552204,False,0.1420491483552204,0.1420491483552204,0.1420491483552204,0.0
train/attack/digital_1/huawei/portugal-029_03.jpg,portugal-029_03,digital_1,huawei,dev_val,0.10700267910671463,45691,427008,0.7944452955724322,False,0.7944452955724322,0.7944452955724322,0.7944452955724322,0.0,0.16180429406228797,False,0.16180429406228797,0.16180429406228797,0.16180429406228797,0.0
train/attack/digital_1/iphone15pro/portugal-029_03.jpg,portugal-029_03,digital_1,iphone15pro,dev_val,0.10462376390605686,43336,414208,0.7811750046151006,False,0.7811750046151006,0.7811750046151006,0.7811750046151006,0.0,0.07753369023444712,False,0.07753369023444712,0.07753369023444712,0.07753369023444712,0.0
train/attack/digital_1/scan/portugal-029_03.jpg,portugal-029_03,digital_1,scan,dev_val,0.11171970507334963,46790,418816,0.776811284462492,False,0.776811284462492,0.776811284462492,0.776811284462492,0.0,0.12188501816627484,False,0.12188501816627484,0.12188501816627484,0.12188501816627484,0.0
train/attack/digital_1/huawei/portugal-119_03.jpg,portugal-119_03,digital_1,huawei,dev_val,0.13020599145683454,55599,427008,0.8406626018453569,False,0.8406626018453569,0.8406626018453569,0.8406626018453569,0.0,0.18016511088328926,False,0.18016511088328926,0.18016511088328926,0.18016511088328926,0.0
train/attack/digital_1/iphone15pro/portugal-119_03.jpg,portugal-119_03,digital_1,iphone15pro,dev_val,0.1289757476993865,53819,417280,0.8397034504543005,False,0.8397034504543005,0.8397034504543005,0.8397034504543005,0.0,0.15290139170181535,False,0.15290139170181535,0.15290139170181535,0.15290139170181535,0.0
train/attack/digital_1/scan/portugal-119_03.jpg,portugal-119_03,digital_1,scan,dev_val,0.1370845126988984,57343,418304,0.8475838376087753,False,0.8475838376087753,0.8475838376087753,0.8475838376087753,0.0,0.12065988873968923,False,0.12065988873968923,0.12065988873968923,0.12065988873968923,0.0
train/attack/digital_1/huawei/portugal-NF-1060.jpg,portugal-NF-1060,digital_1,huawei,dev_val,0.1712105591707022,72407,422912,0.7750908061375281,False,0.7750908061375281,0.7750908061375281,0.7750908061375281,0.0,0.052494924523872,False,0.052494924523872,0.052494924523872,0.052494924523872,0.0
train/attack/digital_1/iphone15pro/portugal-NF-1060.jpg,portugal-NF-1060,digital_1,iphone15pro,dev_val,0.178768241900978,74871,418816,0.7914679916122397,False,0.7914679916122397,0.7914679916122397,0.7914679916122397,0.0,0.04038946988820772,False,0.04038946988820772,0.04038946988820772,0.04038946988820772,0.0
train/attack/digital_1/scan/portugal-NF-1060.jpg,portugal-NF-1060,digital_1,scan,dev_val,0.18099356280562348,75803,418816,0.7990448926823477,False,0.7990448926823477,0.7990448926823477,0.7990448926823477,0.0,0.11909818872603986,False,0.11909818872603986,0.11909818872603986,0.11909818872603986,0.0
train/attack/digital_1/huawei/portugal-NF-1066.jpg,portugal-NF-1066,digital_1,huawei,dev_val,0.1507153557342233,63585,421888,0.7667688920342848,False,0.7667688920342848,0.7667688920342848,0.7667688920342848,0.0,0.13885350318471337,False,0.13885350318471337,0.13885350318471337,0.13885350318471337,0.0
train/attack/digital_1/iphone15pro/portugal-NF-1066.jpg,portugal-NF-1066,digital_1,iphone15pro,dev_val,0.15397990005966586,66066,429056,0.8131565404292677,False,0.8131565404292677,0.8131565404292677,0.8131565404292677,0.0,0.1586443859171132,False,0.1586443859171132,0.1586443859171132,0.1586443859171132,0.0
train/attack/digital_1/scan/portugal-NF-1066.jpg,portugal-NF-1066,digital_1,scan,dev_val,0.15735518292682926,66064,419840,0.7897947444901914,False,0.7897947444901914,0.7897947444901914,0.7897947444901914,0.0,0.11525187696778881,False,0.11525187696778881,0.11525187696778881,0.11525187696778881,0.0
train/attack/digital_1/huawei/portugal-NF-1109.jpg,portugal-NF-1109,digital_1,huawei,dev_val,0.19370957430806257,82418,425472,0.7170399669975005,False,0.7170399669975005,0.7170399669975005,0.7170399669975005,0.0,0.11074037224878061,False,0.11074037224878061,0.11074037224878061,0.11074037224878061,0.0
train/attack/digital_1/iphone15pro/portugal-NF-1109.jpg,portugal-NF-1109,digital_1,iphone15pro,dev_val,0.18598414179104478,76560,411648,0.7624477533960292,False,0.7624477533960292,0.7624477533960292,0.7624477533960292,0.0,0.07449059561128527,False,0.07449059561128527,0.07449059561128527,0.07449059561128527,0.0
train/attack/digital_1/scan/portugal-NF-1109.jpg,portugal-NF-1109,digital_1,scan,dev_val,0.1899001682986536,79436,418304,0.7390603756483206,False,0.7390603756483206,0.7390603756483206,0.7390603756483206,0.0,0.1162571126441412,False,0.1162571126441412,0.1162571126441412,0.1162571126441412,0.0
train/attack/digital_1/huawei/russian-062_03.jpg,russian-062_03,digital_1,huawei,dev_val,0.1335472693810096,56889,425984,0.7869535411063651,False,0.7869535411063651,0.7869535411063651,0.7869535411063651,0.0,0.130359120392343,True,0.130359120392343,0.130359120392343,0.130359120392343,0.0
train/attack/digital_1/iphone15pro/russian-062_03.jpg,russian-062_03,digital_1,iphone15pro,dev_val,0.12907915757481297,53003,410624,0.7742580608644793,False,0.7742580608644793,0.7742580608644793,0.7742580608644793,0.0,0.31052959266456615,False,0.31052959266456615,0.31052959266456615,0.31052959266456615,0.0
train/attack/digital_1/scan/russian-062_03.jpg,russian-062_03,digital_1,scan,dev_val,0.1263497786935287,52982,419328,0.7847948359820316,False,0.7847948359820316,0.7847948359820316,0.7847948359820316,0.0,0.10339360537541052,False,0.10339360537541052,0.10339360537541052,0.10339360537541052,0.0
train/attack/digital_1/huawei/russian-132_03.jpg,russian-132_03,digital_1,huawei,dev_val,0.10023361834140436,42390,422912,0.7772116065109695,False,0.7772116065109695,0.7772116065109695,0.7772116065109695,0.0,0.09679169615475348,False,0.09679169615475348,0.09679169615475348,0.09679169615475348,0.0
train/attack/digital_1/iphone15pro/russian-132_03.jpg,russian-132_03,digital_1,iphone15pro,dev_val,0.09337542808219178,38390,411136,0.7791612399062255,False,0.7791612399062255,0.7791612399062255,0.7791612399062255,0.0,0.09268038551706173,False,0.09268038551706173,0.09268038551706173,0.09268038551706173,0.0
train/attack/digital_1/scan/russian-132_03.jpg,russian-132_03,digital_1,scan,dev_val,0.09632316468253968,40391,419328,0.780371865019435,False,0.780371865019435,0.780371865019435,0.780371865019435,0.0,0.10113639177044391,False,0.10113639177044391,0.10113639177044391,0.10113639177044391,0.0
train/attack/digital_1/huawei/russian-NF-1089.jpg,russian-NF-1089,digital_1,huawei,dev_val,0.2113849431818182,89289,422400,0.7923596411652051,False,0.7923596411652051,0.7923596411652051,0.7923596411652051,0.0,0.0,False,0.0,0.0,0.0,0.0
train/attack/digital_1/iphone15pro/russian-NF-1089.jpg,russian-NF-1089,digital_1,iphone15pro,dev_val,0.2167653338509317,89342,412160,0.8186743077164156,False,0.8186743077164156,0.8186743077164156,0.8186743077164156,0.0,0.1751919589890533,False,0.1751919589890533,0.1751919589890533,0.1751919589890533,0.0
train/attack/digital_1/scan/russian-NF-1089.jpg,russian-NF-1089,digital_1,scan,dev_val,0.2161029075091575,90618,419328,0.7978988721887483,False,0.7978988721887483,0.7978988721887483,0.7978988721887483,0.0,0.09357964201372795,True,0.1429565656248059,0.09357964201372795,0.30256681895429166,0.2089871769405637
train/attack/digital_1/huawei/russian-NF-1099.jpg,russian-NF-1099,digital_1,huawei,dev_val,0.24761021035844472,104337,421376,0.7951254109280504,False,0.7951254109280504,0.7951254109280504,0.7951254109280504,0.0,0.5513480356920364,True,0.5592021701698469,0.5513480356920364,0.6054899029107603,0.05414186721872394
train/attack/digital_1/iphone15pro/russian-NF-1099.jpg,russian-NF-1099,digital_1,iphone15pro,dev_val,0.2423422493997599,103358,426496,0.7937460090172024,False,0.7937460090172024,0.7937460090172024,0.7937460090172024,0.0,0.13886685113876043,False,0.13886685113876043,0.13886685113876043,0.13886685113876043,0.0
train/attack/digital_1/scan/russian-NF-1099.jpg,russian-NF-1099,digital_1,scan,dev_val,0.23995228350673195,100373,418304,0.856296015860839,False,0.856296015860839,0.856296015860839,0.856296015860839,0.0,0.22370557819333883,False,0.22370557819333883,0.22370557819333883,0.22370557819333883,0.0
train/attack/digital_1/huawei/turkiye-032_03.jpg,turkiye-032_03,digital_1,huawei,dev_val,0.11345386274213075,47981,422912,0.770659219274296,False,0.770659219274296,0.770659219274296,0.770659219274296,0.0,0.11781746941497676,True,0.11781746941497676,0.11781746941497676,0.11781746941497676,0.0
train/attack/digital_1/iphone15pro/turkiye-032_03.jpg,turkiye-032_03,digital_1,iphone15pro,dev_val,0.1183433816687345,48837,412672,0.7944591191105105,False,0.7944591191105105,0.7944591191105105,0.7944591191105105,0.0,0.09976042754468947,False,0.09976042754468947,0.09976042754468947,0.09976042754468947,0.0
train/attack/digital_1/scan/turkiye-032_03.jpg,turkiye-032_03,digital_1,scan,dev_val,0.11644163096695226,48708,418304,0.8060072267389341,False,0.8060072267389341,0.8060072267389341,0.8060072267389341,0.0,0.11497084667816375,False,0.11497084667816375,0.11497084667816375,0.11497084667816375,0.0
train/attack/digital_1/huawei/turkiye-101_03.jpg,turkiye-101_03,digital_1,huawei,dev_val,0.12325655910735826,52316,424448,0.80805107424115,False,0.80805107424115,0.80805107424115,0.80805107424115,0.0,0.07536891199633,False,0.07536891199633,0.07536891199633,0.07536891199633,0.0
train/attack/digital_1/iphone15pro/turkiye-101_03.jpg,turkiye-101_03,digital_1,iphone15pro,dev_val,0.11408333979528536,47079,412672,0.8073663416810043,False,0.8073663416810043,0.8073663416810043,0.8073663416810043,0.0,0.09027379511034644,False,0.09027379511034644,0.09027379511034644,0.09027379511034644,0.0
train/attack/digital_1/scan/turkiye-101_03.jpg,turkiye-101_03,digital_1,scan,dev_val,0.12346044981640147,51644,418304,0.7472116799628225,False,0.7472116799628225,0.7472116799628225,0.7472116799628225,0.0,0.10068933467585779,False,0.10068933467585779,0.10068933467585779,0.10068933467585779,0.0
train/attack/digital_1/huawei/turkiye-104_03.jpg,turkiye-104_03,digital_1,huawei,dev_val,0.08925875603864734,37840,423936,0.7516649048625793,False,0.7516649048625793,0.7516649048625793,0.7516649048625793,0.0,0.15039640591966175,False,0.15039640591966175,0.15039640591966175,0.15039640591966175,0.0
train/attack/digital_1/iphone15pro/turkiye-104_03.jpg,turkiye-104_03,digital_1,iphone15pro,dev_val,0.08989470108695652,37051,412160,0.7621926533696797,False,0.7621926533696797,0.7621926533696797,0.7621926533696797,0.0,0.1317373350246957,False,0.1317373350246957,0.1317373350246957,0.1317373350246957,0.0
train/attack/digital_1/scan/turkiye-104_03.jpg,turkiye-104_03,digital_1,scan,dev_val,0.08634579385696821,36163,418816,0.7712579155490419,False,0.7712579155490419,0.7712579155490419,0.7712579155490419,0.0,0.08904128529159638,False,0.08904128529159638,0.08904128529159638,0.08904128529159638,0.0
train/attack/digital_1/huawei/turkiye-115_03.jpg,turkiye-115_03,digital_1,huawei,dev_val,0.10295960871531966,43701,424448,0.7974874716825702,False,0.7974874716825702,0.7974874716825702,0.7974874716825702,0.0,0.10899064094643143,False,0.10899064094643143,0.10899064094643143,0.10899064094643143,0.0
train/attack/digital_1/iphone15pro/turkiye-115_03.jpg,turkiye-115_03,digital_1,iphone15pro,dev_val,0.10248218711276331,42344,413184,0.79392593992065,False,0.79392593992065,0.79392593992065,0.79392593992065,0.0,0.08272718685055734,False,0.08272718685055734,0.08272718685055734,0.08272718685055734,0.0
train/attack/digital_1/scan/turkiye-115_03.jpg,turkiye-115_03,digital_1,scan,dev_val,0.10281774009146341,43167,419840,0.7891908170593277,False,0.7891908170593277,0.7891908170593277,0.7891908170593277,0.0,0.10950494590775361,False,0.10950494590775361,0.10950494590775361,0.10950494590775361,0.0
train/attack/digital_1/huawei/turkiye-NF-1002.jpg,turkiye-NF-1002,digital_1,huawei,dev_val,0.15021221454326922,63988,425984,0.7829280490091892,False,0.7829280490091892,0.7829280490091892,0.7829280490091892,0.0,0.06712196036756891,True,0.06712196036756891,0.06712196036756891,0.06712196036756891,0.0
train/attack/digital_1/iphone15pro/turkiye-NF-1002.jpg,turkiye-NF-1002,digital_1,iphone15pro,dev_val,0.14694107587064675,60488,411648,0.8030187805845788,True,0.8030187805845788,0.8030187805845788,0.8030187805845788,0.0,0.153369263324957,True,0.153369263324957,0.153369263324957,0.153369263324957,0.0
train/attack/digital_1/scan/turkiye-NF-1002.jpg,turkiye-NF-1002,digital_1,scan,dev_val,0.1446844362745098,60448,417792,0.7725813922710428,False,0.7725813922710428,0.7725813922710428,0.7725813922710428,0.0,0.0758503176283748,True,0.08769629569979326,0.0758503176283748,0.15261050820539968,0.07676019057702488
train/attack/digital_1/huawei/turkiye-NM-1055.jpg,turkiye-NM-1055,digital_1,huawei,dev_val,0.1181049485472155,49948,422912,0.8040161768238968,False,0.8040161768238968,0.8040161768238968,0.8040161768238968,0.0,0.07732041322975895,False,0.07732041322975895,0.07732041322975895,0.07732041322975895,0.0
train/attack/digital_1/iphone15pro/turkiye-NM-1055.jpg,turkiye-NM-1055,digital_1,iphone15pro,dev_val,0.11314730751246883,46461,410624,0.7898882934073739,False,0.7898882934073739,0.7898882934073739,0.7898882934073739,0.0,0.1002776522244463,False,0.1002776522244463,0.1002776522244463,0.1002776522244463,0.0
train/attack/digital_1/scan/turkiye-NM-1055.jpg,turkiye-NM-1055,digital_1,scan,dev_val,0.1145889114137087,47933,418304,0.8080236997475643,False,0.8080236997475643,0.8080236997475643,0.8080236997475643,0.0,0.116934053783406,True,0.116934053783406,0.116934053783406,0.116934053783406,0.0
train/attack/digital_1/huawei/ukraine-025_03.jpg,ukraine-025_03,digital_1,huawei,dev_val,0.10274807285368803,43506,423424,0.7856847331402566,False,0.7856847331402566,0.7856847331402566,0.7856847331402566,0.0,0.0,False,0.0,0.0,0.0,0.0
train/attack/digital_1/iphone15pro/ukraine-025_03.jpg,ukraine-025_03,digital_1,iphone15pro,dev_val,0.1042837895471464,43035,412672,0.776065992796561,False,0.776065992796561,0.776065992796561,0.776065992796561,0.0,0.10668060880678518,False,0.10668060880678518,0.10668060880678518,0.10668060880678518,0.0
train/attack/digital_1/scan/ukraine-025_03.jpg,ukraine-025_03,digital_1,scan,dev_val,0.10579187729779412,44199,417792,0.7846557614425665,True,0.7846557614425665,0.7846557614425665,0.7846557614425665,0.0,0.10880336659200435,False,0.10880336659200435,0.10880336659200435,0.10880336659200435,0.0
train/attack/digital_1/huawei/ukraine-NF-1068.jpg,ukraine-NF-1068,digital_1,huawei,dev_val,0.15027061370481928,63859,424960,0.7657652014594654,False,0.7657652014594654,0.7657652014594654,0.7657652014594654,0.0,0.04174822656164362,False,0.04174822656164362,0.04174822656164362,0.04174822656164362,0.0
train/attack/digital_1/iphone15pro/ukraine-NF-1068.jpg,ukraine-NF-1068,digital_1,iphone15pro,dev_val,0.14430803571428572,59478,412160,0.8164195164598675,True,0.8164195164598675,0.8164195164598675,0.8164195164598675,0.0,0.06476344194492081,False,0.06476344194492081,0.06476344194492081,0.06476344194492081,0.0
train/attack/digital_1/scan/ukraine-NF-1068.jpg,ukraine-NF-1068,digital_1,scan,dev_val,0.14645098824786323,61411,419328,0.8020387227044015,False,0.8020387227044015,0.8020387227044015,0.8020387227044015,0.0,0.11512595463353471,False,0.11512595463353471,0.11512595463353471,0.11512595463353471,0.0
train/attack/digital_1/huawei/ukraine-NF-1073.jpg,ukraine-NF-1073,digital_1,huawei,dev_val,0.22431828425480768,95556,425984,0.7161350412323664,False,0.7161350412323664,0.7161350412323664,0.7161350412323664,0.0,0.010245301184645653,False,0.010245301184645653,0.010245301184645653,0.010245301184645653,0.0
train/attack/digital_1/iphone15pro/ukraine-NF-1073.jpg,ukraine-NF-1073,digital_1,iphone15pro,dev_val,0.22978212344720497,94707,412160,0.7107605562418828,False,0.7107605562418828,0.7107605562418828,0.7107605562418828,0.0,0.1516994519940448,False,0.1516994519940448,0.1516994519940448,0.1516994519940448,0.0
train/attack/digital_1/scan/ukraine-NF-1073.jpg,ukraine-NF-1073,digital_1,scan,dev_val,0.23104418169315402,96765,418816,0.6835632718441585,False,0.6835632718441585,0.6835632718441585,0.6835632718441585,0.0,0.27215418798119156,True,0.3175788627070836,0.27215418798119156,0.49369090063556037,0.2215367126543688
train/attack/digital_1/huawei/ukraine-NF-1106.jpg,ukraine-NF-1106,digital_1,huawei,dev_val,0.13011087200598803,55625,427520,0.7790202247191012,False,0.7790202247191012,0.7790202247191012,0.7790202247191012,0.0,0.0,False,0.0,0.0,0.0,0.0
train/attack/digital_1/iphone15pro/ukraine-NF-1106.jpg,ukraine-NF-1106,digital_1,iphone15pro,dev_val,0.12802782245710784,53489,417792,0.810577875824936,False,0.810577875824936,0.810577875824936,0.810577875824936,0.0,0.08491465534969807,False,0.08491465534969807,0.08491465534969807,0.08491465534969807,0.0
train/attack/digital_1/scan/ukraine-NF-1106.jpg,ukraine-NF-1106,digital_1,scan,dev_val,0.1354539824695122,56869,419840,0.774727883381104,False,0.774727883381104,0.774727883381104,0.774727883381104,0.0,0.07800383337143259,False,0.07800383337143259,0.07800383337143259,0.07800383337143259,0.0
train/attack/digital_1/huawei/usa-034_03.jpg,usa-034_03,digital_1,huawei,dev_val,0.1514929302045728,64456,425472,0.7331047536303835,False,0.7331047536303835,0.7331047536303835,0.7331047536303835,0.0,0.08458483306441604,False,0.08458483306441604,0.08458483306441604,0.08458483306441604,0.0
train/attack/digital_1/iphone15pro/usa-034_03.jpg,usa-034_03,digital_1,iphone15pro,dev_val,0.14728802992518703,60480,410624,0.7462136243386244,False,0.7462136243386244,0.7462136243386244,0.7462136243386244,0.0,0.07615740740740741,False,0.07615740740740741,0.07615740740740741,0.07615740740740741,0.0
train/attack/digital_1/scan/usa-034_03.jpg,usa-034_03,digital_1,scan,dev_val,0.1539306640625,64311,417792,0.7404021085039885,False,0.7404021085039885,0.7404021085039885,0.7404021085039885,0.0,0.0995630607516599,False,0.0995630607516599,0.0995630607516599,0.0995630607516599,0.0
train/attack/digital_1/huawei/usa-067_03.jpg,usa-067_03,digital_1,huawei,dev_val,0.14398513812576313,60377,419328,0.7296155820925186,False,0.7296155820925186,0.7296155820925186,0.7296155820925186,0.0,0.01576759362008712,False,0.01576759362008712,0.01576759362008712,0.01576759362008712,0.0
train/attack/digital_1/iphone15pro/usa-067_03.jpg,usa-067_03,digital_1,iphone15pro,dev_val,0.14273409564958284,61314,429568,0.714567635450305,False,0.714567635450305,0.714567635450305,0.714567635450305,0.0,0.08068304139348273,False,0.08068304139348273,0.08068304139348273,0.08068304139348273,0.0
train/attack/digital_1/scan/usa-067_03.jpg,usa-067_03,digital_1,scan,dev_val,0.13996441926129427,58691,419328,0.7378473701248914,False,0.7378473701248914,0.7378473701248914,0.7378473701248914,0.0,0.06268422756470328,False,0.06268422756470328,0.06268422756470328,0.06268422756470328,0.0
train/attack/digital_1/huawei/usa-NF-1036.jpg,usa-NF-1036,digital_1,huawei,dev_val,0.19751832678355502,83634,423424,0.6610110720520362,False,0.6610110720520362,0.6610110720520362,0.6610110720520362,0.0,0.21755506133869001,False,0.21755506133869001,0.21755506133869001,0.21755506133869001,0.0
train/attack/digital_1/iphone15pro/usa-NF-1036.jpg,usa-NF-1036,digital_1,iphone15pro,dev_val,0.19874148261278196,81201,408576,0.7678230563663009,False,0.7678230563663009,0.7678230563663009,0.7678230563663009,0.0,0.09326239824632701,False,0.09326239824632701,0.09326239824632701,0.09326239824632701,0.0
train/attack/digital_1/scan/usa-NF-1036.jpg,usa-NF-1036,digital_1,scan,dev_val,0.20147363518856448,84793,420864,0.7214392697510408,False,0.7214392697510408,0.7214392697510408,0.7214392697510408,0.0,0.07803710211927871,False,0.07803710211927871,0.07803710211927871,0.07803710211927871,0.0
train/attack/digital_1/huawei/usa-NF-1065.jpg,usa-NF-1065,digital_1,huawei,dev_val,0.2426349431818182,102489,422400,0.7247802203163266,False,0.7247802203163266,0.7247802203163266,0.7247802203163266,0.0,0.34314902087053245,False,0.34314902087053245,0.34314902087053245,0.34314902087053245,0.0
train/attack/digital_1/iphone15pro/usa-NF-1065.jpg,usa-NF-1065,digital_1,iphone15pro,dev_val,0.25168605083234247,108374,430592,0.7338383745178733,False,0.7338383745178733,0.7338383745178733,0.7338383745178733,0.0,0.19308136637938988,False,0.19308136637938988,0.19308136637938988,0.19308136637938988,0.0
train/attack/digital_1/scan/usa-NF-1065.jpg,usa-NF-1065,digital_1,scan,dev_val,0.24654024679095354,103255,418816,0.7330976708149727,False,0.7330976708149727,0.7330976708149727,0.7330976708149727,0.0,0.11238196697496489,False,0.11238196697496489,0.11238196697496489,0.11238196697496489,0.0
train/attack/digital_1/huawei/usa-NF-1076.jpg,usa-NF-1076,digital_1,huawei,dev_val,0.29931347539015607,127656,426496,0.6089647176787617,False,0.6089647176787617,0.6089647176787617,0.6089647176787617,0.0,0.13185435858870714,True,0.13185827536504355,0.13185435858870714,0.13186219214137995,7.833552672809052e-06
train/attack/digital_1/iphone15pro/usa-NF-1076.jpg,usa-NF-1076,digital_1,iphone15pro,dev_val,0.3010009765625,123290,409600,0.7428258577337984,False,0.7428258577337984,0.7428258577337984,0.7428258577337984,0.0,0.0644010057587801,True,0.06906365366018521,0.0644010057587801,0.07603211939330035,0.01163111363452024
train/attack/digital_1/scan/usa-NF-1076.jpg,usa-NF-1076,digital_1,scan,dev_val,0.30555502300613496,127502,417280,0.6697385139056642,False,0.6697385139056642,0.6697385139056642,0.6697385139056642,0.0,0.2631409703377202,False,0.2631409703377202,0.2631409703377202,0.2631409703377202,0.0
train/attack/digital_1/huawei/usa-NM-1038.jpg,usa-NM-1038,digital_1,huawei,dev_val,0.18659783101571947,79010,423424,0.35176559929122897,False,0.35176559929122897,0.35176559929122897,0.35176559929122897,0.0,0.07643336286546007,False,0.07643336286546007,0.07643336286546007,0.07643336286546007,0.0
train/attack/digital_1/iphone15pro/usa-NM-1038.jpg,usa-NM-1038,digital_1,iphone15pro,dev_val,0.1938086635876043,83254,429568,0.6023254137939318,False,0.6023254137939318,0.6023254137939318,0.6023254137939318,0.0,0.08190597448771231,False,0.08190597448771231,0.08190597448771231,0.08190597448771231,0.0
train/attack/digital_1/scan/usa-NM-1038.jpg,usa-NM-1038,digital_1,scan,dev_val,0.19309369255514705,80673,417792,0.6741536821489222,False,0.6741536821489222,0.6741536821489222,0.6741536821489222,0.0,0.06185464777558787,False,0.06185464777558787,0.06185464777558787,0.06185464777558787,0.0
train/attack/digital_2/huawei/arabic-024_03.jpg,arabic-024_03,digital_2,huawei,dev_val,0.06968956085131894,29758,427008,0.6013508972377176,False,0.6013508972377176,0.6013508972377176,0.6013508972377176,0.0,0.0,False,0.0,0.0,0.0,0.0
train/attack/digital_2/iphone15pro/arabic-024_03.jpg,arabic-024_03,digital_2,iphone15pro,dev_val,0.06931305872379778,28781,415232,0.6809700844307008,False,0.6809700844307008,0.6809700844307008,0.6809700844307008,0.0,0.0,False,0.0,0.0,0.0,0.0
train/attack/digital_2/scan/arabic-024_03.jpg,arabic-024_03,digital_2,scan,dev_val,0.068115234375,28737,421888,0.6332950551553747,False,0.6332950551553747,0.6332950551553747,0.6332950551553747,0.0,0.034380763475658556,False,0.034380763475658556,0.034380763475658556,0.034380763475658556,0.0
train/attack/digital_2/huawei/arabic-120_03.jpg,arabic-120_03,digital_2,huawei,dev_val,0.08492441948130278,36046,424448,0.6845142318149032,False,0.6845142318149032,0.6845142318149032,0.6845142318149032,0.0,0.0,False,0.0,0.0,0.0,0.0
train/attack/digital_2/iphone15pro/arabic-120_03.jpg,arabic-120_03,digital_2,iphone15pro,dev_val,0.08251235064338236,34473,417792,0.7113973254431004,False,0.7113973254431004,0.7113973254431004,0.7113973254431004,0.0,0.0,False,0.0,0.0,0.0,0.0
train/attack/digital_2/scan/arabic-120_03.jpg,arabic-120_03,digital_2,scan,dev_val,0.08828268436352509,36929,418304,0.700127271250237,False,0.700127271250237,0.700127271250237,0.700127271250237,0.0,0.057813642394865826,False,0.057813642394865826,0.057813642394865826,0.057813642394865826,0.0
train/attack/digital_2/huawei/arabic-NF-1048.jpg,arabic-NF-1048,digital_2,huawei,dev_val,0.11070947739684465,46707,421888,0.6990600980581069,False,0.6990600980581069,0.6990600980581069,0.6990600980581069,0.0,0.08701051234290363,False,0.08701051234290363,0.08701051234290363,0.08701051234290363,0.0
train/attack/digital_2/iphone15pro/arabic-NF-1048.jpg,arabic-NF-1048,digital_2,iphone15pro,dev_val,0.10856255587008343,46635,429568,0.7530824488045459,False,0.7530824488045459,0.7530824488045459,0.7530824488045459,0.0,0.09437118044387263,False,0.09437118044387263,0.09437118044387263,0.09437118044387263,0.0
train/attack/digital_2/scan/arabic-NF-1048.jpg,arabic-NF-1048,digital_2,scan,dev_val,0.10504157806804375,44262,421376,0.7327956260449143,False,0.7327956260449143,0.7327956260449143,0.7327956260449143,0.0,0.14795987528805749,True,0.14795987528805749,0.14795987528805749,0.14795987528805749,0.0
train/attack/digital_2/huawei/arabic-NF-1098.jpg,arabic-NF-1098,digital_2,huawei,dev_val,0.11667602390377588,49045,420352,0.743929044754817,False,0.743929044754817,0.743929044754817,0.743929044754817,0.0,0.0,False,0.0,0.0,0.0,0.0
train/attack/digital_2/iphone15pro/arabic-NF-1098.jpg,arabic-NF-1098,digital_2,iphone15pro,dev_val,0.12296510541267942,52633,428032,0.7003780897915757,False,0.7003780897915757,0.7003780897915757,0.7003780897915757,0.0,0.09818934888758003,False,0.09818934888758003,0.09818934888758003,0.09818934888758003,0.0
train/attack/digital_2/scan/arabic-NF-1098.jpg,arabic-NF-1098,digital_2,scan,dev_val,0.12067505328867235,50726,420352,0.683554784528644,False,0.683554784528644,0.683554784528644,0.683554784528644,0.0,0.09610456176319836,False,0.09610456176319836,0.09610456176319836,0.09610456176319836,0.0
train/attack/digital_2/huawei/arabic-NM-1090.jpg,arabic-NM-1090,digital_2,huawei,dev_val,0.14355704634661837,60859,423936,0.7571928556170822,False,0.7571928556170822,0.7571928556170822,0.7571928556170822,0.0,0.03785799963850869,False,0.03785799963850869,0.03785799963850869,0.03785799963850869,0.0
train/attack/digital_2/iphone15pro/arabic-NM-1090.jpg,arabic-NM-1090,digital_2,iphone15pro,dev_val,0.11594881398252185,47552,410112,0.7890309555854643,False,0.7890309555854643,0.7890309555854643,0.7890309555854643,0.0,0.004710632570659489,False,0.004710632570659489,0.004710632570659489,0.004710632570659489,0.0
train/attack/digital_2/scan/arabic-NM-1090.jpg,arabic-NM-1090,digital_2,scan,dev_val,0.13180366432068544,55134,418304,0.7272282076395691,False,0.7272282076395691,0.7272282076395691,0.7272282076395691,0.0,0.0,False,0.0,0.0,0.0,0.0
train/attack/digital_2/huawei/chinese-001_03.jpg,chinese-001_03,digital_2,huawei,dev_val,0.084808349609375,36127,425984,0.6670910953026822,False,0.6670910953026822,0.6670910953026822,0.6670910953026822,0.0,0.00675395133833421,False,0.00675395133833421,0.00675395133833421,0.00675395133833421,0.0
train/attack/digital_2/iphone15pro/chinese-001_03.jpg,chinese-001_03,digital_2,iphone15pro,dev_val,0.09087247670807454,37454,412160,0.7024082874993325,False,0.7024082874993325,0.7024082874993325,0.7024082874993325,0.0,0.08372937469963154,False,0.08372937469963154,0.08372937469963154,0.08372937469963154,0.0
train/attack/digital_2/scan/chinese-001_03.jpg,chinese-001_03,digital_2,scan,dev_val,0.09042563339438339,37918,419328,0.6928899203544491,False,0.6928899203544491,0.6928899203544491,0.6928899203544491,0.0,0.1360567540482093,False,0.1360567540482093,0.1360567540482093,0.1360567540482093,0.0
train/attack/digital_2/huawei/chinese-113_03.jpg,chinese-113_03,digital_2,huawei,dev_val,0.07827651515151515,33064,422400,0.6432071134768933,False,0.6432071134768933,0.6432071134768933,0.6432071134768933,0.0,0.13673481732397774,False,0.13673481732397774,0.13673481732397774,0.13673481732397774,0.0
train/attack/digital_2/iphone15pro/chinese-113_03.jpg,chinese-113_03,digital_2,iphone15pro,dev_val,0.0775707675030979,32051,413184,0.6376712115066613,False,0.6376712115066613,0.6376712115066613,0.6376712115066613,0.0,0.053352469501731614,False,0.053352469501731614,0.053352469501731614,0.053352469501731614,0.0
train/attack/digital_2/scan/chinese-113_03.jpg,chinese-113_03,digital_2,scan,dev_val,0.07661761886503067,31971,417280,0.6357011041256139,False,0.6357011041256139,0.6357011041256139,0.6357011041256139,0.0,0.06365143411216415,False,0.06365143411216415,0.06365143411216415,0.06365143411216415,0.0
train/attack/digital_2/huawei/chinese-142_03.jpg,chinese-142_03,digital_2,huawei,dev_val,0.0874492938701923,37252,425984,0.6599377214646194,False,0.6599377214646194,0.6599377214646194,0.6599377214646194,0.0,0.0,False,0.0,0.0,0.0,0.0
train/attack/digital_2/iphone15pro/chinese-142_03.jpg,chinese-142_03,digital_2,iphone15pro,dev_val,0.08674385815822003,35930,414208,0.6664069023100473,False,0.6664069023100473,0.6664069023100473,0.6664069023100473,0.0,0.016754801001948233,False,0.016754801001948233,0.016754801001948233,0.016754801001948233,0.0
train/attack/digital_2/scan/chinese-142_03.jpg,chinese-142_03,digital_2,scan,dev_val,0.08413718673594132,35238,418816,0.6528179805891368,False,0.6528179805891368,0.6528179805891368,0.6528179805891368,0.0,0.0338554969067484,False,0.0338554969067484,0.0338554969067484,0.0338554969067484,0.0
train/attack/digital_2/huawei/chinese-NF-1050.jpg,chinese-NF-1050,digital_2,huawei,dev_val,0.18487079326923078,78752,425984,0.6566563388866314,False,0.6566563388866314,0.6566563388866314,0.6566563388866314,0.0,0.2013028240552621,False,0.2013028240552621,0.2013028240552621,0.2013028240552621,0.0
train/attack/digital_2/iphone15pro/chinese-NF-1050.jpg,chinese-NF-1050,digital_2,iphone15pro,dev_val,0.20032438435162095,82258,410624,0.6339687325244961,False,0.6339687325244961,0.6339687325244961,0.6339687325244961,0.0,0.11709499379999513,False,0.11709499379999513,0.11709499379999513,0.11709499379999513,0.0
train/attack/digital_2/scan/chinese-NF-1050.jpg,chinese-NF-1050,digital_2,scan,dev_val,0.1850788890586797,77514,418816,0.6783935805144877,False,0.6783935805144877,0.6783935805144877,0.6783935805144877,0.0,0.21767680677038986,False,0.21767680677038986,0.21767680677038986,0.21767680677038986,0.0
train/attack/digital_2/huawei/chinese-NF-1085.jpg,chinese-NF-1085,digital_2,huawei,dev_val,0.1154059491576414,49102,425472,0.6989939310007739,False,0.6989939310007739,0.6989939310007739,0.6989939310007739,0.0,0.17186672640625636,False,0.17186672640625636,0.17186672640625636,0.17186672640625636,0.0
train/attack/digital_2/iphone15pro/chinese-NF-1085.jpg,chinese-NF-1085,digital_2,iphone15pro,dev_val,0.12557459054388134,52014,414208,0.7275733456377129,False,0.7275733456377129,0.7275733456377129,0.7275733456377129,0.0,0.2288230091898335,False,0.2288230091898335,0.2288230091898335,0.2288230091898335,0.0
train/attack/digital_2/scan/chinese-NF-1085.jpg,chinese-NF-1085,digital_2,scan,dev_val,0.11876483992034313,49619,417792,0.700255950341603,False,0.700255950341603,0.700255950341603,0.700255950341603,0.0,0.11608456438058001,False,0.11608456438058001,0.11608456438058001,0.11608456438058001,0.0
train/attack/digital_2/huawei/chinese-NM-1092.jpg,chinese-NM-1092,digital_2,huawei,dev_val,0.12356786408492823,52891,428032,0.7151122119075078,False,0.7151122119075078,0.7151122119075078,0.7151122119075078,0.0,0.02943790058800174,False,0.02943790058800174,0.02943790058800174,0.02943790058800174,0.0
train/attack/digital_2/iphone15pro/chinese-NM-1092.jpg,chinese-NM-1092,digital_2,iphone15pro,dev_val,0.12636670285359802,52148,412672,0.7252435376236864,False,0.7252435376236864,0.7252435376236864,0.7252435376236864,0.0,0.07626371097645164,False,0.07626371097645164,0.07626371097645164,0.07626371097645164,0.0
train/attack/digital_2/scan/chinese-NM-1092.jpg,chinese-NM-1092,digital_2,scan,dev_val,0.12616189552919707,53097,420864,0.7182891688795977,False,0.7182891688795977,0.7182891688795977,0.7182891688795977,0.0,0.10300016950110176,False,0.10300016950110176,0.10300016950110176,0.10300016950110176,0.0
train/attack/digital_2/huawei/french-019_03.jpg,french-019_03,digital_2,huawei,dev_val,0.07415559505988024,31703,427520,0.706463110746617,False,0.706463110746617,0.706463110746617,0.706463110746617,0.0,0.0,False,0.0,0.0,0.0,0.0
train/attack/digital_2/iphone15pro/french-019_03.jpg,french-019_03,digital_2,iphone15pro,dev_val,0.0683956784386617,28260,413184,0.7206298655343242,False,0.7206298655343242,0.7206298655343242,0.7206298655343242,0.0,0.10318471337579618,False,0.10318471337579618,0.10318471337579618,0.10318471337579618,0.0
train/attack/digital_2/scan/french-019_03.jpg,french-019_03,digital_2,scan,dev_val,0.06933356143552312,29180,420864,0.6781357093899931,False,0.6781357093899931,0.6781357093899931,0.6781357093899931,0.0,0.1653529814941741,False,0.1653529814941741,0.1653529814941741,0.1653529814941741,0.0
train/attack/digital_2/huawei/french-114_03.jpg,french-114_03,digital_2,huawei,dev_val,0.08308673854041013,35266,424448,0.7550048205070039,False,0.7550048205070039,0.7550048205070039,0.7550048205070039,0.0,0.11790393013100436,False,0.11790393013100436,0.11790393013100436,0.11790393013100436,0.0
train/attack/digital_2/iphone15pro/french-114_03.jpg,french-114_03,digital_2,iphone15pro,dev_val,0.08186162375930521,33782,412672,0.7616482150257533,False,0.7616482150257533,0.7616482150257533,0.7616482150257533,0.0,0.08471967319874489,False,0.08471967319874489,0.08471967319874489,0.08471967319874489,0.0
train/attack/digital_2/scan/french-114_03.jpg,french-114_03,digital_2,scan,dev_val,0.07827799877600979,32744,418304,0.7364402638651356,False,0.7364402638651356,0.7364402638651356,0.7364402638651356,0.0,0.1312301490349377,False,0.1312301490349377,0.1312301490349377,0.1312301490349377,0.0
train/attack/digital_2/huawei/french-124_03.jpg,french-124_03,digital_2,huawei,dev_val,0.07644921404933815,32527,425472,0.6794048021643557,False,0.6794048021643557,0.6794048021643557,0.6794048021643557,0.0,0.011651858456051895,False,0.011651858456051895,0.011651858456051895,0.011651858456051895,0.0
train/attack/digital_2/iphone15pro/french-124_03.jpg,french-124_03,digital_2,iphone15pro,dev_val,0.07500193378712872,31028,413696,0.7193824932319196,False,0.7193824932319196,0.7193824932319196,0.7193824932319196,0.0,0.13391130591723605,False,0.13391130591723605,0.13391130591723605,0.13391130591723605,0.0
train/attack/digital_2/scan/french-124_03.jpg,french-124_03,digital_2,scan,dev_val,0.08152267344132029,34143,418816,0.702486600474475,False,0.702486600474475,0.702486600474475,0.702486600474475,0.0,0.17104530943385174,False,0.17104530943385174,0.17104530943385174,0.17104530943385174,0.0
train/attack/digital_2/huawei/french-128_03.jpg,french-128_03,digital_2,huawei,dev_val,0.06647928603739445,28217,424448,0.682071091894957,False,0.682071091894957,0.682071091894957,0.682071091894957,0.0,3.543962859269235e-05,False,3.543962859269235e-05,3.543962859269235e-05,3.543962859269235e-05,0.0
train/attack/digital_2/iphone15pro/french-128_03.jpg,french-128_03,digital_2,iphone15pro,dev_val,0.06855128653606965,28219,411648,0.71480208370247,False,0.71480208370247,0.71480208370247,0.71480208370247,0.0,0.0,False,0.0,0.0,0.0,0.0
train/attack/digital_2/scan/french-128_03.jpg,french-128_03,digital_2,scan,dev_val,0.07214877136752136,30254,419328,0.6976267600978383,False,0.6976267600978383,0.6976267600978383,0.6976267600978383,0.0,0.0020823692734844978,False,0.0020823692734844978,0.0020823692734844978,0.0020823692734844978,0.0
train/attack/digital_2/huawei/french-NF-1047.jpg,french-NF-1047,digital_2,huawei,dev_val,0.10469827263189449,44707,427008,0.7641308967275818,False,0.7641308967275818,0.7641308967275818,0.7641308967275818,0.0,0.10345136108439394,False,0.10345136108439394,0.10345136108439394,0.10345136108439394,0.0
train/attack/digital_2/iphone15pro/french-NF-1047.jpg,french-NF-1047,digital_2,iphone15pro,dev_val,0.10888975155279502,44880,412160,0.7817959001782531,False,0.7817959001782531,0.7817959001782531,0.7817959001782531,0.0,0.08469251336898395,False,0.08469251336898395,0.08469251336898395,0.08469251336898395,0.0
train/attack/digital_2/scan/french-NF-1047.jpg,french-NF-1047,digital_2,scan,dev_val,0.11076600609756097,46504,419840,0.7585153965250301,False,0.7585153965250301,0.7585153965250301,0.7585153965250301,0.0,0.07171426113882677,False,0.07171426113882677,0.07171426113882677,0.07171426113882677,0.0
train/attack/digital_2/huawei/french-NF-1082.jpg,french-NF-1082,digital_2,huawei,dev_val,0.09151551245498199,39031,426496,0.7267556557608055,False,0.7267556557608055,0.7267556557608055,0.7267556557608055,0.0,0.0,False,0.0,0.0,0.0,0.0
train/attack/digital_2/iphone15pro/french-NF-1082.jpg,french-NF-1082,digital_2,iphone15pro,dev_val,0.09497100716064757,39046,411136,0.7589509808943298,False,0.7589509808943298,0.7589509808943298,0.7589509808943298,0.0,0.07217128515084772,False,0.07217128515084772,0.07217128515084772,0.07217128515084772,0.0
train/attack/digital_2/scan/french-NF-1082.jpg,french-NF-1082,digital_2,scan,dev_val,0.08950314405487805,37577,419840,0.6820129334433297,False,0.6820129334433297,0.6820129334433297,0.6820129334433297,0.0,0.07030896559065386,False,0.07030896559065386,0.07030896559065386,0.07030896559065386,0.0
train/attack/digital_2/huawei/indian-014_03.jpg,indian-014_03,digital_2,huawei,dev_val,0.06775896111786148,28552,421376,0.4220720089660969,False,0.4220720089660969,0.4220720089660969,0.4220720089660969,0.0,0.0,False,0.0,0.0,0.0,0.0
train/attack/digital_2/iphone15pro/indian-014_03.jpg,indian-014_03,digital_2,iphone15pro,dev_val,0.0644434320719603,26594,412672,0.4394224261111529,False,0.4394224261111529,0.4394224261111529,0.4394224261111529,0.0,0.16319470557268556,False,0.16319470557268556,0.16319470557268556,0.16319470557268556,0.0
train/attack/digital_2/scan/indian-014_03.jpg,indian-014_03,digital_2,scan,dev_val,0.06871947496947498,28816,419328,0.4414214325374792,False,0.4414214325374792,0.4414214325374792,0.4414214325374792,0.0,0.2642282065519156,False,0.2642282065519156,0.2642282065519156,0.2642282065519156,0.0
train/attack/digital_2/huawei/indian-021_03.jpg,indian-021_03,digital_2,huawei,dev_val,0.06717623197115384,28616,425984,0.4324853228962818,False,0.4324853228962818,0.4324853228962818,0.4324853228962818,0.0,0.0,False,0.0,0.0,0.0,0.0
train/attack/digital_2/iphone15pro/indian-021_03.jpg,indian-021_03,digital_2,iphone15pro,dev_val,0.04890799256505576,20208,413184,0.599020190023753,False,0.599020190023753,0.599020190023753,0.599020190023753,0.0,0.0,False,0.0,0.0,0.0,0.0
train/attack/digital_2/scan/indian-021_03.jpg,indian-021_03,digital_2,scan,dev_val,0.048483877753977965,20281,418304,0.5087027266900054,False,0.5087027266900054,0.5087027266900054,0.5087027266900054,0.0,0.0,False,0.0,0.0,0.0,0.0
train/attack/digital_2/huawei/indian-NF-1061.jpg,indian-NF-1061,digital_2,huawei,dev_val,0.11168666968599034,47348,423936,0.5149531131198783,False,0.5149531131198783,0.5149531131198783,0.5149531131198783,0.0,0.0,True,0.0,0.0,0.0,0.0
train/attack/digital_2/iphone15pro/indian-NF-1061.jpg,indian-NF-1061,digital_2,iphone15pro,dev_val,0.1129232582605985,46369,410624,0.6607216027949708,False,0.6607216027949708,0.6607216027949708,0.6607216027949708,0.0,0.12342297655761392,False,0.12342297655761392,0.12342297655761392,0.12342297655761392,0.0
train/attack/digital_2/scan/indian-NF-1061.jpg,indian-NF-1061,digital_2,scan,dev_val,0.11605849847560976,48726,419840,0.5197225300660838,False,0.5197225300660838,0.5197225300660838,0.5197225300660838,0.0,0.22675778844969832,False,0.22675778844969832,0.22675778844969832,0.22675778844969832,0.0
train/attack/digital_2/huawei/persian-144_03.jpg,persian-144_03,digital_2,huawei,dev_val,0.06455279845078979,27201,421376,0.7517003051358406,False,0.7517003051358406,0.7517003051358406,0.7517003051358406,0.0,0.13845079225028492,False,0.13845079225028492,0.13845079225028492,0.13845079225028492,0.0
train/attack/digital_2/iphone15pro/persian-144_03.jpg,persian-144_03,digital_2,iphone15pro,dev_val,0.064794921875,27867,430080,0.751892919941149,False,0.751892919941149,0.751892919941149,0.751892919941149,0.0,0.1263501632755589,False,0.1263501632755589,0.1263501632755589,0.1263501632755589,0.0
train/attack/digital_2/scan/persian-144_03.jpg,persian-144_03,digital_2,scan,dev_val,0.06428380647130646,26956,419328,0.7421724291437899,False,0.7421724291437899,0.7421724291437899,0.7421724291437899,0.0,0.1415269327793441,False,0.1415269327793441,0.1415269327793441,0.1415269327793441,0.0
train/attack/digital_2/huawei/persian-NF-1018.jpg,persian-NF-1018,digital_2,huawei,dev_val,0.09060055655836342,38548,425472,0.755914703745979,False,0.755914703745979,0.755914703745979,0.755914703745979,0.0,0.10358514060392238,False,0.10358514060392238,0.10358514060392238,0.10358514060392238,0.0
train/attack/digital_2/iphone15pro/persian-NF-1018.jpg,persian-NF-1018,digital_2,iphone15pro,dev_val,0.09188432835820895,37824,411648,0.7857180626057529,False,0.7857180626057529,0.7857180626057529,0.7857180626057529,0.0,0.08021362098138748,False,0.08021362098138748,0.08021362098138748,0.08021362098138748,0.0
train/attack/digital_2/scan/persian-NF-1018.jpg,persian-NF-1018,digital_2,scan,dev_val,0.09226610137195122,38737,419840,0.7659860082092057,False,0.7659860082092057,0.7659860082092057,0.7659860082092057,0.0,0.14107958799080983,False,0.14107958799080983,0.14107958799080983,0.14107958799080983,0.0
train/attack/digital_2/huawei/persian-NF-1097.jpg,persian-NF-1097,digital_2,huawei,dev_val,0.08321204552283654,35447,425984,0.7727311196998335,False,0.7727311196998335,0.7727311196998335,0.7727311196998335,0.0,0.09549468220159675,False,0.09549468220159675,0.09549468220159675,0.09549468220159675,0.0
train/attack/digital_2/iphone15pro/persian-NF-1097.jpg,persian-NF-1097,digital_2,iphone15pro,dev_val,0.08976890837453647,37183,414208,0.7878062555468897,False,0.7878062555468897,0.7878062555468897,0.7878062555468897,0.0,0.2166850442406476,False,0.2166850442406476,0.2166850442406476,0.2166850442406476,0.0
train/attack/digital_2/scan/persian-NF-1097.jpg,persian-NF-1097,digital_2,scan,dev_val,0.09299349116930572,39090,420352,0.7806344333589154,False,0.7806344333589154,0.7806344333589154,0.7806344333589154,0.0,0.1862368892299821,False,0.1862368892299821,0.1862368892299821,0.1862368892299821,0.0
train/attack/digital_2/huawei/persian-NM-1035.jpg,persian-NM-1035,digital_2,huawei,dev_val,0.1343085607659831,57007,424448,0.82395144455944,False,0.82395144455944,0.82395144455944,0.82395144455944,0.0,0.36267475924009335,False,0.36267475924009335,0.36267475924009335,0.36267475924009335,0.0
train/attack/digital_2/iphone15pro/persian-NM-1035.jpg,persian-NM-1035,digital_2,iphone15pro,dev_val,0.11372580457089553,46815,411648,0.8337498664957813,False,0.8337498664957813,0.8337498664957813,0.8337498664957813,0.0,0.05598632916800171,False,0.05598632916800171,0.05598632916800171,0.05598632916800171,0.0
train/attack/digital_2/scan/persian-NM-1035.jpg,persian-NM-1035,digital_2,scan,dev_val,0.12998178037240538,54505,419328,0.8057242454820659,False,0.8057242454820659,0.8057242454820659,0.8057242454820659,0.0,0.10501788826713146,False,0.10501788826713146,0.10501788826713146,0.10501788826713146,0.0
train/attack/digital_2/huawei/portugal-013_03.jpg,portugal-013_03,digital_2,huawei,dev_val,0.07224431818181819,30516,422400,0.67014025429283,False,0.67014025429283,0.67014025429283,0.67014025429283,0.0,0.035522348931707956,False,0.035522348931707956,0.035522348931707956,0.035522348931707956,0.0
train/attack/digital_2/iphone15pro/portugal-013_03.jpg,portugal-013_03,digital_2,iphone15pro,dev_val,0.07123079504773269,30562,429056,0.6782605850402461,False,0.6782605850402461,0.6782605850402461,0.6782605850402461,0.0,0.06596426935409987,False,0.06596426935409987,0.06596426935409987,0.06596426935409987,0.0
train/attack/digital_2/scan/portugal-013_03.jpg,portugal-013_03,digital_2,scan,dev_val,0.07308536724452555,30759,420864,0.6756721609935303,False,0.6756721609935303,0.6756721609935303,0.6756721609935303,0.0,0.07659546799310771,False,0.07659546799310771,0.07659546799310771,0.07659546799310771,0.0
train/attack/digital_2/huawei/portugal-017_03.jpg,portugal-017_03,digital_2,huawei,dev_val,0.06929828689759036,29449,424960,0.6961526707188699,False,0.6961526707188699,0.6961526707188699,0.6961526707188699,0.0,0.11905327854935652,False,0.11905327854935652,0.11905327854935652,0.11905327854935652,0.0
train/attack/digital_2/iphone15pro/portugal-017_03.jpg,portugal-017_03,digital_2,iphone15pro,dev_val,0.06314862143742256,26092,413184,0.7027058102100261,False,0.7027058102100261,0.7027058102100261,0.7027058102100261,0.0,0.031925494404415146,False,0.031925494404415146,0.031925494404415146,0.031925494404415146,0.0
train/attack/digital_2/scan/portugal-017_03.jpg,portugal-017_03,digital_2,scan,dev_val,0.06523581112132353,27255,417792,0.6730141258484682,False,0.6730141258484682,0.6730141258484682,0.6730141258484682,0.0,0.03030636580443955,False,0.03030636580443955,0.03030636580443955,0.03030636580443955,0.0
train/attack/digital_2/huawei/portugal-029_03.jpg,portugal-029_03,digital_2,huawei,dev_val,0.06698000974220623,28601,427008,0.6553966644522918,False,0.6553966644522918,0.6553966644522918,0.6553966644522918,0.0,0.01961469878675571,False,0.01961469878675571,0.01961469878675571,0.01961469878675571,0.0
train/attack/digital_2/iphone15pro/portugal-029_03.jpg,portugal-029_03,digital_2,iphone15pro,dev_val,0.06784755485166873,28103,414208,0.7059388677365406,False,0.7059388677365406,0.7059388677365406,0.7059388677365406,0.0,0.0,False,0.0,0.0,0.0,0.0
train/attack/digital_2/scan/portugal-029_03.jpg,portugal-029_03,digital_2,scan,dev_val,0.06767172218826406,28342,418816,0.6534471808623245,False,0.6534471808623245,0.6534471808623245,0.6534471808623245,0.0,0.08580904664455578,False,0.08580904664455578,0.08580904664455578,0.08580904664455578,0.0
train/attack/digital_2/huawei/portugal-119_03.jpg,portugal-119_03,digital_2,huawei,dev_val,0.07335459757194245,31323,427008,0.6736902595536826,False,0.6736902595536826,0.6736902595536826,0.6736902595536826,0.0,0.09334993455288446,False,0.09334993455288446,0.09334993455288446,0.09334993455288446,0.0
train/attack/digital_2/iphone15pro/portugal-119_03.jpg,portugal-119_03,digital_2,iphone15pro,dev_val,0.07371069785276074,30758,417280,0.6808960270498732,False,0.6808960270498732,0.6808960270498732,0.6808960270498732,0.0,0.05097860719162494,False,0.05097860719162494,0.05097860719162494,0.05097860719162494,0.0
train/attack/digital_2/scan/portugal-119_03.jpg,portugal-119_03,digital_2,scan,dev_val,0.0780891409118727,32665,418304,0.7000153069034134,False,0.7000153069034134,0.7000153069034134,0.7000153069034134,0.0,0.05758457064135925,False,0.05758457064135925,0.05758457064135925,0.05758457064135925,0.0
train/attack/digital_2/huawei/portugal-NF-1060.jpg,portugal-NF-1060,digital_2,huawei,dev_val,0.09254643992130751,39139,422912,0.734357035182299,False,0.734357035182299,0.734357035182299,0.734357035182299,0.0,0.10851069265949564,False,0.10851069265949564,0.10851069265949564,0.10851069265949564,0.0
train/attack/digital_2/iphone15pro/portugal-NF-1060.jpg,portugal-NF-1060,digital_2,iphone15pro,dev_val,0.10073874923594132,42191,418816,0.7793842288639757,False,0.7793842288639757,0.7793842288639757,0.7793842288639757,0.0,0.09189163565689365,True,0.09189163565689365,0.09189163565689365,0.09189163565689365,0.0
train/attack/digital_2/scan/portugal-NF-1060.jpg,portugal-NF-1060,digital_2,scan,dev_val,0.10379975932151589,43473,418816,0.7711683113656752,False,0.7711683113656752,0.7711683113656752,0.7711683113656752,0.0,0.15082925033929107,False,0.15082925033929107,0.15082925033929107,0.15082925033929107,0.0
train/attack/digital_2/huawei/portugal-NF-1066.jpg,portugal-NF-1066,digital_2,huawei,dev_val,0.09101704717839806,38399,421888,0.7592645641813589,False,0.7592645641813589,0.7592645641813589,0.7592645641813589,0.0,0.14536836896794186,False,0.14536836896794186,0.14536836896794186,0.14536836896794186,0.0
train/attack/digital_2/iphone15pro/portugal-NF-1066.jpg,portugal-NF-1066,digital_2,iphone15pro,dev_val,0.09224436903341289,39578,429056,0.7453383192682803,False,0.7453383192682803,0.7453383192682803,0.7453383192682803,0.0,0.19053514578806408,False,0.19053514578806408,0.19053514578806408,0.19053514578806408,0.0
train/attack/digital_2/scan/portugal-NF-1066.jpg,portugal-NF-1066,digital_2,scan,dev_val,0.09431688262195122,39598,419840,0.7376382645588161,False,0.7376382645588161,0.7376382645588161,0.7376382645588161,0.0,0.1773826960957624,False,0.1773826960957624,0.1773826960957624,0.1773826960957624,0.0
train/attack/digital_2/huawei/portugal-NF-1109.jpg,portugal-NF-1109,digital_2,huawei,dev_val,0.10682019028279181,45449,425472,0.7984334088758829,False,0.7984334088758829,0.7984334088758829,0.7984334088758829,0.0,0.11720829941252833,False,0.11720829941252833,0.11720829941252833,0.11720829941252833,0.0
train/attack/digital_2/iphone15pro/portugal-NF-1109.jpg,portugal-NF-1109,digital_2,iphone15pro,dev_val,0.0977655666977612,40245,411648,0.7944340911914524,False,0.7944340911914524,0.7944340911914524,0.7944340911914524,0.0,0.17761212572990434,False,0.17761212572990434,0.17761212572990434,0.17761212572990434,0.0
train/attack/digital_2/scan/portugal-NF-1109.jpg,portugal-NF-1109,digital_2,scan,dev_val,0.1133577493880049,47418,418304,0.7924627778480746,False,0.7924627778480746,0.7924627778480746,0.7924627778480746,0.0,0.18446581466953477,False,0.18446581466953477,0.18446581466953477,0.18446581466953477,0.0
train/attack/digital_2/huawei/russian-062_03.jpg,russian-062_03,digital_2,huawei,dev_val,0.07702871469350961,32813,425984,0.6809496236247828,False,0.6809496236247828,0.6809496236247828,0.6809496236247828,0.0,0.00816749459055862,False,0.00816749459055862,0.00816749459055862,0.00816749459055862,0.0
train/attack/digital_2/iphone15pro/russian-062_03.jpg,russian-062_03,digital_2,iphone15pro,dev_val,0.07289637235037406,29933,410624,0.6926469114355394,False,0.6926469114355394,0.6926469114355394,0.6926469114355394,0.0,0.15497945411418834,False,0.15497945411418834,0.15497945411418834,0.15497945411418834,0.0
train/attack/digital_2/scan/russian-062_03.jpg,russian-062_03,digital_2,scan,dev_val,0.072430173992674,30372,419328,0.6847096009482418,False,0.6847096009482418,0.6847096009482418,0.6847096009482418,0.0,0.22770973264849204,False,0.22770973264849204,0.22770973264849204,0.22770973264849204,0.0
train/attack/digital_2/huawei/russian-132_03.jpg,russian-132_03,digital_2,huawei,dev_val,0.059194347760290554,25034,422912,0.6714867779819446,False,0.6714867779819446,0.6714867779819446,0.6714867779819446,0.0,0.11728049852201007,False,0.11728049852201007,0.11728049852201007,0.11728049852201007,0.0
train/attack/digital_2/iphone15pro/russian-132_03.jpg,russian-132_03,digital_2,iphone15pro,dev_val,0.05550718010585305,22821,411136,0.6301213794312256,False,0.6301213794312256,0.6301213794312256,0.6301213794312256,0.0,0.03891152885500197,False,0.03891152885500197,0.03891152885500197,0.03891152885500197,0.0
train/attack/digital_2/scan/russian-132_03.jpg,russian-132_03,digital_2,scan,dev_val,0.055097680097680096,23104,419328,0.5863486842105263,False,0.5863486842105263,0.5863486842105263,0.5863486842105263,0.0,0.17763157894736842,False,0.17763157894736842,0.17763157894736842,0.17763157894736842,0.0
train/attack/digital_2/huawei/russian-NF-1089.jpg,russian-NF-1089,digital_2,huawei,dev_val,0.11326704545454545,47844,422400,0.7426427556224396,False,0.7426427556224396,0.7426427556224396,0.7426427556224396,0.0,0.0,False,0.0,0.0,0.0,0.0
train/attack/digital_2/iphone15pro/russian-NF-1089.jpg,russian-NF-1089,digital_2,iphone15pro,dev_val,0.11200747282608696,46165,412160,0.7450449474710278,False,0.7450449474710278,0.7450449474710278,0.7450449474710278,0.0,0.12585291887793784,False,0.12585291887793784,0.12585291887793784,0.12585291887793784,0.0
train/attack/digital_2/scan/russian-NF-1089.jpg,russian-NF-1089,digital_2,scan,dev_val,0.12447535103785104,52196,419328,0.7329105678596061,False,0.7329105678596061,0.7329105678596061,0.7329105678596061,0.0,0.08811020001532685,False,0.08811020001532685,0.08811020001532685,0.08811020001532685,0.0
train/attack/digital_2/huawei/russian-NF-1099.jpg,russian-NF-1099,digital_2,huawei,dev_val,0.15599844319562575,65734,421376,0.7712599263699151,False,0.7712599263699151,0.7712599263699151,0.7712599263699151,0.0,0.0898165333008793,True,0.0939893963731284,0.0898165333008793,0.11473514467398911,0.024918611373109814
train/attack/digital_2/iphone15pro/russian-NF-1099.jpg,russian-NF-1099,digital_2,iphone15pro,dev_val,0.15136601515606243,64557,426496,0.7709620955124928,False,0.7709620955124928,0.7709620955124928,0.7709620955124928,0.0,0.12959090416221325,False,0.12959090416221325,0.12959090416221325,0.12959090416221325,0.0
train/attack/digital_2/scan/russian-NF-1099.jpg,russian-NF-1099,digital_2,scan,dev_val,0.15349602203182375,64208,418304,0.7713213306753053,False,0.7713213306753053,0.7713213306753053,0.7713213306753053,0.0,0.10142038375280339,False,0.10142038375280339,0.10142038375280339,0.10142038375280339,0.0
train/attack/digital_2/huawei/turkiye-032_03.jpg,turkiye-032_03,digital_2,huawei,dev_val,0.06818203314164649,28835,422912,0.6794173747182244,False,0.6794173747182244,0.6794173747182244,0.6794173747182244,0.0,0.12932200450840992,False,0.12932200450840992,0.12932200450840992,0.12932200450840992,0.0
train/attack/digital_2/iphone15pro/turkiye-032_03.jpg,turkiye-032_03,digital_2,iphone15pro,dev_val,0.07169374224565757,29586,412672,0.7327114175623606,False,0.7327114175623606,0.7327114175623606,0.7327114175623606,0.0,0.11248563509768134,False,0.11248563509768134,0.11248563509768134,0.11248563509768134,0.0
train/attack/digital_2/scan/turkiye-032_03.jpg,turkiye-032_03,digital_2,scan,dev_val,0.06822789167686659,28540,418304,0.6872459705676244,False,0.6872459705676244,0.6872459705676244,0.6872459705676244,0.0,0.13230553608969867,False,0.13230553608969867,0.13230553608969867,0.13230553608969867,0.0
train/attack/digital_2/huawei/turkiye-101_03.jpg,turkiye-101_03,digital_2,huawei,dev_val,0.06490783323281062,27550,424448,0.6582214156079855,False,0.6582214156079855,0.6582214156079855,0.6582214156079855,0.0,0.10809437386569873,False,0.10809437386569873,0.10809437386569873,0.10809437386569873,0.0
train/attack/digital_2/iphone15pro/turkiye-101_03.jpg,turkiye-101_03,digital_2,iphone15pro,dev_val,0.06508558855459057,26859,412672,0.6720279980639636,False,0.6720279980639636,0.6720279980639636,0.6720279980639636,0.0,0.14963327003983767,False,0.14963327003983767,0.14963327003983767,0.14963327003983767,0.0
train/attack/digital_2/scan/turkiye-101_03.jpg,turkiye-101_03,digital_2,scan,dev_val,0.0659281288249694,27578,418304,0.641090724490536,False,0.641090724490536,0.641090724490536,0.641090724490536,0.0,0.2554572485314381,False,0.2554572485314381,0.2554572485314381,0.2554572485314381,0.0
train/attack/digital_2/huawei/turkiye-104_03.jpg,turkiye-104_03,digital_2,huawei,dev_val,0.05212343372584541,22097,423936,0.5299814454450831,False,0.5299814454450831,0.5299814454450831,0.5299814454450831,0.0,0.15938815223786035,False,0.15938815223786035,0.15938815223786035,0.15938815223786035,0.0
train/attack/digital_2/iphone15pro/turkiye-104_03.jpg,turkiye-104_03,digital_2,iphone15pro,dev_val,0.050839479813664594,20954,412160,0.5860933473322516,False,0.5860933473322516,0.5860933473322516,0.5860933473322516,0.0,0.15481530972606664,False,0.15481530972606664,0.15481530972606664,0.15481530972606664,0.0
train/attack/digital_2/scan/turkiye-104_03.jpg,turkiye-104_03,digital_2,scan,dev_val,0.05143069987775061,21540,418816,0.5330547818013,False,0.5330547818013,0.5330547818013,0.5330547818013,0.0,0.1391829155060353,False,0.1391829155060353,0.1391829155060353,0.1391829155060353,0.0
train/attack/digital_2/huawei/turkiye-115_03.jpg,turkiye-115_03,digital_2,huawei,dev_val,0.05855134197828709,24852,424448,0.6487606631257041,False,0.6487606631257041,0.6487606631257041,0.6487606631257041,0.0,0.0,False,0.0,0.0,0.0,0.0
train/attack/digital_2/iphone15pro/turkiye-115_03.jpg,turkiye-115_03,digital_2,iphone15pro,dev_val,0.06098251626394052,25197,413184,0.6957971187046077,False,0.6957971187046077,0.6957971187046077,0.6957971187046077,0.0,0.12886454736675002,False,0.12886454736675002,0.12886454736675002,0.12886454736675002,0.0
train/attack/digital_2/scan/turkiye-115_03.jpg,turkiye-115_03,digital_2,scan,dev_val,0.06036108993902439,25342,419840,0.6499487017599243,False,0.6499487017599243,0.6499487017599243,0.6499487017599243,0.0,0.03342277641859364,False,0.03342277641859364,0.03342277641859364,0.03342277641859364,0.0
train/attack/digital_2/huawei/turkiye-NF-1002.jpg,turkiye-NF-1002,digital_2,huawei,dev_val,0.08285757211538461,35296,425984,0.6912964641885766,False,0.6912964641885766,0.6912964641885766,0.6912964641885766,0.0,0.148175430643699,False,0.148175430643699,0.148175430643699,0.148175430643699,0.0
train/attack/digital_2/iphone15pro/turkiye-NF-1002.jpg,turkiye-NF-1002,digital_2,iphone15pro,dev_val,0.0830126710199005,34172,411648,0.7291349642982559,False,0.7291349642982559,0.7291349642982559,0.7291349642982559,0.0,0.0982968512232237,False,0.0982968512232237,0.0982968512232237,0.0982968512232237,0.0
train/attack/digital_2/scan/turkiye-NF-1002.jpg,turkiye-NF-1002,digital_2,scan,dev_val,0.08452531403186274,35314,417792,0.7182703743557796,False,0.7182703743557796,0.7182703743557796,0.7182703743557796,0.0,0.13377130882935945,False,0.13377130882935945,0.13377130882935945,0.13377130882935945,0.0
train/attack/digital_2/huawei/turkiye-NM-1055.jpg,turkiye-NM-1055,digital_2,huawei,dev_val,0.06983249470338983,29533,422912,0.658517590491992,False,0.658517590491992,0.658517590491992,0.658517590491992,0.0,0.2094944638201334,False,0.2094944638201334,0.2094944638201334,0.2094944638201334,0.0
train/attack/digital_2/iphone15pro/turkiye-NM-1055.jpg,turkiye-NM-1055,digital_2,iphone15pro,dev_val,0.06795754753740649,27905,410624,0.6562981544526071,False,0.6562981544526071,0.6562981544526071,0.6562981544526071,0.0,0.059236695932628564,False,0.059236695932628564,0.059236695932628564,0.059236695932628564,0.0
train/attack/digital_2/scan/turkiye-NM-1055.jpg,turkiye-NM-1055,digital_2,scan,dev_val,0.06937777310281518,29021,418304,0.6543537438406671,False,0.6543537438406671,0.6543537438406671,0.6543537438406671,0.0,0.13083629096171737,False,0.13083629096171737,0.13083629096171737,0.13083629096171737,0.0
train/attack/digital_2/huawei/ukraine-025_03.jpg,ukraine-025_03,digital_2,huawei,dev_val,0.05515039298669891,23352,423424,0.7046077423775265,False,0.7046077423775265,0.7046077423775265,0.7046077423775265,0.0,0.0,False,0.0,0.0,0.0,0.0
train/attack/digital_2/iphone15pro/ukraine-025_03.jpg,ukraine-025_03,digital_2,iphone15pro,dev_val,0.055758568548387094,23010,412672,0.7047370708387658,False,0.7047370708387658,0.7047370708387658,0.7047370708387658,0.0,0.00560625814863103,False,0.00560625814863103,0.00560625814863103,0.00560625814863103,0.0
train/attack/digital_2/scan/ukraine-025_03.jpg,ukraine-025_03,digital_2,scan,dev_val,0.058186848958333336,24310,417792,0.7131633072809543,False,0.7131633072809543,0.7131633072809543,0.7131633072809543,0.0,0.07124640065816537,False,0.07124640065816537,0.07124640065816537,0.07124640065816537,0.0
train/attack/digital_2/huawei/ukraine-NF-1068.jpg,ukraine-NF-1068,digital_2,huawei,dev_val,0.07751553087349397,32941,424960,0.7062019975107009,False,0.7062019975107009,0.7062019975107009,0.7062019975107009,0.0,0.002064296773018427,False,0.002064296773018427,0.002064296773018427,0.002064296773018427,0.0
train/attack/digital_2/iphone15pro/ukraine-NF-1068.jpg,ukraine-NF-1068,digital_2,iphone15pro,dev_val,0.06819439052795032,28107,412160,0.7262959405130395,False,0.7262959405130395,0.7262959405130395,0.7262959405130395,0.0,0.005123278898495036,False,0.005123278898495036,0.005123278898495036,0.005123278898495036,0.0
train/attack/digital_2/scan/ukraine-NF-1068.jpg,ukraine-NF-1068,digital_2,scan,dev_val,0.07653912927350427,32095,419328,0.7782832216856208,False,0.7782832216856208,0.7782832216856208,0.7782832216856208,0.0,0.14167315781274342,False,0.14167315781274342,0.14167315781274342,0.14167315781274342,0.0
train/attack/digital_2/huawei/ukraine-NF-1073.jpg,ukraine-NF-1073,digital_2,huawei,dev_val,0.12915978064903846,55020,425984,0.7852417302798982,False,0.7852417302798982,0.7852417302798982,0.7852417302798982,0.0,0.0,False,0.0,0.0,0.0,0.0
train/attack/digital_2/iphone15pro/ukraine-NF-1073.jpg,ukraine-NF-1073,digital_2,iphone15pro,dev_val,0.13661442158385093,56307,412160,0.7770792263839309,False,0.7770792263839309,0.7770792263839309,0.7770792263839309,0.0,0.0892429005274655,False,0.0892429005274655,0.0892429005274655,0.0892429005274655,0.0
train/attack/digital_2/scan/ukraine-NF-1073.jpg,ukraine-NF-1073,digital_2,scan,dev_val,0.13954576711491443,58444,418816,0.7849736499897337,False,0.7849736499897337,0.7849736499897337,0.7849736499897337,0.0,0.10242283211279173,False,0.10242283211279173,0.10242283211279173,0.10242283211279173,0.0
train/attack/digital_2/huawei/ukraine-NF-1106.jpg,ukraine-NF-1106,digital_2,huawei,dev_val,0.07250187125748503,30996,427520,0.7074461220802685,False,0.7074461220802685,0.7074461220802685,0.7074461220802685,0.0,0.0,False,0.0,0.0,0.0,0.0
train/attack/digital_2/iphone15pro/ukraine-NF-1106.jpg,ukraine-NF-1106,digital_2,iphone15pro,dev_val,0.06801949295343138,28418,417792,0.7540995143922866,False,0.7540995143922866,0.7540995143922866,0.7540995143922866,0.0,0.061369554507706384,False,0.061369554507706384,0.061369554507706384,0.061369554507706384,0.0
train/attack/digital_2/scan/ukraine-NF-1106.jpg,ukraine-NF-1106,digital_2,scan,dev_val,0.07005764100609756,29413,419840,0.7466086424370176,False,0.7466086424370176,0.7466086424370176,0.7466086424370176,0.0,0.056097643898956245,False,0.056097643898956245,0.056097643898956245,0.056097643898956245,0.0
train/attack/digital_2/huawei/usa-034_03.jpg,usa-034_03,digital_2,huawei,dev_val,0.08471062725631769,36042,425472,0.6428056156706066,True,0.6428056156706066,0.6428056156706066,0.6428056156706066,0.0,0.001997669385716664,False,0.001997669385716664,0.001997669385716664,0.001997669385716664,0.0
train/attack/digital_2/iphone15pro/usa-034_03.jpg,usa-034_03,digital_2,iphone15pro,dev_val,0.0888282224127182,36475,410624,0.6659629883481837,False,0.6659629883481837,0.6659629883481837,0.6659629883481837,0.0,0.03509252912954078,False,0.03509252912954078,0.03509252912954078,0.03509252912954078,0.0
train/attack/digital_2/scan/usa-034_03.jpg,usa-034_03,digital_2,scan,dev_val,0.08933153339460784,37322,417792,0.6519747066073629,False,0.6519747066073629,0.6519747066073629,0.6519747066073629,0.0,0.022640801671936123,False,0.022640801671936123,0.022640801671936123,0.022640801671936123,0.0
train/attack/digital_2/huawei/usa-067_03.jpg,usa-067_03,digital_2,huawei,dev_val,0.08149944673382173,34175,419328,0.6467300658376006,False,0.6467300658376006,0.6467300658376006,0.6467300658376006,0.0,0.03341623994147769,False,0.03341623994147769,0.03341623994147769,0.03341623994147769,0.0
train/attack/digital_2/iphone15pro/usa-067_03.jpg,usa-067_03,digital_2,iphone15pro,dev_val,0.08372830378426699,35967,429568,0.6195123307476298,False,0.6195123307476298,0.6195123307476298,0.6195123307476298,0.0,0.0325854255289571,False,0.0325854255289571,0.0325854255289571,0.0325854255289571,0.0
train/attack/digital_2/scan/usa-067_03.jpg,usa-067_03,digital_2,scan,dev_val,0.08437786172161173,35382,419328,0.6228025549714544,False,0.6228025549714544,0.6228025549714544,0.6228025549714544,0.0,0.12393307331411452,False,0.12393307331411452,0.12393307331411452,0.12393307331411452,0.0
train/attack/digital_2/huawei/usa-NF-1036.jpg,usa-NF-1036,digital_2,huawei,dev_val,0.10630715311366384,45013,423424,0.6569879812498611,False,0.6569879812498611,0.6569879812498611,0.6569879812498611,0.0,0.03461222313553862,False,0.03461222313553862,0.03461222313553862,0.03461222313553862,0.0
train/attack/digital_2/iphone15pro/usa-NF-1036.jpg,usa-NF-1036,digital_2,iphone15pro,dev_val,0.1059313322368421,43281,408576,0.6889166146808068,False,0.6889166146808068,0.6889166146808068,0.6889166146808068,0.0,0.021348859776807377,False,0.021348859776807377,0.021348859776807377,0.021348859776807377,0.0
train/attack/digital_2/scan/usa-NF-1036.jpg,usa-NF-1036,digital_2,scan,dev_val,0.11267297749391728,47420,420864,0.6531632222690847,False,0.6531632222690847,0.6531632222690847,0.6531632222690847,0.0,0.03222269084774357,False,0.03222269084774357,0.03222269084774357,0.03222269084774357,0.0
train/attack/digital_2/huawei/usa-NF-1065.jpg,usa-NF-1065,digital_2,huawei,dev_val,0.13910748106060605,58759,422400,0.7319559556833847,False,0.7319559556833847,0.7319559556833847,0.7319559556833847,0.0,0.15144913970625776,False,0.15144913970625776,0.15144913970625776,0.15144913970625776,0.0
train/attack/digital_2/iphone15pro/usa-NF-1065.jpg,usa-NF-1065,digital_2,iphone15pro,dev_val,0.13104981049346018,56429,430592,0.7363944071310851,False,0.7363944071310851,0.7363944071310851,0.7363944071310851,0.0,0.040085771500469616,False,0.040085771500469616,0.040085771500469616,0.040085771500469616,0.0
train/attack/digital_2/scan/usa-NF-1065.jpg,usa-NF-1065,digital_2,scan,dev_val,0.1286077895782396,53863,418816,0.6932402576908082,False,0.6932402576908082,0.6932402576908082,0.6932402576908082,0.0,0.031691513655013645,False,0.031691513655013645,0.031691513655013645,0.031691513655013645,0.0
train/attack/digital_2/huawei/usa-NF-1076.jpg,usa-NF-1076,digital_2,huawei,dev_val,0.1823487207382953,77771,426496,0.6812693677591904,False,0.6812693677591904,0.6812693677591904,0.6812693677591904,0.0,0.021434725026037982,False,0.021434725026037982,0.021434725026037982,0.021434725026037982,0.0
train/attack/digital_2/iphone15pro/usa-NF-1076.jpg,usa-NF-1076,digital_2,iphone15pro,dev_val,0.19030517578125,77949,409600,0.6592900486215346,False,0.6592900486215346,0.6592900486215346,0.6592900486215346,0.0,0.1929338413578109,False,0.1929338413578109,0.1929338413578109,0.1929338413578109,0.0
train/attack/digital_2/scan/usa-NF-1076.jpg,usa-NF-1076,digital_2,scan,dev_val,0.1873298504601227,78169,417280,0.6178152464531975,False,0.6178152464531975,0.6178152464531975,0.6178152464531975,0.0,0.014558200821297445,False,0.014558200821297445,0.014558200821297445,0.014558200821297445,0.0
train/attack/digital_2/huawei/usa-NM-1038.jpg,usa-NM-1038,digital_2,huawei,dev_val,0.10249300937122129,43398,423424,0.6553066961611134,False,0.6553066961611134,0.6553066961611134,0.6553066961611134,0.0,0.0,False,0.0,0.0,0.0,0.0
train/attack/digital_2/iphone15pro/usa-NM-1038.jpg,usa-NM-1038,digital_2,iphone15pro,dev_val,0.10485185116209773,45041,429568,0.6701227770253769,False,0.6701227770253769,0.6701227770253769,0.6701227770253769,0.0,0.02415576918807309,False,0.02415576918807309,0.02415576918807309,0.02415576918807309,0.0
train/attack/digital_2/scan/usa-NM-1038.jpg,usa-NM-1038,digital_2,scan,dev_val,0.10512168734681372,43919,417792,0.658667091691523,False,0.658667091691523,0.658667091691523,0.658667091691523,0.0,0.009995673854140578,False,0.009995673854140578,0.009995673854140578,0.009995673854140578,0.0
test/attack/facedancer/huawei/chinese2-flickr_F_16745558933_a3f9fe2bc9_k.jpg,chinese2-flickr_F_16745558933_a3f9fe2bc9_k,facedancer,huawei,official_test,0.07713172371638141,32304,418816,0.7086738484398217,False,0.7086738484398217,0.7086738484398217,0.7086738484398217,0.0,0.0,False,0.0,0.0,0.0,0.0
test/attack/facedancer/iphone15/chinese2-flickr_F_16745558933_a3f9fe2bc9_k.jpg,chinese2-flickr_F_16745558933_a3f9fe2bc9_k,facedancer,iphone15,official_test,0.08090868183210784,33803,417792,0.7535721681507559,False,0.7535721681507559,0.7535721681507559,0.7535721681507559,0.0,0.0,False,0.0,0.0,0.0,0.0
test/attack/facedancer/scan/chinese2-flickr_F_16745558933_a3f9fe2bc9_k.jpg,chinese2-flickr_F_16745558933_a3f9fe2bc9_k,facedancer,scan,official_test,0.07950311739659367,33460,420864,0.7445606694560669,False,0.7445606694560669,0.7445606694560669,0.7445606694560669,0.0,0.0,False,0.0,0.0,0.0,0.0
test/attack/facedancer/huawei/chinese2-flickr_F_16858102101_d4c5c1e7a2_c.jpg,chinese2-flickr_F_16858102101_d4c5c1e7a2_c,facedancer,huawei,official_test,0.07415064601494396,30486,411136,0.7641540379190448,False,0.7641540379190448,0.7641540379190448,0.7641540379190448,0.0,0.0,False,0.0,0.0,0.0,0.0
test/attack/facedancer/scan/chinese2-flickr_F_16858102101_d4c5c1e7a2_c.jpg,chinese2-flickr_F_16858102101_d4c5c1e7a2_c,facedancer,scan,official_test,0.0758721262180268,31893,420352,0.7507917097795754,False,0.7507917097795754,0.7507917097795754,0.7507917097795754,0.0,0.0,False,0.0,0.0,0.0,0.0
test/attack/facedancer/iphone15/chinese2-flickr_F_17619703551_9705002b22_b.jpg,chinese2-flickr_F_17619703551_9705002b22_b,facedancer,iphone15,official_test,0.077529332472661,32669,421376,0.7605069025681839,False,0.7605069025681839,0.7605069025681839,0.7605069025681839,0.0,0.14524472741742936,False,0.14524472741742936,0.14524472741742936,0.14524472741742936,0.0
test/attack/facedancer/scan/chinese2-flickr_F_17619703551_9705002b22_b.jpg,chinese2-flickr_F_17619703551_9705002b22_b,facedancer,scan,official_test,0.07421398046398046,31120,419328,0.7456619537275064,False,0.7456619537275064,0.7456619537275064,0.7456619537275064,0.0,0.0,False,0.0,0.0,0.0,0.0
test/attack/facedancer/iphone15/chinese2-flickr_F_17773666675_1bdbd28a62_c.jpg,chinese2-flickr_F_17773666675_1bdbd28a62_c,facedancer,iphone15,official_test,0.08239241180048662,34676,420864,0.7452128273157227,False,0.7452128273157227,0.7452128273157227,0.7452128273157227,0.0,0.0,False,0.0,0.0,0.0,0.0
test/attack/facedancer/scan/chinese2-flickr_F_17773666675_1bdbd28a62_c.jpg,chinese2-flickr_F_17773666675_1bdbd28a62_c,facedancer,scan,official_test,0.08487607099143207,35504,418304,0.754224876070302,False,0.754224876070302,0.754224876070302,0.754224876070302,0.0,0.0,False,0.0,0.0,0.0,0.0
test/attack/facedancer/iphone15/chinese2-flickr_F_21668538829_2fb67bd5fd_c.jpg,chinese2-flickr_F_21668538829_2fb67bd5fd_c,facedancer,iphone15,official_test,0.09224098410757946,38632,418816,0.73431352246842,False,0.73431352246842,0.73431352246842,0.73431352246842,0.0,0.0,False,0.0,0.0,0.0,0.0
test/attack/facedancer/huawei/chinese2-flickr_F_21696826019_7407a3bea0_k.jpg,chinese2-flickr_F_21696826019_7407a3bea0_k,facedancer,huawei,official_test,0.08438365917487685,35082,415744,0.7625562966763583,False,0.7625562966763583,0.7625562966763583,0.7625562966763583,0.0,0.0,False,0.0,0.0,0.0,0.0
test/attack/facedancer/scan/chinese2-flickr_F_21696826019_7407a3bea0_k.jpg,chinese2-flickr_F_21696826019_7407a3bea0_k,facedancer,scan,official_test,0.08522770579268292,35782,419840,0.6707282991448215,False,0.6707282991448215,0.6707282991448215,0.6707282991448215,0.0,0.0,False,0.0,0.0,0.0,0.0
test/attack/facedancer/iphone15/chinese2-flickr_F_25164779518_a723fab6b8_o.jpg,chinese2-flickr_F_25164779518_a723fab6b8_o,facedancer,iphone15,official_test,0.09468347886029412,39558,417792,0.7386622175034128,False,0.7386622175034128,0.7386622175034128,0.7386622175034128,0.0,0.006623186207593913,False,0.006623186207593913,0.006623186207593913,0.006623186207593913,0.0
test/attack/facedancer/iphone15/chinese2-flickr_F_30990251270_6801e68759_c.jpg,chinese2-flickr_F_30990251270_6801e68759_c,facedancer,iphone15,official_test,0.0762438574938575,31776,416768,0.7866943605236657,False,0.7866943605236657,0.7866943605236657,0.7866943605236657,0.0,0.09183031218529708,False,0.09183031218529708,0.09183031218529708,0.09183031218529708,0.0
test/attack/facedancer/scan/chinese2-flickr_F_30990251270_6801e68759_c.jpg,chinese2-flickr_F_30990251270_6801e68759_c,facedancer,scan,official_test,0.08271412744498778,34642,418816,0.7650828474106576,False,0.7650828474106576,0.7650828474106576,0.7650828474106576,0.0,0.10091796085676347,False,0.10091796085676347,0.10091796085676347,0.10091796085676347,0.0
test/attack/facedancer/huawei/chinese2-flickr_F_31196390972_be24a6067c_k.jpg,chinese2-flickr_F_31196390972_be24a6067c_k,facedancer,huawei,official_test,0.08630310960591132,35880,415744,0.7943979933110368,False,0.7943979933110368,0.7943979933110368,0.7943979933110368,0.0,0.05434782608695652,False,0.05434782608695652,0.05434782608695652,0.05434782608695652,0.0
test/attack/facedancer/scan/chinese2-flickr_F_31196390972_be24a6067c_k.jpg,chinese2-flickr_F_31196390972_be24a6067c_k,facedancer,scan,official_test,0.08569484622411692,36022,420352,0.7693076453278552,False,0.7693076453278552,0.7693076453278552,0.7693076453278552,0.0,0.01335295097440453,False,0.01335295097440453,0.01335295097440453,0.01335295097440453,0.0
test/attack/facedancer/huawei/chinese2-flickr_F_31226153591_900ef17f37_k.jpg,chinese2-flickr_F_31226153591_900ef17f37_k,facedancer,huawei,official_test,0.09142473536737235,37588,411136,0.7159465786953283,False,0.7159465786953283,0.7159465786953283,0.7159465786953283,0.0,0.0,False,0.0,0.0,0.0,0.0
test/attack/facedancer/iphone15/chinese2-flickr_F_31226153591_900ef17f37_k.jpg,chinese2-flickr_F_31226153591_900ef17f37_k,facedancer,iphone15,official_test,0.09001629601226994,37562,417280,0.7118364304350141,False,0.7118364304350141,0.7118364304350141,0.7118364304350141,0.0,0.0,False,0.0,0.0,0.0,0.0
test/attack/facedancer/scan/chinese2-flickr_F_31226153591_900ef17f37_k.jpg,chinese2-flickr_F_31226153591_900ef17f37_k,facedancer,scan,official_test,0.0885535905067155,37133,419328,0.714512697600517,False,0.714512697600517,0.714512697600517,0.714512697600517,0.0,0.0,False,0.0,0.0,0.0,0.0
test/attack/facedancer/scan/chinese2-flickr_F_31998401683_5272a75c42_c.jpg,chinese2-flickr_F_31998401683_5272a75c42_c,facedancer,scan,official_test,0.08504668445121952,35706,419840,0.7756119419705372,False,0.7756119419705372,0.7756119419705372,0.7756119419705372,0.0,0.0,False,0.0,0.0,0.0,0.0
test/attack/facedancer/scan/chinese2-flickr_F_31998955273_5516f4db28_h.jpg,chinese2-flickr_F_31998955273_5516f4db28_h,facedancer,scan,official_test,0.07144076152912622,30140,421888,0.6694094226940942,False,0.6694094226940942,0.6694094226940942,0.6694094226940942,0.0,0.0,False,0.0,0.0,0.0,0.0
test/attack/facedancer/scan/chinese2-flickr_F_32689517821_bfacb0e1ba_h.jpg,chinese2-flickr_F_32689517821_bfacb0e1ba_h,facedancer,scan,official_test,0.0873683608058608,36636,419328,0.487635113003603,False,0.487635113003603,0.487635113003603,0.487635113003603,0.0,0.0,False,0.0,0.0,0.0,0.0
test/attack/facedancer/iphone15/chinese2-flickr_F_33552328531_f6d5dd17b8_c.jpg,chinese2-flickr_F_33552328531_f6d5dd17b8_c,facedancer,iphone15,official_test,0.0812116564417178,33888,417280,0.7701841359773371,False,0.7701841359773371,0.7701841359773371,0.7701841359773371,0.0,0.04520774315391879,False,0.04520774315391879,0.04520774315391879,0.04520774315391879,0.0
test/attack/facedancer/scan/chinese2-flickr_F_33552328531_f6d5dd17b8_c.jpg,chinese2-flickr_F_33552328531_f6d5dd17b8_c,facedancer,scan,official_test,0.07838255494505494,32868,419328,0.7410855543385664,False,0.7410855543385664,0.7410855543385664,0.7410855543385664,0.0,0.057837410247048804,False,0.057837410247048804,0.057837410247048804,0.057837410247048804,0.0
test/attack/facedancer/huawei/chinese2-flickr_F_39035705701_833f3da9bf_o.jpg,chinese2-flickr_F_39035705701_833f3da9bf_o,facedancer,huawei,official_test,0.08396491671855542,34521,411136,0.6499811708814924,False,0.6499811708814924,0.6499811708814924,0.6499811708814924,0.0,0.0,False,0.0,0.0,0.0,0.0
test/attack/facedancer/iphone15/chinese2-flickr_F_39035705701_833f3da9bf_o.jpg,chinese2-flickr_F_39035705701_833f3da9bf_o,facedancer,iphone15,official_test,0.0828125,34344,414720,0.7668588399720475,False,0.7668588399720475,0.7668588399720475,0.7668588399720475,0.0,0.0,False,0.0,0.0,0.0,0.0
test/attack/facedancer/huawei/chinese2-flickr_F_48677929383_2cdc743f43_c.jpg,chinese2-flickr_F_48677929383_2cdc743f43_c,facedancer,huawei,official_test,0.08266207298136646,34070,412160,0.7373936014088641,False,0.7373936014088641,0.7373936014088641,0.7373936014088641,0.0,0.0,False,0.0,0.0,0.0,0.0
test/attack/facedancer/scan/chinese2-flickr_F_48677929383_2cdc743f43_c.jpg,chinese2-flickr_F_48677929383_2cdc743f43_c,facedancer,scan,official_test,0.08507155907429964,35760,420352,0.7340044742729307,False,0.7340044742729307,0.7340044742729307,0.7340044742729307,0.0,0.0,False,0.0,0.0,0.0,0.0
test/attack/facedancer/scan/chinese2-flickr_M_16743317854_732a16acc8_k.jpg,chinese2-flickr_M_16743317854_732a16acc8_k,facedancer,scan,official_test,0.07216282894736842,30186,418304,0.7175180547273571,False,0.7175180547273571,0.7175180547273571,0.7175180547273571,0.0,0.0,False,0.0,0.0,0.0,0.0
test/attack/facedancer/huawei/chinese2-flickr_M_21459989349_7ab0e1ace5_k.jpg,chinese2-flickr_M_21459989349_7ab0e1ace5_k,facedancer,huawei,official_test,0.08095533498759305,33408,412672,0.716864224137931,False,0.716864224137931,0.716864224137931,0.716864224137931,0.0,0.0,False,0.0,0.0,0.0,0.0
test/attack/facedancer/huawei/chinese2-flickr_M_22911363774_20c12ce7ec_c.jpg,chinese2-flickr_M_22911363774_20c12ce7ec_c,facedancer,huawei,official_test,0.068359375,28210,412672,0.7617866004962779,False,0.7617866004962779,0.7617866004962779,0.7617866004962779,0.0,0.0,False,0.0,0.0,0.0,0.0
test/attack/facedancer/scan/chinese2-flickr_M_22911363774_20c12ce7ec_c.jpg,chinese2-flickr_M_22911363774_20c12ce7ec_c,facedancer,scan,official_test,0.06832121871184371,28649,419328,0.7367447380362316,False,0.7367447380362316,0.7367447380362316,0.7367447380362316,0.0,0.0,False,0.0,0.0,0.0,0.0
test/attack/facedancer/huawei/chinese2-flickr_M_24235235151_ae8ac31253_k.jpg,chinese2-flickr_M_24235235151_ae8ac31253_k,facedancer,huawei,official_test,0.08324009573474471,34223,411136,0.7531776875200888,False,0.7531776875200888,0.7531776875200888,0.7531776875200888,0.0,0.0,False,0.0,0.0,0.0,0.0
test/attack/facedancer/huawei/chinese2-flickr_M_24291592906_b097dd45e5_k.jpg,chinese2-flickr_M_24291592906_b097dd45e5_k,facedancer,huawei,official_test,0.08033562655472637,33070,411648,0.7715149682491684,False,0.7715149682491684,0.7715149682491684,0.7715149682491684,0.0,0.0002721499848805564,False,0.0002721499848805564,0.0002721499848805564,0.0002721499848805564,0.0
test/attack/facedancer/iphone15/chinese2-flickr_M_24291592906_b097dd45e5_k.jpg,chinese2-flickr_M_24291592906_b097dd45e5_k,facedancer,iphone15,official_test,0.08265280752753978,34574,418304,0.7757852721698386,False,0.7757852721698386,0.7757852721698386,0.7757852721698386,0.0,0.0,False,0.0,0.0,0.0,0.0
test/attack/facedancer/huawei/chinese2-flickr_M_26097180114_4c514c928d_c.jpg,chinese2-flickr_M_26097180114_4c514c928d_c,facedancer,huawei,official_test,0.081012333488228,33473,413184,0.7330684432228961,False,0.7330684432228961,0.7330684432228961,0.7330684432228961,0.0,0.03507304394586682,False,0.03507304394586682,0.03507304394586682,0.03507304394586682,0.0
test/attack/facedancer/iphone15/chinese2-flickr_M_26097180114_4c514c928d_c.jpg,chinese2-flickr_M_26097180114_4c514c928d_c,facedancer,iphone15,official_test,0.0767095196406821,32245,420352,0.734904636377733,False,0.734904636377733,0.734904636377733,0.734904636377733,0.0,0.0,False,0.0,0.0,0.0,0.0
test/attack/facedancer/scan/chinese2-flickr_M_26097180114_4c514c928d_c.jpg,chinese2-flickr_M_26097180114_4c514c928d_c,facedancer,scan,official_test,0.07901928800366301,33135,419328,0.7125999698204316,False,0.7125999698204316,0.7125999698204316,0.7125999698204316,0.0,0.09141391278104723,False,0.09141391278104723,0.09141391278104723,0.09141391278104723,0.0
test/attack/facedancer/huawei/chinese2-flickr_M_30516208604_4a571cf89d_c.jpg,chinese2-flickr_M_30516208604_4a571cf89d_c,facedancer,huawei,official_test,0.0799405129789864,33112,414208,0.7552548924861078,False,0.7552548924861078,0.7552548924861078,0.7552548924861078,0.0,0.14109688330514616,False,0.14109688330514616,0.14109688330514616,0.14109688330514616,0.0
test/attack/facedancer/iphone15/chinese2-flickr_M_30516208604_4a571cf89d_c.jpg,chinese2-flickr_M_30516208604_4a571cf89d_c,facedancer,iphone15,official_test,0.07936876917177914,33119,417280,0.747003230773876,False,0.747003230773876,0.747003230773876,0.747003230773876,0.0,0.029982789335426793,False,0.029982789335426793,0.029982789335426793,0.029982789335426793,0.0
test/attack/facedancer/scan/chinese2-flickr_M_30518538704_383875f8c4_c.jpg,chinese2-flickr_M_30518538704_383875f8c4_c,facedancer,scan,official_test,0.07821085164835165,32796,419328,0.7203927308208318,False,0.7203927308208318,0.7203927308208318,0.7203927308208318,0.0,0.033754116355653126,False,0.033754116355653126,0.033754116355653126,0.033754116355653126,0.0
test/attack/facedancer/huawei/chinese2-flickr_M_31304800026_59e0161aba_c.jpg,chinese2-flickr_M_31304800026_59e0161aba_c,facedancer,huawei,official_test,0.07899386229863693,32639,413184,0.7908636906767977,False,0.7908636906767977,0.7908636906767977,0.7908636906767977,0.0,0.0,False,0.0,0.0,0.0,0.0
test/attack/facedancer/scan/chinese2-flickr_M_31304800026_59e0161aba_c.jpg,chinese2-flickr_M_31304800026_59e0161aba_c,facedancer,scan,official_test,0.07174559049079754,29938,417280,0.714710401496426,False,0.714710401496426,0.714710401496426,0.714710401496426,0.0,0.0,False,0.0,0.0,0.0,0.0
test/attack/facedancer/iphone15/chinese2-flickr_M_31840786965_77af814416_h.jpg,chinese2-flickr_M_31840786965_77af814416_h,facedancer,iphone15,official_test,0.08288544226044225,34544,416768,0.8010653080129689,False,0.8010653080129689,0.8010653080129689,0.8010653080129689,0.0,0.0022579898100972672,False,0.0022579898100972672,0.0022579898100972672,0.0022579898100972672,0.0
test/attack/facedancer/huawei/chinese2-flickr_M_32771950686_f8d5084d87_h.jpg,chinese2-flickr_M_32771950686_f8d5084d87_h,facedancer,huawei,official_test,0.0880539950062422,36112,410112,0.7355449712007089,False,0.7355449712007089,0.7355449712007089,0.7355449712007089,0.0,0.0,False,0.0,0.0,0.0,0.0
test/attack/facedancer/huawei/chinese2-flickr_M_32812741685_462068ee90_h.jpg,chinese2-flickr_M_32812741685_462068ee90_h,facedancer,huawei,official_test,0.06755486197270472,27878,412672,0.7638281081856662,False,0.7638281081856662,0.7638281081856662,0.7638281081856662,0.0,0.0,False,0.0,0.0,0.0,0.0
test/attack/facedancer/huawei/chinese2-flickr_M_33525327222_f112b468ed_k.jpg,chinese2-flickr_M_33525327222_f112b468ed_k,facedancer,huawei,official_test,0.07880051691729323,32196,408576,0.7179152689775128,False,0.7179152689775128,0.7179152689775128,0.7179152689775128,0.0,0.0,False,0.0,0.0,0.0,0.0
test/attack/facedancer/scan/chinese2-flickr_M_33525327222_f112b468ed_k.jpg,chinese2-flickr_M_33525327222_f112b468ed_k,facedancer,scan,official_test,0.08097221159730722,33871,418304,0.7450326237784536,False,0.7450326237784536,0.7450326237784536,0.7450326237784536,0.0,0.0,False,0.0,0.0,0.0,0.0
test/attack/facedancer/iphone15/chinese2-flickr_M_33552319041_2631ab0a0c_c.jpg,chinese2-flickr_M_33552319041_2631ab0a0c_c,facedancer,iphone15,official_test,0.08196693978658537,34413,419840,0.7865341586028536,False,0.7865341586028536,0.7865341586028536,0.7865341586028536,0.0,0.0,False,0.0,0.0,0.0,0.0
test/attack/facedancer/scan/chinese2-flickr_M_33552319041_2631ab0a0c_c.jpg,chinese2-flickr_M_33552319041_2631ab0a0c_c,facedancer,scan,official_test,0.08168826219512196,34296,419840,0.7483671565197108,False,0.7483671565197108,0.7483671565197108,0.7483671565197108,0.0,0.04913109400513179,False,0.04913109400513179,0.04913109400513179,0.04913109400513179,0.0
test/attack/facedancer/huawei/chinese2-flickr_M_34592740762_6446ed6334_k.jpg,chinese2-flickr_M_34592740762_6446ed6334_k,facedancer,huawei,official_test,0.08375058447630923,34390,410624,0.7353300378016865,False,0.7353300378016865,0.7353300378016865,0.7353300378016865,0.0,0.0009886594940389647,False,0.0009886594940389647,0.0009886594940389647,0.0009886594940389647,0.0
test/attack/facedancer/iphone15/chinese2-flickr_M_34592740762_6446ed6334_k.jpg,chinese2-flickr_M_34592740762_6446ed6334_k,facedancer,iphone15,official_test,0.08143175243605359,34230,420352,0.7569967864446392,False,0.7569967864446392,0.7569967864446392,0.7569967864446392,0.0,0.0,False,0.0,0.0,0.0,0.0
test/attack/facedancer/scan/chinese2-flickr_M_34592740762_6446ed6334_k.jpg,chinese2-flickr_M_34592740762_6446ed6334_k,facedancer,scan,official_test,0.08395341082317073,35247,419840,0.7892019178937214,False,0.7892019178937214,0.7892019178937214,0.7892019178937214,0.0,0.0,False,0.0,0.0,0.0,0.0
test/attack/facedancer/huawei/chinese2-flickr_M_3625086942_a3ed938d9c_c.jpg,chinese2-flickr_M_3625086942_a3ed938d9c_c,facedancer,huawei,official_test,0.08884784962871287,36756,413696,0.7343835020132767,False,0.7343835020132767,0.7343835020132767,0.7343835020132767,0.0,0.0,False,0.0,0.0,0.0,0.0
test/attack/facedancer/scan/chinese2-flickr_M_3625086942_a3ed938d9c_c.jpg,chinese2-flickr_M_3625086942_a3ed938d9c_c,facedancer,scan,official_test,0.0863619887057387,36214,419328,0.7165184735185287,False,0.7165184735185287,0.7165184735185287,0.7165184735185287,0.0,0.0,False,0.0,0.0,0.0,0.0
test/attack/facedancer/huawei/chinese2-flickr_M_37190875605_735b3fca0d_c.jpg,chinese2-flickr_M_37190875605_735b3fca0d_c,facedancer,huawei,official_test,0.07694099378881987,31712,412160,0.734390766902119,False,0.734390766902119,0.734390766902119,0.734390766902119,0.0,0.0,False,0.0,0.0,0.0,0.0
test/attack/facedancer/huawei/chinese2-flickr_M_38319821984_1d6e303c3e_o.jpg,chinese2-flickr_M_38319821984_1d6e303c3e_o,facedancer,huawei,official_test,0.07447497679455446,30810,413696,0.6827653359298929,False,0.6827653359298929,0.6827653359298929,0.6827653359298929,0.0,0.0,False,0.0,0.0,0.0,0.0
test/attack/facedancer/iphone15/chinese2-flickr_M_38319821984_1d6e303c3e_o.jpg,chinese2-flickr_M_38319821984_1d6e303c3e_o,facedancer,iphone15,official_test,0.07170245398773006,29920,417280,0.6563836898395722,False,0.6563836898395722,0.6563836898395722,0.6563836898395722,0.0,0.13429144385026737,False,0.13429144385026737,0.13429144385026737,0.13429144385026737,0.0
test/attack/facedancer/scan/chinese2-flickr_M_38319821984_1d6e303c3e_o.jpg,chinese2-flickr_M_38319821984_1d6e303c3e_o,facedancer,scan,official_test,0.07596014768574909,31930,420352,0.7392420920764171,False,0.7392420920764171,0.7392420920764171,0.7392420920764171,0.0,0.0,False,0.0,0.0,0.0,0.0
test/attack/facedancer/huawei/chinese2-flickr_M_6850649398_5d950a2635_k.jpg,chinese2-flickr_M_6850649398_5d950a2635_k,facedancer,huawei,official_test,0.07981754597880299,32775,410624,0.7725400457665904,False,0.7725400457665904,0.7725400457665904,0.7725400457665904,0.0,0.0,False,0.0,0.0,0.0,0.0
test/attack/facedancer/scan/chinese2-flickr_M_6850649398_5d950a2635_k.jpg,chinese2-flickr_M_6850649398_5d950a2635_k,facedancer,scan,official_test,0.06789981617647059,28368,417792,0.6810490693739425,False,0.6810490693739425,0.6810490693739425,0.6810490693739425,0.0,0.0,False,0.0,0.0,0.0,0.0
test/attack/facedancer/huawei/netherland-flickr_F_10239917343_ca73cd29b5_h.jpg,netherland-flickr_F_10239917343_ca73cd29b5_h,facedancer,huawei,official_test,0.0708314114391144,29484,416256,0.7551214217880885,False,0.7551214217880885,0.7551214217880885,0.7551214217880885,0.0,0.0,False,0.0,0.0,0.0,0.0
test/attack/facedancer/iphone15/netherland-flickr_F_10239917343_ca73cd29b5_h.jpg,netherland-flickr_F_10239917343_ca73cd29b5_h,facedancer,iphone15,official_test,0.0697937385250918,29195,418304,0.7760917965405035,False,0.7760917965405035,0.7760917965405035,0.7760917965405035,0.0,0.0,False,0.0,0.0,0.0,0.0
test/attack/facedancer/huawei/netherland-flickr_F_20301931855_4cd18f8166_k.jpg,netherland-flickr_F_20301931855_4cd18f8166_k,facedancer,huawei,official_test,0.07396156832298137,30484,412160,0.7585290644272406,False,0.7585290644272406,0.7585290644272406,0.7585290644272406,0.0,0.003017976643485107,False,0.003017976643485107,0.003017976643485107,0.003017976643485107,0.0
test/attack/facedancer/iphone15/netherland-flickr_F_20301931855_4cd18f8166_k.jpg,netherland-flickr_F_20301931855_4cd18f8166_k,facedancer,iphone15,official_test,0.06410775533536585,26915,419840,0.6876462938881664,False,0.6876462938881664,0.6876462938881664,0.6876462938881664,0.0,0.0,False,0.0,0.0,0.0,0.0
test/attack/facedancer/scan/netherland-flickr_F_20301931855_4cd18f8166_k.jpg,netherland-flickr_F_20301931855_4cd18f8166_k,facedancer,scan,official_test,0.07200297982885086,30156,418816,0.7378962727152142,False,0.7378962727152142,0.7378962727152142,0.7378962727152142,0.0,0.0,False,0.0,0.0,0.0,0.0
test/attack/facedancer/huawei/netherland-flickr_F_26297818201_09eab93588_k.jpg,netherland-flickr_F_26297818201_09eab93588_k,facedancer,huawei,official_test,0.07915081103936039,32947,416256,0.8044738519440313,False,0.8044738519440313,0.8044738519440313,0.8044738519440313,0.0,0.05848787446504993,False,0.05848787446504993,0.05848787446504993,0.05848787446504993,0.0
test/attack/facedancer/iphone15/netherland-flickr_F_28051545714_ab479f15eb_k.jpg,netherland-flickr_F_28051545714_ab479f15eb_k,facedancer,iphone15,official_test,0.07274369618696187,30280,416256,0.7942866578599735,False,0.7942866578599735,0.7942866578599735,0.7942866578599735,0.0,0.0,False,0.0,0.0,0.0,0.0
test/attack/facedancer/huawei/netherland-flickr_F_28630210242_e3780d0ee9_b.jpg,netherland-flickr_F_28630210242_e3780d0ee9_b,facedancer,huawei,official_test,0.07634478257481296,31349,410624,0.7915085010686146,False,0.7915085010686146,0.7915085010686146,0.7915085010686146,0.0,0.0,False,0.0,0.0,0.0,0.0
test/attack/facedancer/iphone15/netherland-flickr_F_28630210242_e3780d0ee9_b.jpg,netherland-flickr_F_28630210242_e3780d0ee9_b,facedancer,iphone15,official_test,0.07796163899138991,32452,416256,0.8155737704918032,False,0.8155737704918032,0.8155737704918032,0.8155737704918032,0.0,0.0,False,0.0,0.0,0.0,0.0
test/attack/facedancer/scan/netherland-flickr_F_31998547103_f617b19dfc_h.jpg,netherland-flickr_F_31998547103_f617b19dfc_h,facedancer,scan,official_test,0.07309112362971985,30724,420352,0.7720674391355292,False,0.7720674391355292,0.7720674391355292,0.7720674391355292,0.0,0.058748860825413356,False,0.058748860825413356,0.058748860825413356,0.058748860825413356,0.0
test/attack/facedancer/huawei/netherland-flickr_F_31998771523_784e7e9597_h.jpg,netherland-flickr_F_31998771523_784e7e9597_h,facedancer,huawei,official_test,0.07097490648379053,29144,410624,0.768734559429042,False,0.768734559429042,0.768734559429042,0.768734559429042,0.0,0.0,False,0.0,0.0,0.0,0.0
test/attack/facedancer/scan/netherland-flickr_F_31998771523_784e7e9597_h.jpg,netherland-flickr_F_31998771523_784e7e9597_h,facedancer,scan,official_test,0.07290951236263736,30573,419328,0.7922022699767769,False,0.7922022699767769,0.7922022699767769,0.7922022699767769,0.0,0.0,False,0.0,0.0,0.0,0.0
test/attack/facedancer/scan/netherland-flickr_F_32868411313_4bb20e41db_c.jpg,netherland-flickr_F_32868411313_4bb20e41db_c,facedancer,scan,official_test,0.07863409713763703,33054,420352,0.7875294971864222,False,0.7875294971864222,0.7875294971864222,0.7875294971864222,0.0,0.17268711804925274,False,0.17268711804925274,0.17268711804925274,0.17268711804925274,0.0
test/attack/facedancer/huawei/netherland-flickr_F_36412358965_0ec43e5de3_c.jpg,netherland-flickr_F_36412358965_0ec43e5de3_c,facedancer,huawei,official_test,0.07569508983890955,31276,413184,0.8072963294538944,False,0.8072963294538944,0.8072963294538944,0.8072963294538944,0.0,0.0,False,0.0,0.0,0.0,0.0
test/attack/facedancer/iphone15/netherland-flickr_F_37019045642_0a3fa19256_k.jpg,netherland-flickr_F_37019045642_0a3fa19256_k,facedancer,iphone15,official_test,0.07672269473522167,31897,415744,0.791735899927893,False,0.791735899927893,0.791735899927893,0.791735899927893,0.0,0.0,False,0.0,0.0,0.0,0.0
test/attack/facedancer/scan/netherland-flickr_F_37019045642_0a3fa19256_k.jpg,netherland-flickr_F_37019045642_0a3fa19256_k,facedancer,scan,official_test,0.07330299908424909,30738,419328,0.7645910599258248,False,0.7645910599258248,0.7645910599258248,0.7645910599258248,0.0,0.0,False,0.0,0.0,0.0,0.0
test/attack/facedancer/huawei/netherland-flickr_F_37048326531_f8270ca4df_k.jpg,netherland-flickr_F_37048326531_f8270ca4df_k,facedancer,huawei,official_test,0.07958197800495663,32882,413184,0.749224499726294,False,0.749224499726294,0.749224499726294,0.749224499726294,0.0,0.1370354601301624,False,0.1370354601301624,0.1370354601301624,0.1370354601301624,0.0
test/attack/facedancer/scan/netherland-flickr_M_15788104622_be592061dc_k.jpg,netherland-flickr_M_15788104622_be592061dc_k,facedancer,scan,official_test,0.0783245894160584,32964,420864,0.8033309064433928,False,0.8033309064433928,0.8033309064433928,0.8033309064433928,0.0,0.0,False,0.0,0.0,0.0,0.0
test/attack/facedancer/huawei/netherland-flickr_M_17339867026_3135c7e76f_k.jpg,netherland-flickr_M_17339867026_3135c7e76f_k,facedancer,huawei,official_test,0.06434315712974296,26915,418304,0.7545978079138027,False,0.7545978079138027,0.7545978079138027,0.7545978079138027,0.0,0.0,False,0.0,0.0,0.0,0.0
test/attack/facedancer/iphone15/netherland-flickr_M_17339867026_3135c7e76f_k.jpg,netherland-flickr_M_17339867026_3135c7e76f_k,facedancer,iphone15,official_test,0.06532989279197081,27495,420864,0.71936715766503,False,0.71936715766503,0.71936715766503,0.71936715766503,0.0,0.0,False,0.0,0.0,0.0,0.0
test/attack/facedancer/huawei/netherland-flickr_M_18042193331_841d026f9a_c.jpg,netherland-flickr_M_18042193331_841d026f9a_c,facedancer,huawei,official_test,0.06969975490196079,29120,417792,0.7704326923076923,False,0.7704326923076923,0.7704326923076923,0.7704326923076923,0.0,0.0,False,0.0,0.0,0.0,0.0
test/attack/facedancer/iphone15/netherland-flickr_M_18042193331_841d026f9a_c.jpg,netherland-flickr_M_18042193331_841d026f9a_c,facedancer,iphone15,official_test,0.074651176199262,31074,416256,0.7929136899015254,False,0.7929136899015254,0.7929136899015254,0.7929136899015254,0.0,0.0,False,0.0,0.0,0.0,0.0
test/attack/facedancer/iphone15/netherland-flickr_M_19475853574_c947539b18_c.jpg,netherland-flickr_M_19475853574_c947539b18_c,facedancer,iphone15,official_test,0.07046549877600979,29476,418304,0.7433844483647714,False,0.7433844483647714,0.7433844483647714,0.7433844483647714,0.0,0.0,False,0.0,0.0,0.0,0.0
test/attack/facedancer/scan/netherland-flickr_M_19475853574_c947539b18_c.jpg,netherland-flickr_M_19475853574_c947539b18_c,facedancer,scan,official_test,0.07308560281517748,30572,418304,0.7838872170613633,False,0.7838872170613633,0.7838872170613633,0.7838872170613633,0.0,0.0,True,0.0,0.0,0.0,0.0
test/attack/facedancer/scan/netherland-flickr_M_21260956694_6fd7ae0222_k.jpg,netherland-flickr_M_21260956694_6fd7ae0222_k,facedancer,scan,official_test,0.07150475955703883,30167,421888,0.7861902078430073,False,0.7861902078430073,0.7861902078430073,0.7861902078430073,0.0,0.0,False,0.0,0.0,0.0,0.0
test/attack/facedancer/scan/netherland-flickr_M_23559454676_4919252d67_c.jpg,netherland-flickr_M_23559454676_4919252d67_c,facedancer,scan,official_test,0.08327696265243903,34963,419840,0.8051368589651918,False,0.8051368589651918,0.8051368589651918,0.8051368589651918,0.0,0.20473071532763207,False,0.20473071532763207,0.20473071532763207,0.20473071532763207,0.0
test/attack/facedancer/iphone15/netherland-flickr_M_2409019110_4f42632225_o.jpg,netherland-flickr_M_2409019110_4f42632225_o,facedancer,iphone15,official_test,0.07381810897435898,30954,419328,0.6930929766750662,False,0.6930929766750662,0.6930929766750662,0.6930929766750662,0.0,0.0,False,0.0,0.0,0.0,0.0
test/attack/facedancer/scan/netherland-flickr_M_2409019110_4f42632225_o.jpg,netherland-flickr_M_2409019110_4f42632225_o,facedancer,scan,official_test,0.07399881425948593,30954,418304,0.7087613878658655,False,0.7087613878658655,0.7087613878658655,0.7087613878658655,0.0,0.0,False,0.0,0.0,0.0,0.0
test/attack/facedancer/iphone15/netherland-flickr_M_26828968014_910728ddd9_k.jpg,netherland-flickr_M_26828968014_910728ddd9_k,facedancer,iphone15,official_test,0.06882575757575758,29072,422400,0.782574298293891,False,0.782574298293891,0.782574298293891,0.782574298293891,0.0,0.01234865162355531,False,0.01234865162355531,0.01234865162355531,0.01234865162355531,0.0
test/attack/facedancer/scan/netherland-flickr_M_26828968014_910728ddd9_k.jpg,netherland-flickr_M_26828968014_910728ddd9_k,facedancer,scan,official_test,0.0733138180012225,30705,418816,0.7675948542582641,False,0.7675948542582641,0.7675948542582641,0.7675948542582641,0.0,0.0,False,0.0,0.0,0.0,0.0
test/attack/facedancer/scan/netherland-flickr_M_31998389253_0a26f25b0d_h.jpg,netherland-flickr_M_31998389253_0a26f25b0d_h,facedancer,scan,official_test,0.0759734547123623,31780,418304,0.7981749528005034,False,0.7981749528005034,0.7981749528005034,0.7981749528005034,0.0,0.0,False,0.0,0.0,0.0,0.0
test/attack/facedancer/huawei/netherland-flickr_M_31998818913_b87fd05689_h.jpg,netherland-flickr_M_31998818913_b87fd05689_h,facedancer,huawei,official_test,0.07684685202205882,32106,417792,0.7981374197969227,False,0.7981374197969227,0.7981374197969227,0.7981374197969227,0.0,0.0,False,0.0,0.0,0.0,0.0
test/attack/facedancer/huawei/netherland-flickr_M_32689636931_6ac45273df_h.jpg,netherland-flickr_M_32689636931_6ac45273df_h,facedancer,huawei,official_test,0.07590845230862697,31986,421376,0.8196711061089227,False,0.8196711061089227,0.8196711061089227,0.8196711061089227,0.0,0.0,False,0.0,0.0,0.0,0.0
test/attack/facedancer/iphone15/netherland-flickr_M_32689636931_6ac45273df_h.jpg,netherland-flickr_M_32689636931_6ac45273df_h,facedancer,iphone15,official_test,0.07947993542435425,33084,416256,0.7891427880546488,False,0.7891427880546488,0.7891427880546488,0.7891427880546488,0.0,0.0,False,0.0,0.0,0.0,0.0
test/attack/facedancer/huawei/netherland-flickr_M_33239373490_5b5df42090_k.jpg,netherland-flickr_M_33239373490_5b5df42090_k,facedancer,huawei,official_test,0.06702315167682926,28139,419840,0.7753296137034009,False,0.7753296137034009,0.7753296137034009,0.7753296137034009,0.0,0.011301041259461957,False,0.011301041259461957,0.011301041259461957,0.011301041259461957,0.0
test/attack/facedancer/iphone15/netherland-flickr_M_33239373490_5b5df42090_k.jpg,netherland-flickr_M_33239373490_5b5df42090_k,facedancer,iphone15,official_test,0.07219328703703703,29940,414720,0.8137608550434202,False,0.8137608550434202,0.8137608550434202,0.8137608550434202,0.0,0.0,False,0.0,0.0,0.0,0.0
test/attack/facedancer/scan/netherland-flickr_M_33239373490_5b5df42090_k.jpg,netherland-flickr_M_33239373490_5b5df42090_k,facedancer,scan,official_test,0.07517382334963325,31484,418816,0.79462584169737,False,0.79462584169737,0.79462584169737,0.79462584169737,0.0,0.0,False,0.0,0.0,0.0,0.0
test/attack/facedancer/scan/netherland-flickr_M_33276713046_c88eb6c4c8_c.jpg,netherland-flickr_M_33276713046_c88eb6c4c8_c,facedancer,scan,official_test,0.07614799816625917,31892,418816,0.8015803336259877,False,0.8015803336259877,0.8015803336259877,0.8015803336259877,0.0,0.0,False,0.0,0.0,0.0,0.0
test/attack/facedancer/huawei/netherland-flickr_M_33297625690_76e3181f5e_c.jpg,netherland-flickr_M_33297625690_76e3181f5e_c,facedancer,huawei,official_test,0.07825632258557458,32775,418816,0.8183981693363844,False,0.8183981693363844,0.8183981693363844,0.8183981693363844,0.0,0.013699466056445462,False,0.013699466056445462,0.013699466056445462,0.013699466056445462,0.0
test/attack/facedancer/huawei/netherland-flickr_M_37190718595_78e318623b_k.jpg,netherland-flickr_M_37190718595_78e318623b_k,facedancer,huawei,official_test,0.07849521567436209,33076,421376,0.8100435360986818,False,0.8100435360986818,0.8100435360986818,0.8100435360986818,0.0,0.0,False,0.0,0.0,0.0,0.0
test/attack/facedancer/scan/netherland-flickr_M_37190718595_78e318623b_k.jpg,netherland-flickr_M_37190718595_78e318623b_k,facedancer,scan,official_test,0.08367473323170732,35130,419840,0.8127241673783091,False,0.8127241673783091,0.8127241673783091,0.8127241673783091,0.0,0.03973811557073726,False,0.03973811557073726,0.03973811557073726,0.03973811557073726,0.0
test/attack/facedancer/scan/netherland-flickr_M_4188233342_8473de8906_c.jpg,netherland-flickr_M_4188233342_8473de8906_c,facedancer,scan,official_test,0.0702001415238678,29365,418304,0.7804869742891197,False,0.7804869742891197,0.7804869742891197,0.7804869742891197,0.0,0.0,False,0.0,0.0,0.0,0.0
test/attack/facedancer/huawei/netherland-flickr_M_6862482951_78a560f107_b.jpg,netherland-flickr_M_6862482951_78a560f107_b,facedancer,huawei,official_test,0.0798373287671233,32824,411136,0.7781196685352181,False,0.7781196685352181,0.7781196685352181,0.7781196685352181,0.0,0.0,False,0.0,0.0,0.0,0.0
test/attack/facedancer/scan/netherland-flickr_M_6862482951_78a560f107_b.jpg,netherland-flickr_M_6862482951_78a560f107_b,facedancer,scan,official_test,0.07508733292831106,31640,421376,0.7609671302149178,False,0.7609671302149178,0.7609671302149178,0.7609671302149178,0.0,0.0,False,0.0,0.0,0.0,0.0
test/attack/facedancer/huawei/singapore-flickr_F_17178258920_6f5f1eedd0_k.jpg,singapore-flickr_F_17178258920_6f5f1eedd0_k,facedancer,huawei,official_test,0.03237048949451888,13607,420352,0.4779892702285588,False,0.4779892702285588,0.4779892702285588,0.4779892702285588,0.0,0.0,False,0.0,0.0,0.0,0.0
test/attack/facedancer/scan/singapore-flickr_F_17178258920_6f5f1eedd0_k.jpg,singapore-flickr_F_17178258920_6f5f1eedd0_k,facedancer,scan,official_test,0.034711597307221544,14520,418304,0.5336088154269972,False,0.5336088154269972,0.5336088154269972,0.5336088154269972,0.0,0.0,False,0.0,0.0,0.0,0.0
test/attack/facedancer/huawei/singapore-flickr_F_19679296994_d0fc2a7ac6_o.jpg,singapore-flickr_F_19679296994_d0fc2a7ac6_o,facedancer,huawei,official_test,0.033477413740920094,14158,422912,0.48665065687243964,False,0.48665065687243964,0.48665065687243964,0.48665065687243964,0.0,0.0,False,0.0,0.0,0.0,0.0
test/attack/facedancer/huawei/singapore-flickr_F_20411794293_d7a6aae66c_c.jpg,singapore-flickr_F_20411794293_d7a6aae66c_c,facedancer,huawei,official_test,0.03455108976306197,14559,421376,0.5346521052270073,False,0.5346521052270073,0.5346521052270073,0.5346521052270073,0.0,0.0,False,0.0,0.0,0.0,0.0
test/attack/facedancer/iphone15/singapore-flickr_F_20411794293_d7a6aae66c_c.jpg,singapore-flickr_F_20411794293_d7a6aae66c_c,facedancer,iphone15,official_test,0.0350098855958231,14591,416768,0.5998903433623467,False,0.5998903433623467,0.5998903433623467,0.5998903433623467,0.0,0.001987526557466932,False,0.001987526557466932,0.001987526557466932,0.001987526557466932,0.0
test/attack/facedancer/scan/singapore-flickr_F_20411794293_d7a6aae66c_c.jpg,singapore-flickr_F_20411794293_d7a6aae66c_c,facedancer,scan,official_test,0.033930759803921566,14176,417792,0.5119215575620768,False,0.5119215575620768,0.5119215575620768,0.5119215575620768,0.0,0.0,False,0.0,0.0,0.0,0.0
test/attack/facedancer/huawei/singapore-flickr_F_30532886723_e55b04664f_k.jpg,singapore-flickr_F_30532886723_e55b04664f_k,facedancer,huawei,official_test,0.031193455971049458,13240,424448,0.5462235649546828,False,0.5462235649546828,0.5462235649546828,0.5462235649546828,0.0,0.0,False,0.0,0.0,0.0,0.0
test/attack/facedancer/huawei/singapore-flickr_F_31294646850_53ce869b2e_b.jpg,singapore-flickr_F_31294646850_53ce869b2e_b,facedancer,huawei,official_test,0.030675551470588234,12816,417792,0.5300405742821473,False,0.5300405742821473,0.5300405742821473,0.5300405742821473,0.0,0.0,False,0.0,0.0,0.0,0.0
test/attack/facedancer/huawei/singapore-flickr_F_33525297682_eee6031622_c.jpg,singapore-flickr_F_33525297682_eee6031622_c,facedancer,huawei,official_test,0.030360481532356532,12731,419328,0.48817846202183646,False,0.48817846202183646,0.48817846202183646,0.48817846202183646,0.0,0.0,False,0.0,0.0,0.0,0.0
test/attack/facedancer/iphone15/singapore-flickr_F_33525297682_eee6031622_c.jpg,singapore-flickr_F_33525297682_eee6031622_c,facedancer,iphone15,official_test,0.031853911042944785,13292,417280,0.5149714113752634,False,0.5149714113752634,0.5149714113752634,0.5149714113752634,0.0,0.0,False,0.0,0.0,0.0,0.0
test/attack/facedancer/scan/singapore-flickr_F_33525297682_eee6031622_c.jpg,singapore-flickr_F_33525297682_eee6031622_c,facedancer,scan,official_test,0.032991139481707316,13851,419840,0.5016244314489928,False,0.5016244314489928,0.5016244314489928,0.5016244314489928,0.0,0.0,False,0.0,0.0,0.0,0.0
test/attack/facedancer/huawei/singapore-flickr_F_33552363961_ea0fc80afb_k.jpg,singapore-flickr_F_33552363961_ea0fc80afb_k,facedancer,huawei,official_test,0.03166581128345499,13327,420864,0.4643955879042545,False,0.4643955879042545,0.4643955879042545,0.4643955879042545,0.0,0.0,False,0.0,0.0,0.0,0.0
test/attack/facedancer/huawei/singapore-flickr_F_33574462985_422fca6322_c.jpg,singapore-flickr_F_33574462985_422fca6322_c,facedancer,huawei,official_test,0.03365384615384615,14112,419328,0.5178571428571429,False,0.5178571428571429,0.5178571428571429,0.5178571428571429,0.0,0.0,False,0.0,0.0,0.0,0.0
test/attack/facedancer/scan/singapore-flickr_F_33574462985_422fca6322_c.jpg,singapore-flickr_F_33574462985_422fca6322_c,facedancer,scan,official_test,0.03368782472493888,14109,418816,0.533489262173081,False,0.533489262173081,0.533489262173081,0.533489262173081,0.0,0.059040328868098374,False,0.059040328868098374,0.059040328868098374,0.059040328868098374,0.0
test/attack/facedancer/scan/singapore-flickr_F_36921282312_c8e6a2674d_c.jpg,singapore-flickr_F_36921282312_c8e6a2674d_c,facedancer,scan,official_test,0.03245613200365408,13643,420352,0.5046544015245914,False,0.5046544015245914,0.5046544015245914,0.5046544015245914,0.0,0.0,False,0.0,0.0,0.0,0.0
test/attack/facedancer/huawei/singapore-flickr_F_40795084473_21fafd815e_c.jpg,singapore-flickr_F_40795084473_21fafd815e_c,facedancer,huawei,official_test,0.03335994525547445,14040,420864,0.5702279202279202,False,0.5702279202279202,0.5702279202279202,0.5702279202279202,0.0,0.0,False,0.0,0.0,0.0,0.0
test/attack/facedancer/iphone15/singapore-flickr_F_40795084473_21fafd815e_c.jpg,singapore-flickr_F_40795084473_21fafd815e_c,facedancer,iphone15,official_test,0.032247947080291973,13572,420864,0.5134836427939876,False,0.5134836427939876,0.5134836427939876,0.5134836427939876,0.0,0.0,False,0.0,0.0,0.0,0.0
test/attack/facedancer/huawei/singapore-flickr_F_9641749325_1a753f74b2_c.jpg,singapore-flickr_F_9641749325_1a753f74b2_c,facedancer,huawei,official_test,0.03179990898058253,13416,421888,0.49455873583780563,False,0.49455873583780563,0.49455873583780563,0.49455873583780563,0.0,0.0,False,0.0,0.0,0.0,0.0
test/attack/facedancer/huawei/singapore-flickr_M_21893334161_8c8b011508_k.jpg,singapore-flickr_M_21893334161_8c8b011508_k,facedancer,huawei,official_test,0.03200796456812652,13471,420864,0.5418305990646574,False,0.5418305990646574,0.5418305990646574,0.5418305990646574,0.0,0.2679830747531735,False,0.2679830747531735,0.2679830747531735,0.2679830747531735,0.0
test/attack/facedancer/iphone15/singapore-flickr_M_21893334161_8c8b011508_k.jpg,singapore-flickr_M_21893334161_8c8b011508_k,facedancer,iphone15,official_test,0.035945658015970515,14981,416768,0.6221213537147053,False,0.6221213537147053,0.6221213537147053,0.6221213537147053,0.0,0.0,False,0.0,0.0,0.0,0.0
test/attack/facedancer/scan/singapore-flickr_M_21893334161_8c8b011508_k.jpg,singapore-flickr_M_21893334161_8c8b011508_k,facedancer,scan,official_test,0.03205942466381418,13427,418816,0.46466075817382885,False,0.46466075817382885,0.46466075817382885,0.46466075817382885,0.0,0.0,False,0.0,0.0,0.0,0.0
test/attack/facedancer/huawei/singapore-flickr_M_22512816725_a88536de72_c.jpg,singapore-flickr_M_22512816725_a88536de72_c,facedancer,huawei,official_test,0.034914185905224784,14712,421376,0.5466965742251223,False,0.5466965742251223,0.5466965742251223,0.5466965742251223,0.0,0.0,False,0.0,0.0,0.0,0.0
test/attack/facedancer/scan/singapore-flickr_M_22512816725_a88536de72_c.jpg,singapore-flickr_M_22512816725_a88536de72_c,facedancer,scan,official_test,0.03261076431181486,13708,420352,0.5495331193463671,False,0.5495331193463671,0.5495331193463671,0.5495331193463671,0.0,0.0,False,0.0,0.0,0.0,0.0
test/attack/facedancer/iphone15/singapore-flickr_M_22942161980_136669b7da_c.jpg,singapore-flickr_M_22942161980_136669b7da_c,facedancer,iphone15,official_test,0.03477089077818627,14527,417792,0.5368623941625937,False,0.5368623941625937,0.5368623941625937,0.5368623941625937,0.0,0.0,False,0.0,0.0,0.0,0.0
test/attack/facedancer/scan/singapore-flickr_M_22942161980_136669b7da_c.jpg,singapore-flickr_M_22942161980_136669b7da_c,facedancer,scan,official_test,0.03306463936430318,13848,418816,0.556686886192952,False,0.556686886192952,0.556686886192952,0.556686886192952,0.0,0.0,False,0.0,0.0,0.0,0.0
test/attack/facedancer/huawei/singapore-flickr_M_23543328125_d9409d5ae0_c.jpg,singapore-flickr_M_23543328125_d9409d5ae0_c,facedancer,huawei,official_test,0.03329168581495098,13909,417792,0.5371342296354878,False,0.5371342296354878,0.5371342296354878,0.5371342296354878,0.0,0.0,False,0.0,0.0,0.0,0.0
test/attack/facedancer/iphone15/singapore-flickr_M_24170605047_501e882ccc_o.jpg,singapore-flickr_M_24170605047_501e882ccc_o,facedancer,iphone15,official_test,0.03447814792176039,14440,418816,0.5656509695290859,False,0.5656509695290859,0.5656509695290859,0.5656509695290859,0.0,0.0,False,0.0,0.0,0.0,0.0
test/attack/facedancer/iphone15/singapore-flickr_M_30456580904_06749c0622_c.jpg,singapore-flickr_M_30456580904_06749c0622_c,facedancer,iphone15,official_test,0.033076732295482296,13870,419328,0.5156452775775054,False,0.5156452775775054,0.5156452775775054,0.5156452775775054,0.0,0.0,False,0.0,0.0,0.0,0.0
test/attack/facedancer/iphone15/singapore-flickr_M_30518529884_4cf8f091df_c.jpg,singapore-flickr_M_30518529884_4cf8f091df_c,facedancer,iphone15,official_test,0.040297564338235295,16836,417792,0.6640532192919933,False,0.6640532192919933,0.6640532192919933,0.6640532192919933,0.0,0.0,False,0.0,0.0,0.0,0.0
test/attack/facedancer/iphone15/singapore-flickr_M_31226135201_5aa42a5a13_c.jpg,singapore-flickr_M_31226135201_5aa42a5a13_c,facedancer,iphone15,official_test,0.03338330258302583,13896,416256,0.6454375359815774,False,0.6454375359815774,0.6454375359815774,0.6454375359815774,0.0,0.0,False,0.0,0.0,0.0,0.0
test/attack/facedancer/scan/singapore-flickr_M_31226135201_5aa42a5a13_c.jpg,singapore-flickr_M_31226135201_5aa42a5a13_c,facedancer,scan,official_test,0.034185649420024423,14335,419328,0.5568887338681549,False,0.5568887338681549,0.5568887338681549,0.5568887338681549,0.0,0.0,False,0.0,0.0,0.0,0.0
test/attack/facedancer/huawei/singapore-flickr_M_31244514601_d2cb0773d7_c.jpg,singapore-flickr_M_31244514601_d2cb0773d7_c,facedancer,huawei,official_test,0.03350562118902439,14067,419840,0.48795052249946685,False,0.48795052249946685,0.48795052249946685,0.48795052249946685,0.0,0.4851780763489017,False,0.4851780763489017,0.4851780763489017,0.4851780763489017,0.0
test/attack/facedancer/iphone15/singapore-flickr_M_31340377345_6781e5f574_k.jpg,singapore-flickr_M_31340377345_6781e5f574_k,facedancer,iphone15,official_test,0.032992235429447854,13767,417280,0.5229897581172369,False,0.5229897581172369,0.5229897581172369,0.5229897581172369,0.0,0.0,False,0.0,0.0,0.0,0.0
test/attack/facedancer/scan/singapore-flickr_M_31340377345_6781e5f574_k.jpg,singapore-flickr_M_31340377345_6781e5f574_k,facedancer,scan,official_test,0.03414973159509203,14250,417280,0.5298947368421053,False,0.5298947368421053,0.5298947368421053,0.5298947368421053,0.0,0.0,False,0.0,0.0,0.0,0.0
test/attack/facedancer/iphone15/singapore-flickr_M_33525333882_5cf0c0382a_k.jpg,singapore-flickr_M_33525333882_5cf0c0382a_k,facedancer,iphone15,official_test,0.03640720858895705,15192,417280,0.5407451290152712,False,0.5407451290152712,0.5407451290152712,0.5407451290152712,0.0,0.0,False,0.0,0.0,0.0,0.0
test/attack/facedancer/scan/singapore-flickr_M_33525333882_5cf0c0382a_k.jpg,singapore-flickr_M_33525333882_5cf0c0382a_k,facedancer,scan,official_test,0.03494902820121951,14673,419840,0.5023512574115723,False,0.5023512574115723,0.5023512574115723,0.5023512574115723,0.0,0.0,False,0.0,0.0,0.0,0.0
test/attack/facedancer/huawei/singapore-flickr_M_50611940256_8405427c78_k.jpg,singapore-flickr_M_50611940256_8405427c78_k,facedancer,huawei,official_test,0.033277143184596576,13937,418816,0.5436607591303724,False,0.5436607591303724,0.5436607591303724,0.5436607591303724,0.0,0.0,True,0.0,0.0,0.0,0.0
test/attack/facedancer/iphone15/singapore-flickr_M_50611940256_8405427c78_k.jpg,singapore-flickr_M_50611940256_8405427c78_k,facedancer,iphone15,official_test,0.03382305070465686,14131,417792,0.6413558842261694,False,0.6413558842261694,0.6413558842261694,0.6413558842261694,0.0,0.0,False,0.0,0.0,0.0,0.0
