image_path,cache_path,file_stem,traffic_type,variant,hardware_source,label,assigned_q,evaluation_split,selection_scope,evidence_role,saved_attack_probability
train/attack/digital_1/huawei/arabic-024_03.jpg,data/processed/policy_c/train/attack/digital_1/huawei/arabic-024_03.jpg,arabic-024_03,attack,digital_1,huawei,1,78,dev_val,all_attacks,heldout_primary,1.0
train/attack/digital_1/iphone15pro/arabic-024_03.jpg,data/processed/policy_c/train/attack/digital_1/iphone15pro/arabic-024_03.jpg,arabic-024_03,attack,digital_1,iphone15pro,1,79,dev_val,all_attacks,heldout_primary,1.0
train/attack/digital_1/scan/arabic-024_03.jpg,data/processed/policy_c/train/attack/digital_1/scan/arabic-024_03.jpg,arabic-024_03,attack,digital_1,scan,1,74,dev_val,all_attacks,heldout_primary,1.0
train/attack/digital_1/huawei/arabic-120_03.jpg,data/processed/policy_c/train/attack/digital_1/huawei/arabic-120_03.jpg,arabic-120_03,attack,digital_1,huawei,1,67,dev_val,all_attacks,heldout_primary,1.0
train/attack/digital_1/iphone15pro/arabic-120_03.jpg,data/processed/policy_c/train/attack/digital_1/iphone15pro/arabic-120_03.jpg,arabic-120_03,attack,digital_1,iphone15pro,1,65,dev_val,all_attacks,heldout_primary,1.0
train/attack/digital_1/scan/arabic-120_03.jpg,data/processed/policy_c/train/attack/digital_1/scan/arabic-120_03.jpg,arabic-120_03,attack,digital_1,scan,1,65,dev_val,all_attacks,heldout_primary,1.0
train/attack/digital_1/huawei/arabic-NF-1048.jpg,data/processed/policy_c/train/attack/digital_1/huawei/arabic-NF-1048.jpg,arabic-NF-1048,attack,digital_1,huawei,1,55,dev_val,all_attacks,heldout_primary,1.0
train/attack/digital_1/iphone15pro/arabic-NF-1048.jpg,data/processed/policy_c/train/attack/digital_1/iphone15pro/arabic-NF-1048.jpg,arabic-NF-1048,attack,digital_1,iphone15pro,1,57,dev_val,all_attacks,heldout_primary,1.0
train/attack/digital_1/scan/arabic-NF-1048.jpg,data/processed/policy_c/train/attack/digital_1/scan/arabic-NF-1048.jpg,arabic-NF-1048,attack,digital_1,scan,1,50,dev_val,all_attacks,heldout_primary,1.0
train/attack/digital_1/huawei/arabic-NF-1098.jpg,data/processed/policy_c/train/attack/digital_1/huawei/arabic-NF-1098.jpg,arabic-NF-1098,attack,digital_1,huawei,1,68,dev_val,all_attacks,heldout_primary,1.0
train/attack/digital_1/iphone15pro/arabic-NF-1098.jpg,data/processed/policy_c/train/attack/digital_1/iphone15pro/arabic-NF-1098.jpg,arabic-NF-1098,attack,digital_1,iphone15pro,1,57,dev_val,all_attacks,heldout_primary,1.0
train/attack/digital_1/scan/arabic-NF-1098.jpg,data/processed/policy_c/train/attack/digital_1/scan/arabic-NF-1098.jpg,arabic-NF-1098,attack,digital_1,scan,1,90,dev_val,all_attacks,heldout_primary,1.0
train/attack/digital_1/huawei/arabic-NM-1090.jpg,data/processed/policy_c/train/attack/digital_1/huawei/arabic-NM-1090.jpg,arabic-NM-1090,attack,digital_1,huawei,1,55,dev_val,all_attacks,heldout_primary,1.0
train/attack/digital_1/iphone15pro/arabic-NM-1090.jpg,data/processed/policy_c/train/attack/digital_1/iphone15pro/arabic-NM-1090.jpg,arabic-NM-1090,attack,digital_1,iphone15pro,1,63,dev_val,all_attacks,heldout_primary,1.0
train/attack/digital_1/scan/arabic-NM-1090.jpg,data/processed/policy_c/train/attack/digital_1/scan/arabic-NM-1090.jpg,arabic-NM-1090,attack,digital_1,scan,1,80,dev_val,all_attacks,heldout_primary,1.0
train/attack/digital_1/huawei/chinese-001_03.jpg,data/processed/policy_c/train/attack/digital_1/huawei/chinese-001_03.jpg,chinese-001_03,attack,digital_1,huawei,1,77,dev_val,all_attacks,heldout_primary,1.0
train/attack/digital_1/iphone15pro/chinese-001_03.jpg,data/processed/policy_c/train/attack/digital_1/iphone15pro/chinese-001_03.jpg,chinese-001_03,attack,digital_1,iphone15pro,1,70,dev_val,all_attacks,heldout_primary,1.0
train/attack/digital_1/scan/chinese-001_03.jpg,data/processed/policy_c/train/attack/digital_1/scan/chinese-001_03.jpg,chinese-001_03,attack,digital_1,scan,1,82,dev_val,all_attacks,heldout_primary,0.99951171875
train/attack/digital_1/huawei/chinese-113_03.jpg,data/processed/policy_c/train/attack/digital_1/huawei/chinese-113_03.jpg,chinese-113_03,attack,digital_1,huawei,1,85,dev_val,all_attacks,heldout_primary,1.0
train/attack/digital_1/iphone15pro/chinese-113_03.jpg,data/processed/policy_c/train/attack/digital_1/iphone15pro/chinese-113_03.jpg,chinese-113_03,attack,digital_1,iphone15pro,1,72,dev_val,all_attacks,heldout_primary,1.0
train/attack/digital_1/scan/chinese-113_03.jpg,data/processed/policy_c/train/attack/digital_1/scan/chinese-113_03.jpg,chinese-113_03,attack,digital_1,scan,1,58,dev_val,all_attacks,heldout_primary,1.0
train/attack/digital_1/huawei/chinese-142_03.jpg,data/processed/policy_c/train/attack/digital_1/huawei/chinese-142_03.jpg,chinese-142_03,attack,digital_1,huawei,1,60,dev_val,all_attacks,heldout_primary,1.0
train/attack/digital_1/iphone15pro/chinese-142_03.jpg,data/processed/policy_c/train/attack/digital_1/iphone15pro/chinese-142_03.jpg,chinese-142_03,attack,digital_1,iphone15pro,1,56,dev_val,all_attacks,heldout_primary,1.0
train/attack/digital_1/scan/chinese-142_03.jpg,data/processed/policy_c/train/attack/digital_1/scan/chinese-142_03.jpg,chinese-142_03,attack,digital_1,scan,1,65,dev_val,all_attacks,heldout_primary,1.0
train/attack/digital_1/huawei/chinese-NF-1050.jpg,data/processed/policy_c/train/attack/digital_1/huawei/chinese-NF-1050.jpg,chinese-NF-1050,attack,digital_1,huawei,1,58,dev_val,all_attacks,heldout_primary,1.0
train/attack/digital_1/iphone15pro/chinese-NF-1050.jpg,data/processed/policy_c/train/attack/digital_1/iphone15pro/chinese-NF-1050.jpg,chinese-NF-1050,attack,digital_1,iphone15pro,1,72,dev_val,all_attacks,heldout_primary,1.0
train/attack/digital_1/scan/chinese-NF-1050.jpg,data/processed/policy_c/train/attack/digital_1/scan/chinese-NF-1050.jpg,chinese-NF-1050,attack,digital_1,scan,1,50,dev_val,all_attacks,heldout_primary,1.0
train/attack/digital_1/huawei/chinese-NF-1085.jpg,data/processed/policy_c/train/attack/digital_1/huawei/chinese-NF-1085.jpg,chinese-NF-1085,attack,digital_1,huawei,1,76,dev_val,all_attacks,heldout_primary,1.0
train/attack/digital_1/iphone15pro/chinese-NF-1085.jpg,data/processed/policy_c/train/attack/digital_1/iphone15pro/chinese-NF-1085.jpg,chinese-NF-1085,attack,digital_1,iphone15pro,1,58,dev_val,all_attacks,heldout_primary,1.0
train/attack/digital_1/scan/chinese-NF-1085.jpg,data/processed/policy_c/train/attack/digital_1/scan/chinese-NF-1085.jpg,chinese-NF-1085,attack,digital_1,scan,1,50,dev_val,all_attacks,heldout_primary,1.0
train/attack/digital_1/huawei/chinese-NM-1092.jpg,data/processed/policy_c/train/attack/digital_1/huawei/chinese-NM-1092.jpg,chinese-NM-1092,attack,digital_1,huawei,1,61,dev_val,all_attacks,heldout_primary,0.99951171875
train/attack/digital_1/iphone15pro/chinese-NM-1092.jpg,data/processed/policy_c/train/attack/digital_1/iphone15pro/chinese-NM-1092.jpg,chinese-NM-1092,attack,digital_1,iphone15pro,1,64,dev_val,all_attacks,heldout_primary,0.9970703125
train/attack/digital_1/scan/chinese-NM-1092.jpg,data/processed/policy_c/train/attack/digital_1/scan/chinese-NM-1092.jpg,chinese-NM-1092,attack,digital_1,scan,1,85,dev_val,all_attacks,heldout_primary,1.0
train/attack/digital_1/huawei/french-019_03.jpg,data/processed/policy_c/train/attack/digital_1/huawei/french-019_03.jpg,french-019_03,attack,digital_1,huawei,1,77,dev_val,all_attacks,heldout_primary,1.0
train/attack/digital_1/iphone15pro/french-019_03.jpg,data/processed/policy_c/train/attack/digital_1/iphone15pro/french-019_03.jpg,french-019_03,attack,digital_1,iphone15pro,1,50,dev_val,all_attacks,heldout_primary,1.0
train/attack/digital_1/scan/french-019_03.jpg,data/processed/policy_c/train/attack/digital_1/scan/french-019_03.jpg,french-019_03,attack,digital_1,scan,1,82,dev_val,all_attacks,heldout_primary,1.0
train/attack/digital_1/huawei/french-114_03.jpg,data/processed/policy_c/train/attack/digital_1/huawei/french-114_03.jpg,french-114_03,attack,digital_1,huawei,1,75,dev_val,all_attacks,heldout_primary,1.0
train/attack/digital_1/iphone15pro/french-114_03.jpg,data/processed/policy_c/train/attack/digital_1/iphone15pro/french-114_03.jpg,french-114_03,attack,digital_1,iphone15pro,1,64,dev_val,all_attacks,heldout_primary,1.0
train/attack/digital_1/scan/french-114_03.jpg,data/processed/policy_c/train/attack/digital_1/scan/french-114_03.jpg,french-114_03,attack,digital_1,scan,1,61,dev_val,all_attacks,heldout_primary,1.0
train/attack/digital_1/huawei/french-124_03.jpg,data/processed/policy_c/train/attack/digital_1/huawei/french-124_03.jpg,french-124_03,attack,digital_1,huawei,1,87,dev_val,all_attacks,heldout_primary,1.0
train/attack/digital_1/iphone15pro/french-124_03.jpg,data/processed/policy_c/train/attack/digital_1/iphone15pro/french-124_03.jpg,french-124_03,attack,digital_1,iphone15pro,1,76,dev_val,all_attacks,heldout_primary,1.0
train/attack/digital_1/scan/french-124_03.jpg,data/processed/policy_c/train/attack/digital_1/scan/french-124_03.jpg,french-124_03,attack,digital_1,scan,1,87,dev_val,all_attacks,heldout_primary,1.0
train/attack/digital_1/huawei/french-128_03.jpg,data/processed/policy_c/train/attack/digital_1/huawei/french-128_03.jpg,french-128_03,attack,digital_1,huawei,1,89,dev_val,all_attacks,heldout_primary,1.0
train/attack/digital_1/iphone15pro/french-128_03.jpg,data/processed/policy_c/train/attack/digital_1/iphone15pro/french-128_03.jpg,french-128_03,attack,digital_1,iphone15pro,1,68,dev_val,all_attacks,heldout_primary,1.0
train/attack/digital_1/scan/french-128_03.jpg,data/processed/policy_c/train/attack/digital_1/scan/french-128_03.jpg,french-128_03,attack,digital_1,scan,1,56,dev_val,all_attacks,heldout_primary,1.0
train/attack/digital_1/huawei/french-NF-1047.jpg,data/processed/policy_c/train/attack/digital_1/huawei/french-NF-1047.jpg,french-NF-1047,attack,digital_1,huawei,1,83,dev_val,all_attacks,heldout_primary,1.0
train/attack/digital_1/iphone15pro/french-NF-1047.jpg,data/processed/policy_c/train/attack/digital_1/iphone15pro/french-NF-1047.jpg,french-NF-1047,attack,digital_1,iphone15pro,1,83,dev_val,all_attacks,heldout_primary,1.0
train/attack/digital_1/scan/french-NF-1047.jpg,data/processed/policy_c/train/attack/digital_1/scan/french-NF-1047.jpg,french-NF-1047,attack,digital_1,scan,1,74,dev_val,all_attacks,heldout_primary,1.0
train/attack/digital_1/huawei/french-NF-1082.jpg,data/processed/policy_c/train/attack/digital_1/huawei/french-NF-1082.jpg,french-NF-1082,attack,digital_1,huawei,1,71,dev_val,all_attacks,heldout_primary,1.0
train/attack/digital_1/iphone15pro/french-NF-1082.jpg,data/processed/policy_c/train/attack/digital_1/iphone15pro/french-NF-1082.jpg,french-NF-1082,attack,digital_1,iphone15pro,1,58,dev_val,all_attacks,heldout_primary,1.0
train/attack/digital_1/scan/french-NF-1082.jpg,data/processed/policy_c/train/attack/digital_1/scan/french-NF-1082.jpg,french-NF-1082,attack,digital_1,scan,1,64,dev_val,all_attacks,heldout_primary,0.99951171875
train/attack/digital_1/huawei/indian-014_03.jpg,data/processed/policy_c/train/attack/digital_1/huawei/indian-014_03.jpg,indian-014_03,attack,digital_1,huawei,1,66,dev_val,all_attacks,heldout_primary,0.99951171875
train/attack/digital_1/iphone15pro/indian-014_03.jpg,data/processed/policy_c/train/attack/digital_1/iphone15pro/indian-014_03.jpg,indian-014_03,attack,digital_1,iphone15pro,1,53,dev_val,all_attacks,heldout_primary,1.0
train/attack/digital_1/scan/indian-014_03.jpg,data/processed/policy_c/train/attack/digital_1/scan/indian-014_03.jpg,indian-014_03,attack,digital_1,scan,1,63,dev_val,all_attacks,heldout_primary,0.9990234375
train/attack/digital_1/huawei/indian-021_03.jpg,data/processed/policy_c/train/attack/digital_1/huawei/indian-021_03.jpg,indian-021_03,attack,digital_1,huawei,1,57,dev_val,all_attacks,heldout_primary,1.0
train/attack/digital_1/iphone15pro/indian-021_03.jpg,data/processed/policy_c/train/attack/digital_1/iphone15pro/indian-021_03.jpg,indian-021_03,attack,digital_1,iphone15pro,1,64,dev_val,all_attacks,heldout_primary,1.0
train/attack/digital_1/scan/indian-021_03.jpg,data/processed/policy_c/train/attack/digital_1/scan/indian-021_03.jpg,indian-021_03,attack,digital_1,scan,1,76,dev_val,all_attacks,heldout_primary,0.99951171875
train/attack/digital_1/huawei/indian-NF-1061.jpg,data/processed/policy_c/train/attack/digital_1/huawei/indian-NF-1061.jpg,indian-NF-1061,attack,digital_1,huawei,1,63,dev_val,all_attacks,heldout_primary,1.0
train/attack/digital_1/iphone15pro/indian-NF-1061.jpg,data/processed/policy_c/train/attack/digital_1/iphone15pro/indian-NF-1061.jpg,indian-NF-1061,attack,digital_1,iphone15pro,1,50,dev_val,all_attacks,heldout_primary,1.0
train/attack/digital_1/scan/indian-NF-1061.jpg,data/processed/policy_c/train/attack/digital_1/scan/indian-NF-1061.jpg,indian-NF-1061,attack,digital_1,scan,1,77,dev_val,all_attacks,heldout_primary,1.0
train/attack/digital_1/huawei/persian-144_03.jpg,data/processed/policy_c/train/attack/digital_1/huawei/persian-144_03.jpg,persian-144_03,attack,digital_1,huawei,1,50,dev_val,all_attacks,heldout_primary,1.0
train/attack/digital_1/iphone15pro/persian-144_03.jpg,data/processed/policy_c/train/attack/digital_1/iphone15pro/persian-144_03.jpg,persian-144_03,attack,digital_1,iphone15pro,1,88,dev_val,all_attacks,heldout_primary,1.0
train/attack/digital_1/scan/persian-144_03.jpg,data/processed/policy_c/train/attack/digital_1/scan/persian-144_03.jpg,persian-144_03,attack,digital_1,scan,1,72,dev_val,all_attacks,heldout_primary,1.0
train/attack/digital_1/huawei/persian-NF-1018.jpg,data/processed/policy_c/train/attack/digital_1/huawei/persian-NF-1018.jpg,persian-NF-1018,attack,digital_1,huawei,1,73,dev_val,all_attacks,heldout_primary,0.998046875
train/attack/digital_1/iphone15pro/persian-NF-1018.jpg,data/processed/policy_c/train/attack/digital_1/iphone15pro/persian-NF-1018.jpg,persian-NF-1018,attack,digital_1,iphone15pro,1,50,dev_val,all_attacks,heldout_primary,1.0
train/attack/digital_1/scan/persian-NF-1018.jpg,data/processed/policy_c/train/attack/digital_1/scan/persian-NF-1018.jpg,persian-NF-1018,attack,digital_1,scan,1,73,dev_val,all_attacks,heldout_primary,1.0
train/attack/digital_1/huawei/persian-NF-1097.jpg,data/processed/policy_c/train/attack/digital_1/huawei/persian-NF-1097.jpg,persian-NF-1097,attack,digital_1,huawei,1,86,dev_val,all_attacks,heldout_primary,0.99951171875
train/attack/digital_1/iphone15pro/persian-NF-1097.jpg,data/processed/policy_c/train/attack/digital_1/iphone15pro/persian-NF-1097.jpg,persian-NF-1097,attack,digital_1,iphone15pro,1,88,dev_val,all_attacks,heldout_primary,1.0
train/attack/digital_1/scan/persian-NF-1097.jpg,data/processed/policy_c/train/attack/digital_1/scan/persian-NF-1097.jpg,persian-NF-1097,attack,digital_1,scan,1,89,dev_val,all_attacks,heldout_primary,1.0
train/attack/digital_1/huawei/persian-NM-1035.jpg,data/processed/policy_c/train/attack/digital_1/huawei/persian-NM-1035.jpg,persian-NM-1035,attack,digital_1,huawei,1,64,dev_val,all_attacks,heldout_primary,0.99609375
train/attack/digital_1/iphone15pro/persian-NM-1035.jpg,data/processed/policy_c/train/attack/digital_1/iphone15pro/persian-NM-1035.jpg,persian-NM-1035,attack,digital_1,iphone15pro,1,53,dev_val,all_attacks,heldout_primary,1.0
train/attack/digital_1/scan/persian-NM-1035.jpg,data/processed/policy_c/train/attack/digital_1/scan/persian-NM-1035.jpg,persian-NM-1035,attack,digital_1,scan,1,59,dev_val,all_attacks,heldout_primary,0.99951171875
train/attack/digital_1/huawei/portugal-013_03.jpg,data/processed/policy_c/train/attack/digital_1/huawei/portugal-013_03.jpg,portugal-013_03,attack,digital_1,huawei,1,80,dev_val,all_attacks,heldout_primary,1.0
train/attack/digital_1/iphone15pro/portugal-013_03.jpg,data/processed/policy_c/train/attack/digital_1/iphone15pro/portugal-013_03.jpg,portugal-013_03,attack,digital_1,iphone15pro,1,58,dev_val,all_attacks,heldout_primary,1.0
train/attack/digital_1/scan/portugal-013_03.jpg,data/processed/policy_c/train/attack/digital_1/scan/portugal-013_03.jpg,portugal-013_03,attack,digital_1,scan,1,57,dev_val,all_attacks,heldout_primary,1.0
train/attack/digital_1/huawei/portugal-017_03.jpg,data/processed/policy_c/train/attack/digital_1/huawei/portugal-017_03.jpg,portugal-017_03,attack,digital_1,huawei,1,52,dev_val,all_attacks,heldout_primary,1.0
train/attack/digital_1/iphone15pro/portugal-017_03.jpg,data/processed/policy_c/train/attack/digital_1/iphone15pro/portugal-017_03.jpg,portugal-017_03,attack,digital_1,iphone15pro,1,86,dev_val,all_attacks,heldout_primary,1.0
train/attack/digital_1/scan/portugal-017_03.jpg,data/processed/policy_c/train/attack/digital_1/scan/portugal-017_03.jpg,portugal-017_03,attack,digital_1,scan,1,64,dev_val,all_attacks,heldout_primary,1.0
train/attack/digital_1/huawei/portugal-029_03.jpg,data/processed/policy_c/train/attack/digital_1/huawei/portugal-029_03.jpg,portugal-029_03,attack,digital_1,huawei,1,59,dev_val,all_attacks,heldout_primary,0.99951171875
train/attack/digital_1/iphone15pro/portugal-029_03.jpg,data/processed/policy_c/train/attack/digital_1/iphone15pro/portugal-029_03.jpg,portugal-029_03,attack,digital_1,iphone15pro,1,78,dev_val,all_attacks,heldout_primary,1.0
train/attack/digital_1/scan/portugal-029_03.jpg,data/processed/policy_c/train/attack/digital_1/scan/portugal-029_03.jpg,portugal-029_03,attack,digital_1,scan,1,71,dev_val,all_attacks,heldout_primary,1.0
train/attack/digital_1/huawei/portugal-119_03.jpg,data/processed/policy_c/train/attack/digital_1/huawei/portugal-119_03.jpg,portugal-119_03,attack,digital_1,huawei,1,74,dev_val,all_attacks,heldout_primary,1.0
train/attack/digital_1/iphone15pro/portugal-119_03.jpg,data/processed/policy_c/train/attack/digital_1/iphone15pro/portugal-119_03.jpg,portugal-119_03,attack,digital_1,iphone15pro,1,81,dev_val,all_attacks,heldout_primary,1.0
train/attack/digital_1/scan/portugal-119_03.jpg,data/processed/policy_c/train/attack/digital_1/scan/portugal-119_03.jpg,portugal-119_03,attack,digital_1,scan,1,88,dev_val,all_attacks,heldout_primary,1.0
train/attack/digital_1/huawei/portugal-NF-1060.jpg,data/processed/policy_c/train/attack/digital_1/huawei/portugal-NF-1060.jpg,portugal-NF-1060,attack,digital_1,huawei,1,89,dev_val,all_attacks,heldout_primary,0.99560546875
train/attack/digital_1/iphone15pro/portugal-NF-1060.jpg,data/processed/policy_c/train/attack/digital_1/iphone15pro/portugal-NF-1060.jpg,portugal-NF-1060,attack,digital_1,iphone15pro,1,84,dev_val,all_attacks,heldout_primary,1.0
train/attack/digital_1/scan/portugal-NF-1060.jpg,data/processed/policy_c/train/attack/digital_1/scan/portugal-NF-1060.jpg,portugal-NF-1060,attack,digital_1,scan,1,73,dev_val,all_attacks,heldout_primary,1.0
train/attack/digital_1/huawei/portugal-NF-1066.jpg,data/processed/policy_c/train/attack/digital_1/huawei/portugal-NF-1066.jpg,portugal-NF-1066,attack,digital_1,huawei,1,51,dev_val,all_attacks,heldout_primary,0.99951171875
train/attack/digital_1/iphone15pro/portugal-NF-1066.jpg,data/processed/policy_c/train/attack/digital_1/iphone15pro/portugal-NF-1066.jpg,portugal-NF-1066,attack,digital_1,iphone15pro,1,90,dev_val,all_attacks,heldout_primary,1.0
train/attack/digital_1/scan/portugal-NF-1066.jpg,data/processed/policy_c/train/attack/digital_1/scan/portugal-NF-1066.jpg,portugal-NF-1066,attack,digital_1,scan,1,80,dev_val,all_attacks,heldout_primary,1.0
train/attack/digital_1/huawei/portugal-NF-1109.jpg,data/processed/policy_c/train/attack/digital_1/huawei/portugal-NF-1109.jpg,portugal-NF-1109,attack,digital_1,huawei,1,73,dev_val,all_attacks,heldout_primary,0.99951171875
train/attack/digital_1/iphone15pro/portugal-NF-1109.jpg,data/processed/policy_c/train/attack/digital_1/iphone15pro/portugal-NF-1109.jpg,portugal-NF-1109,attack,digital_1,iphone15pro,1,56,dev_val,all_attacks,heldout_primary,1.0
train/attack/digital_1/scan/portugal-NF-1109.jpg,data/processed/policy_c/train/attack/digital_1/scan/portugal-NF-1109.jpg,portugal-NF-1109,attack,digital_1,scan,1,87,dev_val,all_attacks,heldout_primary,1.0
train/attack/digital_1/huawei/russian-062_03.jpg,data/processed/policy_c/train/attack/digital_1/huawei/russian-062_03.jpg,russian-062_03,attack,digital_1,huawei,1,52,dev_val,all_attacks,heldout_primary,0.99658203125
train/attack/digital_1/iphone15pro/russian-062_03.jpg,data/processed/policy_c/train/attack/digital_1/iphone15pro/russian-062_03.jpg,russian-062_03,attack,digital_1,iphone15pro,1,62,dev_val,all_attacks,heldout_primary,1.0
train/attack/digital_1/scan/russian-062_03.jpg,data/processed/policy_c/train/attack/digital_1/scan/russian-062_03.jpg,russian-062_03,attack,digital_1,scan,1,69,dev_val,all_attacks,heldout_primary,1.0
train/attack/digital_1/huawei/russian-132_03.jpg,data/processed/policy_c/train/attack/digital_1/huawei/russian-132_03.jpg,russian-132_03,attack,digital_1,huawei,1,69,dev_val,all_attacks,heldout_primary,1.0
train/attack/digital_1/iphone15pro/russian-132_03.jpg,data/processed/policy_c/train/attack/digital_1/iphone15pro/russian-132_03.jpg,russian-132_03,attack,digital_1,iphone15pro,1,85,dev_val,all_attacks,heldout_primary,1.0
train/attack/digital_1/scan/russian-132_03.jpg,data/processed/policy_c/train/attack/digital_1/scan/russian-132_03.jpg,russian-132_03,attack,digital_1,scan,1,53,dev_val,all_attacks,heldout_primary,1.0
train/attack/digital_1/huawei/russian-NF-1089.jpg,data/processed/policy_c/train/attack/digital_1/huawei/russian-NF-1089.jpg,russian-NF-1089,attack,digital_1,huawei,1,72,dev_val,all_attacks,heldout_primary,1.0
train/attack/digital_1/iphone15pro/russian-NF-1089.jpg,data/processed/policy_c/train/attack/digital_1/iphone15pro/russian-NF-1089.jpg,russian-NF-1089,attack,digital_1,iphone15pro,1,51,dev_val,all_attacks,heldout_primary,1.0
train/attack/digital_1/scan/russian-NF-1089.jpg,data/processed/policy_c/train/attack/digital_1/scan/russian-NF-1089.jpg,russian-NF-1089,attack,digital_1,scan,1,80,dev_val,all_attacks,heldout_primary,1.0
train/attack/digital_1/huawei/russian-NF-1099.jpg,data/processed/policy_c/train/attack/digital_1/huawei/russian-NF-1099.jpg,russian-NF-1099,attack,digital_1,huawei,1,65,dev_val,all_attacks,heldout_primary,1.0
train/attack/digital_1/iphone15pro/russian-NF-1099.jpg,data/processed/policy_c/train/attack/digital_1/iphone15pro/russian-NF-1099.jpg,russian-NF-1099,attack,digital_1,iphone15pro,1,85,dev_val,all_attacks,heldout_primary,1.0
train/attack/digital_1/scan/russian-NF-1099.jpg,data/processed/policy_c/train/attack/digital_1/scan/russian-NF-1099.jpg,russian-NF-1099,attack,digital_1,scan,1,53,dev_val,all_attacks,heldout_primary,1.0
train/attack/digital_1/huawei/turkiye-032_03.jpg,data/processed/policy_c/train/attack/digital_1/huawei/turkiye-032_03.jpg,turkiye-032_03,attack,digital_1,huawei,1,62,dev_val,all_attacks,heldout_primary,1.0
train/attack/digital_1/iphone15pro/turkiye-032_03.jpg,data/processed/policy_c/train/attack/digital_1/iphone15pro/turkiye-032_03.jpg,turkiye-032_03,attack,digital_1,iphone15pro,1,55,dev_val,all_attacks,heldout_primary,1.0
train/attack/digital_1/scan/turkiye-032_03.jpg,data/processed/policy_c/train/attack/digital_1/scan/turkiye-032_03.jpg,turkiye-032_03,attack,digital_1,scan,1,53,dev_val,all_attacks,heldout_primary,1.0
train/attack/digital_1/huawei/turkiye-101_03.jpg,data/processed/policy_c/train/attack/digital_1/huawei/turkiye-101_03.jpg,turkiye-101_03,attack,digital_1,huawei,1,57,dev_val,all_attacks,heldout_primary,1.0
train/attack/digital_1/iphone15pro/turkiye-101_03.jpg,data/processed/policy_c/train/attack/digital_1/iphone15pro/turkiye-101_03.jpg,turkiye-101_03,attack,digital_1,iphone15pro,1,52,dev_val,all_attacks,heldout_primary,1.0
train/attack/digital_1/scan/turkiye-101_03.jpg,data/processed/policy_c/train/attack/digital_1/scan/turkiye-101_03.jpg,turkiye-101_03,attack,digital_1,scan,1,76,dev_val,all_attacks,heldout_primary,1.0
train/attack/digital_1/huawei/turkiye-104_03.jpg,data/processed/policy_c/train/attack/digital_1/huawei/turkiye-104_03.jpg,turkiye-104_03,attack,digital_1,huawei,1,74,dev_val,all_attacks,heldout_primary,1.0
train/attack/digital_1/iphone15pro/turkiye-104_03.jpg,data/processed/policy_c/train/attack/digital_1/iphone15pro/turkiye-104_03.jpg,turkiye-104_03,attack,digital_1,iphone15pro,1,66,dev_val,all_attacks,heldout_primary,1.0
train/attack/digital_1/scan/turkiye-104_03.jpg,data/processed/policy_c/train/attack/digital_1/scan/turkiye-104_03.jpg,turkiye-104_03,attack,digital_1,scan,1,57,dev_val,all_attacks,heldout_primary,1.0
train/attack/digital_1/huawei/turkiye-115_03.jpg,data/processed/policy_c/train/attack/digital_1/huawei/turkiye-115_03.jpg,turkiye-115_03,attack,digital_1,huawei,1,59,dev_val,all_attacks,heldout_primary,1.0
train/attack/digital_1/iphone15pro/turkiye-115_03.jpg,data/processed/policy_c/train/attack/digital_1/iphone15pro/turkiye-115_03.jpg,turkiye-115_03,attack,digital_1,iphone15pro,1,68,dev_val,all_attacks,heldout_primary,1.0
train/attack/digital_1/scan/turkiye-115_03.jpg,data/processed/policy_c/train/attack/digital_1/scan/turkiye-115_03.jpg,turkiye-115_03,attack,digital_1,scan,1,87,dev_val,all_attacks,heldout_primary,1.0
train/attack/digital_1/huawei/turkiye-NF-1002.jpg,data/processed/policy_c/train/attack/digital_1/huawei/turkiye-NF-1002.jpg,turkiye-NF-1002,attack,digital_1,huawei,1,53,dev_val,all_attacks,heldout_primary,1.0
train/attack/digital_1/iphone15pro/turkiye-NF-1002.jpg,data/processed/policy_c/train/attack/digital_1/iphone15pro/turkiye-NF-1002.jpg,turkiye-NF-1002,attack,digital_1,iphone15pro,1,84,dev_val,all_attacks,heldout_primary,1.0
train/attack/digital_1/scan/turkiye-NF-1002.jpg,data/processed/policy_c/train/attack/digital_1/scan/turkiye-NF-1002.jpg,turkiye-NF-1002,attack,digital_1,scan,1,88,dev_val,all_attacks,heldout_primary,1.0
train/attack/digital_1/huawei/turkiye-NM-1055.jpg,data/processed/policy_c/train/attack/digital_1/huawei/turkiye-NM-1055.jpg,turkiye-NM-1055,attack,digital_1,huawei,1,60,dev_val,all_attacks,heldout_primary,1.0
train/attack/digital_1/iphone15pro/turkiye-NM-1055.jpg,data/processed/policy_c/train/attack/digital_1/iphone15pro/turkiye-NM-1055.jpg,turkiye-NM-1055,attack,digital_1,iphone15pro,1,62,dev_val,all_attacks,heldout_primary,1.0
train/attack/digital_1/scan/turkiye-NM-1055.jpg,data/processed/policy_c/train/attack/digital_1/scan/turkiye-NM-1055.jpg,turkiye-NM-1055,attack,digital_1,scan,1,74,dev_val,all_attacks,heldout_primary,1.0
train/attack/digital_1/huawei/ukraine-025_03.jpg,data/processed/policy_c/train/attack/digital_1/huawei/ukraine-025_03.jpg,ukraine-025_03,attack,digital_1,huawei,1,69,dev_val,all_attacks,heldout_primary,1.0
train/attack/digital_1/iphone15pro/ukraine-025_03.jpg,data/processed/policy_c/train/attack/digital_1/iphone15pro/ukraine-025_03.jpg,ukraine-025_03,attack,digital_1,iphone15pro,1,81,dev_val,all_attacks,heldout_primary,1.0
train/attack/digital_1/scan/ukraine-025_03.jpg,data/processed/policy_c/train/attack/digital_1/scan/ukraine-025_03.jpg,ukraine-025_03,attack,digital_1,scan,1,57,dev_val,all_attacks,heldout_primary,1.0
train/attack/digital_1/huawei/ukraine-NF-1068.jpg,data/processed/policy_c/train/attack/digital_1/huawei/ukraine-NF-1068.jpg,ukraine-NF-1068,attack,digital_1,huawei,1,50,dev_val,all_attacks,heldout_primary,1.0
train/attack/digital_1/iphone15pro/ukraine-NF-1068.jpg,data/processed/policy_c/train/attack/digital_1/iphone15pro/ukraine-NF-1068.jpg,ukraine-NF-1068,attack,digital_1,iphone15pro,1,79,dev_val,all_attacks,heldout_primary,1.0
train/attack/digital_1/scan/ukraine-NF-1068.jpg,data/processed/policy_c/train/attack/digital_1/scan/ukraine-NF-1068.jpg,ukraine-NF-1068,attack,digital_1,scan,1,77,dev_val,all_attacks,heldout_primary,1.0
train/attack/digital_1/huawei/ukraine-NF-1073.jpg,data/processed/policy_c/train/attack/digital_1/huawei/ukraine-NF-1073.jpg,ukraine-NF-1073,attack,digital_1,huawei,1,66,dev_val,all_attacks,heldout_primary,0.9990234375
train/attack/digital_1/iphone15pro/ukraine-NF-1073.jpg,data/processed/policy_c/train/attack/digital_1/iphone15pro/ukraine-NF-1073.jpg,ukraine-NF-1073,attack,digital_1,iphone15pro,1,57,dev_val,all_attacks,heldout_primary,1.0
train/attack/digital_1/scan/ukraine-NF-1073.jpg,data/processed/policy_c/train/attack/digital_1/scan/ukraine-NF-1073.jpg,ukraine-NF-1073,attack,digital_1,scan,1,64,dev_val,all_attacks,heldout_primary,0.9970703125
train/attack/digital_1/huawei/ukraine-NF-1106.jpg,data/processed/policy_c/train/attack/digital_1/huawei/ukraine-NF-1106.jpg,ukraine-NF-1106,attack,digital_1,huawei,1,82,dev_val,all_attacks,heldout_primary,1.0
train/attack/digital_1/iphone15pro/ukraine-NF-1106.jpg,data/processed/policy_c/train/attack/digital_1/iphone15pro/ukraine-NF-1106.jpg,ukraine-NF-1106,attack,digital_1,iphone15pro,1,74,dev_val,all_attacks,heldout_primary,1.0
train/attack/digital_1/scan/ukraine-NF-1106.jpg,data/processed/policy_c/train/attack/digital_1/scan/ukraine-NF-1106.jpg,ukraine-NF-1106,attack,digital_1,scan,1,88,dev_val,all_attacks,heldout_primary,1.0
train/attack/digital_1/huawei/usa-034_03.jpg,data/processed/policy_c/train/attack/digital_1/huawei/usa-034_03.jpg,usa-034_03,attack,digital_1,huawei,1,50,dev_val,all_attacks,heldout_primary,1.0
train/attack/digital_1/iphone15pro/usa-034_03.jpg,data/processed/policy_c/train/attack/digital_1/iphone15pro/usa-034_03.jpg,usa-034_03,attack,digital_1,iphone15pro,1,77,dev_val,all_attacks,heldout_primary,1.0
train/attack/digital_1/scan/usa-034_03.jpg,data/processed/policy_c/train/attack/digital_1/scan/usa-034_03.jpg,usa-034_03,attack,digital_1,scan,1,69,dev_val,all_attacks,heldout_primary,1.0
train/attack/digital_1/huawei/usa-067_03.jpg,data/processed/policy_c/train/attack/digital_1/huawei/usa-067_03.jpg,usa-067_03,attack,digital_1,huawei,1,65,dev_val,all_attacks,heldout_primary,1.0
train/attack/digital_1/iphone15pro/usa-067_03.jpg,data/processed/policy_c/train/attack/digital_1/iphone15pro/usa-067_03.jpg,usa-067_03,attack,digital_1,iphone15pro,1,90,dev_val,all_attacks,heldout_primary,1.0
train/attack/digital_1/scan/usa-067_03.jpg,data/processed/policy_c/train/attack/digital_1/scan/usa-067_03.jpg,usa-067_03,attack,digital_1,scan,1,84,dev_val,all_attacks,heldout_primary,1.0
train/attack/digital_1/huawei/usa-NF-1036.jpg,data/processed/policy_c/train/attack/digital_1/huawei/usa-NF-1036.jpg,usa-NF-1036,attack,digital_1,huawei,1,69,dev_val,all_attacks,heldout_primary,1.0
train/attack/digital_1/iphone15pro/usa-NF-1036.jpg,data/processed/policy_c/train/attack/digital_1/iphone15pro/usa-NF-1036.jpg,usa-NF-1036,attack,digital_1,iphone15pro,1,62,dev_val,all_attacks,heldout_primary,1.0
train/attack/digital_1/scan/usa-NF-1036.jpg,data/processed/policy_c/train/attack/digital_1/scan/usa-NF-1036.jpg,usa-NF-1036,attack,digital_1,scan,1,72,dev_val,all_attacks,heldout_primary,1.0
train/attack/digital_1/huawei/usa-NF-1065.jpg,data/processed/policy_c/train/attack/digital_1/huawei/usa-NF-1065.jpg,usa-NF-1065,attack,digital_1,huawei,1,60,dev_val,all_attacks,heldout_primary,1.0
train/attack/digital_1/iphone15pro/usa-NF-1065.jpg,data/processed/policy_c/train/attack/digital_1/iphone15pro/usa-NF-1065.jpg,usa-NF-1065,attack,digital_1,iphone15pro,1,56,dev_val,all_attacks,heldout_primary,1.0
train/attack/digital_1/scan/usa-NF-1065.jpg,data/processed/policy_c/train/attack/digital_1/scan/usa-NF-1065.jpg,usa-NF-1065,attack,digital_1,scan,1,54,dev_val,all_attacks,heldout_primary,1.0
train/attack/digital_1/huawei/usa-NF-1076.jpg,data/processed/policy_c/train/attack/digital_1/huawei/usa-NF-1076.jpg,usa-NF-1076,attack,digital_1,huawei,1,74,dev_val,all_attacks,heldout_primary,1.0
train/attack/digital_1/iphone15pro/usa-NF-1076.jpg,data/processed/policy_c/train/attack/digital_1/iphone15pro/usa-NF-1076.jpg,usa-NF-1076,attack,digital_1,iphone15pro,1,83,dev_val,all_attacks,heldout_primary,1.0
train/attack/digital_1/scan/usa-NF-1076.jpg,data/processed/policy_c/train/attack/digital_1/scan/usa-NF-1076.jpg,usa-NF-1076,attack,digital_1,scan,1,62,dev_val,all_attacks,heldout_primary,1.0
train/attack/digital_1/huawei/usa-NM-1038.jpg,data/processed/policy_c/train/attack/digital_1/huawei/usa-NM-1038.jpg,usa-NM-1038,attack,digital_1,huawei,1,71,dev_val,all_attacks,heldout_primary,0.9912109375
train/attack/digital_1/iphone15pro/usa-NM-1038.jpg,data/processed/policy_c/train/attack/digital_1/iphone15pro/usa-NM-1038.jpg,usa-NM-1038,attack,digital_1,iphone15pro,1,78,dev_val,all_attacks,heldout_primary,1.0
train/attack/digital_1/scan/usa-NM-1038.jpg,data/processed/policy_c/train/attack/digital_1/scan/usa-NM-1038.jpg,usa-NM-1038,attack,digital_1,scan,1,63,dev_val,all_attacks,heldout_primary,1.0
train/attack/digital_2/huawei/arabic-024_03.jpg,data/processed/policy_c/train/attack/digital_2/huawei/arabic-024_03.jpg,arabic-024_03,attack,digital_2,huawei,1,78,dev_val,all_attacks,heldout_primary,1.0
train/attack/digital_2/iphone15pro/arabic-024_03.jpg,data/processed/policy_c/train/attack/digital_2/iphone15pro/arabic-024_03.jpg,arabic-024_03,attack,digital_2,iphone15pro,1,79,dev_val,all_attacks,heldout_primary,1.0
train/attack/digital_2/scan/arabic-024_03.jpg,data/processed/policy_c/train/attack/digital_2/scan/arabic-024_03.jpg,arabic-024_03,attack,digital_2,scan,1,74,dev_val,all_attacks,heldout_primary,1.0
train/attack/digital_2/huawei/arabic-120_03.jpg,data/processed/policy_c/train/attack/digital_2/huawei/arabic-120_03.jpg,arabic-120_03,attack,digital_2,huawei,1,67,dev_val,all_attacks,heldout_primary,1.0
train/attack/digital_2/iphone15pro/arabic-120_03.jpg,data/processed/policy_c/train/attack/digital_2/iphone15pro/arabic-120_03.jpg,arabic-120_03,attack,digital_2,iphone15pro,1,65,dev_val,all_attacks,heldout_primary,1.0
train/attack/digital_2/scan/arabic-120_03.jpg,data/processed/policy_c/train/attack/digital_2/scan/arabic-120_03.jpg,arabic-120_03,attack,digital_2,scan,1,65,dev_val,all_attacks,heldout_primary,1.0
train/attack/digital_2/huawei/arabic-NF-1048.jpg,data/processed/policy_c/train/attack/digital_2/huawei/arabic-NF-1048.jpg,arabic-NF-1048,attack,digital_2,huawei,1,55,dev_val,all_attacks,heldout_primary,1.0
train/attack/digital_2/iphone15pro/arabic-NF-1048.jpg,data/processed/policy_c/train/attack/digital_2/iphone15pro/arabic-NF-1048.jpg,arabic-NF-1048,attack,digital_2,iphone15pro,1,57,dev_val,all_attacks,heldout_primary,1.0
train/attack/digital_2/scan/arabic-NF-1048.jpg,data/processed/policy_c/train/attack/digital_2/scan/arabic-NF-1048.jpg,arabic-NF-1048,attack,digital_2,scan,1,50,dev_val,all_attacks,heldout_primary,1.0
train/attack/digital_2/huawei/arabic-NF-1098.jpg,data/processed/policy_c/train/attack/digital_2/huawei/arabic-NF-1098.jpg,arabic-NF-1098,attack,digital_2,huawei,1,68,dev_val,all_attacks,heldout_primary,1.0
train/attack/digital_2/iphone15pro/arabic-NF-1098.jpg,data/processed/policy_c/train/attack/digital_2/iphone15pro/arabic-NF-1098.jpg,arabic-NF-1098,attack,digital_2,iphone15pro,1,57,dev_val,all_attacks,heldout_primary,1.0
train/attack/digital_2/scan/arabic-NF-1098.jpg,data/processed/policy_c/train/attack/digital_2/scan/arabic-NF-1098.jpg,arabic-NF-1098,attack,digital_2,scan,1,90,dev_val,all_attacks,heldout_primary,1.0
train/attack/digital_2/huawei/arabic-NM-1090.jpg,data/processed/policy_c/train/attack/digital_2/huawei/arabic-NM-1090.jpg,arabic-NM-1090,attack,digital_2,huawei,1,55,dev_val,all_attacks,heldout_primary,1.0
train/attack/digital_2/iphone15pro/arabic-NM-1090.jpg,data/processed/policy_c/train/attack/digital_2/iphone15pro/arabic-NM-1090.jpg,arabic-NM-1090,attack,digital_2,iphone15pro,1,63,dev_val,all_attacks,heldout_primary,1.0
train/attack/digital_2/scan/arabic-NM-1090.jpg,data/processed/policy_c/train/attack/digital_2/scan/arabic-NM-1090.jpg,arabic-NM-1090,attack,digital_2,scan,1,80,dev_val,all_attacks,heldout_primary,1.0
train/attack/digital_2/huawei/chinese-001_03.jpg,data/processed/policy_c/train/attack/digital_2/huawei/chinese-001_03.jpg,chinese-001_03,attack,digital_2,huawei,1,77,dev_val,all_attacks,heldout_primary,1.0
train/attack/digital_2/iphone15pro/chinese-001_03.jpg,data/processed/policy_c/train/attack/digital_2/iphone15pro/chinese-001_03.jpg,chinese-001_03,attack,digital_2,iphone15pro,1,70,dev_val,all_attacks,heldout_primary,1.0
train/attack/digital_2/scan/chinese-001_03.jpg,data/processed/policy_c/train/attack/digital_2/scan/chinese-001_03.jpg,chinese-001_03,attack,digital_2,scan,1,82,dev_val,all_attacks,heldout_primary,1.0
train/attack/digital_2/huawei/chinese-113_03.jpg,data/processed/policy_c/train/attack/digital_2/huawei/chinese-113_03.jpg,chinese-113_03,attack,digital_2,huawei,1,85,dev_val,all_attacks,heldout_primary,1.0
train/attack/digital_2/iphone15pro/chinese-113_03.jpg,data/processed/policy_c/train/attack/digital_2/iphone15pro/chinese-113_03.jpg,chinese-113_03,attack,digital_2,iphone15pro,1,72,dev_val,all_attacks,heldout_primary,1.0
train/attack/digital_2/scan/chinese-113_03.jpg,data/processed/policy_c/train/attack/digital_2/scan/chinese-113_03.jpg,chinese-113_03,attack,digital_2,scan,1,58,dev_val,all_attacks,heldout_primary,1.0
train/attack/digital_2/huawei/chinese-142_03.jpg,data/processed/policy_c/train/attack/digital_2/huawei/chinese-142_03.jpg,chinese-142_03,attack,digital_2,huawei,1,60,dev_val,all_attacks,heldout_primary,1.0
train/attack/digital_2/iphone15pro/chinese-142_03.jpg,data/processed/policy_c/train/attack/digital_2/iphone15pro/chinese-142_03.jpg,chinese-142_03,attack,digital_2,iphone15pro,1,56,dev_val,all_attacks,heldout_primary,1.0
train/attack/digital_2/scan/chinese-142_03.jpg,data/processed/policy_c/train/attack/digital_2/scan/chinese-142_03.jpg,chinese-142_03,attack,digital_2,scan,1,65,dev_val,all_attacks,heldout_primary,1.0
train/attack/digital_2/huawei/chinese-NF-1050.jpg,data/processed/policy_c/train/attack/digital_2/huawei/chinese-NF-1050.jpg,chinese-NF-1050,attack,digital_2,huawei,1,58,dev_val,all_attacks,heldout_primary,1.0
train/attack/digital_2/iphone15pro/chinese-NF-1050.jpg,data/processed/policy_c/train/attack/digital_2/iphone15pro/chinese-NF-1050.jpg,chinese-NF-1050,attack,digital_2,iphone15pro,1,72,dev_val,all_attacks,heldout_primary,1.0
train/attack/digital_2/scan/chinese-NF-1050.jpg,data/processed/policy_c/train/attack/digital_2/scan/chinese-NF-1050.jpg,chinese-NF-1050,attack,digital_2,scan,1,50,dev_val,all_attacks,heldout_primary,1.0
train/attack/digital_2/huawei/chinese-NF-1085.jpg,data/processed/policy_c/train/attack/digital_2/huawei/chinese-NF-1085.jpg,chinese-NF-1085,attack,digital_2,huawei,1,76,dev_val,all_attacks,heldout_primary,1.0
train/attack/digital_2/iphone15pro/chinese-NF-1085.jpg,data/processed/policy_c/train/attack/digital_2/iphone15pro/chinese-NF-1085.jpg,chinese-NF-1085,attack,digital_2,iphone15pro,1,58,dev_val,all_attacks,heldout_primary,1.0
train/attack/digital_2/scan/chinese-NF-1085.jpg,data/processed/policy_c/train/attack/digital_2/scan/chinese-NF-1085.jpg,chinese-NF-1085,attack,digital_2,scan,1,50,dev_val,all_attacks,heldout_primary,1.0
train/attack/digital_2/huawei/chinese-NM-1092.jpg,data/processed/policy_c/train/attack/digital_2/huawei/chinese-NM-1092.jpg,chinese-NM-1092,attack,digital_2,huawei,1,61,dev_val,all_attacks,heldout_primary,1.0
train/attack/digital_2/iphone15pro/chinese-NM-1092.jpg,data/processed/policy_c/train/attack/digital_2/iphone15pro/chinese-NM-1092.jpg,chinese-NM-1092,attack,digital_2,iphone15pro,1,64,dev_val,all_attacks,heldout_primary,1.0
train/attack/digital_2/scan/chinese-NM-1092.jpg,data/processed/policy_c/train/attack/digital_2/scan/chinese-NM-1092.jpg,chinese-NM-1092,attack,digital_2,scan,1,85,dev_val,all_attacks,heldout_primary,1.0
train/attack/digital_2/huawei/french-019_03.jpg,data/processed/policy_c/train/attack/digital_2/huawei/french-019_03.jpg,french-019_03,attack,digital_2,huawei,1,77,dev_val,all_attacks,heldout_primary,1.0
train/attack/digital_2/iphone15pro/french-019_03.jpg,data/processed/policy_c/train/attack/digital_2/iphone15pro/french-019_03.jpg,french-019_03,attack,digital_2,iphone15pro,1,50,dev_val,all_attacks,heldout_primary,1.0
train/attack/digital_2/scan/french-019_03.jpg,data/processed/policy_c/train/attack/digital_2/scan/french-019_03.jpg,french-019_03,attack,digital_2,scan,1,82,dev_val,all_attacks,heldout_primary,1.0
train/attack/digital_2/huawei/french-114_03.jpg,data/processed/policy_c/train/attack/digital_2/huawei/french-114_03.jpg,french-114_03,attack,digital_2,huawei,1,75,dev_val,all_attacks,heldout_primary,1.0
train/attack/digital_2/iphone15pro/french-114_03.jpg,data/processed/policy_c/train/attack/digital_2/iphone15pro/french-114_03.jpg,french-114_03,attack,digital_2,iphone15pro,1,64,dev_val,all_attacks,heldout_primary,1.0
train/attack/digital_2/scan/french-114_03.jpg,data/processed/policy_c/train/attack/digital_2/scan/french-114_03.jpg,french-114_03,attack,digital_2,scan,1,61,dev_val,all_attacks,heldout_primary,1.0
train/attack/digital_2/huawei/french-124_03.jpg,data/processed/policy_c/train/attack/digital_2/huawei/french-124_03.jpg,french-124_03,attack,digital_2,huawei,1,87,dev_val,all_attacks,heldout_primary,1.0
train/attack/digital_2/iphone15pro/french-124_03.jpg,data/processed/policy_c/train/attack/digital_2/iphone15pro/french-124_03.jpg,french-124_03,attack,digital_2,iphone15pro,1,76,dev_val,all_attacks,heldout_primary,1.0
train/attack/digital_2/scan/french-124_03.jpg,data/processed/policy_c/train/attack/digital_2/scan/french-124_03.jpg,french-124_03,attack,digital_2,scan,1,87,dev_val,all_attacks,heldout_primary,1.0
train/attack/digital_2/huawei/french-128_03.jpg,data/processed/policy_c/train/attack/digital_2/huawei/french-128_03.jpg,french-128_03,attack,digital_2,huawei,1,89,dev_val,all_attacks,heldout_primary,1.0
train/attack/digital_2/iphone15pro/french-128_03.jpg,data/processed/policy_c/train/attack/digital_2/iphone15pro/french-128_03.jpg,french-128_03,attack,digital_2,iphone15pro,1,68,dev_val,all_attacks,heldout_primary,1.0
train/attack/digital_2/scan/french-128_03.jpg,data/processed/policy_c/train/attack/digital_2/scan/french-128_03.jpg,french-128_03,attack,digital_2,scan,1,56,dev_val,all_attacks,heldout_primary,1.0
train/attack/digital_2/huawei/french-NF-1047.jpg,data/processed/policy_c/train/attack/digital_2/huawei/french-NF-1047.jpg,french-NF-1047,attack,digital_2,huawei,1,83,dev_val,all_attacks,heldout_primary,1.0
train/attack/digital_2/iphone15pro/french-NF-1047.jpg,data/processed/policy_c/train/attack/digital_2/iphone15pro/french-NF-1047.jpg,french-NF-1047,attack,digital_2,iphone15pro,1,83,dev_val,all_attacks,heldout_primary,1.0
train/attack/digital_2/scan/french-NF-1047.jpg,data/processed/policy_c/train/attack/digital_2/scan/french-NF-1047.jpg,french-NF-1047,attack,digital_2,scan,1,74,dev_val,all_attacks,heldout_primary,1.0
train/attack/digital_2/huawei/french-NF-1082.jpg,data/processed/policy_c/train/attack/digital_2/huawei/french-NF-1082.jpg,french-NF-1082,attack,digital_2,huawei,1,71,dev_val,all_attacks,heldout_primary,0.994140625
train/attack/digital_2/iphone15pro/french-NF-1082.jpg,data/processed/policy_c/train/attack/digital_2/iphone15pro/french-NF-1082.jpg,french-NF-1082,attack,digital_2,iphone15pro,1,58,dev_val,all_attacks,heldout_primary,1.0
train/attack/digital_2/scan/french-NF-1082.jpg,data/processed/policy_c/train/attack/digital_2/scan/french-NF-1082.jpg,french-NF-1082,attack,digital_2,scan,1,64,dev_val,all_attacks,heldout_primary,0.99951171875
train/attack/digital_2/huawei/indian-014_03.jpg,data/processed/policy_c/train/attack/digital_2/huawei/indian-014_03.jpg,indian-014_03,attack,digital_2,huawei,1,66,dev_val,all_attacks,heldout_primary,1.0
train/attack/digital_2/iphone15pro/indian-014_03.jpg,data/processed/policy_c/train/attack/digital_2/iphone15pro/indian-014_03.jpg,indian-014_03,attack,digital_2,iphone15pro,1,53,dev_val,all_attacks,heldout_primary,1.0
train/attack/digital_2/scan/indian-014_03.jpg,data/processed/policy_c/train/attack/digital_2/scan/indian-014_03.jpg,indian-014_03,attack,digital_2,scan,1,63,dev_val,all_attacks,heldout_primary,1.0
train/attack/digital_2/huawei/indian-021_03.jpg,data/processed/policy_c/train/attack/digital_2/huawei/indian-021_03.jpg,indian-021_03,attack,digital_2,huawei,1,57,dev_val,all_attacks,heldout_primary,1.0
train/attack/digital_2/iphone15pro/indian-021_03.jpg,data/processed/policy_c/train/attack/digital_2/iphone15pro/indian-021_03.jpg,indian-021_03,attack,digital_2,iphone15pro,1,64,dev_val,all_attacks,heldout_primary,1.0
train/attack/digital_2/scan/indian-021_03.jpg,data/processed/policy_c/train/attack/digital_2/scan/indian-021_03.jpg,indian-021_03,attack,digital_2,scan,1,76,dev_val,all_attacks,heldout_primary,1.0
train/attack/digital_2/huawei/indian-NF-1061.jpg,data/processed/policy_c/train/attack/digital_2/huawei/indian-NF-1061.jpg,indian-NF-1061,attack,digital_2,huawei,1,63,dev_val,all_attacks,heldout_primary,1.0
train/attack/digital_2/iphone15pro/indian-NF-1061.jpg,data/processed/policy_c/train/attack/digital_2/iphone15pro/indian-NF-1061.jpg,indian-NF-1061,attack,digital_2,iphone15pro,1,50,dev_val,all_attacks,heldout_primary,1.0
train/attack/digital_2/scan/indian-NF-1061.jpg,data/processed/policy_c/train/attack/digital_2/scan/indian-NF-1061.jpg,indian-NF-1061,attack,digital_2,scan,1,77,dev_val,all_attacks,heldout_primary,1.0
train/attack/digital_2/huawei/persian-144_03.jpg,data/processed/policy_c/train/attack/digital_2/huawei/persian-144_03.jpg,persian-144_03,attack,digital_2,huawei,1,50,dev_val,all_attacks,heldout_primary,1.0
train/attack/digital_2/iphone15pro/persian-144_03.jpg,data/processed/policy_c/train/attack/digital_2/iphone15pro/persian-144_03.jpg,persian-144_03,attack,digital_2,iphone15pro,1,88,dev_val,all_attacks,heldout_primary,1.0
train/attack/digital_2/scan/persian-144_03.jpg,data/processed/policy_c/train/attack/digital_2/scan/persian-144_03.jpg,persian-144_03,attack,digital_2,scan,1,72,dev_val,all_attacks,heldout_primary,1.0
train/attack/digital_2/huawei/persian-NF-1018.jpg,data/processed/policy_c/train/attack/digital_2/huawei/persian-NF-1018.jpg,persian-NF-1018,attack,digital_2,huawei,1,73,dev_val,all_attacks,heldout_primary,1.0
train/attack/digital_2/iphone15pro/persian-NF-1018.jpg,data/processed/policy_c/train/attack/digital_2/iphone15pro/persian-NF-1018.jpg,persian-NF-1018,attack,digital_2,iphone15pro,1,50,dev_val,all_attacks,heldout_primary,1.0
train/attack/digital_2/scan/persian-NF-1018.jpg,data/processed/policy_c/train/attack/digital_2/scan/persian-NF-1018.jpg,persian-NF-1018,attack,digital_2,scan,1,73,dev_val,all_attacks,heldout_primary,1.0
train/attack/digital_2/huawei/persian-NF-1097.jpg,data/processed/policy_c/train/attack/digital_2/huawei/persian-NF-1097.jpg,persian-NF-1097,attack,digital_2,huawei,1,86,dev_val,all_attacks,heldout_primary,1.0
train/attack/digital_2/iphone15pro/persian-NF-1097.jpg,data/processed/policy_c/train/attack/digital_2/iphone15pro/persian-NF-1097.jpg,persian-NF-1097,attack,digital_2,iphone15pro,1,88,dev_val,all_attacks,heldout_primary,0.99951171875
train/attack/digital_2/scan/persian-NF-1097.jpg,data/processed/policy_c/train/attack/digital_2/scan/persian-NF-1097.jpg,persian-NF-1097,attack,digital_2,scan,1,89,dev_val,all_attacks,heldout_primary,1.0
train/attack/digital_2/huawei/persian-NM-1035.jpg,data/processed/policy_c/train/attack/digital_2/huawei/persian-NM-1035.jpg,persian-NM-1035,attack,digital_2,huawei,1,64,dev_val,all_attacks,heldout_primary,0.9951171875
train/attack/digital_2/iphone15pro/persian-NM-1035.jpg,data/processed/policy_c/train/attack/digital_2/iphone15pro/persian-NM-1035.jpg,persian-NM-1035,attack,digital_2,iphone15pro,1,53,dev_val,all_attacks,heldout_primary,0.99951171875
train/attack/digital_2/scan/persian-NM-1035.jpg,data/processed/policy_c/train/attack/digital_2/scan/persian-NM-1035.jpg,persian-NM-1035,attack,digital_2,scan,1,59,dev_val,all_attacks,heldout_primary,0.99951171875
train/attack/digital_2/huawei/portugal-013_03.jpg,data/processed/policy_c/train/attack/digital_2/huawei/portugal-013_03.jpg,portugal-013_03,attack,digital_2,huawei,1,80,dev_val,all_attacks,heldout_primary,1.0
train/attack/digital_2/iphone15pro/portugal-013_03.jpg,data/processed/policy_c/train/attack/digital_2/iphone15pro/portugal-013_03.jpg,portugal-013_03,attack,digital_2,iphone15pro,1,58,dev_val,all_attacks,heldout_primary,1.0
train/attack/digital_2/scan/portugal-013_03.jpg,data/processed/policy_c/train/attack/digital_2/scan/portugal-013_03.jpg,portugal-013_03,attack,digital_2,scan,1,57,dev_val,all_attacks,heldout_primary,1.0
train/attack/digital_2/huawei/portugal-017_03.jpg,data/processed/policy_c/train/attack/digital_2/huawei/portugal-017_03.jpg,portugal-017_03,attack,digital_2,huawei,1,52,dev_val,all_attacks,heldout_primary,1.0
train/attack/digital_2/iphone15pro/portugal-017_03.jpg,data/processed/policy_c/train/attack/digital_2/iphone15pro/portugal-017_03.jpg,portugal-017_03,attack,digital_2,iphone15pro,1,86,dev_val,all_attacks,heldout_primary,1.0
train/attack/digital_2/scan/portugal-017_03.jpg,data/processed/policy_c/train/attack/digital_2/scan/portugal-017_03.jpg,portugal-017_03,attack,digital_2,scan,1,64,dev_val,all_attacks,heldout_primary,1.0
train/attack/digital_2/huawei/portugal-029_03.jpg,data/processed/policy_c/train/attack/digital_2/huawei/portugal-029_03.jpg,portugal-029_03,attack,digital_2,huawei,1,59,dev_val,all_attacks,heldout_primary,1.0
train/attack/digital_2/iphone15pro/portugal-029_03.jpg,data/processed/policy_c/train/attack/digital_2/iphone15pro/portugal-029_03.jpg,portugal-029_03,attack,digital_2,iphone15pro,1,78,dev_val,all_attacks,heldout_primary,1.0
train/attack/digital_2/scan/portugal-029_03.jpg,data/processed/policy_c/train/attack/digital_2/scan/portugal-029_03.jpg,portugal-029_03,attack,digital_2,scan,1,71,dev_val,all_attacks,heldout_primary,1.0
train/attack/digital_2/huawei/portugal-119_03.jpg,data/processed/policy_c/train/attack/digital_2/huawei/portugal-119_03.jpg,portugal-119_03,attack,digital_2,huawei,1,74,dev_val,all_attacks,heldout_primary,1.0
train/attack/digital_2/iphone15pro/portugal-119_03.jpg,data/processed/policy_c/train/attack/digital_2/iphone15pro/portugal-119_03.jpg,portugal-119_03,attack,digital_2,iphone15pro,1,81,dev_val,all_attacks,heldout_primary,1.0
train/attack/digital_2/scan/portugal-119_03.jpg,data/processed/policy_c/train/attack/digital_2/scan/portugal-119_03.jpg,portugal-119_03,attack,digital_2,scan,1,88,dev_val,all_attacks,heldout_primary,1.0
train/attack/digital_2/huawei/portugal-NF-1060.jpg,data/processed/policy_c/train/attack/digital_2/huawei/portugal-NF-1060.jpg,portugal-NF-1060,attack,digital_2,huawei,1,89,dev_val,all_attacks,heldout_primary,1.0
train/attack/digital_2/iphone15pro/portugal-NF-1060.jpg,data/processed/policy_c/train/attack/digital_2/iphone15pro/portugal-NF-1060.jpg,portugal-NF-1060,attack,digital_2,iphone15pro,1,84,dev_val,all_attacks,heldout_primary,1.0
train/attack/digital_2/scan/portugal-NF-1060.jpg,data/processed/policy_c/train/attack/digital_2/scan/portugal-NF-1060.jpg,portugal-NF-1060,attack,digital_2,scan,1,73,dev_val,all_attacks,heldout_primary,1.0
train/attack/digital_2/huawei/portugal-NF-1066.jpg,data/processed/policy_c/train/attack/digital_2/huawei/portugal-NF-1066.jpg,portugal-NF-1066,attack,digital_2,huawei,1,51,dev_val,all_attacks,heldout_primary,1.0
train/attack/digital_2/iphone15pro/portugal-NF-1066.jpg,data/processed/policy_c/train/attack/digital_2/iphone15pro/portugal-NF-1066.jpg,portugal-NF-1066,attack,digital_2,iphone15pro,1,90,dev_val,all_attacks,heldout_primary,1.0
train/attack/digital_2/scan/portugal-NF-1066.jpg,data/processed/policy_c/train/attack/digital_2/scan/portugal-NF-1066.jpg,portugal-NF-1066,attack,digital_2,scan,1,80,dev_val,all_attacks,heldout_primary,1.0
train/attack/digital_2/huawei/portugal-NF-1109.jpg,data/processed/policy_c/train/attack/digital_2/huawei/portugal-NF-1109.jpg,portugal-NF-1109,attack,digital_2,huawei,1,73,dev_val,all_attacks,heldout_primary,1.0
train/attack/digital_2/iphone15pro/portugal-NF-1109.jpg,data/processed/policy_c/train/attack/digital_2/iphone15pro/portugal-NF-1109.jpg,portugal-NF-1109,attack,digital_2,iphone15pro,1,56,dev_val,all_attacks,heldout_primary,1.0
train/attack/digital_2/scan/portugal-NF-1109.jpg,data/processed/policy_c/train/attack/digital_2/scan/portugal-NF-1109.jpg,portugal-NF-1109,attack,digital_2,scan,1,87,dev_val,all_attacks,heldout_primary,1.0
train/attack/digital_2/huawei/russian-062_03.jpg,data/processed/policy_c/train/attack/digital_2/huawei/russian-062_03.jpg,russian-062_03,attack,digital_2,huawei,1,52,dev_val,all_attacks,heldout_primary,1.0
train/attack/digital_2/iphone15pro/russian-062_03.jpg,data/processed/policy_c/train/attack/digital_2/iphone15pro/russian-062_03.jpg,russian-062_03,attack,digital_2,iphone15pro,1,62,dev_val,all_attacks,heldout_primary,1.0
train/attack/digital_2/scan/russian-062_03.jpg,data/processed/policy_c/train/attack/digital_2/scan/russian-062_03.jpg,russian-062_03,attack,digital_2,scan,1,69,dev_val,all_attacks,heldout_primary,1.0
train/attack/digital_2/huawei/russian-132_03.jpg,data/processed/policy_c/train/attack/digital_2/huawei/russian-132_03.jpg,russian-132_03,attack,digital_2,huawei,1,69,dev_val,all_attacks,heldout_primary,1.0
train/attack/digital_2/iphone15pro/russian-132_03.jpg,data/processed/policy_c/train/attack/digital_2/iphone15pro/russian-132_03.jpg,russian-132_03,attack,digital_2,iphone15pro,1,85,dev_val,all_attacks,heldout_primary,1.0
train/attack/digital_2/scan/russian-132_03.jpg,data/processed/policy_c/train/attack/digital_2/scan/russian-132_03.jpg,russian-132_03,attack,digital_2,scan,1,53,dev_val,all_attacks,heldout_primary,0.99169921875
train/attack/digital_2/huawei/russian-NF-1089.jpg,data/processed/policy_c/train/attack/digital_2/huawei/russian-NF-1089.jpg,russian-NF-1089,attack,digital_2,huawei,1,72,dev_val,all_attacks,heldout_primary,1.0
train/attack/digital_2/iphone15pro/russian-NF-1089.jpg,data/processed/policy_c/train/attack/digital_2/iphone15pro/russian-NF-1089.jpg,russian-NF-1089,attack,digital_2,iphone15pro,1,51,dev_val,all_attacks,heldout_primary,1.0
train/attack/digital_2/scan/russian-NF-1089.jpg,data/processed/policy_c/train/attack/digital_2/scan/russian-NF-1089.jpg,russian-NF-1089,attack,digital_2,scan,1,80,dev_val,all_attacks,heldout_primary,1.0
train/attack/digital_2/huawei/russian-NF-1099.jpg,data/processed/policy_c/train/attack/digital_2/huawei/russian-NF-1099.jpg,russian-NF-1099,attack,digital_2,huawei,1,65,dev_val,all_attacks,heldout_primary,1.0
train/attack/digital_2/iphone15pro/russian-NF-1099.jpg,data/processed/policy_c/train/attack/digital_2/iphone15pro/russian-NF-1099.jpg,russian-NF-1099,attack,digital_2,iphone15pro,1,85,dev_val,all_attacks,heldout_primary,1.0
train/attack/digital_2/scan/russian-NF-1099.jpg,data/processed/policy_c/train/attack/digital_2/scan/russian-NF-1099.jpg,russian-NF-1099,attack,digital_2,scan,1,53,dev_val,all_attacks,heldout_primary,1.0
train/attack/digital_2/huawei/turkiye-032_03.jpg,data/processed/policy_c/train/attack/digital_2/huawei/turkiye-032_03.jpg,turkiye-032_03,attack,digital_2,huawei,1,62,dev_val,all_attacks,heldout_primary,1.0
train/attack/digital_2/iphone15pro/turkiye-032_03.jpg,data/processed/policy_c/train/attack/digital_2/iphone15pro/turkiye-032_03.jpg,turkiye-032_03,attack,digital_2,iphone15pro,1,55,dev_val,all_attacks,heldout_primary,1.0
train/attack/digital_2/scan/turkiye-032_03.jpg,data/processed/policy_c/train/attack/digital_2/scan/turkiye-032_03.jpg,turkiye-032_03,attack,digital_2,scan,1,53,dev_val,all_attacks,heldout_primary,1.0
train/attack/digital_2/huawei/turkiye-101_03.jpg,data/processed/policy_c/train/attack/digital_2/huawei/turkiye-101_03.jpg,turkiye-101_03,attack,digital_2,huawei,1,57,dev_val,all_attacks,heldout_primary,1.0
train/attack/digital_2/iphone15pro/turkiye-101_03.jpg,data/processed/policy_c/train/attack/digital_2/iphone15pro/turkiye-101_03.jpg,turkiye-101_03,attack,digital_2,iphone15pro,1,52,dev_val,all_attacks,heldout_primary,1.0
train/attack/digital_2/scan/turkiye-101_03.jpg,data/processed/policy_c/train/attack/digital_2/scan/turkiye-101_03.jpg,turkiye-101_03,attack,digital_2,scan,1,76,dev_val,all_attacks,heldout_primary,1.0
train/attack/digital_2/huawei/turkiye-104_03.jpg,data/processed/policy_c/train/attack/digital_2/huawei/turkiye-104_03.jpg,turkiye-104_03,attack,digital_2,huawei,1,74,dev_val,all_attacks,heldout_primary,1.0
train/attack/digital_2/iphone15pro/turkiye-104_03.jpg,data/processed/policy_c/train/attack/digital_2/iphone15pro/turkiye-104_03.jpg,turkiye-104_03,attack,digital_2,iphone15pro,1,66,dev_val,all_attacks,heldout_primary,1.0
train/attack/digital_2/scan/turkiye-104_03.jpg,data/processed/policy_c/train/attack/digital_2/scan/turkiye-104_03.jpg,turkiye-104_03,attack,digital_2,scan,1,57,dev_val,all_attacks,heldout_primary,0.99267578125
train/attack/digital_2/huawei/turkiye-115_03.jpg,data/processed/policy_c/train/attack/digital_2/huawei/turkiye-115_03.jpg,turkiye-115_03,attack,digital_2,huawei,1,59,dev_val,all_attacks,heldout_primary,1.0
train/attack/digital_2/iphone15pro/turkiye-115_03.jpg,data/processed/policy_c/train/attack/digital_2/iphone15pro/turkiye-115_03.jpg,turkiye-115_03,attack,digital_2,iphone15pro,1,68,dev_val,all_attacks,heldout_primary,1.0
train/attack/digital_2/scan/turkiye-115_03.jpg,data/processed/policy_c/train/attack/digital_2/scan/turkiye-115_03.jpg,turkiye-115_03,attack,digital_2,scan,1,87,dev_val,all_attacks,heldout_primary,1.0
train/attack/digital_2/huawei/turkiye-NF-1002.jpg,data/processed/policy_c/train/attack/digital_2/huawei/turkiye-NF-1002.jpg,turkiye-NF-1002,attack,digital_2,huawei,1,53,dev_val,all_attacks,heldout_primary,1.0
train/attack/digital_2/iphone15pro/turkiye-NF-1002.jpg,data/processed/policy_c/train/attack/digital_2/iphone15pro/turkiye-NF-1002.jpg,turkiye-NF-1002,attack,digital_2,iphone15pro,1,84,dev_val,all_attacks,heldout_primary,1.0
train/attack/digital_2/scan/turkiye-NF-1002.jpg,data/processed/policy_c/train/attack/digital_2/scan/turkiye-NF-1002.jpg,turkiye-NF-1002,attack,digital_2,scan,1,88,dev_val,all_attacks,heldout_primary,1.0
train/attack/digital_2/huawei/turkiye-NM-1055.jpg,data/processed/policy_c/train/attack/digital_2/huawei/turkiye-NM-1055.jpg,turkiye-NM-1055,attack,digital_2,huawei,1,60,dev_val,all_attacks,heldout_primary,1.0
train/attack/digital_2/iphone15pro/turkiye-NM-1055.jpg,data/processed/policy_c/train/attack/digital_2/iphone15pro/turkiye-NM-1055.jpg,turkiye-NM-1055,attack,digital_2,iphone15pro,1,62,dev_val,all_attacks,heldout_primary,1.0
train/attack/digital_2/scan/turkiye-NM-1055.jpg,data/processed/policy_c/train/attack/digital_2/scan/turkiye-NM-1055.jpg,turkiye-NM-1055,attack,digital_2,scan,1,74,dev_val,all_attacks,heldout_primary,1.0
train/attack/digital_2/huawei/ukraine-025_03.jpg,data/processed/policy_c/train/attack/digital_2/huawei/ukraine-025_03.jpg,ukraine-025_03,attack,digital_2,huawei,1,69,dev_val,all_attacks,heldout_primary,1.0
train/attack/digital_2/iphone15pro/ukraine-025_03.jpg,data/processed/policy_c/train/attack/digital_2/iphone15pro/ukraine-025_03.jpg,ukraine-025_03,attack,digital_2,iphone15pro,1,81,dev_val,all_attacks,heldout_primary,1.0
train/attack/digital_2/scan/ukraine-025_03.jpg,data/processed/policy_c/train/attack/digital_2/scan/ukraine-025_03.jpg,ukraine-025_03,attack,digital_2,scan,1,57,dev_val,all_attacks,heldout_primary,1.0
train/attack/digital_2/huawei/ukraine-NF-1068.jpg,data/processed/policy_c/train/attack/digital_2/huawei/ukraine-NF-1068.jpg,ukraine-NF-1068,attack,digital_2,huawei,1,50,dev_val,all_attacks,heldout_primary,1.0
train/attack/digital_2/iphone15pro/ukraine-NF-1068.jpg,data/processed/policy_c/train/attack/digital_2/iphone15pro/ukraine-NF-1068.jpg,ukraine-NF-1068,attack,digital_2,iphone15pro,1,79,dev_val,all_attacks,heldout_primary,1.0
train/attack/digital_2/scan/ukraine-NF-1068.jpg,data/processed/policy_c/train/attack/digital_2/scan/ukraine-NF-1068.jpg,ukraine-NF-1068,attack,digital_2,scan,1,77,dev_val,all_attacks,heldout_primary,1.0
train/attack/digital_2/huawei/ukraine-NF-1073.jpg,data/processed/policy_c/train/attack/digital_2/huawei/ukraine-NF-1073.jpg,ukraine-NF-1073,attack,digital_2,huawei,1,66,dev_val,all_attacks,heldout_primary,1.0
train/attack/digital_2/iphone15pro/ukraine-NF-1073.jpg,data/processed/policy_c/train/attack/digital_2/iphone15pro/ukraine-NF-1073.jpg,ukraine-NF-1073,attack,digital_2,iphone15pro,1,57,dev_val,all_attacks,heldout_primary,1.0
train/attack/digital_2/scan/ukraine-NF-1073.jpg,data/processed/policy_c/train/attack/digital_2/scan/ukraine-NF-1073.jpg,ukraine-NF-1073,attack,digital_2,scan,1,64,dev_val,all_attacks,heldout_primary,0.99609375
train/attack/digital_2/huawei/ukraine-NF-1106.jpg,data/processed/policy_c/train/attack/digital_2/huawei/ukraine-NF-1106.jpg,ukraine-NF-1106,attack,digital_2,huawei,1,82,dev_val,all_attacks,heldout_primary,1.0
train/attack/digital_2/iphone15pro/ukraine-NF-1106.jpg,data/processed/policy_c/train/attack/digital_2/iphone15pro/ukraine-NF-1106.jpg,ukraine-NF-1106,attack,digital_2,iphone15pro,1,74,dev_val,all_attacks,heldout_primary,1.0
train/attack/digital_2/scan/ukraine-NF-1106.jpg,data/processed/policy_c/train/attack/digital_2/scan/ukraine-NF-1106.jpg,ukraine-NF-1106,attack,digital_2,scan,1,88,dev_val,all_attacks,heldout_primary,0.99951171875
train/attack/digital_2/huawei/usa-034_03.jpg,data/processed/policy_c/train/attack/digital_2/huawei/usa-034_03.jpg,usa-034_03,attack,digital_2,huawei,1,50,dev_val,all_attacks,heldout_primary,1.0
train/attack/digital_2/iphone15pro/usa-034_03.jpg,data/processed/policy_c/train/attack/digital_2/iphone15pro/usa-034_03.jpg,usa-034_03,attack,digital_2,iphone15pro,1,77,dev_val,all_attacks,heldout_primary,1.0
train/attack/digital_2/scan/usa-034_03.jpg,data/processed/policy_c/train/attack/digital_2/scan/usa-034_03.jpg,usa-034_03,attack,digital_2,scan,1,69,dev_val,all_attacks,heldout_primary,1.0
train/attack/digital_2/huawei/usa-067_03.jpg,data/processed/policy_c/train/attack/digital_2/huawei/usa-067_03.jpg,usa-067_03,attack,digital_2,huawei,1,65,dev_val,all_attacks,heldout_primary,1.0
train/attack/digital_2/iphone15pro/usa-067_03.jpg,data/processed/policy_c/train/attack/digital_2/iphone15pro/usa-067_03.jpg,usa-067_03,attack,digital_2,iphone15pro,1,90,dev_val,all_attacks,heldout_primary,1.0
train/attack/digital_2/scan/usa-067_03.jpg,data/processed/policy_c/train/attack/digital_2/scan/usa-067_03.jpg,usa-067_03,attack,digital_2,scan,1,84,dev_val,all_attacks,heldout_primary,1.0
train/attack/digital_2/huawei/usa-NF-1036.jpg,data/processed/policy_c/train/attack/digital_2/huawei/usa-NF-1036.jpg,usa-NF-1036,attack,digital_2,huawei,1,69,dev_val,all_attacks,heldout_primary,1.0
train/attack/digital_2/iphone15pro/usa-NF-1036.jpg,data/processed/policy_c/train/attack/digital_2/iphone15pro/usa-NF-1036.jpg,usa-NF-1036,attack,digital_2,iphone15pro,1,62,dev_val,all_attacks,heldout_primary,1.0
train/attack/digital_2/scan/usa-NF-1036.jpg,data/processed/policy_c/train/attack/digital_2/scan/usa-NF-1036.jpg,usa-NF-1036,attack,digital_2,scan,1,72,dev_val,all_attacks,heldout_primary,1.0
train/attack/digital_2/huawei/usa-NF-1065.jpg,data/processed/policy_c/train/attack/digital_2/huawei/usa-NF-1065.jpg,usa-NF-1065,attack,digital_2,huawei,1,60,dev_val,all_attacks,heldout_primary,1.0
train/attack/digital_2/iphone15pro/usa-NF-1065.jpg,data/processed/policy_c/train/attack/digital_2/iphone15pro/usa-NF-1065.jpg,usa-NF-1065,attack,digital_2,iphone15pro,1,56,dev_val,all_attacks,heldout_primary,1.0
train/attack/digital_2/scan/usa-NF-1065.jpg,data/processed/policy_c/train/attack/digital_2/scan/usa-NF-1065.jpg,usa-NF-1065,attack,digital_2,scan,1,54,dev_val,all_attacks,heldout_primary,1.0
train/attack/digital_2/huawei/usa-NF-1076.jpg,data/processed/policy_c/train/attack/digital_2/huawei/usa-NF-1076.jpg,usa-NF-1076,attack,digital_2,huawei,1,74,dev_val,all_attacks,heldout_primary,1.0
train/attack/digital_2/iphone15pro/usa-NF-1076.jpg,data/processed/policy_c/train/attack/digital_2/iphone15pro/usa-NF-1076.jpg,usa-NF-1076,attack,digital_2,iphone15pro,1,83,dev_val,all_attacks,heldout_primary,1.0
train/attack/digital_2/scan/usa-NF-1076.jpg,data/processed/policy_c/train/attack/digital_2/scan/usa-NF-1076.jpg,usa-NF-1076,attack,digital_2,scan,1,62,dev_val,all_attacks,heldout_primary,1.0
train/attack/digital_2/huawei/usa-NM-1038.jpg,data/processed/policy_c/train/attack/digital_2/huawei/usa-NM-1038.jpg,usa-NM-1038,attack,digital_2,huawei,1,71,dev_val,all_attacks,heldout_primary,1.0
train/attack/digital_2/iphone15pro/usa-NM-1038.jpg,data/processed/policy_c/train/attack/digital_2/iphone15pro/usa-NM-1038.jpg,usa-NM-1038,attack,digital_2,iphone15pro,1,78,dev_val,all_attacks,heldout_primary,1.0
train/attack/digital_2/scan/usa-NM-1038.jpg,data/processed/policy_c/train/attack/digital_2/scan/usa-NM-1038.jpg,usa-NM-1038,attack,digital_2,scan,1,63,dev_val,all_attacks,heldout_primary,1.0
test/attack/facedancer/huawei/chinese2-flickr_F_16745558933_a3f9fe2bc9_k.jpg,data/processed/policy_c_official_test/test/attack/facedancer/huawei/chinese2-flickr_F_16745558933_a3f9fe2bc9_k.jpg,chinese2-flickr_F_16745558933_a3f9fe2bc9_k,attack,facedancer,huawei,1,75,official_test,all_family,unseen_family_primary,1.0
test/attack/facedancer/iphone15/chinese2-flickr_F_16745558933_a3f9fe2bc9_k.jpg,data/processed/policy_c_official_test/test/attack/facedancer/iphone15/chinese2-flickr_F_16745558933_a3f9fe2bc9_k.jpg,chinese2-flickr_F_16745558933_a3f9fe2bc9_k,attack,facedancer,iphone15,1,53,official_test,all_family,unseen_family_primary,1.0
test/attack/facedancer/scan/chinese2-flickr_F_16745558933_a3f9fe2bc9_k.jpg,data/processed/policy_c_official_test/test/attack/facedancer/scan/chinese2-flickr_F_16745558933_a3f9fe2bc9_k.jpg,chinese2-flickr_F_16745558933_a3f9fe2bc9_k,attack,facedancer,scan,1,75,official_test,all_family,unseen_family_primary,1.0
test/attack/facedancer/huawei/chinese2-flickr_F_16858102101_d4c5c1e7a2_c.jpg,data/processed/policy_c_official_test/test/attack/facedancer/huawei/chinese2-flickr_F_16858102101_d4c5c1e7a2_c.jpg,chinese2-flickr_F_16858102101_d4c5c1e7a2_c,attack,facedancer,huawei,1,83,official_test,all_family,unseen_family_primary,1.0
test/attack/facedancer/scan/chinese2-flickr_F_16858102101_d4c5c1e7a2_c.jpg,data/processed/policy_c_official_test/test/attack/facedancer/scan/chinese2-flickr_F_16858102101_d4c5c1e7a2_c.jpg,chinese2-flickr_F_16858102101_d4c5c1e7a2_c,attack,facedancer,scan,1,57,official_test,all_family,unseen_family_primary,1.0
test/attack/facedancer/iphone15/chinese2-flickr_F_17619703551_9705002b22_b.jpg,data/processed/policy_c_official_test/test/attack/facedancer/iphone15/chinese2-flickr_F_17619703551_9705002b22_b.jpg,chinese2-flickr_F_17619703551_9705002b22_b,attack,facedancer,iphone15,1,74,official_test,all_family,unseen_family_primary,1.0
test/attack/facedancer/scan/chinese2-flickr_F_17619703551_9705002b22_b.jpg,data/processed/policy_c_official_test/test/attack/facedancer/scan/chinese2-flickr_F_17619703551_9705002b22_b.jpg,chinese2-flickr_F_17619703551_9705002b22_b,attack,facedancer,scan,1,90,official_test,all_family,unseen_family_primary,1.0
test/attack/facedancer/iphone15/chinese2-flickr_F_17773666675_1bdbd28a62_c.jpg,data/processed/policy_c_official_test/test/attack/facedancer/iphone15/chinese2-flickr_F_17773666675_1bdbd28a62_c.jpg,chinese2-flickr_F_17773666675_1bdbd28a62_c,attack,facedancer,iphone15,1,76,official_test,all_family,unseen_family_primary,1.0
test/attack/facedancer/scan/chinese2-flickr_F_17773666675_1bdbd28a62_c.jpg,data/processed/policy_c_official_test/test/attack/facedancer/scan/chinese2-flickr_F_17773666675_1bdbd28a62_c.jpg,chinese2-flickr_F_17773666675_1bdbd28a62_c,attack,facedancer,scan,1,90,official_test,all_family,unseen_family_primary,1.0
test/attack/facedancer/iphone15/chinese2-flickr_F_21668538829_2fb67bd5fd_c.jpg,data/processed/policy_c_official_test/test/attack/facedancer/iphone15/chinese2-flickr_F_21668538829_2fb67bd5fd_c.jpg,chinese2-flickr_F_21668538829_2fb67bd5fd_c,attack,facedancer,iphone15,1,68,official_test,all_family,unseen_family_primary,1.0
test/attack/facedancer/huawei/chinese2-flickr_F_21696826019_7407a3bea0_k.jpg,data/processed/policy_c_official_test/test/attack/facedancer/huawei/chinese2-flickr_F_21696826019_7407a3bea0_k.jpg,chinese2-flickr_F_21696826019_7407a3bea0_k,attack,facedancer,huawei,1,89,official_test,all_family,unseen_family_primary,1.0
test/attack/facedancer/scan/chinese2-flickr_F_21696826019_7407a3bea0_k.jpg,data/processed/policy_c_official_test/test/attack/facedancer/scan/chinese2-flickr_F_21696826019_7407a3bea0_k.jpg,chinese2-flickr_F_21696826019_7407a3bea0_k,attack,facedancer,scan,1,51,official_test,all_family,unseen_family_primary,1.0
test/attack/facedancer/iphone15/chinese2-flickr_F_25164779518_a723fab6b8_o.jpg,data/processed/policy_c_official_test/test/attack/facedancer/iphone15/chinese2-flickr_F_25164779518_a723fab6b8_o.jpg,chinese2-flickr_F_25164779518_a723fab6b8_o,attack,facedancer,iphone15,1,65,official_test,all_family,unseen_family_primary,1.0
test/attack/facedancer/iphone15/chinese2-flickr_F_30990251270_6801e68759_c.jpg,data/processed/policy_c_official_test/test/attack/facedancer/iphone15/chinese2-flickr_F_30990251270_6801e68759_c.jpg,chinese2-flickr_F_30990251270_6801e68759_c,attack,facedancer,iphone15,1,75,official_test,all_family,unseen_family_primary,1.0
test/attack/facedancer/scan/chinese2-flickr_F_30990251270_6801e68759_c.jpg,data/processed/policy_c_official_test/test/attack/facedancer/scan/chinese2-flickr_F_30990251270_6801e68759_c.jpg,chinese2-flickr_F_30990251270_6801e68759_c,attack,facedancer,scan,1,55,official_test,all_family,unseen_family_primary,1.0
test/attack/facedancer/huawei/chinese2-flickr_F_31196390972_be24a6067c_k.jpg,data/processed/policy_c_official_test/test/attack/facedancer/huawei/chinese2-flickr_F_31196390972_be24a6067c_k.jpg,chinese2-flickr_F_31196390972_be24a6067c_k,attack,facedancer,huawei,1,53,official_test,all_family,unseen_family_primary,1.0
test/attack/facedancer/scan/chinese2-flickr_F_31196390972_be24a6067c_k.jpg,data/processed/policy_c_official_test/test/attack/facedancer/scan/chinese2-flickr_F_31196390972_be24a6067c_k.jpg,chinese2-flickr_F_31196390972_be24a6067c_k,attack,facedancer,scan,1,80,official_test,all_family,unseen_family_primary,1.0
test/attack/facedancer/huawei/chinese2-flickr_F_31226153591_900ef17f37_k.jpg,data/processed/policy_c_official_test/test/attack/facedancer/huawei/chinese2-flickr_F_31226153591_900ef17f37_k.jpg,chinese2-flickr_F_31226153591_900ef17f37_k,attack,facedancer,huawei,1,51,official_test,all_family,unseen_family_primary,0.99462890625
test/attack/facedancer/iphone15/chinese2-flickr_F_31226153591_900ef17f37_k.jpg,data/processed/policy_c_official_test/test/attack/facedancer/iphone15/chinese2-flickr_F_31226153591_900ef17f37_k.jpg,chinese2-flickr_F_31226153591_900ef17f37_k,attack,facedancer,iphone15,1,66,official_test,all_family,unseen_family_primary,1.0
test/attack/facedancer/scan/chinese2-flickr_F_31226153591_900ef17f37_k.jpg,data/processed/policy_c_official_test/test/attack/facedancer/scan/chinese2-flickr_F_31226153591_900ef17f37_k.jpg,chinese2-flickr_F_31226153591_900ef17f37_k,attack,facedancer,scan,1,53,official_test,all_family,unseen_family_primary,1.0
test/attack/facedancer/scan/chinese2-flickr_F_31998401683_5272a75c42_c.jpg,data/processed/policy_c_official_test/test/attack/facedancer/scan/chinese2-flickr_F_31998401683_5272a75c42_c.jpg,chinese2-flickr_F_31998401683_5272a75c42_c,attack,facedancer,scan,1,84,official_test,all_family,unseen_family_primary,1.0
test/attack/facedancer/scan/chinese2-flickr_F_31998955273_5516f4db28_h.jpg,data/processed/policy_c_official_test/test/attack/facedancer/scan/chinese2-flickr_F_31998955273_5516f4db28_h.jpg,chinese2-flickr_F_31998955273_5516f4db28_h,attack,facedancer,scan,1,69,official_test,all_family,unseen_family_primary,0.9013671875
test/attack/facedancer/scan/chinese2-flickr_F_32689517821_bfacb0e1ba_h.jpg,data/processed/policy_c_official_test/test/attack/facedancer/scan/chinese2-flickr_F_32689517821_bfacb0e1ba_h.jpg,chinese2-flickr_F_32689517821_bfacb0e1ba_h,attack,facedancer,scan,1,84,official_test,all_family,unseen_family_primary,1.0
test/attack/facedancer/iphone15/chinese2-flickr_F_33552328531_f6d5dd17b8_c.jpg,data/processed/policy_c_official_test/test/attack/facedancer/iphone15/chinese2-flickr_F_33552328531_f6d5dd17b8_c.jpg,chinese2-flickr_F_33552328531_f6d5dd17b8_c,attack,facedancer,iphone15,1,63,official_test,all_family,unseen_family_primary,1.0
test/attack/facedancer/scan/chinese2-flickr_F_33552328531_f6d5dd17b8_c.jpg,data/processed/policy_c_official_test/test/attack/facedancer/scan/chinese2-flickr_F_33552328531_f6d5dd17b8_c.jpg,chinese2-flickr_F_33552328531_f6d5dd17b8_c,attack,facedancer,scan,1,83,official_test,all_family,unseen_family_primary,1.0
test/attack/facedancer/huawei/chinese2-flickr_F_39035705701_833f3da9bf_o.jpg,data/processed/policy_c_official_test/test/attack/facedancer/huawei/chinese2-flickr_F_39035705701_833f3da9bf_o.jpg,chinese2-flickr_F_39035705701_833f3da9bf_o,attack,facedancer,huawei,1,88,official_test,all_family,unseen_family_primary,1.0
test/attack/facedancer/iphone15/chinese2-flickr_F_39035705701_833f3da9bf_o.jpg,data/processed/policy_c_official_test/test/attack/facedancer/iphone15/chinese2-flickr_F_39035705701_833f3da9bf_o.jpg,chinese2-flickr_F_39035705701_833f3da9bf_o,attack,facedancer,iphone15,1,59,official_test,all_family,unseen_family_primary,1.0
test/attack/facedancer/huawei/chinese2-flickr_F_48677929383_2cdc743f43_c.jpg,data/processed/policy_c_official_test/test/attack/facedancer/huawei/chinese2-flickr_F_48677929383_2cdc743f43_c.jpg,chinese2-flickr_F_48677929383_2cdc743f43_c,attack,facedancer,huawei,1,53,official_test,all_family,unseen_family_primary,1.0
test/attack/facedancer/scan/chinese2-flickr_F_48677929383_2cdc743f43_c.jpg,data/processed/policy_c_official_test/test/attack/facedancer/scan/chinese2-flickr_F_48677929383_2cdc743f43_c.jpg,chinese2-flickr_F_48677929383_2cdc743f43_c,attack,facedancer,scan,1,83,official_test,all_family,unseen_family_primary,1.0
test/attack/facedancer/scan/chinese2-flickr_M_16743317854_732a16acc8_k.jpg,data/processed/policy_c_official_test/test/attack/facedancer/scan/chinese2-flickr_M_16743317854_732a16acc8_k.jpg,chinese2-flickr_M_16743317854_732a16acc8_k,attack,facedancer,scan,1,51,official_test,all_family,unseen_family_primary,1.0
test/attack/facedancer/huawei/chinese2-flickr_M_21459989349_7ab0e1ace5_k.jpg,data/processed/policy_c_official_test/test/attack/facedancer/huawei/chinese2-flickr_M_21459989349_7ab0e1ace5_k.jpg,chinese2-flickr_M_21459989349_7ab0e1ace5_k,attack,facedancer,huawei,1,68,official_test,all_family,unseen_family_primary,1.0
test/attack/facedancer/huawei/chinese2-flickr_M_22911363774_20c12ce7ec_c.jpg,data/processed/policy_c_official_test/test/attack/facedancer/huawei/chinese2-flickr_M_22911363774_20c12ce7ec_c.jpg,chinese2-flickr_M_22911363774_20c12ce7ec_c,attack,facedancer,huawei,1,50,official_test,all_family,unseen_family_primary,1.0
test/attack/facedancer/scan/chinese2-flickr_M_22911363774_20c12ce7ec_c.jpg,data/processed/policy_c_official_test/test/attack/facedancer/scan/chinese2-flickr_M_22911363774_20c12ce7ec_c.jpg,chinese2-flickr_M_22911363774_20c12ce7ec_c,attack,facedancer,scan,1,51,official_test,all_family,unseen_family_primary,1.0
test/attack/facedancer/huawei/chinese2-flickr_M_24235235151_ae8ac31253_k.jpg,data/processed/policy_c_official_test/test/attack/facedancer/huawei/chinese2-flickr_M_24235235151_ae8ac31253_k.jpg,chinese2-flickr_M_24235235151_ae8ac31253_k,attack,facedancer,huawei,1,60,official_test,all_family,unseen_family_primary,1.0
test/attack/facedancer/huawei/chinese2-flickr_M_24291592906_b097dd45e5_k.jpg,data/processed/policy_c_official_test/test/attack/facedancer/huawei/chinese2-flickr_M_24291592906_b097dd45e5_k.jpg,chinese2-flickr_M_24291592906_b097dd45e5_k,attack,facedancer,huawei,1,52,official_test,all_family,unseen_family_primary,1.0
test/attack/facedancer/iphone15/chinese2-flickr_M_24291592906_b097dd45e5_k.jpg,data/processed/policy_c_official_test/test/attack/facedancer/iphone15/chinese2-flickr_M_24291592906_b097dd45e5_k.jpg,chinese2-flickr_M_24291592906_b097dd45e5_k,attack,facedancer,iphone15,1,59,official_test,all_family,unseen_family_primary,1.0
test/attack/facedancer/huawei/chinese2-flickr_M_26097180114_4c514c928d_c.jpg,data/processed/policy_c_official_test/test/attack/facedancer/huawei/chinese2-flickr_M_26097180114_4c514c928d_c.jpg,chinese2-flickr_M_26097180114_4c514c928d_c,attack,facedancer,huawei,1,73,official_test,all_family,unseen_family_primary,1.0
test/attack/facedancer/iphone15/chinese2-flickr_M_26097180114_4c514c928d_c.jpg,data/processed/policy_c_official_test/test/attack/facedancer/iphone15/chinese2-flickr_M_26097180114_4c514c928d_c.jpg,chinese2-flickr_M_26097180114_4c514c928d_c,attack,facedancer,iphone15,1,56,official_test,all_family,unseen_family_primary,1.0
test/attack/facedancer/scan/chinese2-flickr_M_26097180114_4c514c928d_c.jpg,data/processed/policy_c_official_test/test/attack/facedancer/scan/chinese2-flickr_M_26097180114_4c514c928d_c.jpg,chinese2-flickr_M_26097180114_4c514c928d_c,attack,facedancer,scan,1,66,official_test,all_family,unseen_family_primary,1.0
test/attack/facedancer/huawei/chinese2-flickr_M_30516208604_4a571cf89d_c.jpg,data/processed/policy_c_official_test/test/attack/facedancer/huawei/chinese2-flickr_M_30516208604_4a571cf89d_c.jpg,chinese2-flickr_M_30516208604_4a571cf89d_c,attack,facedancer,huawei,1,62,official_test,all_family,unseen_family_primary,1.0
test/attack/facedancer/iphone15/chinese2-flickr_M_30516208604_4a571cf89d_c.jpg,data/processed/policy_c_official_test/test/attack/facedancer/iphone15/chinese2-flickr_M_30516208604_4a571cf89d_c.jpg,chinese2-flickr_M_30516208604_4a571cf89d_c,attack,facedancer,iphone15,1,67,official_test,all_family,unseen_family_primary,1.0
test/attack/facedancer/scan/chinese2-flickr_M_30518538704_383875f8c4_c.jpg,data/processed/policy_c_official_test/test/attack/facedancer/scan/chinese2-flickr_M_30518538704_383875f8c4_c.jpg,chinese2-flickr_M_30518538704_383875f8c4_c,attack,facedancer,scan,1,84,official_test,all_family,unseen_family_primary,1.0
test/attack/facedancer/huawei/chinese2-flickr_M_31304800026_59e0161aba_c.jpg,data/processed/policy_c_official_test/test/attack/facedancer/huawei/chinese2-flickr_M_31304800026_59e0161aba_c.jpg,chinese2-flickr_M_31304800026_59e0161aba_c,attack,facedancer,huawei,1,60,official_test,all_family,unseen_family_primary,1.0
test/attack/facedancer/scan/chinese2-flickr_M_31304800026_59e0161aba_c.jpg,data/processed/policy_c_official_test/test/attack/facedancer/scan/chinese2-flickr_M_31304800026_59e0161aba_c.jpg,chinese2-flickr_M_31304800026_59e0161aba_c,attack,facedancer,scan,1,85,official_test,all_family,unseen_family_primary,1.0
test/attack/facedancer/iphone15/chinese2-flickr_M_31840786965_77af814416_h.jpg,data/processed/policy_c_official_test/test/attack/facedancer/iphone15/chinese2-flickr_M_31840786965_77af814416_h.jpg,chinese2-flickr_M_31840786965_77af814416_h,attack,facedancer,iphone15,1,62,official_test,all_family,unseen_family_primary,1.0
test/attack/facedancer/huawei/chinese2-flickr_M_32771950686_f8d5084d87_h.jpg,data/processed/policy_c_official_test/test/attack/facedancer/huawei/chinese2-flickr_M_32771950686_f8d5084d87_h.jpg,chinese2-flickr_M_32771950686_f8d5084d87_h,attack,facedancer,huawei,1,54,official_test,all_family,unseen_family_primary,1.0
test/attack/facedancer/huawei/chinese2-flickr_M_32812741685_462068ee90_h.jpg,data/processed/policy_c_official_test/test/attack/facedancer/huawei/chinese2-flickr_M_32812741685_462068ee90_h.jpg,chinese2-flickr_M_32812741685_462068ee90_h,attack,facedancer,huawei,1,57,official_test,all_family,unseen_family_primary,0.9990234375
test/attack/facedancer/huawei/chinese2-flickr_M_33525327222_f112b468ed_k.jpg,data/processed/policy_c_official_test/test/attack/facedancer/huawei/chinese2-flickr_M_33525327222_f112b468ed_k.jpg,chinese2-flickr_M_33525327222_f112b468ed_k,attack,facedancer,huawei,1,80,official_test,all_family,unseen_family_primary,0.99951171875
test/attack/facedancer/scan/chinese2-flickr_M_33525327222_f112b468ed_k.jpg,data/processed/policy_c_official_test/test/attack/facedancer/scan/chinese2-flickr_M_33525327222_f112b468ed_k.jpg,chinese2-flickr_M_33525327222_f112b468ed_k,attack,facedancer,scan,1,79,official_test,all_family,unseen_family_primary,1.0
test/attack/facedancer/iphone15/chinese2-flickr_M_33552319041_2631ab0a0c_c.jpg,data/processed/policy_c_official_test/test/attack/facedancer/iphone15/chinese2-flickr_M_33552319041_2631ab0a0c_c.jpg,chinese2-flickr_M_33552319041_2631ab0a0c_c,attack,facedancer,iphone15,1,60,official_test,all_family,unseen_family_primary,1.0
test/attack/facedancer/scan/chinese2-flickr_M_33552319041_2631ab0a0c_c.jpg,data/processed/policy_c_official_test/test/attack/facedancer/scan/chinese2-flickr_M_33552319041_2631ab0a0c_c.jpg,chinese2-flickr_M_33552319041_2631ab0a0c_c,attack,facedancer,scan,1,86,official_test,all_family,unseen_family_primary,1.0
test/attack/facedancer/huawei/chinese2-flickr_M_34592740762_6446ed6334_k.jpg,data/processed/policy_c_official_test/test/attack/facedancer/huawei/chinese2-flickr_M_34592740762_6446ed6334_k.jpg,chinese2-flickr_M_34592740762_6446ed6334_k,attack,facedancer,huawei,1,60,official_test,all_family,unseen_family_primary,1.0
test/attack/facedancer/iphone15/chinese2-flickr_M_34592740762_6446ed6334_k.jpg,data/processed/policy_c_official_test/test/attack/facedancer/iphone15/chinese2-flickr_M_34592740762_6446ed6334_k.jpg,chinese2-flickr_M_34592740762_6446ed6334_k,attack,facedancer,iphone15,1,77,official_test,all_family,unseen_family_primary,0.9990234375
test/attack/facedancer/scan/chinese2-flickr_M_34592740762_6446ed6334_k.jpg,data/processed/policy_c_official_test/test/attack/facedancer/scan/chinese2-flickr_M_34592740762_6446ed6334_k.jpg,chinese2-flickr_M_34592740762_6446ed6334_k,attack,facedancer,scan,1,65,official_test,all_family,unseen_family_primary,1.0
test/attack/facedancer/huawei/chinese2-flickr_M_3625086942_a3ed938d9c_c.jpg,data/processed/policy_c_official_test/test/attack/facedancer/huawei/chinese2-flickr_M_3625086942_a3ed938d9c_c.jpg,chinese2-flickr_M_3625086942_a3ed938d9c_c,attack,facedancer,huawei,1,50,official_test,all_family,unseen_family_primary,1.0
test/attack/facedancer/scan/chinese2-flickr_M_3625086942_a3ed938d9c_c.jpg,data/processed/policy_c_official_test/test/attack/facedancer/scan/chinese2-flickr_M_3625086942_a3ed938d9c_c.jpg,chinese2-flickr_M_3625086942_a3ed938d9c_c,attack,facedancer,scan,1,64,official_test,all_family,unseen_family_primary,1.0
test/attack/facedancer/huawei/chinese2-flickr_M_37190875605_735b3fca0d_c.jpg,data/processed/policy_c_official_test/test/attack/facedancer/huawei/chinese2-flickr_M_37190875605_735b3fca0d_c.jpg,chinese2-flickr_M_37190875605_735b3fca0d_c,attack,facedancer,huawei,1,83,official_test,all_family,unseen_family_primary,1.0
test/attack/facedancer/huawei/chinese2-flickr_M_38319821984_1d6e303c3e_o.jpg,data/processed/policy_c_official_test/test/attack/facedancer/huawei/chinese2-flickr_M_38319821984_1d6e303c3e_o.jpg,chinese2-flickr_M_38319821984_1d6e303c3e_o,attack,facedancer,huawei,1,87,official_test,all_family,unseen_family_primary,1.0
test/attack/facedancer/iphone15/chinese2-flickr_M_38319821984_1d6e303c3e_o.jpg,data/processed/policy_c_official_test/test/attack/facedancer/iphone15/chinese2-flickr_M_38319821984_1d6e303c3e_o.jpg,chinese2-flickr_M_38319821984_1d6e303c3e_o,attack,facedancer,iphone15,1,73,official_test,all_family,unseen_family_primary,1.0
test/attack/facedancer/scan/chinese2-flickr_M_38319821984_1d6e303c3e_o.jpg,data/processed/policy_c_official_test/test/attack/facedancer/scan/chinese2-flickr_M_38319821984_1d6e303c3e_o.jpg,chinese2-flickr_M_38319821984_1d6e303c3e_o,attack,facedancer,scan,1,84,official_test,all_family,unseen_family_primary,1.0
test/attack/facedancer/huawei/chinese2-flickr_M_6850649398_5d950a2635_k.jpg,data/processed/policy_c_official_test/test/attack/facedancer/huawei/chinese2-flickr_M_6850649398_5d950a2635_k.jpg,chinese2-flickr_M_6850649398_5d950a2635_k,attack,facedancer,huawei,1,60,official_test,all_family,unseen_family_primary,1.0
test/attack/facedancer/scan/chinese2-flickr_M_6850649398_5d950a2635_k.jpg,data/processed/policy_c_official_test/test/attack/facedancer/scan/chinese2-flickr_M_6850649398_5d950a2635_k.jpg,chinese2-flickr_M_6850649398_5d950a2635_k,attack,facedancer,scan,1,62,official_test,all_family,unseen_family_primary,1.0
test/attack/facedancer/huawei/netherland-flickr_F_10239917343_ca73cd29b5_h.jpg,data/processed/policy_c_official_test/test/attack/facedancer/huawei/netherland-flickr_F_10239917343_ca73cd29b5_h.jpg,netherland-flickr_F_10239917343_ca73cd29b5_h,attack,facedancer,huawei,1,68,official_test,all_family,unseen_family_primary,1.0
test/attack/facedancer/iphone15/netherland-flickr_F_10239917343_ca73cd29b5_h.jpg,data/processed/policy_c_official_test/test/attack/facedancer/iphone15/netherland-flickr_F_10239917343_ca73cd29b5_h.jpg,netherland-flickr_F_10239917343_ca73cd29b5_h,attack,facedancer,iphone15,1,54,official_test,all_family,unseen_family_primary,1.0
test/attack/facedancer/huawei/netherland-flickr_F_20301931855_4cd18f8166_k.jpg,data/processed/policy_c_official_test/test/attack/facedancer/huawei/netherland-flickr_F_20301931855_4cd18f8166_k.jpg,netherland-flickr_F_20301931855_4cd18f8166_k,attack,facedancer,huawei,1,73,official_test,all_family,unseen_family_primary,1.0
test/attack/facedancer/iphone15/netherland-flickr_F_20301931855_4cd18f8166_k.jpg,data/processed/policy_c_official_test/test/attack/facedancer/iphone15/netherland-flickr_F_20301931855_4cd18f8166_k.jpg,netherland-flickr_F_20301931855_4cd18f8166_k,attack,facedancer,iphone15,1,87,official_test,all_family,unseen_family_primary,1.0
test/attack/facedancer/scan/netherland-flickr_F_20301931855_4cd18f8166_k.jpg,data/processed/policy_c_official_test/test/attack/facedancer/scan/netherland-flickr_F_20301931855_4cd18f8166_k.jpg,netherland-flickr_F_20301931855_4cd18f8166_k,attack,facedancer,scan,1,55,official_test,all_family,unseen_family_primary,1.0
test/attack/facedancer/huawei/netherland-flickr_F_26297818201_09eab93588_k.jpg,data/processed/policy_c_official_test/test/attack/facedancer/huawei/netherland-flickr_F_26297818201_09eab93588_k.jpg,netherland-flickr_F_26297818201_09eab93588_k,attack,facedancer,huawei,1,77,official_test,all_family,unseen_family_primary,1.0
test/attack/facedancer/iphone15/netherland-flickr_F_28051545714_ab479f15eb_k.jpg,data/processed/policy_c_official_test/test/attack/facedancer/iphone15/netherland-flickr_F_28051545714_ab479f15eb_k.jpg,netherland-flickr_F_28051545714_ab479f15eb_k,attack,facedancer,iphone15,1,55,official_test,all_family,unseen_family_primary,1.0
test/attack/facedancer/huawei/netherland-flickr_F_28630210242_e3780d0ee9_b.jpg,data/processed/policy_c_official_test/test/attack/facedancer/huawei/netherland-flickr_F_28630210242_e3780d0ee9_b.jpg,netherland-flickr_F_28630210242_e3780d0ee9_b,attack,facedancer,huawei,1,67,official_test,all_family,unseen_family_primary,1.0
test/attack/facedancer/iphone15/netherland-flickr_F_28630210242_e3780d0ee9_b.jpg,data/processed/policy_c_official_test/test/attack/facedancer/iphone15/netherland-flickr_F_28630210242_e3780d0ee9_b.jpg,netherland-flickr_F_28630210242_e3780d0ee9_b,attack,facedancer,iphone15,1,69,official_test,all_family,unseen_family_primary,1.0
test/attack/facedancer/scan/netherland-flickr_F_31998547103_f617b19dfc_h.jpg,data/processed/policy_c_official_test/test/attack/facedancer/scan/netherland-flickr_F_31998547103_f617b19dfc_h.jpg,netherland-flickr_F_31998547103_f617b19dfc_h,attack,facedancer,scan,1,59,official_test,all_family,unseen_family_primary,1.0
test/attack/facedancer/huawei/netherland-flickr_F_31998771523_784e7e9597_h.jpg,data/processed/policy_c_official_test/test/attack/facedancer/huawei/netherland-flickr_F_31998771523_784e7e9597_h.jpg,netherland-flickr_F_31998771523_784e7e9597_h,attack,facedancer,huawei,1,54,official_test,all_family,unseen_family_primary,1.0
test/attack/facedancer/scan/netherland-flickr_F_31998771523_784e7e9597_h.jpg,data/processed/policy_c_official_test/test/attack/facedancer/scan/netherland-flickr_F_31998771523_784e7e9597_h.jpg,netherland-flickr_F_31998771523_784e7e9597_h,attack,facedancer,scan,1,82,official_test,all_family,unseen_family_primary,1.0
test/attack/facedancer/scan/netherland-flickr_F_32868411313_4bb20e41db_c.jpg,data/processed/policy_c_official_test/test/attack/facedancer/scan/netherland-flickr_F_32868411313_4bb20e41db_c.jpg,netherland-flickr_F_32868411313_4bb20e41db_c,attack,facedancer,scan,1,82,official_test,all_family,unseen_family_primary,1.0
test/attack/facedancer/huawei/netherland-flickr_F_36412358965_0ec43e5de3_c.jpg,data/processed/policy_c_official_test/test/attack/facedancer/huawei/netherland-flickr_F_36412358965_0ec43e5de3_c.jpg,netherland-flickr_F_36412358965_0ec43e5de3_c,attack,facedancer,huawei,1,63,official_test,all_family,unseen_family_primary,1.0
test/attack/facedancer/iphone15/netherland-flickr_F_37019045642_0a3fa19256_k.jpg,data/processed/policy_c_official_test/test/attack/facedancer/iphone15/netherland-flickr_F_37019045642_0a3fa19256_k.jpg,netherland-flickr_F_37019045642_0a3fa19256_k,attack,facedancer,iphone15,1,71,official_test,all_family,unseen_family_primary,1.0
test/attack/facedancer/scan/netherland-flickr_F_37019045642_0a3fa19256_k.jpg,data/processed/policy_c_official_test/test/attack/facedancer/scan/netherland-flickr_F_37019045642_0a3fa19256_k.jpg,netherland-flickr_F_37019045642_0a3fa19256_k,attack,facedancer,scan,1,71,official_test,all_family,unseen_family_primary,1.0
test/attack/facedancer/huawei/netherland-flickr_F_37048326531_f8270ca4df_k.jpg,data/processed/policy_c_official_test/test/attack/facedancer/huawei/netherland-flickr_F_37048326531_f8270ca4df_k.jpg,netherland-flickr_F_37048326531_f8270ca4df_k,attack,facedancer,huawei,1,77,official_test,all_family,unseen_family_primary,1.0
test/attack/facedancer/scan/netherland-flickr_M_15788104622_be592061dc_k.jpg,data/processed/policy_c_official_test/test/attack/facedancer/scan/netherland-flickr_M_15788104622_be592061dc_k.jpg,netherland-flickr_M_15788104622_be592061dc_k,attack,facedancer,scan,1,58,official_test,all_family,unseen_family_primary,0.99951171875
test/attack/facedancer/huawei/netherland-flickr_M_17339867026_3135c7e76f_k.jpg,data/processed/policy_c_official_test/test/attack/facedancer/huawei/netherland-flickr_M_17339867026_3135c7e76f_k.jpg,netherland-flickr_M_17339867026_3135c7e76f_k,attack,facedancer,huawei,1,60,official_test,all_family,unseen_family_primary,1.0
test/attack/facedancer/iphone15/netherland-flickr_M_17339867026_3135c7e76f_k.jpg,data/processed/policy_c_official_test/test/attack/facedancer/iphone15/netherland-flickr_M_17339867026_3135c7e76f_k.jpg,netherland-flickr_M_17339867026_3135c7e76f_k,attack,facedancer,iphone15,1,58,official_test,all_family,unseen_family_primary,1.0
test/attack/facedancer/huawei/netherland-flickr_M_18042193331_841d026f9a_c.jpg,data/processed/policy_c_official_test/test/attack/facedancer/huawei/netherland-flickr_M_18042193331_841d026f9a_c.jpg,netherland-flickr_M_18042193331_841d026f9a_c,attack,facedancer,huawei,1,68,official_test,all_family,unseen_family_primary,1.0
test/attack/facedancer/iphone15/netherland-flickr_M_18042193331_841d026f9a_c.jpg,data/processed/policy_c_official_test/test/attack/facedancer/iphone15/netherland-flickr_M_18042193331_841d026f9a_c.jpg,netherland-flickr_M_18042193331_841d026f9a_c,attack,facedancer,iphone15,1,59,official_test,all_family,unseen_family_primary,1.0
test/attack/facedancer/iphone15/netherland-flickr_M_19475853574_c947539b18_c.jpg,data/processed/policy_c_official_test/test/attack/facedancer/iphone15/netherland-flickr_M_19475853574_c947539b18_c.jpg,netherland-flickr_M_19475853574_c947539b18_c,attack,facedancer,iphone15,1,70,official_test,all_family,unseen_family_primary,1.0
test/attack/facedancer/scan/netherland-flickr_M_19475853574_c947539b18_c.jpg,data/processed/policy_c_official_test/test/attack/facedancer/scan/netherland-flickr_M_19475853574_c947539b18_c.jpg,netherland-flickr_M_19475853574_c947539b18_c,attack,facedancer,scan,1,88,official_test,all_family,unseen_family_primary,1.0
test/attack/facedancer/scan/netherland-flickr_M_21260956694_6fd7ae0222_k.jpg,data/processed/policy_c_official_test/test/attack/facedancer/scan/netherland-flickr_M_21260956694_6fd7ae0222_k.jpg,netherland-flickr_M_21260956694_6fd7ae0222_k,attack,facedancer,scan,1,76,official_test,all_family,unseen_family_primary,1.0
test/attack/facedancer/scan/netherland-flickr_M_23559454676_4919252d67_c.jpg,data/processed/policy_c_official_test/test/attack/facedancer/scan/netherland-flickr_M_23559454676_4919252d67_c.jpg,netherland-flickr_M_23559454676_4919252d67_c,attack,facedancer,scan,1,70,official_test,all_family,unseen_family_primary,0.99755859375
test/attack/facedancer/iphone15/netherland-flickr_M_2409019110_4f42632225_o.jpg,data/processed/policy_c_official_test/test/attack/facedancer/iphone15/netherland-flickr_M_2409019110_4f42632225_o.jpg,netherland-flickr_M_2409019110_4f42632225_o,attack,facedancer,iphone15,1,72,official_test,all_family,unseen_family_primary,0.9892578125
test/attack/facedancer/scan/netherland-flickr_M_2409019110_4f42632225_o.jpg,data/processed/policy_c_official_test/test/attack/facedancer/scan/netherland-flickr_M_2409019110_4f42632225_o.jpg,netherland-flickr_M_2409019110_4f42632225_o,attack,facedancer,scan,1,73,official_test,all_family,unseen_family_primary,0.9677734375
test/attack/facedancer/iphone15/netherland-flickr_M_26828968014_910728ddd9_k.jpg,data/processed/policy_c_official_test/test/attack/facedancer/iphone15/netherland-flickr_M_26828968014_910728ddd9_k.jpg,netherland-flickr_M_26828968014_910728ddd9_k,attack,facedancer,iphone15,1,56,official_test,all_family,unseen_family_primary,1.0
test/attack/facedancer/scan/netherland-flickr_M_26828968014_910728ddd9_k.jpg,data/processed/policy_c_official_test/test/attack/facedancer/scan/netherland-flickr_M_26828968014_910728ddd9_k.jpg,netherland-flickr_M_26828968014_910728ddd9_k,attack,facedancer,scan,1,61,official_test,all_family,unseen_family_primary,1.0
test/attack/facedancer/scan/netherland-flickr_M_31998389253_0a26f25b0d_h.jpg,data/processed/policy_c_official_test/test/attack/facedancer/scan/netherland-flickr_M_31998389253_0a26f25b0d_h.jpg,netherland-flickr_M_31998389253_0a26f25b0d_h,attack,facedancer,scan,1,77,official_test,all_family,unseen_family_primary,1.0
test/attack/facedancer/huawei/netherland-flickr_M_31998818913_b87fd05689_h.jpg,data/processed/policy_c_official_test/test/attack/facedancer/huawei/netherland-flickr_M_31998818913_b87fd05689_h.jpg,netherland-flickr_M_31998818913_b87fd05689_h,attack,facedancer,huawei,1,77,official_test,all_family,unseen_family_primary,1.0
test/attack/facedancer/huawei/netherland-flickr_M_32689636931_6ac45273df_h.jpg,data/processed/policy_c_official_test/test/attack/facedancer/huawei/netherland-flickr_M_32689636931_6ac45273df_h.jpg,netherland-flickr_M_32689636931_6ac45273df_h,attack,facedancer,huawei,1,87,official_test,all_family,unseen_family_primary,1.0
test/attack/facedancer/iphone15/netherland-flickr_M_32689636931_6ac45273df_h.jpg,data/processed/policy_c_official_test/test/attack/facedancer/iphone15/netherland-flickr_M_32689636931_6ac45273df_h.jpg,netherland-flickr_M_32689636931_6ac45273df_h,attack,facedancer,iphone15,1,70,official_test,all_family,unseen_family_primary,1.0
test/attack/facedancer/huawei/netherland-flickr_M_33239373490_5b5df42090_k.jpg,data/processed/policy_c_official_test/test/attack/facedancer/huawei/netherland-flickr_M_33239373490_5b5df42090_k.jpg,netherland-flickr_M_33239373490_5b5df42090_k,attack,facedancer,huawei,1,87,official_test,all_family,unseen_family_primary,1.0
test/attack/facedancer/iphone15/netherland-flickr_M_33239373490_5b5df42090_k.jpg,data/processed/policy_c_official_test/test/attack/facedancer/iphone15/netherland-flickr_M_33239373490_5b5df42090_k.jpg,netherland-flickr_M_33239373490_5b5df42090_k,attack,facedancer,iphone15,1,68,official_test,all_family,unseen_family_primary,1.0
test/attack/facedancer/scan/netherland-flickr_M_33239373490_5b5df42090_k.jpg,data/processed/policy_c_official_test/test/attack/facedancer/scan/netherland-flickr_M_33239373490_5b5df42090_k.jpg,netherland-flickr_M_33239373490_5b5df42090_k,attack,facedancer,scan,1,82,official_test,all_family,unseen_family_primary,1.0
test/attack/facedancer/scan/netherland-flickr_M_33276713046_c88eb6c4c8_c.jpg,data/processed/policy_c_official_test/test/attack/facedancer/scan/netherland-flickr_M_33276713046_c88eb6c4c8_c.jpg,netherland-flickr_M_33276713046_c88eb6c4c8_c,attack,facedancer,scan,1,80,official_test,all_family,unseen_family_primary,1.0
test/attack/facedancer/huawei/netherland-flickr_M_33297625690_76e3181f5e_c.jpg,data/processed/policy_c_official_test/test/attack/facedancer/huawei/netherland-flickr_M_33297625690_76e3181f5e_c.jpg,netherland-flickr_M_33297625690_76e3181f5e_c,attack,facedancer,huawei,1,68,official_test,all_family,unseen_family_primary,1.0
test/attack/facedancer/huawei/netherland-flickr_M_37190718595_78e318623b_k.jpg,data/processed/policy_c_official_test/test/attack/facedancer/huawei/netherland-flickr_M_37190718595_78e318623b_k.jpg,netherland-flickr_M_37190718595_78e318623b_k,attack,facedancer,huawei,1,78,official_test,all_family,unseen_family_primary,1.0
test/attack/facedancer/scan/netherland-flickr_M_37190718595_78e318623b_k.jpg,data/processed/policy_c_official_test/test/attack/facedancer/scan/netherland-flickr_M_37190718595_78e318623b_k.jpg,netherland-flickr_M_37190718595_78e318623b_k,attack,facedancer,scan,1,62,official_test,all_family,unseen_family_primary,1.0
test/attack/facedancer/scan/netherland-flickr_M_4188233342_8473de8906_c.jpg,data/processed/policy_c_official_test/test/attack/facedancer/scan/netherland-flickr_M_4188233342_8473de8906_c.jpg,netherland-flickr_M_4188233342_8473de8906_c,attack,facedancer,scan,1,59,official_test,all_family,unseen_family_primary,0.998046875
test/attack/facedancer/huawei/netherland-flickr_M_6862482951_78a560f107_b.jpg,data/processed/policy_c_official_test/test/attack/facedancer/huawei/netherland-flickr_M_6862482951_78a560f107_b.jpg,netherland-flickr_M_6862482951_78a560f107_b,attack,facedancer,huawei,1,53,official_test,all_family,unseen_family_primary,1.0
test/attack/facedancer/scan/netherland-flickr_M_6862482951_78a560f107_b.jpg,data/processed/policy_c_official_test/test/attack/facedancer/scan/netherland-flickr_M_6862482951_78a560f107_b.jpg,netherland-flickr_M_6862482951_78a560f107_b,attack,facedancer,scan,1,64,official_test,all_family,unseen_family_primary,1.0
test/attack/facedancer/huawei/singapore-flickr_F_17178258920_6f5f1eedd0_k.jpg,data/processed/policy_c_official_test/test/attack/facedancer/huawei/singapore-flickr_F_17178258920_6f5f1eedd0_k.jpg,singapore-flickr_F_17178258920_6f5f1eedd0_k,attack,facedancer,huawei,1,60,official_test,all_family,unseen_family_primary,1.0
test/attack/facedancer/scan/singapore-flickr_F_17178258920_6f5f1eedd0_k.jpg,data/processed/policy_c_official_test/test/attack/facedancer/scan/singapore-flickr_F_17178258920_6f5f1eedd0_k.jpg,singapore-flickr_F_17178258920_6f5f1eedd0_k,attack,facedancer,scan,1,89,official_test,all_family,unseen_family_primary,1.0
test/attack/facedancer/huawei/singapore-flickr_F_19679296994_d0fc2a7ac6_o.jpg,data/processed/policy_c_official_test/test/attack/facedancer/huawei/singapore-flickr_F_19679296994_d0fc2a7ac6_o.jpg,singapore-flickr_F_19679296994_d0fc2a7ac6_o,attack,facedancer,huawei,1,56,official_test,all_family,unseen_family_primary,1.0
test/attack/facedancer/huawei/singapore-flickr_F_20411794293_d7a6aae66c_c.jpg,data/processed/policy_c_official_test/test/attack/facedancer/huawei/singapore-flickr_F_20411794293_d7a6aae66c_c.jpg,singapore-flickr_F_20411794293_d7a6aae66c_c,attack,facedancer,huawei,1,73,official_test,all_family,unseen_family_primary,1.0
test/attack/facedancer/iphone15/singapore-flickr_F_20411794293_d7a6aae66c_c.jpg,data/processed/policy_c_official_test/test/attack/facedancer/iphone15/singapore-flickr_F_20411794293_d7a6aae66c_c.jpg,singapore-flickr_F_20411794293_d7a6aae66c_c,attack,facedancer,iphone15,1,58,official_test,all_family,unseen_family_primary,1.0
test/attack/facedancer/scan/singapore-flickr_F_20411794293_d7a6aae66c_c.jpg,data/processed/policy_c_official_test/test/attack/facedancer/scan/singapore-flickr_F_20411794293_d7a6aae66c_c.jpg,singapore-flickr_F_20411794293_d7a6aae66c_c,attack,facedancer,scan,1,56,official_test,all_family,unseen_family_primary,1.0
test/attack/facedancer/huawei/singapore-flickr_F_30532886723_e55b04664f_k.jpg,data/processed/policy_c_official_test/test/attack/facedancer/huawei/singapore-flickr_F_30532886723_e55b04664f_k.jpg,singapore-flickr_F_30532886723_e55b04664f_k,attack,facedancer,huawei,1,67,official_test,all_family,unseen_family_primary,1.0
test/attack/facedancer/huawei/singapore-flickr_F_31294646850_53ce869b2e_b.jpg,data/processed/policy_c_official_test/test/attack/facedancer/huawei/singapore-flickr_F_31294646850_53ce869b2e_b.jpg,singapore-flickr_F_31294646850_53ce869b2e_b,attack,facedancer,huawei,1,63,official_test,all_family,unseen_family_primary,1.0
test/attack/facedancer/huawei/singapore-flickr_F_33525297682_eee6031622_c.jpg,data/processed/policy_c_official_test/test/attack/facedancer/huawei/singapore-flickr_F_33525297682_eee6031622_c.jpg,singapore-flickr_F_33525297682_eee6031622_c,attack,facedancer,huawei,1,50,official_test,all_family,unseen_family_primary,0.99951171875
test/attack/facedancer/iphone15/singapore-flickr_F_33525297682_eee6031622_c.jpg,data/processed/policy_c_official_test/test/attack/facedancer/iphone15/singapore-flickr_F_33525297682_eee6031622_c.jpg,singapore-flickr_F_33525297682_eee6031622_c,attack,facedancer,iphone15,1,52,official_test,all_family,unseen_family_primary,0.99951171875
test/attack/facedancer/scan/singapore-flickr_F_33525297682_eee6031622_c.jpg,data/processed/policy_c_official_test/test/attack/facedancer/scan/singapore-flickr_F_33525297682_eee6031622_c.jpg,singapore-flickr_F_33525297682_eee6031622_c,attack,facedancer,scan,1,84,official_test,all_family,unseen_family_primary,0.99658203125
test/attack/facedancer/huawei/singapore-flickr_F_33552363961_ea0fc80afb_k.jpg,data/processed/policy_c_official_test/test/attack/facedancer/huawei/singapore-flickr_F_33552363961_ea0fc80afb_k.jpg,singapore-flickr_F_33552363961_ea0fc80afb_k,attack,facedancer,huawei,1,57,official_test,all_family,unseen_family_primary,0.97412109375
test/attack/facedancer/huawei/singapore-flickr_F_33574462985_422fca6322_c.jpg,data/processed/policy_c_official_test/test/attack/facedancer/huawei/singapore-flickr_F_33574462985_422fca6322_c.jpg,singapore-flickr_F_33574462985_422fca6322_c,attack,facedancer,huawei,1,60,official_test,all_family,unseen_family_primary,1.0
test/attack/facedancer/scan/singapore-flickr_F_33574462985_422fca6322_c.jpg,data/processed/policy_c_official_test/test/attack/facedancer/scan/singapore-flickr_F_33574462985_422fca6322_c.jpg,singapore-flickr_F_33574462985_422fca6322_c,attack,facedancer,scan,1,74,official_test,all_family,unseen_family_primary,0.99951171875
test/attack/facedancer/scan/singapore-flickr_F_36921282312_c8e6a2674d_c.jpg,data/processed/policy_c_official_test/test/attack/facedancer/scan/singapore-flickr_F_36921282312_c8e6a2674d_c.jpg,singapore-flickr_F_36921282312_c8e6a2674d_c,attack,facedancer,scan,1,51,official_test,all_family,unseen_family_primary,0.99951171875
test/attack/facedancer/huawei/singapore-flickr_F_40795084473_21fafd815e_c.jpg,data/processed/policy_c_official_test/test/attack/facedancer/huawei/singapore-flickr_F_40795084473_21fafd815e_c.jpg,singapore-flickr_F_40795084473_21fafd815e_c,attack,facedancer,huawei,1,69,official_test,all_family,unseen_family_primary,0.94677734375
test/attack/facedancer/iphone15/singapore-flickr_F_40795084473_21fafd815e_c.jpg,data/processed/policy_c_official_test/test/attack/facedancer/iphone15/singapore-flickr_F_40795084473_21fafd815e_c.jpg,singapore-flickr_F_40795084473_21fafd815e_c,attack,facedancer,iphone15,1,67,official_test,all_family,unseen_family_primary,1.0
test/attack/facedancer/huawei/singapore-flickr_F_9641749325_1a753f74b2_c.jpg,data/processed/policy_c_official_test/test/attack/facedancer/huawei/singapore-flickr_F_9641749325_1a753f74b2_c.jpg,singapore-flickr_F_9641749325_1a753f74b2_c,attack,facedancer,huawei,1,74,official_test,all_family,unseen_family_primary,1.0
test/attack/facedancer/huawei/singapore-flickr_M_21893334161_8c8b011508_k.jpg,data/processed/policy_c_official_test/test/attack/facedancer/huawei/singapore-flickr_M_21893334161_8c8b011508_k.jpg,singapore-flickr_M_21893334161_8c8b011508_k,attack,facedancer,huawei,1,81,official_test,all_family,unseen_family_primary,0.6259765625
test/attack/facedancer/iphone15/singapore-flickr_M_21893334161_8c8b011508_k.jpg,data/processed/policy_c_official_test/test/attack/facedancer/iphone15/singapore-flickr_M_21893334161_8c8b011508_k.jpg,singapore-flickr_M_21893334161_8c8b011508_k,attack,facedancer,iphone15,1,82,official_test,all_family,unseen_family_primary,0.74267578125
test/attack/facedancer/scan/singapore-flickr_M_21893334161_8c8b011508_k.jpg,data/processed/policy_c_official_test/test/attack/facedancer/scan/singapore-flickr_M_21893334161_8c8b011508_k.jpg,singapore-flickr_M_21893334161_8c8b011508_k,attack,facedancer,scan,1,54,official_test,all_family,unseen_family_primary,0.78662109375
test/attack/facedancer/huawei/singapore-flickr_M_22512816725_a88536de72_c.jpg,data/processed/policy_c_official_test/test/attack/facedancer/huawei/singapore-flickr_M_22512816725_a88536de72_c.jpg,singapore-flickr_M_22512816725_a88536de72_c,attack,facedancer,huawei,1,82,official_test,all_family,unseen_family_primary,0.99658203125
test/attack/facedancer/scan/singapore-flickr_M_22512816725_a88536de72_c.jpg,data/processed/policy_c_official_test/test/attack/facedancer/scan/singapore-flickr_M_22512816725_a88536de72_c.jpg,singapore-flickr_M_22512816725_a88536de72_c,attack,facedancer,scan,1,62,official_test,all_family,unseen_family_primary,0.99609375
test/attack/facedancer/iphone15/singapore-flickr_M_22942161980_136669b7da_c.jpg,data/processed/policy_c_official_test/test/attack/facedancer/iphone15/singapore-flickr_M_22942161980_136669b7da_c.jpg,singapore-flickr_M_22942161980_136669b7da_c,attack,facedancer,iphone15,1,76,official_test,all_family,unseen_family_primary,0.99951171875
test/attack/facedancer/scan/singapore-flickr_M_22942161980_136669b7da_c.jpg,data/processed/policy_c_official_test/test/attack/facedancer/scan/singapore-flickr_M_22942161980_136669b7da_c.jpg,singapore-flickr_M_22942161980_136669b7da_c,attack,facedancer,scan,1,89,official_test,all_family,unseen_family_primary,1.0
test/attack/facedancer/huawei/singapore-flickr_M_23543328125_d9409d5ae0_c.jpg,data/processed/policy_c_official_test/test/attack/facedancer/huawei/singapore-flickr_M_23543328125_d9409d5ae0_c.jpg,singapore-flickr_M_23543328125_d9409d5ae0_c,attack,facedancer,huawei,1,70,official_test,all_family,unseen_family_primary,0.99951171875
test/attack/facedancer/iphone15/singapore-flickr_M_24170605047_501e882ccc_o.jpg,data/processed/policy_c_official_test/test/attack/facedancer/iphone15/singapore-flickr_M_24170605047_501e882ccc_o.jpg,singapore-flickr_M_24170605047_501e882ccc_o,attack,facedancer,iphone15,1,65,official_test,all_family,unseen_family_primary,0.99951171875
test/attack/facedancer/iphone15/singapore-flickr_M_30456580904_06749c0622_c.jpg,data/processed/policy_c_official_test/test/attack/facedancer/iphone15/singapore-flickr_M_30456580904_06749c0622_c.jpg,singapore-flickr_M_30456580904_06749c0622_c,attack,facedancer,iphone15,1,58,official_test,all_family,unseen_family_primary,0.9990234375
test/attack/facedancer/iphone15/singapore-flickr_M_30518529884_4cf8f091df_c.jpg,data/processed/policy_c_official_test/test/attack/facedancer/iphone15/singapore-flickr_M_30518529884_4cf8f091df_c.jpg,singapore-flickr_M_30518529884_4cf8f091df_c,attack,facedancer,iphone15,1,51,official_test,all_family,unseen_family_primary,0.99951171875
test/attack/facedancer/iphone15/singapore-flickr_M_31226135201_5aa42a5a13_c.jpg,data/processed/policy_c_official_test/test/attack/facedancer/iphone15/singapore-flickr_M_31226135201_5aa42a5a13_c.jpg,singapore-flickr_M_31226135201_5aa42a5a13_c,attack,facedancer,iphone15,1,62,official_test,all_family,unseen_family_primary,0.7578125
test/attack/facedancer/scan/singapore-flickr_M_31226135201_5aa42a5a13_c.jpg,data/processed/policy_c_official_test/test/attack/facedancer/scan/singapore-flickr_M_31226135201_5aa42a5a13_c.jpg,singapore-flickr_M_31226135201_5aa42a5a13_c,attack,facedancer,scan,1,62,official_test,all_family,unseen_family_primary,0.9990234375
test/attack/facedancer/huawei/singapore-flickr_M_31244514601_d2cb0773d7_c.jpg,data/processed/policy_c_official_test/test/attack/facedancer/huawei/singapore-flickr_M_31244514601_d2cb0773d7_c.jpg,singapore-flickr_M_31244514601_d2cb0773d7_c,attack,facedancer,huawei,1,61,official_test,all_family,unseen_family_primary,0.5068359375
test/attack/facedancer/iphone15/singapore-flickr_M_31340377345_6781e5f574_k.jpg,data/processed/policy_c_official_test/test/attack/facedancer/iphone15/singapore-flickr_M_31340377345_6781e5f574_k.jpg,singapore-flickr_M_31340377345_6781e5f574_k,attack,facedancer,iphone15,1,75,official_test,all_family,unseen_family_primary,1.0
test/attack/facedancer/scan/singapore-flickr_M_31340377345_6781e5f574_k.jpg,data/processed/policy_c_official_test/test/attack/facedancer/scan/singapore-flickr_M_31340377345_6781e5f574_k.jpg,singapore-flickr_M_31340377345_6781e5f574_k,attack,facedancer,scan,1,69,official_test,all_family,unseen_family_primary,1.0
test/attack/facedancer/iphone15/singapore-flickr_M_33525333882_5cf0c0382a_k.jpg,data/processed/policy_c_official_test/test/attack/facedancer/iphone15/singapore-flickr_M_33525333882_5cf0c0382a_k.jpg,singapore-flickr_M_33525333882_5cf0c0382a_k,attack,facedancer,iphone15,1,73,official_test,all_family,unseen_family_primary,0.9892578125
test/attack/facedancer/scan/singapore-flickr_M_33525333882_5cf0c0382a_k.jpg,data/processed/policy_c_official_test/test/attack/facedancer/scan/singapore-flickr_M_33525333882_5cf0c0382a_k.jpg,singapore-flickr_M_33525333882_5cf0c0382a_k,attack,facedancer,scan,1,73,official_test,all_family,unseen_family_primary,1.0
test/attack/facedancer/huawei/singapore-flickr_M_50611940256_8405427c78_k.jpg,data/processed/policy_c_official_test/test/attack/facedancer/huawei/singapore-flickr_M_50611940256_8405427c78_k.jpg,singapore-flickr_M_50611940256_8405427c78_k,attack,facedancer,huawei,1,86,official_test,all_family,unseen_family_primary,1.0
test/attack/facedancer/iphone15/singapore-flickr_M_50611940256_8405427c78_k.jpg,data/processed/policy_c_official_test/test/attack/facedancer/iphone15/singapore-flickr_M_50611940256_8405427c78_k.jpg,singapore-flickr_M_50611940256_8405427c78_k,attack,facedancer,iphone15,1,90,official_test,all_family,unseen_family_primary,1.0
